path,label,family,duration_s,sample_rate,is_plain,is_phrase
Brass/Bass_Tuba/ordinario/BTb-ord-A#1-ff-N-T30d.wav,tuba,brass,1.4419,44100,1,0
Brass/Bass_Tuba/ordinario/BTb-ord-A#1-mf-N-N.wav,tuba,brass,3.2411,44100,1,0
Brass/Bass_Tuba/ordinario/BTb-ord-A#1-pp-N-N.wav,tuba,brass,3.4681,44100,1,0
Brass/Bass_Tuba/ordinario/BTb-ord-A#2-ff-N-T19u.wav,tuba,brass,1.5364,44100,1,0
Brass/Bass_Tuba/ordinario/BTb-ord-A#2-mf-N-T29u.wav,tuba,brass,3.8775,44100,1,0
Brass/Bass_Tuba/ordinario/BTb-ord-A#2-pp-N-N.wav,tuba,brass,3.1665,44100,1,0
Brass/Bass_Tuba/ordinario/BTb-ord-A#3-ff-N-N.wav,tuba,brass,1.5246,44100,1,0
Brass/Bass_Tuba/ordinario/BTb-ord-A#3-mf-N-T14u.wav,tuba,brass,4.2028,44100,1,0
Brass/Bass_Tuba/ordinario/BTb-ord-A#3-pp-N-T13d.wav,tuba,brass,2.8893,44100,1,0
Brass/Bass_Tuba/ordinario/BTb-ord-A1-ff-N-T19d.wav,tuba,brass,1.3161,44100,1,0
Brass/Bass_Tuba/ordinario/BTb-ord-A1-mf-N-T33u.wav,tuba,brass,3.5529,44100,1,0
Brass/Bass_Tuba/ordinario/BTb-ord-A1-pp-N-T23d.wav,tuba,brass,3.0821,44100,1,0
Brass/Bass_Tuba/ordinario/BTb-ord-A2-ff-N-N.wav,tuba,brass,1.4003,44100,1,0
Brass/Bass_Tuba/ordinario/BTb-ord-A2-mf-N-T29u.wav,tuba,brass,3.6494,44100,1,0
Brass/Bass_Tuba/ordinario/BTb-ord-A2-pp-N-T15u.wav,tuba,brass,2.7455,44100,1,0
Brass/Bass_Tuba/ordinario/BTb-ord-A3-ff-N-N.wav,tuba,brass,1.4345,44100,1,0
Brass/Bass_Tuba/ordinario/BTb-ord-A3-mf-N-N.wav,tuba,brass,3.7813,44100,1,0
Brass/Bass_Tuba/ordinario/BTb-ord-A3-pp-N-N.wav,tuba,brass,2.6942,44100,1,0
Brass/Bass_Tuba/ordinario/BTb-ord-B1-ff-N-N.wav,tuba,brass,1.5114,44100,1,0
Brass/Bass_Tuba/ordinario/BTb-ord-B1-mf-N-T16u.wav,tuba,brass,3.266,44100,1,0
Brass/Bass_Tuba/ordinario/BTb-ord-B1-pp-N-N.wav,tuba,brass,2.8179,44100,1,0
Brass/Bass_Tuba/ordinario/BTb-ord-B2-ff-N-N.wav,tuba,brass,1.4734,44100,1,0
Brass/Bass_Tuba/ordinario/BTb-ord-B2-mf-N-T17u.wav,tuba,brass,3.741,44100,1,0
Brass/Bass_Tuba/ordinario/BTb-ord-B2-pp-N-T11d.wav,tuba,brass,2.933,44100,1,0
Brass/Bass_Tuba/ordinario/BTb-ord-B3-ff-N-T18d.wav,tuba,brass,1.4124,44100,1,0
Brass/Bass_Tuba/ordinario/BTb-ord-B3-mf-N-N.wav,tuba,brass,3.7698,44100,1,0
Brass/Bass_Tuba/ordinario/BTb-ord-B3-pp-N-T14d.wav,tuba,brass,3.1388,44100,1,0
Brass/Bass_Tuba/ordinario/BTb-ord-C#2-ff-N-N.wav,tuba,brass,1.4388,44100,1,0
Brass/Bass_Tuba/ordinario/BTb-ord-C#2-mf-N-N.wav,tuba,brass,2.8742,44100,1,0
Brass/Bass_Tuba/ordinario/BTb-ord-C#2-pp-N-N.wav,tuba,brass,3.1817,44100,1,0
Brass/Bass_Tuba/ordinario/BTb-ord-C#3-ff-N-N.wav,tuba,brass,1.5946,44100,1,0
Brass/Bass_Tuba/ordinario/BTb-ord-C#3-mf-N-T25u.wav,tuba,brass,3.8503,44100,1,0
Brass/Bass_Tuba/ordinario/BTb-ord-C#3-pp-N-N.wav,tuba,brass,3.6465,44100,1,0
Brass/Bass_Tuba/ordinario/BTb-ord-C#4-ff-N-T21u.wav,tuba,brass,1.558,44100,1,0
Brass/Bass_Tuba/ordinario/BTb-ord-C#4-mf-N-N.wav,tuba,brass,3.9468,44100,1,0
Brass/Bass_Tuba/ordinario/BTb-ord-C#4-pp-N-N.wav,tuba,brass,3.0625,44100,1,0
Brass/Bass_Tuba/ordinario/BTb-ord-C2-ff-N-N.wav,tuba,brass,1.353,44100,1,0
Brass/Bass_Tuba/ordinario/BTb-ord-C2-mf-N-T23u.wav,tuba,brass,2.9489,44100,1,0
Brass/Bass_Tuba/ordinario/BTb-ord-C2-pp-N-T13d.wav,tuba,brass,2.7144,44100,1,0
Brass/Bass_Tuba/ordinario/BTb-ord-C3-ff-N-T18u.wav,tuba,brass,1.4193,44100,1,0
Brass/Bass_Tuba/ordinario/BTb-ord-C3-mf-N-T28u.wav,tuba,brass,3.0769,44100,1,0
Brass/Bass_Tuba/ordinario/BTb-ord-C3-pp-N-T11d.wav,tuba,brass,3.1137,44100,1,0
Brass/Bass_Tuba/ordinario/BTb-ord-C4-ff-N-N.wav,tuba,brass,1.5844,44100,1,0
Brass/Bass_Tuba/ordinario/BTb-ord-C4-mf-N-N.wav,tuba,brass,3.465,44100,1,0
Brass/Bass_Tuba/ordinario/BTb-ord-C4-pp-N-N.wav,tuba,brass,3.2269,44100,1,0
Brass/Bass_Tuba/ordinario/BTb-ord-D#2-ff-N-N.wav,tuba,brass,1.633,44100,1,0
Brass/Bass_Tuba/ordinario/BTb-ord-D#2-mf-N-T34u.wav,tuba,brass,2.252,44100,1,0
Brass/Bass_Tuba/ordinario/BTb-ord-D#2-pp-N-T11u.wav,tuba,brass,3.514,44100,1,0
Brass/Bass_Tuba/ordinario/BTb-ord-D#3-ff-N-T17u.wav,tuba,brass,1.472,44100,1,0
Brass/Bass_Tuba/ordinario/BTb-ord-D#3-mf-N-T25u.wav,tuba,brass,4.0885,44100,1,0
Brass/Bass_Tuba/ordinario/BTb-ord-D#3-pp-N-N.wav,tuba,brass,3.2811,44100,1,0
Brass/Bass_Tuba/ordinario/BTb-ord-D#4-ff-N-N.wav,tuba,brass,1.5758,44100,1,0
Brass/Bass_Tuba/ordinario/BTb-ord-D#4-mf-N-N.wav,tuba,brass,3.306,44100,1,0
Brass/Bass_Tuba/ordinario/BTb-ord-D#4-pp-N-N.wav,tuba,brass,2.39,44100,1,0
Brass/Bass_Tuba/ordinario/BTb-ord-D2-ff-N-T13u.wav,tuba,brass,1.4154,44100,1,0
Brass/Bass_Tuba/ordinario/BTb-ord-D2-mf-N-T15u.wav,tuba,brass,3.5107,44100,1,0
Brass/Bass_Tuba/ordinario/BTb-ord-D2-pp-N-T18u.wav,tuba,brass,3.4293,44100,1,0
Brass/Bass_Tuba/ordinario/BTb-ord-D3-ff-N-T15u.wav,tuba,brass,1.3152,44100,1,0
Brass/Bass_Tuba/ordinario/BTb-ord-D3-mf-N-T16u.wav,tuba,brass,3.5542,44100,1,0
Brass/Bass_Tuba/ordinario/BTb-ord-D3-pp-N-N.wav,tuba,brass,3.1248,44100,1,0
Brass/Bass_Tuba/ordinario/BTb-ord-D4-ff-N-N.wav,tuba,brass,1.3932,44100,1,0
Brass/Bass_Tuba/ordinario/BTb-ord-D4-mf-N-N.wav,tuba,brass,3.7147,44100,1,0
Brass/Bass_Tuba/ordinario/BTb-ord-D4-pp-N-N.wav,tuba,brass,2.4599,44100,1,0
Brass/Bass_Tuba/ordinario/BTb-ord-E2-ff-N-T10u.wav,tuba,brass,1.48,44100,1,0
Brass/Bass_Tuba/ordinario/BTb-ord-E2-mf-N-T27u.wav,tuba,brass,3.1236,44100,1,0
Brass/Bass_Tuba/ordinario/BTb-ord-E2-pp-N-T25u.wav,tuba,brass,3.0375,44100,1,0
Brass/Bass_Tuba/ordinario/BTb-ord-E3-ff-N-T16u.wav,tuba,brass,1.4456,44100,1,0
Brass/Bass_Tuba/ordinario/BTb-ord-E3-mf-N-T23u.wav,tuba,brass,3.5877,44100,1,0
Brass/Bass_Tuba/ordinario/BTb-ord-E3-pp-N-N.wav,tuba,brass,3.1282,44100,1,0
Brass/Bass_Tuba/ordinario/BTb-ord-E4-ff-N-N.wav,tuba,brass,1.6626,44100,1,0
Brass/Bass_Tuba/ordinario/BTb-ord-E4-mf-N-T11d.wav,tuba,brass,4.0258,44100,1,0
Brass/Bass_Tuba/ordinario/BTb-ord-E4-pp-N-N.wav,tuba,brass,1.7772,44100,1,0
Brass/Bass_Tuba/ordinario/BTb-ord-F#1-ff-N-N.wav,tuba,brass,1.6936,44100,1,0
Brass/Bass_Tuba/ordinario/BTb-ord-F#1-mf-N-T18u.wav,tuba,brass,3.0712,44100,1,0
Brass/Bass_Tuba/ordinario/BTb-ord-F#1-pp-N-N.wav,tuba,brass,3.05,44100,1,0
Brass/Bass_Tuba/ordinario/BTb-ord-F#2-ff-N-N.wav,tuba,brass,1.4454,44100,1,0
Brass/Bass_Tuba/ordinario/BTb-ord-F#2-mf-N-T19u.wav,tuba,brass,3.5734,44100,1,0
Brass/Bass_Tuba/ordinario/BTb-ord-F#2-pp-N-T14u.wav,tuba,brass,2.8862,44100,1,0
Brass/Bass_Tuba/ordinario/BTb-ord-F#3-ff-N-N.wav,tuba,brass,1.4465,44100,1,0
Brass/Bass_Tuba/ordinario/BTb-ord-F#3-mf-N-N.wav,tuba,brass,3.4717,44100,1,0
Brass/Bass_Tuba/ordinario/BTb-ord-F#3-pp-N-N.wav,tuba,brass,3.6088,44100,1,0
Brass/Bass_Tuba/ordinario/BTb-ord-F2-ff-N-T15u.wav,tuba,brass,1.3843,44100,1,0
Brass/Bass_Tuba/ordinario/BTb-ord-F2-mf-N-T24u.wav,tuba,brass,3.4172,44100,1,0
Brass/Bass_Tuba/ordinario/BTb-ord-F2-pp-N-T25u_R100u.wav,tuba,brass,2.867,44100,1,0
Brass/Bass_Tuba/ordinario/BTb-ord-F3-ff-N-N.wav,tuba,brass,1.4164,44100,1,0
Brass/Bass_Tuba/ordinario/BTb-ord-F3-mf-N-N.wav,tuba,brass,3.6984,44100,1,0
Brass/Bass_Tuba/ordinario/BTb-ord-F3-pp-N-N.wav,tuba,brass,2.8852,44100,1,0
Brass/Bass_Tuba/ordinario/BTb-ord-F4-ff-N-N.wav,tuba,brass,1.3251,44100,1,0
Brass/Bass_Tuba/ordinario/BTb-ord-F4-mf-N-N.wav,tuba,brass,3.9861,44100,1,0
Brass/Bass_Tuba/ordinario/BTb-ord-F4-pp-N-N.wav,tuba,brass,1.7043,44100,1,0
Brass/Bass_Tuba/ordinario/BTb-ord-G#1-ff-N-T12u.wav,tuba,brass,1.4616,44100,1,0
Brass/Bass_Tuba/ordinario/BTb-ord-G#1-mf-N-T18u.wav,tuba,brass,2.8237,44100,1,0
Brass/Bass_Tuba/ordinario/BTb-ord-G#1-pp-N-T16u.wav,tuba,brass,3.3388,44100,1,0
Brass/Bass_Tuba/ordinario/BTb-ord-G#2-ff-N-N.wav,tuba,brass,1.5041,44100,1,0
Brass/Bass_Tuba/ordinario/BTb-ord-G#2-mf-N-T26u.wav,tuba,brass,3.8849,44100,1,0
Brass/Bass_Tuba/ordinario/BTb-ord-G#2-pp-N-T16u.wav,tuba,brass,3.2447,44100,1,0
Brass/Bass_Tuba/ordinario/BTb-ord-G#3-ff-N-N.wav,tuba,brass,1.6201,44100,1,0
Brass/Bass_Tuba/ordinario/BTb-ord-G#3-mf-N-T11u.wav,tuba,brass,3.7382,44100,1,0
Brass/Bass_Tuba/ordinario/BTb-ord-G#3-pp-N-N.wav,tuba,brass,2.7198,44100,1,0
Brass/Bass_Tuba/ordinario/BTb-ord-G1-ff-N-T15d.wav,tuba,brass,1.3233,44100,1,0
Brass/Bass_Tuba/ordinario/BTb-ord-G1-mf-N-N.wav,tuba,brass,2.8519,44100,1,0
Brass/Bass_Tuba/ordinario/BTb-ord-G1-pp-N-R100u.wav,tuba,brass,2.8788,44100,1,0
Brass/Bass_Tuba/ordinario/BTb-ord-G2-ff-N-N.wav,tuba,brass,1.4997,44100,1,0
Brass/Bass_Tuba/ordinario/BTb-ord-G2-mf-N-T15u.wav,tuba,brass,3.288,44100,1,0
Brass/Bass_Tuba/ordinario/BTb-ord-G2-pp-N-N.wav,tuba,brass,3.1454,44100,1,0
Brass/Bass_Tuba/ordinario/BTb-ord-G3-ff-N-T14u.wav,tuba,brass,1.4464,44100,1,0
Brass/Bass_Tuba/ordinario/BTb-ord-G3-mf-N-T14u.wav,tuba,brass,3.7023,44100,1,0
Brass/Bass_Tuba/ordinario/BTb-ord-G3-pp-N-T14d.wav,tuba,brass,3.2635,44100,1,0
Brass/Horn/ordinario/Hn-ord-A#1-mf-N-T17d.wav,french-horn,brass,6.0218,44100,1,0
Brass/Horn/ordinario/Hn-ord-A#1-pp-N-N.wav,french-horn,brass,6.8302,44100,1,0
Brass/Horn/ordinario/Hn-ord-A#2-ff-N-N.wav,french-horn,brass,6.2289,44100,1,0
Brass/Horn/ordinario/Hn-ord-A#2-mf-N-N.wav,french-horn,brass,6.6224,44100,1,0
Brass/Horn/ordinario/Hn-ord-A#2-pp-N-R100d.wav,french-horn,brass,5.8351,44100,1,0
Brass/Horn/ordinario/Hn-ord-A#3-ff-N-N.wav,french-horn,brass,6.361,44100,1,0
Brass/Horn/ordinario/Hn-ord-A#3-mf-N-N.wav,french-horn,brass,6.2494,44100,1,0
Brass/Horn/ordinario/Hn-ord-A#3-pp-N-N.wav,french-horn,brass,5.9005,44100,1,0
Brass/Horn/ordinario/Hn-ord-A#4-ff-N-N.wav,french-horn,brass,6.3457,44100,1,0
Brass/Horn/ordinario/Hn-ord-A#4-mf-N-N.wav,french-horn,brass,6.3722,44100,1,0
Brass/Horn/ordinario/Hn-ord-A#4-pp-N-N.wav,french-horn,brass,6.2295,44100,1,0
Brass/Horn/ordinario/Hn-ord-A1-mf-N-N.wav,french-horn,brass,6.1276,44100,1,0
Brass/Horn/ordinario/Hn-ord-A2-ff-N-N.wav,french-horn,brass,6.4838,44100,1,0
Brass/Horn/ordinario/Hn-ord-A2-mf-N-N.wav,french-horn,brass,6.2382,44100,1,0
Brass/Horn/ordinario/Hn-ord-A2-pp-N-R100u.wav,french-horn,brass,5.7899,44100,1,0
Brass/Horn/ordinario/Hn-ord-A3-ff-N-N.wav,french-horn,brass,6.4542,44100,1,0
Brass/Horn/ordinario/Hn-ord-A3-mf-N-N.wav,french-horn,brass,6.2292,44100,1,0
Brass/Horn/ordinario/Hn-ord-A3-pp-N-N.wav,french-horn,brass,6.2469,44100,1,0
Brass/Horn/ordinario/Hn-ord-A4-ff-N-N.wav,french-horn,brass,6.3202,44100,1,0
Brass/Horn/ordinario/Hn-ord-A4-mf-N-N.wav,french-horn,brass,6.3414,44100,1,0
Brass/Horn/ordinario/Hn-ord-A4-pp-N-N.wav,french-horn,brass,5.9969,44100,1,0
Brass/Horn/ordinario/Hn-ord-B1-ff-N-N.wav,french-horn,brass,6.8056,44100,1,0
Brass/Horn/ordinario/Hn-ord-B1-mf-N-N.wav,french-horn,brass,6.2639,44100,1,0
Brass/Horn/ordinario/Hn-ord-B1-pp-N-T15d.wav,french-horn,brass,6.4966,44100,1,0
Brass/Horn/ordinario/Hn-ord-B2-ff-N-N.wav,french-horn,brass,6.1599,44100,1,0
Brass/Horn/ordinario/Hn-ord-B2-mf-N-N.wav,french-horn,brass,6.4825,44100,1,0
Brass/Horn/ordinario/Hn-ord-B2-pp-N-N.wav,french-horn,brass,5.5076,44100,1,0
Brass/Horn/ordinario/Hn-ord-B3-ff-N-N.wav,french-horn,brass,5.706,44100,1,0
Brass/Horn/ordinario/Hn-ord-B3-mf-N-N.wav,french-horn,brass,6.3918,44100,1,0
Brass/Horn/ordinario/Hn-ord-B3-pp-N-N.wav,french-horn,brass,5.8122,44100,1,0
Brass/Horn/ordinario/Hn-ord-B4-ff-N-N.wav,french-horn,brass,6.1332,44100,1,0
Brass/Horn/ordinario/Hn-ord-B4-mf-N-N.wav,french-horn,brass,6.2333,44100,1,0
Brass/Horn/ordinario/Hn-ord-B4-pp-N-N.wav,french-horn,brass,6.0577,44100,1,0
Brass/Horn/ordinario/Hn-ord-C#2-ff-N-N.wav,french-horn,brass,6.1774,44100,1,0
Brass/Horn/ordinario/Hn-ord-C#2-mf-N-N.wav,french-horn,brass,6.3833,44100,1,0
Brass/Horn/ordinario/Hn-ord-C#2-pp-N-N.wav,french-horn,brass,6.4091,44100,1,0
Brass/Horn/ordinario/Hn-ord-C#3-ff-N-N.wav,french-horn,brass,6.57,44100,1,0
Brass/Horn/ordinario/Hn-ord-C#3-mf-N-N.wav,french-horn,brass,6.2372,44100,1,0
Brass/Horn/ordinario/Hn-ord-C#3-pp-N-N.wav,french-horn,brass,6.3061,44100,1,0
Brass/Horn/ordinario/Hn-ord-C#4-ff-N-N.wav,french-horn,brass,6.3348,44100,1,0
Brass/Horn/ordinario/Hn-ord-C#4-mf-N-T12u.wav,french-horn,brass,6.5342,44100,1,0
Brass/Horn/ordinario/Hn-ord-C#4-pp-N-N.wav,french-horn,brass,6.2294,44100,1,0
Brass/Horn/ordinario/Hn-ord-C#5-ff-N-N.wav,french-horn,brass,6.4474,44100,1,0
Brass/Horn/ordinario/Hn-ord-C#5-mf-N-N.wav,french-horn,brass,6.1324,44100,1,0
Brass/Horn/ordinario/Hn-ord-C#5-pp-N-N.wav,french-horn,brass,5.9694,44100,1,0
Brass/Horn/ordinario/Hn-ord-C2-ff-N-N.wav,french-horn,brass,5.9796,44100,1,0
Brass/Horn/ordinario/Hn-ord-C2-mf-N-N.wav,french-horn,brass,6.1432,44100,1,0
Brass/Horn/ordinario/Hn-ord-C2-pp-N-N.wav,french-horn,brass,6.6254,44100,1,0
Brass/Horn/ordinario/Hn-ord-C3-ff-N-N.wav,french-horn,brass,6.5081,44100,1,0
Brass/Horn/ordinario/Hn-ord-C3-mf-N-N.wav,french-horn,brass,6.0215,44100,1,0
Brass/Horn/ordinario/Hn-ord-C3-pp-N-N.wav,french-horn,brass,6.3565,44100,1,0
Brass/Horn/ordinario/Hn-ord-C4-ff-N-N.wav,french-horn,brass,6.3761,44100,1,0
Brass/Horn/ordinario/Hn-ord-C4-mf-N-N.wav,french-horn,brass,6.2847,44100,1,0
Brass/Horn/ordinario/Hn-ord-C4-pp-N-N.wav,french-horn,brass,6.3133,44100,1,0
Brass/Horn/ordinario/Hn-ord-C5-ff-N-N.wav,french-horn,brass,6.4282,44100,1,0
Brass/Horn/ordinario/Hn-ord-C5-mf-N-N.wav,french-horn,brass,6.065,44100,1,0
Brass/Horn/ordinario/Hn-ord-C5-pp-N-N.wav,french-horn,brass,6.0376,44100,1,0
Brass/Horn/ordinario/Hn-ord-D#2-ff-N-T11u.wav,french-horn,brass,5.8409,44100,1,0
Brass/Horn/ordinario/Hn-ord-D#2-mf-N-N.wav,french-horn,brass,6.3354,44100,1,0
Brass/Horn/ordinario/Hn-ord-D#2-pp-N-R100u.wav,french-horn,brass,5.5074,44100,1,0
Brass/Horn/ordinario/Hn-ord-D#3-ff-N-N.wav,french-horn,brass,6.4057,44100,1,0
Brass/Horn/ordinario/Hn-ord-D#3-mf-N-N.wav,french-horn,brass,6.3464,44100,1,0
Brass/Horn/ordinario/Hn-ord-D#3-pp-N-N.wav,french-horn,brass,6.2213,44100,1,0
Brass/Horn/ordinario/Hn-ord-D#4-ff-N-N.wav,french-horn,brass,6.3672,44100,1,0
Brass/Horn/ordinario/Hn-ord-D#4-mf-N-N.wav,french-horn,brass,5.61,44100,1,0
Brass/Horn/ordinario/Hn-ord-D#4-pp-N-N.wav,french-horn,brass,6.0904,44100,1,0
Brass/Horn/ordinario/Hn-ord-D#5-ff-N-T10u.wav,french-horn,brass,6.1348,44100,1,0
Brass/Horn/ordinario/Hn-ord-D#5-mf-N-N.wav,french-horn,brass,5.9735,44100,1,0
Brass/Horn/ordinario/Hn-ord-D#5-pp-N-N.wav,french-horn,brass,6.0149,44100,1,0
Brass/Horn/ordinario/Hn-ord-D2-ff-N-N.wav,french-horn,brass,6.1533,44100,1,0
Brass/Horn/ordinario/Hn-ord-D2-mf-N-N.wav,french-horn,brass,6.1179,44100,1,0
Brass/Horn/ordinario/Hn-ord-D2-pp-N-N.wav,french-horn,brass,5.8349,44100,1,0
Brass/Horn/ordinario/Hn-ord-D3-ff-N-N.wav,french-horn,brass,6.6085,44100,1,0
Brass/Horn/ordinario/Hn-ord-D3-mf-N-N.wav,french-horn,brass,6.3576,44100,1,0
Brass/Horn/ordinario/Hn-ord-D3-pp-N-N.wav,french-horn,brass,6.3006,44100,1,0
Brass/Horn/ordinario/Hn-ord-D4-ff-N-N.wav,french-horn,brass,6.0767,44100,1,0
Brass/Horn/ordinario/Hn-ord-D4-mf-N-N.wav,french-horn,brass,6.2877,44100,1,0
Brass/Horn/ordinario/Hn-ord-D4-pp-N-N.wav,french-horn,brass,6.0075,44100,1,0
Brass/Horn/ordinario/Hn-ord-D5-ff-N-N.wav,french-horn,brass,6.191,44100,1,0
Brass/Horn/ordinario/Hn-ord-D5-mf-N-N.wav,french-horn,brass,6.0509,44100,1,0
Brass/Horn/ordinario/Hn-ord-D5-pp-N-T10u.wav,french-horn,brass,6.2859,44100,1,0
Brass/Horn/ordinario/Hn-ord-E2-ff-N-T18u.wav,french-horn,brass,5.8435,44100,1,0
Brass/Horn/ordinario/Hn-ord-E2-mf-N-N.wav,french-horn,brass,6.0299,44100,1,0
Brass/Horn/ordinario/Hn-ord-E2-pp-N-N.wav,french-horn,brass,5.6471,44100,1,0
Brass/Horn/ordinario/Hn-ord-E3-ff-N-N.wav,french-horn,brass,6.6467,44100,1,0
Brass/Horn/ordinario/Hn-ord-E3-mf-N-N.wav,french-horn,brass,6.2604,44100,1,0
Brass/Horn/ordinario/Hn-ord-E3-pp-N-N.wav,french-horn,brass,6.664,44100,1,0
Brass/Horn/ordinario/Hn-ord-E4-ff-N-N.wav,french-horn,brass,6.4486,44100,1,0
Brass/Horn/ordinario/Hn-ord-E4-mf-N-N.wav,french-horn,brass,6.1563,44100,1,0
Brass/Horn/ordinario/Hn-ord-E4-pp-N-N.wav,french-horn,brass,6.1493,44100,1,0
Brass/Horn/ordinario/Hn-ord-E5-ff-N-N.wav,french-horn,brass,6.2127,44100,1,0
Brass/Horn/ordinario/Hn-ord-E5-mf-N-T13u.wav,french-horn,brass,5.926,44100,1,0
Brass/Horn/ordinario/Hn-ord-E5-pp-N-N.wav,french-horn,brass,6.1272,44100,1,0
Brass/Horn/ordinario/Hn-ord-F#2-ff-N-N.wav,french-horn,brass,6.1502,44100,1,0
Brass/Horn/ordinario/Hn-ord-F#2-mf-N-N.wav,french-horn,brass,6.3076,44100,1,0
Brass/Horn/ordinario/Hn-ord-F#2-pp-N-N.wav,french-horn,brass,6.2579,44100,1,0
Brass/Horn/ordinario/Hn-ord-F#3-ff-N-N.wav,french-horn,brass,6.526,44100,1,0
Brass/Horn/ordinario/Hn-ord-F#3-mf-N-N.wav,french-horn,brass,6.4076,44100,1,0
Brass/Horn/ordinario/Hn-ord-F#3-pp-N-N.wav,french-horn,brass,6.2533,44100,1,0
Brass/Horn/ordinario/Hn-ord-F#4-ff-N-N.wav,french-horn,brass,6.3806,44100,1,0
Brass/Horn/ordinario/Hn-ord-F#4-mf-N-N.wav,french-horn,brass,6.4903,44100,1,0
Brass/Horn/ordinario/Hn-ord-F#4-pp-N-T10u.wav,french-horn,brass,6.1137,44100,1,0
Brass/Horn/ordinario/Hn-ord-F2-ff-N-T11u.wav,french-horn,brass,5.6507,44100,1,0
Brass/Horn/ordinario/Hn-ord-F2-mf-N-N.wav,french-horn,brass,6.0888,44100,1,0
Brass/Horn/ordinario/Hn-ord-F2-pp-N-N.wav,french-horn,brass,6.3815,44100,1,0
Brass/Horn/ordinario/Hn-ord-F3-ff-N-N.wav,french-horn,brass,6.308,44100,1,0
Brass/Horn/ordinario/Hn-ord-F3-mf-N-N.wav,french-horn,brass,6.361,44100,1,0
Brass/Horn/ordinario/Hn-ord-F3-pp-N-N.wav,french-horn,brass,6.2349,44100,1,0
Brass/Horn/ordinario/Hn-ord-F4-ff-N-N.wav,french-horn,brass,6.3852,44100,1,0
Brass/Horn/ordinario/Hn-ord-F4-mf-N-N.wav,french-horn,brass,6.1025,44100,1,0
Brass/Horn/ordinario/Hn-ord-F4-pp-N-N.wav,french-horn,brass,6.2754,44100,1,0
Brass/Horn/ordinario/Hn-ord-F5-ff-N-N.wav,french-horn,brass,6.2335,44100,1,0
Brass/Horn/ordinario/Hn-ord-F5-mf-N-N.wav,french-horn,brass,5.5603,44100,1,0
Brass/Horn/ordinario/Hn-ord-F5-pp-N-T11u.wav,french-horn,brass,5.4544,44100,1,0
Brass/Horn/ordinario/Hn-ord-G#1-mf-N-N.wav,french-horn,brass,6.8064,44100,1,0
Brass/Horn/ordinario/Hn-ord-G#2-ff-N-N.wav,french-horn,brass,6.2421,44100,1,0
Brass/Horn/ordinario/Hn-ord-G#2-mf-N-N.wav,french-horn,brass,6.3889,44100,1,0
Brass/Horn/ordinario/Hn-ord-G#2-pp-N-N.wav,french-horn,brass,6.1342,44100,1,0
Brass/Horn/ordinario/Hn-ord-G#3-ff-N-N.wav,french-horn,brass,6.3751,44100,1,0
Brass/Horn/ordinario/Hn-ord-G#3-mf-N-N.wav,french-horn,brass,6.4752,44100,1,0
Brass/Horn/ordinario/Hn-ord-G#3-pp-N-N.wav,french-horn,brass,7.0249,44100,1,0
Brass/Horn/ordinario/Hn-ord-G#4-ff-N-N.wav,french-horn,brass,6.5469,44100,1,0
Brass/Horn/ordinario/Hn-ord-G#4-mf-N-N.wav,french-horn,brass,6.4243,44100,1,0
Brass/Horn/ordinario/Hn-ord-G#4-pp-N-T10u.wav,french-horn,brass,6.0152,44100,1,0
Brass/Horn/ordinario/Hn-ord-G1-mf-N-T40d.wav,french-horn,brass,6.3598,44100,1,0
Brass/Horn/ordinario/Hn-ord-G2-ff-N-R100u.wav,french-horn,brass,5.8051,44100,1,0
Brass/Horn/ordinario/Hn-ord-G2-mf-N-N.wav,french-horn,brass,6.3499,44100,1,0
Brass/Horn/ordinario/Hn-ord-G2-pp-N-N.wav,french-horn,brass,6.0948,44100,1,0
Brass/Horn/ordinario/Hn-ord-G3-ff-N-N.wav,french-horn,brass,6.4449,44100,1,0
Brass/Horn/ordinario/Hn-ord-G3-mf-N-N.wav,french-horn,brass,6.4979,44100,1,0
Brass/Horn/ordinario/Hn-ord-G3-pp-N-N.wav,french-horn,brass,6.1781,44100,1,0
Brass/Horn/ordinario/Hn-ord-G4-ff-N-N.wav,french-horn,brass,6.5222,44100,1,0
Brass/Horn/ordinario/Hn-ord-G4-mf-N-N.wav,french-horn,brass,6.1015,44100,1,0
Brass/Horn/ordinario/Hn-ord-G4-pp-N-N.wav,french-horn,brass,5.9404,44100,1,0
Brass/Trombone/ordinario/Tbn-ord-A#1-ff-N-T14d.wav,trombone,brass,2.9979,44100,1,0
Brass/Trombone/ordinario/Tbn-ord-A#1-mf-N-N.wav,trombone,brass,4.1862,44100,1,0
Brass/Trombone/ordinario/Tbn-ord-A#1-pp-N-N.wav,trombone,brass,4.486,44100,1,0
Brass/Trombone/ordinario/Tbn-ord-A#2-ff-N-N.wav,trombone,brass,4.5482,44100,1,0
Brass/Trombone/ordinario/Tbn-ord-A#2-mf-N-N.wav,trombone,brass,5.5895,44100,1,0
Brass/Trombone/ordinario/Tbn-ord-A#2-pp-N-N.wav,trombone,brass,6.2305,44100,1,0
Brass/Trombone/ordinario/Tbn-ord-A#3-ff-N-N.wav,trombone,brass,5.9344,44100,1,0
Brass/Trombone/ordinario/Tbn-ord-A#3-mf-N-N.wav,trombone,brass,5.9179,44100,1,0
Brass/Trombone/ordinario/Tbn-ord-A#3-pp-N-N.wav,trombone,brass,5.4505,44100,1,0
Brass/Trombone/ordinario/Tbn-ord-A#4-ff-N-N.wav,trombone,brass,4.879,44100,1,0
Brass/Trombone/ordinario/Tbn-ord-A#4-mf-N-N.wav,trombone,brass,4.9309,44100,1,0
Brass/Trombone/ordinario/Tbn-ord-A#4-pp-N-N.wav,trombone,brass,6.8543,44100,1,0
Brass/Trombone/ordinario/Tbn-ord-A2-ff-N-N.wav,trombone,brass,4.3614,44100,1,0
Brass/Trombone/ordinario/Tbn-ord-A2-mf-N-N.wav,trombone,brass,5.8758,44100,1,0
Brass/Trombone/ordinario/Tbn-ord-A2-pp-N-N.wav,trombone,brass,5.4728,44100,1,0
Brass/Trombone/ordinario/Tbn-ord-A3-ff-N-N.wav,trombone,brass,5.3298,44100,1,0
Brass/Trombone/ordinario/Tbn-ord-A3-mf-N-N.wav,trombone,brass,5.8374,44100,1,0
Brass/Trombone/ordinario/Tbn-ord-A3-pp-N-T14u.wav,trombone,brass,5.2462,44100,1,0
Brass/Trombone/ordinario/Tbn-ord-A4-ff-N-N.wav,trombone,brass,5.1109,44100,1,0
Brass/Trombone/ordinario/Tbn-ord-A4-mf-N-N.wav,trombone,brass,4.9215,44100,1,0
Brass/Trombone/ordinario/Tbn-ord-A4-pp-N-N.wav,trombone,brass,6.4971,44100,1,0
Brass/Trombone/ordinario/Tbn-ord-B1-ff-N-T27d.wav,trombone,brass,3.1445,44100,1,0
Brass/Trombone/ordinario/Tbn-ord-B1-mf-N-T14d.wav,trombone,brass,5.7094,44100,1,0
Brass/Trombone/ordinario/Tbn-ord-B1-pp-N-N.wav,trombone,brass,5.5177,44100,1,0
Brass/Trombone/ordinario/Tbn-ord-B2-ff-N-T26d.wav,trombone,brass,4.466,44100,1,0
Brass/Trombone/ordinario/Tbn-ord-B2-mf-N-T26d.wav,trombone,brass,4.9364,44100,1,0
Brass/Trombone/ordinario/Tbn-ord-B2-pp-N-T19d.wav,trombone,brass,6.1271,44100,1,0
Brass/Trombone/ordinario/Tbn-ord-B3-ff-N-N.wav,trombone,brass,4.3376,44100,1,0
Brass/Trombone/ordinario/Tbn-ord-B3-mf-N-N.wav,trombone,brass,4.4676,44100,1,0
Brass/Trombone/ordinario/Tbn-ord-B3-pp-N-N.wav,trombone,brass,5.201,44100,1,0
Brass/Trombone/ordinario/Tbn-ord-B4-ff-N-N.wav,trombone,brass,5.2886,44100,1,0
Brass/Trombone/ordinario/Tbn-ord-B4-mf-N-N.wav,trombone,brass,5.0504,44100,1,0
Brass/Trombone/ordinario/Tbn-ord-B4-pp-N-N.wav,trombone,brass,4.9165,44100,1,0
Brass/Trombone/ordinario/Tbn-ord-C#2-ff-N-T21d.wav,trombone,brass,3.1935,44100,1,0
Brass/Trombone/ordinario/Tbn-ord-C#2-mf-N-T33d.wav,trombone,brass,4.4181,44100,1,0
Brass/Trombone/ordinario/Tbn-ord-C#2-pp-N-N.wav,trombone,brass,4.7747,44100,1,0
Brass/Trombone/ordinario/Tbn-ord-C#3-ff-N-N.wav,trombone,brass,4.3573,44100,1,0
Brass/Trombone/ordinario/Tbn-ord-C#3-mf-N-N.wav,trombone,brass,5.7085,44100,1,0
Brass/Trombone/ordinario/Tbn-ord-C#3-pp-N-N.wav,trombone,brass,5.9837,44100,1,0
Brass/Trombone/ordinario/Tbn-ord-C#4-ff-N-N.wav,trombone,brass,4.2929,44100,1,0
Brass/Trombone/ordinario/Tbn-ord-C#4-mf-N-T13d.wav,trombone,brass,5.2646,44100,1,0
Brass/Trombone/ordinario/Tbn-ord-C#4-pp-N-N.wav,trombone,brass,5.1199,44100,1,0
Brass/Trombone/ordinario/Tbn-ord-C2-ff-N-T58d.wav,trombone,brass,3.2311,44100,1,0
Brass/Trombone/ordinario/Tbn-ord-C2-mf-N-T44d.wav,trombone,brass,5.0366,44100,1,0
Brass/Trombone/ordinario/Tbn-ord-C2-pp-N-T23d.wav,trombone,brass,5.9678,44100,1,0
Brass/Trombone/ordinario/Tbn-ord-C3-ff-N-T25d.wav,trombone,brass,4.4115,44100,1,0
Brass/Trombone/ordinario/Tbn-ord-C3-mf-N-T18d.wav,trombone,brass,6.2152,44100,1,0
Brass/Trombone/ordinario/Tbn-ord-C3-pp-N-T25d.wav,trombone,brass,6.0289,44100,1,0
Brass/Trombone/ordinario/Tbn-ord-C4-ff-N-N.wav,trombone,brass,4.6925,44100,1,0
Brass/Trombone/ordinario/Tbn-ord-C4-mf-N-N.wav,trombone,brass,4.7069,44100,1,0
Brass/Trombone/ordinario/Tbn-ord-C4-pp-N-N.wav,trombone,brass,4.8461,44100,1,0
Brass/Trombone/ordinario/Tbn-ord-C5-ff-N-T24u.wav,trombone,brass,3.9293,44100,1,0
Brass/Trombone/ordinario/Tbn-ord-C5-mf-N-T23u.wav,trombone,brass,3.9228,44100,1,0
Brass/Trombone/ordinario/Tbn-ord-C5-pp-N-N.wav,trombone,brass,5.4022,44100,1,0
Brass/Trombone/ordinario/Tbn-ord-D#2-ff-N-N.wav,trombone,brass,3.3241,44100,1,0
Brass/Trombone/ordinario/Tbn-ord-D#2-mf-N-N.wav,trombone,brass,4.4766,44100,1,0
Brass/Trombone/ordinario/Tbn-ord-D#2-pp-N-T14u.wav,trombone,brass,5.7334,44100,1,0
Brass/Trombone/ordinario/Tbn-ord-D#3-ff-N-N.wav,trombone,brass,5.8192,44100,1,0
Brass/Trombone/ordinario/Tbn-ord-D#3-mf-N-N.wav,trombone,brass,5.7522,44100,1,0
Brass/Trombone/ordinario/Tbn-ord-D#3-pp-N-N.wav,trombone,brass,6.2378,44100,1,0
Brass/Trombone/ordinario/Tbn-ord-D#4-ff-N-N.wav,trombone,brass,4.6105,44100,1,0
Brass/Trombone/ordinario/Tbn-ord-D#4-mf-N-N.wav,trombone,brass,4.7305,44100,1,0
Brass/Trombone/ordinario/Tbn-ord-D#4-pp-N-T13u.wav,trombone,brass,4.8393,44100,1,0
Brass/Trombone/ordinario/Tbn-ord-D2-ff-N-T37d.wav,trombone,brass,3.4152,44100,1,0
Brass/Trombone/ordinario/Tbn-ord-D2-mf-N-T26d.wav,trombone,brass,4.6074,44100,1,0
Brass/Trombone/ordinario/Tbn-ord-D2-pp-N-T12d.wav,trombone,brass,4.8668,44100,1,0
Brass/Trombone/ordinario/Tbn-ord-D3-ff-N-N.wav,trombone,brass,5.261,44100,1,0
Brass/Trombone/ordinario/Tbn-ord-D3-mf-N-N.wav,trombone,brass,5.9065,44100,1,0
Brass/Trombone/ordinario/Tbn-ord-D3-pp-N-T11u.wav,trombone,brass,6.1527,44100,1,0
Brass/Trombone/ordinario/Tbn-ord-D4-ff-N-N.wav,trombone,brass,4.6117,44100,1,0
Brass/Trombone/ordinario/Tbn-ord-D4-mf-N-N.wav,trombone,brass,4.9855,44100,1,0
Brass/Trombone/ordinario/Tbn-ord-D4-pp-N-N.wav,trombone,brass,5.4427,44100,1,0
Brass/Trombone/ordinario/Tbn-ord-E2-ff-N-T12d.wav,trombone,brass,3.1148,44100,1,0
Brass/Trombone/ordinario/Tbn-ord-E2-mf-N-N.wav,trombone,brass,4.4677,44100,1,0
Brass/Trombone/ordinario/Tbn-ord-E2-pp-N-T21u.wav,trombone,brass,5.8331,44100,1,0
Brass/Trombone/ordinario/Tbn-ord-E3-ff-N-N.wav,trombone,brass,5.2889,44100,1,0
Brass/Trombone/ordinario/Tbn-ord-E3-mf-N-N.wav,trombone,brass,5.4465,44100,1,0
Brass/Trombone/ordinario/Tbn-ord-E3-pp-N-N.wav,trombone,brass,5.9398,44100,1,0
Brass/Trombone/ordinario/Tbn-ord-E4-ff-N-N.wav,trombone,brass,4.4922,44100,1,0
Brass/Trombone/ordinario/Tbn-ord-E4-mf-N-T10u.wav,trombone,brass,4.7417,44100,1,0
Brass/Trombone/ordinario/Tbn-ord-E4-pp-N-N.wav,trombone,brass,3.946,44100,1,0
Brass/Trombone/ordinario/Tbn-ord-F#2-ff-N-T24d.wav,trombone,brass,3.814,44100,1,0
Brass/Trombone/ordinario/Tbn-ord-F#2-mf-N-T28d.wav,trombone,brass,5.3873,44100,1,0
Brass/Trombone/ordinario/Tbn-ord-F#2-pp-N-T20d.wav,trombone,brass,5.5524,44100,1,0
Brass/Trombone/ordinario/Tbn-ord-F#3-ff-N-N.wav,trombone,brass,5.0407,44100,1,0
Brass/Trombone/ordinario/Tbn-ord-F#3-mf-N-N.wav,trombone,brass,5.8598,44100,1,0
Brass/Trombone/ordinario/Tbn-ord-F#3-pp-N-N.wav,trombone,brass,5.4991,44100,1,0
Brass/Trombone/ordinario/Tbn-ord-F#4-ff-N-T10u.wav,trombone,brass,4.6621,44100,1,0
Brass/Trombone/ordinario/Tbn-ord-F#4-mf-N-T10u.wav,trombone,brass,4.6977,44100,1,0
Brass/Trombone/ordinario/Tbn-ord-F#4-pp-N-T10u.wav,trombone,brass,4.9459,44100,1,0
Brass/Trombone/ordinario/Tbn-ord-F2-ff-N-N.wav,trombone,brass,3.6918,44100,1,0
Brass/Trombone/ordinario/Tbn-ord-F2-mf-N-N.wav,trombone,brass,5.2154,44100,1,0
Brass/Trombone/ordinario/Tbn-ord-F2-pp-N-N.wav,trombone,brass,5.1242,44100,1,0
Brass/Trombone/ordinario/Tbn-ord-F3-ff-N-N.wav,trombone,brass,6.1525,44100,1,0
Brass/Trombone/ordinario/Tbn-ord-F3-mf-N-N.wav,trombone,brass,5.8861,44100,1,0
Brass/Trombone/ordinario/Tbn-ord-F3-pp-N-N.wav,trombone,brass,5.6858,44100,1,0
Brass/Trombone/ordinario/Tbn-ord-F4-ff-N-N.wav,trombone,brass,4.6754,44100,1,0
Brass/Trombone/ordinario/Tbn-ord-F4-mf-N-N.wav,trombone,brass,4.7375,44100,1,0
Brass/Trombone/ordinario/Tbn-ord-F4-pp-N-N.wav,trombone,brass,4.4705,44100,1,0
Brass/Trombone/ordinario/Tbn-ord-G#2-ff-N-T15u.wav,trombone,brass,4.0331,44100,1,0
Brass/Trombone/ordinario/Tbn-ord-G#2-mf-N-N.wav,trombone,brass,4.9005,44100,1,0
Brass/Trombone/ordinario/Tbn-ord-G#2-pp-N-T27u.wav,trombone,brass,5.677,44100,1,0
Brass/Trombone/ordinario/Tbn-ord-G#3-ff-N-T10u.wav,trombone,brass,5.0625,44100,1,0
Brass/Trombone/ordinario/Tbn-ord-G#3-mf-N-N.wav,trombone,brass,5.7745,44100,1,0
Brass/Trombone/ordinario/Tbn-ord-G#3-pp-N-N.wav,trombone,brass,5.2533,44100,1,0
Brass/Trombone/ordinario/Tbn-ord-G#4-ff-N-N.wav,trombone,brass,5.2553,44100,1,0
Brass/Trombone/ordinario/Tbn-ord-G#4-mf-N-N.wav,trombone,brass,5.5408,44100,1,0
Brass/Trombone/ordinario/Tbn-ord-G#4-pp-N-N.wav,trombone,brass,6.3732,44100,1,0
Brass/Trombone/ordinario/Tbn-ord-G2-ff-N-N.wav,trombone,brass,4.1202,44100,1,0
Brass/Trombone/ordinario/Tbn-ord-G2-mf-N-N.wav,trombone,brass,5.1953,44100,1,0
Brass/Trombone/ordinario/Tbn-ord-G2-pp-N-N.wav,trombone,brass,6.0453,44100,1,0
Brass/Trombone/ordinario/Tbn-ord-G3-ff-N-N.wav,trombone,brass,5.3334,44100,1,0
Brass/Trombone/ordinario/Tbn-ord-G3-mf-N-T18d.wav,trombone,brass,5.5747,44100,1,0
Brass/Trombone/ordinario/Tbn-ord-G3-pp-N-N.wav,trombone,brass,5.1408,44100,1,0
Brass/Trombone/ordinario/Tbn-ord-G4-ff-N-N.wav,trombone,brass,6.028,44100,1,0
Brass/Trombone/ordinario/Tbn-ord-G4-mf-N-N.wav,trombone,brass,5.4566,44100,1,0
Brass/Trombone/ordinario/Tbn-ord-G4-pp-N-N.wav,trombone,brass,4.5196,44100,1,0
Brass/Trumpet_C/ordinario/TpC-ord-A#3-ff-N-T23u_R100u.wav,trumpet,brass,5.96,44100,1,0
Brass/Trumpet_C/ordinario/TpC-ord-A#3-mf-N-N.wav,trumpet,brass,6.2065,44100,1,0
Brass/Trumpet_C/ordinario/TpC-ord-A#3-pp-N-N.wav,trumpet,brass,6.3458,44100,1,0
Brass/Trumpet_C/ordinario/TpC-ord-A#4-ff-N-N.wav,trumpet,brass,6.5424,44100,1,0
Brass/Trumpet_C/ordinario/TpC-ord-A#4-mf-N-N.wav,trumpet,brass,6.2356,44100,1,0
Brass/Trumpet_C/ordinario/TpC-ord-A#4-pp-N-N.wav,trumpet,brass,6.2188,44100,1,0
Brass/Trumpet_C/ordinario/TpC-ord-A#5-ff-N-N.wav,trumpet,brass,6.1458,44100,1,0
Brass/Trumpet_C/ordinario/TpC-ord-A#5-mf-N-N.wav,trumpet,brass,6.1783,44100,1,0
Brass/Trumpet_C/ordinario/TpC-ord-A#5-pp-N-N.wav,trumpet,brass,6.4584,44100,1,0
Brass/Trumpet_C/ordinario/TpC-ord-A3-ff-N-T23u.wav,trumpet,brass,6.3144,44100,1,0
Brass/Trumpet_C/ordinario/TpC-ord-A3-mf-N-N.wav,trumpet,brass,6.2937,44100,1,0
Brass/Trumpet_C/ordinario/TpC-ord-A3-pp-N-T10d.wav,trumpet,brass,6.3987,44100,1,0
Brass/Trumpet_C/ordinario/TpC-ord-A4-ff-N-T22u.wav,trumpet,brass,5.7477,44100,1,0
Brass/Trumpet_C/ordinario/TpC-ord-A4-mf-N-T19u.wav,trumpet,brass,5.9939,44100,1,0
Brass/Trumpet_C/ordinario/TpC-ord-A4-pp-N-N.wav,trumpet,brass,6.2189,44100,1,0
Brass/Trumpet_C/ordinario/TpC-ord-A5-ff-N-T13u.wav,trumpet,brass,6.1834,44100,1,0
Brass/Trumpet_C/ordinario/TpC-ord-A5-mf-N-N.wav,trumpet,brass,6.2843,44100,1,0
Brass/Trumpet_C/ordinario/TpC-ord-A5-pp-N-T26d.wav,trumpet,brass,6.3234,44100,1,0
Brass/Trumpet_C/ordinario/TpC-ord-B3-ff-N-R100d.wav,trumpet,brass,7.0307,44100,1,0
Brass/Trumpet_C/ordinario/TpC-ord-B3-mf-N-N.wav,trumpet,brass,6.5196,44100,1,0
Brass/Trumpet_C/ordinario/TpC-ord-B3-pp-N-N.wav,trumpet,brass,6.3599,44100,1,0
Brass/Trumpet_C/ordinario/TpC-ord-B4-ff-N-N.wav,trumpet,brass,6.5305,44100,1,0
Brass/Trumpet_C/ordinario/TpC-ord-B4-mf-N-N.wav,trumpet,brass,6.2246,44100,1,0
Brass/Trumpet_C/ordinario/TpC-ord-B4-pp-N-N.wav,trumpet,brass,6.3917,44100,1,0
Brass/Trumpet_C/ordinario/TpC-ord-B5-ff-N-N.wav,trumpet,brass,5.8187,44100,1,0
Brass/Trumpet_C/ordinario/TpC-ord-B5-mf-N-T13u.wav,trumpet,brass,6.9847,44100,1,0
Brass/Trumpet_C/ordinario/TpC-ord-B5-pp-N-N.wav,trumpet,brass,6.1163,44100,1,0
Brass/Trumpet_C/ordinario/TpC-ord-C#4-ff-N-T39u.wav,trumpet,brass,5.3673,44100,1,0
Brass/Trumpet_C/ordinario/TpC-ord-C#4-mf-N-T17u.wav,trumpet,brass,6.2399,44100,1,0
Brass/Trumpet_C/ordinario/TpC-ord-C#4-pp-N-T11u.wav,trumpet,brass,6.4532,44100,1,0
Brass/Trumpet_C/ordinario/TpC-ord-C#5-ff-N-N.wav,trumpet,brass,6.1904,44100,1,0
Brass/Trumpet_C/ordinario/TpC-ord-C#5-mf-N-T17u.wav,trumpet,brass,6.5684,44100,1,0
Brass/Trumpet_C/ordinario/TpC-ord-C#5-pp-N-N.wav,trumpet,brass,6.1451,44100,1,0
Brass/Trumpet_C/ordinario/TpC-ord-C#6-mf-N-T10u.wav,trumpet,brass,6.166,44100,1,0
Brass/Trumpet_C/ordinario/TpC-ord-C#6-pp-N-N.wav,trumpet,brass,6.4518,44100,1,0
Brass/Trumpet_C/ordinario/TpC-ord-C4-ff-N-N.wav,trumpet,brass,6.6361,44100,1,0
Brass/Trumpet_C/ordinario/TpC-ord-C4-mf-N-N.wav,trumpet,brass,6.2344,44100,1,0
Brass/Trumpet_C/ordinario/TpC-ord-C4-pp-N-T10d.wav,trumpet,brass,6.2568,44100,1,0
Brass/Trumpet_C/ordinario/TpC-ord-C5-ff-N-N.wav,trumpet,brass,6.5702,44100,1,0
Brass/Trumpet_C/ordinario/TpC-ord-C5-mf-N-N.wav,trumpet,brass,6.2306,44100,1,0
Brass/Trumpet_C/ordinario/TpC-ord-C5-pp-N-T11d.wav,trumpet,brass,6.3237,44100,1,0
Brass/Trumpet_C/ordinario/TpC-ord-C6-ff-N-T17u.wav,trumpet,brass,5.7448,44100,1,0
Brass/Trumpet_C/ordinario/TpC-ord-C6-mf-N-T11u.wav,trumpet,brass,5.6342,44100,1,0
Brass/Trumpet_C/ordinario/TpC-ord-C6-pp-N-N.wav,trumpet,brass,6.1317,44100,1,0
Brass/Trumpet_C/ordinario/TpC-ord-D#4-ff-N-N.wav,trumpet,brass,5.5568,44100,1,0
Brass/Trumpet_C/ordinario/TpC-ord-D#4-mf-N-T16u.wav,trumpet,brass,5.7933,44100,1,0
Brass/Trumpet_C/ordinario/TpC-ord-D#4-pp-N-N.wav,trumpet,brass,6.1376,44100,1,0
Brass/Trumpet_C/ordinario/TpC-ord-D#5-ff-N-N.wav,trumpet,brass,6.3507,44100,1,0
Brass/Trumpet_C/ordinario/TpC-ord-D#5-mf-N-N.wav,trumpet,brass,6.5484,44100,1,0
Brass/Trumpet_C/ordinario/TpC-ord-D#5-pp-N-N.wav,trumpet,brass,6.2762,44100,1,0
Brass/Trumpet_C/ordinario/TpC-ord-D4-ff-N-T27u.wav,trumpet,brass,6.4203,44100,1,0
Brass/Trumpet_C/ordinario/TpC-ord-D4-mf-N-T13u.wav,trumpet,brass,5.9633,44100,1,0
Brass/Trumpet_C/ordinario/TpC-ord-D4-pp-N-T18u.wav,trumpet,brass,6.043,44100,1,0
Brass/Trumpet_C/ordinario/TpC-ord-D5-ff-N-N.wav,trumpet,brass,6.5888,44100,1,0
Brass/Trumpet_C/ordinario/TpC-ord-D5-mf-N-T14u.wav,trumpet,brass,6.1568,44100,1,0
Brass/Trumpet_C/ordinario/TpC-ord-D5-pp-N-N.wav,trumpet,brass,5.8678,44100,1,0
Brass/Trumpet_C/ordinario/TpC-ord-D6-mf-N-N.wav,trumpet,brass,5.5402,44100,1,0
Brass/Trumpet_C/ordinario/TpC-ord-D6-pp-N-N.wav,trumpet,brass,6.5654,44100,1,0
Brass/Trumpet_C/ordinario/TpC-ord-E4-ff-N-N.wav,trumpet,brass,5.6724,44100,1,0
Brass/Trumpet_C/ordinario/TpC-ord-E4-mf-N-T11u.wav,trumpet,brass,6.0967,44100,1,0
Brass/Trumpet_C/ordinario/TpC-ord-E4-pp-N-N.wav,trumpet,brass,6.3183,44100,1,0
Brass/Trumpet_C/ordinario/TpC-ord-E5-ff-N-N.wav,trumpet,brass,6.2718,44100,1,0
Brass/Trumpet_C/ordinario/TpC-ord-E5-mf-N-R100u.wav,trumpet,brass,6.1809,44100,1,0
Brass/Trumpet_C/ordinario/TpC-ord-E5-pp-N-T31d.wav,trumpet,brass,6.1851,44100,1,0
Brass/Trumpet_C/ordinario/TpC-ord-F#3-mf-N-T23u.wav,trumpet,brass,5.3014,44100,1,0
Brass/Trumpet_C/ordinario/TpC-ord-F#3-pp-N-N.wav,trumpet,brass,6.1919,44100,1,0
Brass/Trumpet_C/ordinario/TpC-ord-F#4-ff-N-T14u.wav,trumpet,brass,6.1444,44100,1,0
Brass/Trumpet_C/ordinario/TpC-ord-F#4-mf-N-T16u.wav,trumpet,brass,6.105,44100,1,0
Brass/Trumpet_C/ordinario/TpC-ord-F#4-pp-N-T12u.wav,trumpet,brass,6.168,44100,1,0
Brass/Trumpet_C/ordinario/TpC-ord-F#5-ff-N-N.wav,trumpet,brass,6.7063,44100,1,0
Brass/Trumpet_C/ordinario/TpC-ord-F#5-mf-N-T10d.wav,trumpet,brass,6.5323,44100,1,0
Brass/Trumpet_C/ordinario/TpC-ord-F#5-pp-N-T22d.wav,trumpet,brass,6.2967,44100,1,0
Brass/Trumpet_C/ordinario/TpC-ord-F4-ff-N-T17u.wav,trumpet,brass,6.0231,44100,1,0
Brass/Trumpet_C/ordinario/TpC-ord-F4-mf-N-T25u.wav,trumpet,brass,6.1655,44100,1,0
Brass/Trumpet_C/ordinario/TpC-ord-F4-pp-N-T12u.wav,trumpet,brass,5.9114,44100,1,0
Brass/Trumpet_C/ordinario/TpC-ord-F5-ff-N-N.wav,trumpet,brass,6.4427,44100,1,0
Brass/Trumpet_C/ordinario/TpC-ord-F5-mf-N-T11d.wav,trumpet,brass,6.4565,44100,1,0
Brass/Trumpet_C/ordinario/TpC-ord-F5-pp-N-T12d.wav,trumpet,brass,6.2681,44100,1,0
Brass/Trumpet_C/ordinario/TpC-ord-G#3-ff-N-T23u_R100d.wav,trumpet,brass,6.6899,44100,1,0
Brass/Trumpet_C/ordinario/TpC-ord-G#3-mf-N-N.wav,trumpet,brass,6.365,44100,1,0
Brass/Trumpet_C/ordinario/TpC-ord-G#3-pp-N-N.wav,trumpet,brass,6.4261,44100,1,0
Brass/Trumpet_C/ordinario/TpC-ord-G#4-ff-N-N.wav,trumpet,brass,5.8862,44100,1,0
Brass/Trumpet_C/ordinario/TpC-ord-G#4-mf-N-N.wav,trumpet,brass,6.2151,44100,1,0
Brass/Trumpet_C/ordinario/TpC-ord-G#4-pp-N-N.wav,trumpet,brass,6.4803,44100,1,0
Brass/Trumpet_C/ordinario/TpC-ord-G#5-ff-N-N.wav,trumpet,brass,6.344,44100,1,0
Brass/Trumpet_C/ordinario/TpC-ord-G#5-mf-N-N.wav,trumpet,brass,6.4237,44100,1,0
Brass/Trumpet_C/ordinario/TpC-ord-G#5-pp-N-T23d.wav,trumpet,brass,6.8002,44100,1,0
Brass/Trumpet_C/ordinario/TpC-ord-G3-ff-N-T21u.wav,trumpet,brass,5.9814,44100,1,0
Brass/Trumpet_C/ordinario/TpC-ord-G3-mf-N-T12u.wav,trumpet,brass,6.3661,44100,1,0
Brass/Trumpet_C/ordinario/TpC-ord-G3-pp-N-N.wav,trumpet,brass,6.3119,44100,1,0
Brass/Trumpet_C/ordinario/TpC-ord-G4-ff-N-N.wav,trumpet,brass,6.1618,44100,1,0
Brass/Trumpet_C/ordinario/TpC-ord-G4-mf-N-T15u.wav,trumpet,brass,5.6656,44100,1,0
Brass/Trumpet_C/ordinario/TpC-ord-G4-pp-N-N.wav,trumpet,brass,6.6411,44100,1,0
Brass/Trumpet_C/ordinario/TpC-ord-G5-ff-N-N.wav,trumpet,brass,5.8187,44100,1,0
Brass/Trumpet_C/ordinario/TpC-ord-G5-mf-N-N.wav,trumpet,brass,6.1828,44100,1,0
Brass/Trumpet_C/ordinario/TpC-ord-G5-pp-N-T25d.wav,trumpet,brass,6.1938,44100,1,0
Strings/Contrabass/ordinario/Cb-ord-A#1-ff-3c-N.wav,double-bass,strings,6.378,44100,1,0
Strings/Contrabass/ordinario/Cb-ord-A#1-ff-4c-N.wav,double-bass,strings,6.3122,44100,1,0
Strings/Contrabass/ordinario/Cb-ord-A#1-mf-3c-N.wav,double-bass,strings,7.5146,44100,1,0
Strings/Contrabass/ordinario/Cb-ord-A#1-mf-4c-N.wav,double-bass,strings,7.0866,44100,1,0
Strings/Contrabass/ordinario/Cb-ord-A#1-pp-3c-N.wav,double-bass,strings,9.0079,44100,1,0
Strings/Contrabass/ordinario/Cb-ord-A#1-pp-4c-N.wav,double-bass,strings,8.3222,44100,1,0
Strings/Contrabass/ordinario/Cb-ord-A#2-ff-1c-N.wav,double-bass,strings,4.5342,44100,1,0
Strings/Contrabass/ordinario/Cb-ord-A#2-ff-2c-T14u.wav,double-bass,strings,4.7875,44100,1,0
Strings/Contrabass/ordinario/Cb-ord-A#2-ff-3c-T13u.wav,double-bass,strings,3.6941,44100,1,0
Strings/Contrabass/ordinario/Cb-ord-A#2-ff-4c-T21u.wav,double-bass,strings,4.1549,44100,1,0
Strings/Contrabass/ordinario/Cb-ord-A#2-mf-1c-N.wav,double-bass,strings,6.2745,44100,1,0
Strings/Contrabass/ordinario/Cb-ord-A#2-mf-2c-T13u.wav,double-bass,strings,5.5909,44100,1,0
Strings/Contrabass/ordinario/Cb-ord-A#2-mf-3c-N.wav,double-bass,strings,4.6081,44100,1,0
Strings/Contrabass/ordinario/Cb-ord-A#2-mf-4c-N.wav,double-bass,strings,5.1678,44100,1,0
Strings/Contrabass/ordinario/Cb-ord-A#2-pp-1c-N.wav,double-bass,strings,6.6396,44100,1,0
Strings/Contrabass/ordinario/Cb-ord-A#2-pp-2c-N.wav,double-bass,strings,6.5324,44100,1,0
Strings/Contrabass/ordinario/Cb-ord-A#2-pp-3c-N.wav,double-bass,strings,6.0998,44100,1,0
Strings/Contrabass/ordinario/Cb-ord-A#2-pp-4c-N.wav,double-bass,strings,6.5444,44100,1,0
Strings/Contrabass/ordinario/Cb-ord-A#3-ff-1c-N.wav,double-bass,strings,3.8582,44100,1,0
Strings/Contrabass/ordinario/Cb-ord-A#3-ff-2c-N.wav,double-bass,strings,3.4952,44100,1,0
Strings/Contrabass/ordinario/Cb-ord-A#3-mf-1c-N.wav,double-bass,strings,5.0059,44100,1,0
Strings/Contrabass/ordinario/Cb-ord-A#3-mf-2c-N.wav,double-bass,strings,4.2212,44100,1,0
Strings/Contrabass/ordinario/Cb-ord-A#3-pp-1c-N.wav,double-bass,strings,5.3675,44100,1,0
Strings/Contrabass/ordinario/Cb-ord-A#3-pp-2c-N.wav,double-bass,strings,4.6369,44100,1,0
Strings/Contrabass/ordinario/Cb-ord-A#4-ff-1c-N.wav,double-bass,strings,2.9489,44100,1,0
Strings/Contrabass/ordinario/Cb-ord-A#4-mf-1c-T20u.wav,double-bass,strings,3.8333,44100,1,0
Strings/Contrabass/ordinario/Cb-ord-A#4-pp-1c-T13u.wav,double-bass,strings,4.1825,44100,1,0
Strings/Contrabass/ordinario/Cb-ord-A1-ff-3c-N.wav,double-bass,strings,9.9493,44100,1,0
Strings/Contrabass/ordinario/Cb-ord-A1-ff-4c-N.wav,double-bass,strings,7.247,44100,1,0
Strings/Contrabass/ordinario/Cb-ord-A1-mf-3c-N.wav,double-bass,strings,9.5875,44100,1,0
Strings/Contrabass/ordinario/Cb-ord-A1-mf-4c-N.wav,double-bass,strings,7.5059,44100,1,0
Strings/Contrabass/ordinario/Cb-ord-A1-pp-3c-N.wav,double-bass,strings,9.5417,44100,1,0
Strings/Contrabass/ordinario/Cb-ord-A1-pp-4c-N.wav,double-bass,strings,10.9809,44100,1,0
Strings/Contrabass/ordinario/Cb-ord-A2-ff-1c-R100d.wav,double-bass,strings,4.8039,44100,1,0
Strings/Contrabass/ordinario/Cb-ord-A2-ff-2c-N.wav,double-bass,strings,5.236,44100,1,0
Strings/Contrabass/ordinario/Cb-ord-A2-ff-3c-N.wav,double-bass,strings,4.7,44100,1,0
Strings/Contrabass/ordinario/Cb-ord-A2-ff-4c-T17u.wav,double-bass,strings,4.4735,44100,1,0
Strings/Contrabass/ordinario/Cb-ord-A2-mf-1c-N.wav,double-bass,strings,8.0334,44100,1,0
Strings/Contrabass/ordinario/Cb-ord-A2-mf-2c-N.wav,double-bass,strings,5.405,44100,1,0
Strings/Contrabass/ordinario/Cb-ord-A2-mf-3c-R100d.wav,double-bass,strings,4.8821,44100,1,0
Strings/Contrabass/ordinario/Cb-ord-A2-mf-4c-N.wav,double-bass,strings,5.4466,44100,1,0
Strings/Contrabass/ordinario/Cb-ord-A2-pp-1c-N.wav,double-bass,strings,7.7505,44100,1,0
Strings/Contrabass/ordinario/Cb-ord-A2-pp-2c-T12d.wav,double-bass,strings,6.3757,44100,1,0
Strings/Contrabass/ordinario/Cb-ord-A2-pp-3c-T12d.wav,double-bass,strings,5.2355,44100,1,0
Strings/Contrabass/ordinario/Cb-ord-A2-pp-4c-N.wav,double-bass,strings,6.1178,44100,1,0
Strings/Contrabass/ordinario/Cb-ord-A3-ff-1c-N.wav,double-bass,strings,4.9318,44100,1,0
Strings/Contrabass/ordinario/Cb-ord-A3-ff-2c-N.wav,double-bass,strings,5.4978,44100,1,0
Strings/Contrabass/ordinario/Cb-ord-A3-mf-1c-N.wav,double-bass,strings,6.1674,44100,1,0
Strings/Contrabass/ordinario/Cb-ord-A3-mf-2c-N.wav,double-bass,strings,4.5521,44100,1,0
Strings/Contrabass/ordinario/Cb-ord-A3-pp-1c-N.wav,double-bass,strings,6.0093,44100,1,0
Strings/Contrabass/ordinario/Cb-ord-A3-pp-2c-N.wav,double-bass,strings,5.7101,44100,1,0
Strings/Contrabass/ordinario/Cb-ord-A4-ff-1c-N.wav,double-bass,strings,3.3766,44100,1,0
Strings/Contrabass/ordinario/Cb-ord-A4-mf-1c-T10u.wav,double-bass,strings,3.6138,44100,1,0
Strings/Contrabass/ordinario/Cb-ord-A4-pp-1c-N.wav,double-bass,strings,4.6841,44100,1,0
Strings/Contrabass/ordinario/Cb-ord-B1-ff-3c-N.wav,double-bass,strings,7.0486,44100,1,0
Strings/Contrabass/ordinario/Cb-ord-B1-ff-4c-N.wav,double-bass,strings,6.8159,44100,1,0
Strings/Contrabass/ordinario/Cb-ord-B1-mf-3c-R100u.wav,double-bass,strings,7.0929,44100,1,0
Strings/Contrabass/ordinario/Cb-ord-B1-mf-4c-N.wav,double-bass,strings,6.9189,44100,1,0
Strings/Contrabass/ordinario/Cb-ord-B1-pp-3c-N.wav,double-bass,strings,9.1617,44100,1,0
Strings/Contrabass/ordinario/Cb-ord-B1-pp-4c-N.wav,double-bass,strings,7.5986,44100,1,0
Strings/Contrabass/ordinario/Cb-ord-B2-ff-1c-N.wav,double-bass,strings,5.634,44100,1,0
Strings/Contrabass/ordinario/Cb-ord-B2-ff-2c-N.wav,double-bass,strings,3.6605,44100,1,0
Strings/Contrabass/ordinario/Cb-ord-B2-ff-3c-T17u.wav,double-bass,strings,5.0715,44100,1,0
Strings/Contrabass/ordinario/Cb-ord-B2-ff-4c-T25u.wav,double-bass,strings,5.0963,44100,1,0
Strings/Contrabass/ordinario/Cb-ord-B2-mf-1c-N.wav,double-bass,strings,7.2987,44100,1,0
Strings/Contrabass/ordinario/Cb-ord-B2-mf-2c-N.wav,double-bass,strings,6.1218,44100,1,0
Strings/Contrabass/ordinario/Cb-ord-B2-mf-3c-T10u.wav,double-bass,strings,5.6696,44100,1,0
Strings/Contrabass/ordinario/Cb-ord-B2-mf-4c-N.wav,double-bass,strings,5.3914,44100,1,0
Strings/Contrabass/ordinario/Cb-ord-B2-pp-1c-N.wav,double-bass,strings,7.4796,44100,1,0
Strings/Contrabass/ordinario/Cb-ord-B2-pp-2c-N.wav,double-bass,strings,6.9421,44100,1,0
Strings/Contrabass/ordinario/Cb-ord-B2-pp-3c-N.wav,double-bass,strings,6.4741,44100,1,0
Strings/Contrabass/ordinario/Cb-ord-B2-pp-4c-N.wav,double-bass,strings,6.6337,44100,1,0
Strings/Contrabass/ordinario/Cb-ord-B3-ff-1c-N.wav,double-bass,strings,4.1086,44100,1,0
Strings/Contrabass/ordinario/Cb-ord-B3-ff-2c-N.wav,double-bass,strings,4.1929,44100,1,0
Strings/Contrabass/ordinario/Cb-ord-B3-mf-1c-N.wav,double-bass,strings,4.7848,44100,1,0
Strings/Contrabass/ordinario/Cb-ord-B3-mf-2c-N.wav,double-bass,strings,5.907,44100,1,0
Strings/Contrabass/ordinario/Cb-ord-B3-pp-1c-N.wav,double-bass,strings,5.9264,44100,1,0
Strings/Contrabass/ordinario/Cb-ord-B3-pp-2c-N.wav,double-bass,strings,6.199,44100,1,0
Strings/Contrabass/ordinario/Cb-ord-B4-ff-1c-T15d.wav,double-bass,strings,3.131,44100,1,0
Strings/Contrabass/ordinario/Cb-ord-B4-mf-1c-N.wav,double-bass,strings,3.6848,44100,1,0
Strings/Contrabass/ordinario/Cb-ord-B4-pp-1c-N.wav,double-bass,strings,4.483,44100,1,0
Strings/Contrabass/ordinario/Cb-ord-C#2-ff-3c-T11u.wav,double-bass,strings,4.9393,44100,1,0
Strings/Contrabass/ordinario/Cb-ord-C#2-ff-4c-T27u.wav,double-bass,strings,4.9141,44100,1,0
Strings/Contrabass/ordinario/Cb-ord-C#2-mf-3c-N.wav,double-bass,strings,6.3661,44100,1,0
Strings/Contrabass/ordinario/Cb-ord-C#2-mf-4c-N.wav,double-bass,strings,5.201,44100,1,0
Strings/Contrabass/ordinario/Cb-ord-C#2-pp-3c-N.wav,double-bass,strings,7.6205,44100,1,0
Strings/Contrabass/ordinario/Cb-ord-C#2-pp-4c-R100u.wav,double-bass,strings,6.651,44100,1,0
Strings/Contrabass/ordinario/Cb-ord-C#3-ff-1c-N.wav,double-bass,strings,4.0512,44100,1,0
Strings/Contrabass/ordinario/Cb-ord-C#3-ff-2c-N.wav,double-bass,strings,4.549,44100,1,0
Strings/Contrabass/ordinario/Cb-ord-C#3-ff-3c-T20u.wav,double-bass,strings,4.1294,44100,1,0
Strings/Contrabass/ordinario/Cb-ord-C#3-ff-4c-N.wav,double-bass,strings,3.9111,44100,1,0
Strings/Contrabass/ordinario/Cb-ord-C#3-mf-1c-T11u.wav,double-bass,strings,4.973,44100,1,0
Strings/Contrabass/ordinario/Cb-ord-C#3-mf-2c-T17u.wav,double-bass,strings,5.9822,44100,1,0
Strings/Contrabass/ordinario/Cb-ord-C#3-mf-3c-N.wav,double-bass,strings,4.3558,44100,1,0
Strings/Contrabass/ordinario/Cb-ord-C#3-mf-4c-N.wav,double-bass,strings,4.5375,44100,1,0
Strings/Contrabass/ordinario/Cb-ord-C#3-pp-1c-N.wav,double-bass,strings,6.198,44100,1,0
Strings/Contrabass/ordinario/Cb-ord-C#3-pp-2c-N.wav,double-bass,strings,5.9565,44100,1,0
Strings/Contrabass/ordinario/Cb-ord-C#3-pp-3c-T10u.wav,double-bass,strings,7.7299,44100,1,0
Strings/Contrabass/ordinario/Cb-ord-C#3-pp-4c-T16d.wav,double-bass,strings,6.7998,44100,1,0
Strings/Contrabass/ordinario/Cb-ord-C#4-ff-1c-T22u.wav,double-bass,strings,3.7501,44100,1,0
Strings/Contrabass/ordinario/Cb-ord-C#4-ff-2c-T13u.wav,double-bass,strings,3.3698,44100,1,0
Strings/Contrabass/ordinario/Cb-ord-C#4-mf-1c-T29u.wav,double-bass,strings,4.3371,44100,1,0
Strings/Contrabass/ordinario/Cb-ord-C#4-mf-2c-T12u.wav,double-bass,strings,5.0268,44100,1,0
Strings/Contrabass/ordinario/Cb-ord-C#4-pp-1c-T10u.wav,double-bass,strings,6.6527,44100,1,0
Strings/Contrabass/ordinario/Cb-ord-C#4-pp-2c-T10u.wav,double-bass,strings,5.2463,44100,1,0
Strings/Contrabass/ordinario/Cb-ord-C2-ff-3c-N.wav,double-bass,strings,5.5732,44100,1,0
Strings/Contrabass/ordinario/Cb-ord-C2-ff-4c-N.wav,double-bass,strings,5.493,44100,1,0
Strings/Contrabass/ordinario/Cb-ord-C2-mf-3c-N.wav,double-bass,strings,5.4951,44100,1,0
Strings/Contrabass/ordinario/Cb-ord-C2-mf-4c-N.wav,double-bass,strings,6.3413,44100,1,0
Strings/Contrabass/ordinario/Cb-ord-C2-pp-3c-N.wav,double-bass,strings,7.1886,44100,1,0
Strings/Contrabass/ordinario/Cb-ord-C2-pp-4c-N.wav,double-bass,strings,7.0465,44100,1,0
Strings/Contrabass/ordinario/Cb-ord-C3-ff-1c-N.wav,double-bass,strings,4.4967,44100,1,0
Strings/Contrabass/ordinario/Cb-ord-C3-ff-2c-T13u.wav,double-bass,strings,4.0672,44100,1,0
Strings/Contrabass/ordinario/Cb-ord-C3-ff-3c-N.wav,double-bass,strings,4.6867,44100,1,0
Strings/Contrabass/ordinario/Cb-ord-C3-ff-4c-T14u.wav,double-bass,strings,3.9262,44100,1,0
Strings/Contrabass/ordinario/Cb-ord-C3-mf-1c-N.wav,double-bass,strings,5.7698,44100,1,0
Strings/Contrabass/ordinario/Cb-ord-C3-mf-2c-T12u.wav,double-bass,strings,4.5861,44100,1,0
Strings/Contrabass/ordinario/Cb-ord-C3-mf-3c-N.wav,double-bass,strings,4.8698,44100,1,0
Strings/Contrabass/ordinario/Cb-ord-C3-mf-4c-N.wav,double-bass,strings,4.2991,44100,1,0
Strings/Contrabass/ordinario/Cb-ord-C3-pp-1c-N.wav,double-bass,strings,6.3062,44100,1,0
Strings/Contrabass/ordinario/Cb-ord-C3-pp-2c-N.wav,double-bass,strings,5.2004,44100,1,0
Strings/Contrabass/ordinario/Cb-ord-C3-pp-3c-N.wav,double-bass,strings,5.4303,44100,1,0
Strings/Contrabass/ordinario/Cb-ord-C3-pp-4c-N.wav,double-bass,strings,5.7192,44100,1,0
Strings/Contrabass/ordinario/Cb-ord-C4-ff-1c-N.wav,double-bass,strings,3.3619,44100,1,0
Strings/Contrabass/ordinario/Cb-ord-C4-ff-2c-T20u.wav,double-bass,strings,3.429,44100,1,0
Strings/Contrabass/ordinario/Cb-ord-C4-mf-1c-N.wav,double-bass,strings,4.518,44100,1,0
Strings/Contrabass/ordinario/Cb-ord-C4-mf-2c-T13u.wav,double-bass,strings,4.3427,44100,1,0
Strings/Contrabass/ordinario/Cb-ord-C4-pp-1c-N.wav,double-bass,strings,4.6989,44100,1,0
Strings/Contrabass/ordinario/Cb-ord-C4-pp-2c-T13u.wav,double-bass,strings,4.8394,44100,1,0
Strings/Contrabass/ordinario/Cb-ord-C5-ff-1c-N.wav,double-bass,strings,2.7749,44100,1,0
Strings/Contrabass/ordinario/Cb-ord-C5-mf-1c-N.wav,double-bass,strings,3.3495,44100,1,0
Strings/Contrabass/ordinario/Cb-ord-C5-pp-1c-N.wav,double-bass,strings,4.2351,44100,1,0
Strings/Contrabass/ordinario/Cb-ord-D#2-ff-2c-N.wav,double-bass,strings,5.4661,44100,1,0
Strings/Contrabass/ordinario/Cb-ord-D#2-ff-3c-N.wav,double-bass,strings,4.9417,44100,1,0
Strings/Contrabass/ordinario/Cb-ord-D#2-ff-4c-T16u.wav,double-bass,strings,4.4907,44100,1,0
Strings/Contrabass/ordinario/Cb-ord-D#2-mf-2c-N.wav,double-bass,strings,6.4378,44100,1,0
Strings/Contrabass/ordinario/Cb-ord-D#2-mf-3c-N.wav,double-bass,strings,6.1379,44100,1,0
Strings/Contrabass/ordinario/Cb-ord-D#2-mf-4c-T12u.wav,double-bass,strings,5.3353,44100,1,0
Strings/Contrabass/ordinario/Cb-ord-D#2-pp-2c-N.wav,double-bass,strings,7.5278,44100,1,0
Strings/Contrabass/ordinario/Cb-ord-D#2-pp-3c-N.wav,double-bass,strings,8.1381,44100,1,0
Strings/Contrabass/ordinario/Cb-ord-D#2-pp-4c-N.wav,double-bass,strings,5.5918,44100,1,0
Strings/Contrabass/ordinario/Cb-ord-D#3-ff-1c-T11u.wav,double-bass,strings,4.4797,44100,1,0
Strings/Contrabass/ordinario/Cb-ord-D#3-ff-2c-N.wav,double-bass,strings,4.3463,44100,1,0
Strings/Contrabass/ordinario/Cb-ord-D#3-ff-3c-N.wav,double-bass,strings,3.9697,44100,1,0
Strings/Contrabass/ordinario/Cb-ord-D#3-ff-4c-T31u.wav,double-bass,strings,3.6123,44100,1,0
Strings/Contrabass/ordinario/Cb-ord-D#3-mf-1c-N.wav,double-bass,strings,5.351,44100,1,0
Strings/Contrabass/ordinario/Cb-ord-D#3-mf-2c-N.wav,double-bass,strings,5.7526,44100,1,0
Strings/Contrabass/ordinario/Cb-ord-D#3-mf-3c-T24d.wav,double-bass,strings,4.6117,44100,1,0
Strings/Contrabass/ordinario/Cb-ord-D#3-mf-4c-T11u.wav,double-bass,strings,4.2973,44100,1,0
Strings/Contrabass/ordinario/Cb-ord-D#3-pp-1c-N.wav,double-bass,strings,6.2746,44100,1,0
Strings/Contrabass/ordinario/Cb-ord-D#3-pp-2c-N.wav,double-bass,strings,6.456,44100,1,0
Strings/Contrabass/ordinario/Cb-ord-D#3-pp-3c-T18d.wav,double-bass,strings,5.7532,44100,1,0
Strings/Contrabass/ordinario/Cb-ord-D#3-pp-4c-N.wav,double-bass,strings,5.9784,44100,1,0
Strings/Contrabass/ordinario/Cb-ord-D#4-ff-1c-T20u.wav,double-bass,strings,3.22,44100,1,0
Strings/Contrabass/ordinario/Cb-ord-D#4-mf-1c-T18u.wav,double-bass,strings,4.3913,44100,1,0
Strings/Contrabass/ordinario/Cb-ord-D#4-pp-1c-T10u.wav,double-bass,strings,5.2107,44100,1,0
Strings/Contrabass/ordinario/Cb-ord-D2-ff-2c-N.wav,double-bass,strings,10.8176,44100,1,0
Strings/Contrabass/ordinario/Cb-ord-D2-ff-3c-N.wav,double-bass,strings,6.7234,44100,1,0
Strings/Contrabass/ordinario/Cb-ord-D2-ff-4c-T24u.wav,double-bass,strings,4.8473,44100,1,0
Strings/Contrabass/ordinario/Cb-ord-D2-mf-2c-N.wav,double-bass,strings,11.2416,44100,1,0
Strings/Contrabass/ordinario/Cb-ord-D2-mf-3c-N.wav,double-bass,strings,7.5186,44100,1,0
Strings/Contrabass/ordinario/Cb-ord-D2-mf-4c-T14u.wav,double-bass,strings,5.3861,44100,1,0
Strings/Contrabass/ordinario/Cb-ord-D2-pp-2c-N.wav,double-bass,strings,12.0544,44100,1,0
Strings/Contrabass/ordinario/Cb-ord-D2-pp-3c-T14d.wav,double-bass,strings,9.2234,44100,1,0
Strings/Contrabass/ordinario/Cb-ord-D2-pp-4c-N.wav,double-bass,strings,7.1131,44100,1,0
Strings/Contrabass/ordinario/Cb-ord-D3-ff-1c-N.wav,double-bass,strings,5.4599,44100,1,0
Strings/Contrabass/ordinario/Cb-ord-D3-ff-2c-N.wav,double-bass,strings,4.7605,44100,1,0
Strings/Contrabass/ordinario/Cb-ord-D3-ff-3c-N.wav,double-bass,strings,6.9183,44100,1,0
Strings/Contrabass/ordinario/Cb-ord-D3-ff-4c-T31u.wav,double-bass,strings,5.004,44100,1,0
Strings/Contrabass/ordinario/Cb-ord-D3-mf-1c-N.wav,double-bass,strings,6.4443,44100,1,0
Strings/Contrabass/ordinario/Cb-ord-D3-mf-2c-N.wav,double-bass,strings,6.2091,44100,1,0
Strings/Contrabass/ordinario/Cb-ord-D3-mf-3c-N.wav,double-bass,strings,4.4702,44100,1,0
Strings/Contrabass/ordinario/Cb-ord-D3-mf-4c-T19u.wav,double-bass,strings,4.8804,44100,1,0
Strings/Contrabass/ordinario/Cb-ord-D3-pp-1c-N.wav,double-bass,strings,7.0364,44100,1,0
Strings/Contrabass/ordinario/Cb-ord-D3-pp-2c-N.wav,double-bass,strings,5.9507,44100,1,0
Strings/Contrabass/ordinario/Cb-ord-D3-pp-3c-T27d.wav,double-bass,strings,6.1034,44100,1,0
Strings/Contrabass/ordinario/Cb-ord-D3-pp-4c-T15u.wav,double-bass,strings,7.588,44100,1,0
Strings/Contrabass/ordinario/Cb-ord-D4-ff-1c-T17d.wav,double-bass,strings,4.1215,44100,1,0
Strings/Contrabass/ordinario/Cb-ord-D4-ff-2c-N.wav,double-bass,strings,3.0159,44100,1,0
Strings/Contrabass/ordinario/Cb-ord-D4-mf-1c-T13d.wav,double-bass,strings,4.4901,44100,1,0
Strings/Contrabass/ordinario/Cb-ord-D4-mf-2c-N.wav,double-bass,strings,3.6163,44100,1,0
Strings/Contrabass/ordinario/Cb-ord-D4-pp-1c-T12d.wav,double-bass,strings,5.5389,44100,1,0
Strings/Contrabass/ordinario/Cb-ord-D4-pp-2c-N.wav,double-bass,strings,4.6534,44100,1,0
Strings/Contrabass/ordinario/Cb-ord-E1-ff-4c-N.wav,double-bass,strings,10.9869,44100,1,0
Strings/Contrabass/ordinario/Cb-ord-E1-mf-4c-N.wav,double-bass,strings,12.1354,44100,1,0
Strings/Contrabass/ordinario/Cb-ord-E1-pp-4c-N.wav,double-bass,strings,14.2169,44100,1,0
Strings/Contrabass/ordinario/Cb-ord-E2-ff-2c-N.wav,double-bass,strings,7.7116,44100,1,0
Strings/Contrabass/ordinario/Cb-ord-E2-ff-3c-N.wav,double-bass,strings,5.3691,44100,1,0
Strings/Contrabass/ordinario/Cb-ord-E2-ff-4c-N.wav,double-bass,strings,4.5503,44100,1,0
Strings/Contrabass/ordinario/Cb-ord-E2-mf-2c-N.wav,double-bass,strings,7.0272,44100,1,0
Strings/Contrabass/ordinario/Cb-ord-E2-mf-3c-N.wav,double-bass,strings,6.4244,44100,1,0
Strings/Contrabass/ordinario/Cb-ord-E2-mf-4c-N.wav,double-bass,strings,5.5447,44100,1,0
Strings/Contrabass/ordinario/Cb-ord-E2-pp-2c-N.wav,double-bass,strings,8.9801,44100,1,0
Strings/Contrabass/ordinario/Cb-ord-E2-pp-3c-N.wav,double-bass,strings,7.6817,44100,1,0
Strings/Contrabass/ordinario/Cb-ord-E2-pp-4c-N.wav,double-bass,strings,7.4426,44100,1,0
Strings/Contrabass/ordinario/Cb-ord-E3-ff-1c-T12u.wav,double-bass,strings,4.656,44100,1,0
Strings/Contrabass/ordinario/Cb-ord-E3-ff-2c-T16u.wav,double-bass,strings,5.2281,44100,1,0
Strings/Contrabass/ordinario/Cb-ord-E3-ff-3c-T17d.wav,double-bass,strings,5.4632,44100,1,0
Strings/Contrabass/ordinario/Cb-ord-E3-mf-1c-N.wav,double-bass,strings,6.1287,44100,1,0
Strings/Contrabass/ordinario/Cb-ord-E3-mf-2c-N.wav,double-bass,strings,6.0755,44100,1,0
Strings/Contrabass/ordinario/Cb-ord-E3-mf-3c-T14d.wav,double-bass,strings,5.0671,44100,1,0
Strings/Contrabass/ordinario/Cb-ord-E3-pp-1c-N.wav,double-bass,strings,7.6407,44100,1,0
Strings/Contrabass/ordinario/Cb-ord-E3-pp-2c-N.wav,double-bass,strings,5.7312,44100,1,0
Strings/Contrabass/ordinario/Cb-ord-E3-pp-3c-T24d.wav,double-bass,strings,7.0739,44100,1,0
Strings/Contrabass/ordinario/Cb-ord-E4-ff-1c-N.wav,double-bass,strings,3.3602,44100,1,0
Strings/Contrabass/ordinario/Cb-ord-E4-mf-1c-N.wav,double-bass,strings,4.1129,44100,1,0
Strings/Contrabass/ordinario/Cb-ord-E4-pp-1c-N.wav,double-bass,strings,5.299,44100,1,0
Strings/Contrabass/ordinario/Cb-ord-F#1-ff-4c-N.wav,double-bass,strings,7.7118,44100,1,0
Strings/Contrabass/ordinario/Cb-ord-F#1-mf-4c-N.wav,double-bass,strings,8.8307,44100,1,0
Strings/Contrabass/ordinario/Cb-ord-F#1-pp-4c-N.wav,double-bass,strings,10.2696,44100,1,0
Strings/Contrabass/ordinario/Cb-ord-F#2-ff-2c-N.wav,double-bass,strings,6.0832,44100,1,0
Strings/Contrabass/ordinario/Cb-ord-F#2-ff-3c-N.wav,double-bass,strings,4.3398,44100,1,0
Strings/Contrabass/ordinario/Cb-ord-F#2-ff-4c-T31u.wav,double-bass,strings,5.1884,44100,1,0
Strings/Contrabass/ordinario/Cb-ord-F#2-mf-2c-N.wav,double-bass,strings,6.6173,44100,1,0
Strings/Contrabass/ordinario/Cb-ord-F#2-mf-3c-T12u.wav,double-bass,strings,4.9671,44100,1,0
Strings/Contrabass/ordinario/Cb-ord-F#2-mf-4c-T10u.wav,double-bass,strings,5.8456,44100,1,0
Strings/Contrabass/ordinario/Cb-ord-F#2-pp-2c-N.wav,double-bass,strings,7.1252,44100,1,0
Strings/Contrabass/ordinario/Cb-ord-F#2-pp-3c-N.wav,double-bass,strings,5.934,44100,1,0
Strings/Contrabass/ordinario/Cb-ord-F#2-pp-4c-T15u.wav,double-bass,strings,6.2663,44100,1,0
Strings/Contrabass/ordinario/Cb-ord-F#3-ff-1c-N.wav,double-bass,strings,3.0753,44100,1,0
Strings/Contrabass/ordinario/Cb-ord-F#3-ff-2c-T19u.wav,double-bass,strings,3.6911,44100,1,0
Strings/Contrabass/ordinario/Cb-ord-F#3-ff-3c-T10u.wav,double-bass,strings,3.7062,44100,1,0
Strings/Contrabass/ordinario/Cb-ord-F#3-mf-1c-N.wav,double-bass,strings,4.3673,44100,1,0
Strings/Contrabass/ordinario/Cb-ord-F#3-mf-2c-T14u.wav,double-bass,strings,4.0842,44100,1,0
Strings/Contrabass/ordinario/Cb-ord-F#3-mf-3c-T15u.wav,double-bass,strings,4.1961,44100,1,0
Strings/Contrabass/ordinario/Cb-ord-F#3-pp-1c-N.wav,double-bass,strings,5.4685,44100,1,0
Strings/Contrabass/ordinario/Cb-ord-F#3-pp-2c-N.wav,double-bass,strings,5.2903,44100,1,0
Strings/Contrabass/ordinario/Cb-ord-F#3-pp-3c-N.wav,double-bass,strings,5.0865,44100,1,0
Strings/Contrabass/ordinario/Cb-ord-F#4-ff-1c-N.wav,double-bass,strings,3.5596,44100,1,0
Strings/Contrabass/ordinario/Cb-ord-F#4-mf-1c-N.wav,double-bass,strings,4.25,44100,1,0
Strings/Contrabass/ordinario/Cb-ord-F#4-pp-1c-N.wav,double-bass,strings,4.2386,44100,1,0
Strings/Contrabass/ordinario/Cb-ord-F1-ff-4c-N.wav,double-bass,strings,9.0131,44100,1,0
Strings/Contrabass/ordinario/Cb-ord-F1-mf-4c-N.wav,double-bass,strings,9.9682,44100,1,0
Strings/Contrabass/ordinario/Cb-ord-F1-pp-4c-N.wav,double-bass,strings,10.8064,44100,1,0
Strings/Contrabass/ordinario/Cb-ord-F2-ff-2c-N.wav,double-bass,strings,5.5353,44100,1,0
Strings/Contrabass/ordinario/Cb-ord-F2-ff-3c-N.wav,double-bass,strings,5.3614,44100,1,0
Strings/Contrabass/ordinario/Cb-ord-F2-ff-4c-T12u.wav,double-bass,strings,5.0924,44100,1,0
Strings/Contrabass/ordinario/Cb-ord-F2-mf-2c-N.wav,double-bass,strings,5.8747,44100,1,0
Strings/Contrabass/ordinario/Cb-ord-F2-mf-3c-N.wav,double-bass,strings,6.1646,44100,1,0
Strings/Contrabass/ordinario/Cb-ord-F2-mf-4c-N.wav,double-bass,strings,5.3007,44100,1,0
Strings/Contrabass/ordinario/Cb-ord-F2-pp-2c-N.wav,double-bass,strings,7.551,44100,1,0
Strings/Contrabass/ordinario/Cb-ord-F2-pp-3c-N.wav,double-bass,strings,6.9907,44100,1,0
Strings/Contrabass/ordinario/Cb-ord-F2-pp-4c-N.wav,double-bass,strings,6.6043,44100,1,0
Strings/Contrabass/ordinario/Cb-ord-F3-ff-1c-N.wav,double-bass,strings,4.0266,44100,1,0
Strings/Contrabass/ordinario/Cb-ord-F3-ff-2c-T12u.wav,double-bass,strings,3.3805,44100,1,0
Strings/Contrabass/ordinario/Cb-ord-F3-ff-3c-N.wav,double-bass,strings,3.7385,44100,1,0
Strings/Contrabass/ordinario/Cb-ord-F3-mf-1c-N.wav,double-bass,strings,4.6452,44100,1,0
Strings/Contrabass/ordinario/Cb-ord-F3-mf-2c-N.wav,double-bass,strings,5.1371,44100,1,0
Strings/Contrabass/ordinario/Cb-ord-F3-mf-3c-N.wav,double-bass,strings,4.1043,44100,1,0
Strings/Contrabass/ordinario/Cb-ord-F3-pp-1c-N.wav,double-bass,strings,5.6176,44100,1,0
Strings/Contrabass/ordinario/Cb-ord-F3-pp-2c-N.wav,double-bass,strings,5.6229,44100,1,0
Strings/Contrabass/ordinario/Cb-ord-F3-pp-3c-T35d.wav,double-bass,strings,4.5922,44100,1,0
Strings/Contrabass/ordinario/Cb-ord-F4-ff-1c-N.wav,double-bass,strings,3.0504,44100,1,0
Strings/Contrabass/ordinario/Cb-ord-F4-mf-1c-T16u.wav,double-bass,strings,3.6698,44100,1,0
Strings/Contrabass/ordinario/Cb-ord-F4-pp-1c-N.wav,double-bass,strings,4.1495,44100,1,0
Strings/Contrabass/ordinario/Cb-ord-G#1-ff-4c-N.wav,double-bass,strings,6.0433,44100,1,0
Strings/Contrabass/ordinario/Cb-ord-G#1-mf-4c-N.wav,double-bass,strings,7.1739,44100,1,0
Strings/Contrabass/ordinario/Cb-ord-G#1-pp-4c-N.wav,double-bass,strings,8.2029,44100,1,0
Strings/Contrabass/ordinario/Cb-ord-G#2-ff-1c-N.wav,double-bass,strings,6.2031,44100,1,0
Strings/Contrabass/ordinario/Cb-ord-G#2-ff-2c-N.wav,double-bass,strings,5.0376,44100,1,0
Strings/Contrabass/ordinario/Cb-ord-G#2-ff-3c-T30u.wav,double-bass,strings,4.3271,44100,1,0
Strings/Contrabass/ordinario/Cb-ord-G#2-ff-4c-T28u.wav,double-bass,strings,4.0585,44100,1,0
Strings/Contrabass/ordinario/Cb-ord-G#2-mf-1c-N.wav,double-bass,strings,7.0106,44100,1,0
Strings/Contrabass/ordinario/Cb-ord-G#2-mf-2c-N.wav,double-bass,strings,6.2641,44100,1,0
Strings/Contrabass/ordinario/Cb-ord-G#2-mf-3c-T10u.wav,double-bass,strings,4.5095,44100,1,0
Strings/Contrabass/ordinario/Cb-ord-G#2-mf-4c-T12u.wav,double-bass,strings,4.865,44100,1,0
Strings/Contrabass/ordinario/Cb-ord-G#2-pp-1c-N.wav,double-bass,strings,6.1756,44100,1,0
Strings/Contrabass/ordinario/Cb-ord-G#2-pp-2c-N.wav,double-bass,strings,6.9147,44100,1,0
Strings/Contrabass/ordinario/Cb-ord-G#2-pp-3c-N.wav,double-bass,strings,6.2573,44100,1,0
Strings/Contrabass/ordinario/Cb-ord-G#2-pp-4c-T21u.wav,double-bass,strings,6.553,44100,1,0
Strings/Contrabass/ordinario/Cb-ord-G#3-ff-1c-T11u.wav,double-bass,strings,3.7894,44100,1,0
Strings/Contrabass/ordinario/Cb-ord-G#3-ff-2c-T13u.wav,double-bass,strings,3.0546,44100,1,0
Strings/Contrabass/ordinario/Cb-ord-G#3-ff-3c-N.wav,double-bass,strings,3.0939,44100,1,0
Strings/Contrabass/ordinario/Cb-ord-G#3-mf-1c-T13u.wav,double-bass,strings,5.4116,44100,1,0
Strings/Contrabass/ordinario/Cb-ord-G#3-mf-2c-T12u.wav,double-bass,strings,4.6191,44100,1,0
Strings/Contrabass/ordinario/Cb-ord-G#3-mf-3c-N.wav,double-bass,strings,4.2319,44100,1,0
Strings/Contrabass/ordinario/Cb-ord-G#3-pp-1c-N.wav,double-bass,strings,6.3189,44100,1,0
Strings/Contrabass/ordinario/Cb-ord-G#3-pp-2c-N.wav,double-bass,strings,5.7332,44100,1,0
Strings/Contrabass/ordinario/Cb-ord-G#3-pp-3c-N.wav,double-bass,strings,5.5066,44100,1,0
Strings/Contrabass/ordinario/Cb-ord-G#4-ff-1c-N.wav,double-bass,strings,2.6274,44100,1,0
Strings/Contrabass/ordinario/Cb-ord-G#4-mf-1c-N.wav,double-bass,strings,4.0028,44100,1,0
Strings/Contrabass/ordinario/Cb-ord-G#4-pp-1c-T22u.wav,double-bass,strings,4.3737,44100,1,0
Strings/Contrabass/ordinario/Cb-ord-G1-ff-4c-T12u.wav,double-bass,strings,5.5155,44100,1,0
Strings/Contrabass/ordinario/Cb-ord-G1-mf-4c-R100u.wav,double-bass,strings,8.335,44100,1,0
Strings/Contrabass/ordinario/Cb-ord-G1-pp-4c-T10u.wav,double-bass,strings,9.2121,44100,1,0
Strings/Contrabass/ordinario/Cb-ord-G2-ff-1c-N.wav,double-bass,strings,8.842,44100,1,0
Strings/Contrabass/ordinario/Cb-ord-G2-ff-2c-N.wav,double-bass,strings,7.2478,44100,1,0
Strings/Contrabass/ordinario/Cb-ord-G2-ff-3c-N.wav,double-bass,strings,6.7157,44100,1,0
Strings/Contrabass/ordinario/Cb-ord-G2-ff-4c-N.wav,double-bass,strings,6.2167,44100,1,0
Strings/Contrabass/ordinario/Cb-ord-G2-mf-1c-N.wav,double-bass,strings,7.9932,44100,1,0
Strings/Contrabass/ordinario/Cb-ord-G2-mf-2c-T11d.wav,double-bass,strings,6.894,44100,1,0
Strings/Contrabass/ordinario/Cb-ord-G2-mf-3c-N.wav,double-bass,strings,5.3099,44100,1,0
Strings/Contrabass/ordinario/Cb-ord-G2-mf-4c-T10u_R100u.wav,double-bass,strings,5.5175,44100,1,0
Strings/Contrabass/ordinario/Cb-ord-G2-pp-1c-N.wav,double-bass,strings,9.231,44100,1,0
Strings/Contrabass/ordinario/Cb-ord-G2-pp-2c-N.wav,double-bass,strings,6.926,44100,1,0
Strings/Contrabass/ordinario/Cb-ord-G2-pp-3c-N.wav,double-bass,strings,5.8363,44100,1,0
Strings/Contrabass/ordinario/Cb-ord-G2-pp-4c-T13u.wav,double-bass,strings,6.166,44100,1,0
Strings/Contrabass/ordinario/Cb-ord-G3-ff-1c-N.wav,double-bass,strings,3.1647,44100,1,0
Strings/Contrabass/ordinario/Cb-ord-G3-ff-2c-T22u.wav,double-bass,strings,3.7957,44100,1,0
Strings/Contrabass/ordinario/Cb-ord-G3-ff-3c-T16u.wav,double-bass,strings,4.4852,44100,1,0
Strings/Contrabass/ordinario/Cb-ord-G3-mf-1c-N.wav,double-bass,strings,4.3856,44100,1,0
Strings/Contrabass/ordinario/Cb-ord-G3-mf-2c-N.wav,double-bass,strings,6.1849,44100,1,0
Strings/Contrabass/ordinario/Cb-ord-G3-mf-3c-N.wav,double-bass,strings,4.8455,44100,1,0
Strings/Contrabass/ordinario/Cb-ord-G3-pp-1c-T11d.wav,double-bass,strings,5.8074,44100,1,0
Strings/Contrabass/ordinario/Cb-ord-G3-pp-2c-T13d.wav,double-bass,strings,5.6462,44100,1,0
Strings/Contrabass/ordinario/Cb-ord-G3-pp-3c-N.wav,double-bass,strings,4.3598,44100,1,0
Strings/Contrabass/ordinario/Cb-ord-G4-ff-1c-N.wav,double-bass,strings,2.9823,44100,1,0
Strings/Contrabass/ordinario/Cb-ord-G4-mf-1c-N.wav,double-bass,strings,4.3895,44100,1,0
Strings/Contrabass/ordinario/Cb-ord-G4-pp-1c-T12d.wav,double-bass,strings,5.0275,44100,1,0
Strings/Viola/ordinario/Va-ord-A#3-ff-3c-N.wav,viola,strings,8.5468,44100,1,0
Strings/Viola/ordinario/Va-ord-A#3-ff-4c-N.wav,viola,strings,7.3406,44100,1,0
Strings/Viola/ordinario/Va-ord-A#3-mf-3c-N.wav,viola,strings,7.6161,44100,1,0
Strings/Viola/ordinario/Va-ord-A#3-mf-4c-N.wav,viola,strings,7.3789,44100,1,0
Strings/Viola/ordinario/Va-ord-A#3-pp-3c-N.wav,viola,strings,7.2913,44100,1,0
Strings/Viola/ordinario/Va-ord-A#3-pp-4c-N.wav,viola,strings,7.9186,44100,1,0
Strings/Viola/ordinario/Va-ord-A#4-ff-1c-T12u.wav,viola,strings,7.7789,44100,1,0
Strings/Viola/ordinario/Va-ord-A#4-ff-2c-N.wav,viola,strings,7.2641,44100,1,0
Strings/Viola/ordinario/Va-ord-A#4-ff-3c-N.wav,viola,strings,7.6277,44100,1,0
Strings/Viola/ordinario/Va-ord-A#4-ff-4c-N.wav,viola,strings,7.7166,44100,1,0
Strings/Viola/ordinario/Va-ord-A#4-mf-1c-N.wav,viola,strings,8.1183,44100,1,0
Strings/Viola/ordinario/Va-ord-A#4-mf-2c-N.wav,viola,strings,7.515,44100,1,0
Strings/Viola/ordinario/Va-ord-A#4-mf-3c-T11d.wav,viola,strings,7.4786,44100,1,0
Strings/Viola/ordinario/Va-ord-A#4-mf-4c-N.wav,viola,strings,7.9326,44100,1,0
Strings/Viola/ordinario/Va-ord-A#4-pp-1c-N.wav,viola,strings,7.2726,44100,1,0
Strings/Viola/ordinario/Va-ord-A#4-pp-2c-N.wav,viola,strings,7.1637,44100,1,0
Strings/Viola/ordinario/Va-ord-A#4-pp-3c-N.wav,viola,strings,7.1038,44100,1,0
Strings/Viola/ordinario/Va-ord-A#4-pp-4c-N.wav,viola,strings,7.4342,44100,1,0
Strings/Viola/ordinario/Va-ord-A#5-ff-1c-T15u.wav,viola,strings,7.8989,44100,1,0
Strings/Viola/ordinario/Va-ord-A#5-ff-2c-N.wav,viola,strings,7.7345,44100,1,0
Strings/Viola/ordinario/Va-ord-A#5-mf-1c-T16u.wav,viola,strings,7.617,44100,1,0
Strings/Viola/ordinario/Va-ord-A#5-mf-2c-N.wav,viola,strings,7.0559,44100,1,0
Strings/Viola/ordinario/Va-ord-A#5-pp-1c-N.wav,viola,strings,7.3351,44100,1,0
Strings/Viola/ordinario/Va-ord-A#5-pp-2c-N.wav,viola,strings,7.303,44100,1,0
Strings/Viola/ordinario/Va-ord-A#6-ff-1c-N.wav,viola,strings,7.407,44100,1,0
Strings/Viola/ordinario/Va-ord-A#6-mf-1c-N.wav,viola,strings,7.2041,44100,1,0
Strings/Viola/ordinario/Va-ord-A#6-pp-1c-N.wav,viola,strings,6.7723,44100,1,0
Strings/Viola/ordinario/Va-ord-A3-ff-3c-N.wav,viola,strings,8.3915,44100,1,0
Strings/Viola/ordinario/Va-ord-A3-ff-4c-T16u.wav,viola,strings,7.7081,44100,1,0
Strings/Viola/ordinario/Va-ord-A3-mf-3c-R100d.wav,viola,strings,8.069,44100,1,0
Strings/Viola/ordinario/Va-ord-A3-mf-4c-T10u.wav,viola,strings,7.2107,44100,1,0
Strings/Viola/ordinario/Va-ord-A3-pp-3c-N.wav,viola,strings,7.147,44100,1,0
Strings/Viola/ordinario/Va-ord-A3-pp-4c-T14u.wav,viola,strings,7.37,44100,1,0
Strings/Viola/ordinario/Va-ord-A4-ff-1c-N.wav,viola,strings,8.0524,44100,1,0
Strings/Viola/ordinario/Va-ord-A4-ff-2c-N.wav,viola,strings,7.7154,44100,1,0
Strings/Viola/ordinario/Va-ord-A4-ff-3c-R100d.wav,viola,strings,8.0812,44100,1,0
Strings/Viola/ordinario/Va-ord-A4-ff-4c-N.wav,viola,strings,7.8935,44100,1,0
Strings/Viola/ordinario/Va-ord-A4-mf-1c-N.wav,viola,strings,7.9745,44100,1,0
Strings/Viola/ordinario/Va-ord-A4-mf-2c-N.wav,viola,strings,7.551,44100,1,0
Strings/Viola/ordinario/Va-ord-A4-mf-3c-N.wav,viola,strings,7.52,44100,1,0
Strings/Viola/ordinario/Va-ord-A4-mf-4c-N.wav,viola,strings,7.6505,44100,1,0
Strings/Viola/ordinario/Va-ord-A4-pp-1c-N.wav,viola,strings,7.8637,44100,1,0
Strings/Viola/ordinario/Va-ord-A4-pp-2c-N.wav,viola,strings,7.6524,44100,1,0
Strings/Viola/ordinario/Va-ord-A4-pp-3c-N.wav,viola,strings,7.2747,44100,1,0
Strings/Viola/ordinario/Va-ord-A4-pp-4c-N.wav,viola,strings,7.3929,44100,1,0
Strings/Viola/ordinario/Va-ord-A5-ff-1c-N.wav,viola,strings,7.2495,44100,1,0
Strings/Viola/ordinario/Va-ord-A5-ff-2c-N.wav,viola,strings,7.0149,44100,1,0
Strings/Viola/ordinario/Va-ord-A5-mf-1c-N.wav,viola,strings,7.5751,44100,1,0
Strings/Viola/ordinario/Va-ord-A5-mf-2c-N.wav,viola,strings,7.2162,44100,1,0
Strings/Viola/ordinario/Va-ord-A5-pp-1c-N.wav,viola,strings,7.2773,44100,1,0
Strings/Viola/ordinario/Va-ord-A5-pp-2c-T11u.wav,viola,strings,7.1528,44100,1,0
Strings/Viola/ordinario/Va-ord-A6-ff-1c-T11u.wav,viola,strings,8.2643,44100,1,0
Strings/Viola/ordinario/Va-ord-A6-mf-1c-N.wav,viola,strings,7.5096,44100,1,0
Strings/Viola/ordinario/Va-ord-A6-pp-1c-N.wav,viola,strings,7.2809,44100,1,0
Strings/Viola/ordinario/Va-ord-B3-ff-3c-T18u.wav,viola,strings,8.1338,44100,1,0
Strings/Viola/ordinario/Va-ord-B3-ff-4c-N.wav,viola,strings,7.2547,44100,1,0
Strings/Viola/ordinario/Va-ord-B3-mf-3c-T16u.wav,viola,strings,7.479,44100,1,0
Strings/Viola/ordinario/Va-ord-B3-mf-4c-N.wav,viola,strings,7.0902,44100,1,0
Strings/Viola/ordinario/Va-ord-B3-pp-3c-T12u.wav,viola,strings,7.2433,44100,1,0
Strings/Viola/ordinario/Va-ord-B3-pp-4c-N.wav,viola,strings,7.0523,44100,1,0
Strings/Viola/ordinario/Va-ord-B4-ff-1c-T10u.wav,viola,strings,7.4585,44100,1,0
Strings/Viola/ordinario/Va-ord-B4-ff-2c-T11u.wav,viola,strings,7.5512,44100,1,0
Strings/Viola/ordinario/Va-ord-B4-ff-3c-N.wav,viola,strings,8.1388,44100,1,0
Strings/Viola/ordinario/Va-ord-B4-ff-4c-N.wav,viola,strings,7.2227,44100,1,0
Strings/Viola/ordinario/Va-ord-B4-mf-1c-N.wav,viola,strings,7.9191,44100,1,0
Strings/Viola/ordinario/Va-ord-B4-mf-2c-N.wav,viola,strings,7.2434,44100,1,0
Strings/Viola/ordinario/Va-ord-B4-mf-3c-N.wav,viola,strings,7.8835,44100,1,0
Strings/Viola/ordinario/Va-ord-B4-mf-4c-N.wav,viola,strings,7.5264,44100,1,0
Strings/Viola/ordinario/Va-ord-B4-pp-1c-N.wav,viola,strings,7.2748,44100,1,0
Strings/Viola/ordinario/Va-ord-B4-pp-2c-N.wav,viola,strings,7.2734,44100,1,0
Strings/Viola/ordinario/Va-ord-B4-pp-3c-T11d.wav,viola,strings,7.7911,44100,1,0
Strings/Viola/ordinario/Va-ord-B4-pp-4c-N.wav,viola,strings,8.0573,44100,1,0
Strings/Viola/ordinario/Va-ord-B5-ff-1c-T18u.wav,viola,strings,7.5036,44100,1,0
Strings/Viola/ordinario/Va-ord-B5-ff-2c-N.wav,viola,strings,7.1856,44100,1,0
Strings/Viola/ordinario/Va-ord-B5-mf-1c-T15u.wav,viola,strings,7.7948,44100,1,0
Strings/Viola/ordinario/Va-ord-B5-mf-2c-N.wav,viola,strings,7.4666,44100,1,0
Strings/Viola/ordinario/Va-ord-B5-pp-1c-T14u.wav,viola,strings,7.1536,44100,1,0
Strings/Viola/ordinario/Va-ord-B5-pp-2c-T20u.wav,viola,strings,6.7787,44100,1,0
Strings/Viola/ordinario/Va-ord-B6-ff-1c-T13u.wav,viola,strings,7.8653,44100,1,0
Strings/Viola/ordinario/Va-ord-B6-mf-1c-T17u.wav,viola,strings,7.6756,44100,1,0
Strings/Viola/ordinario/Va-ord-B6-pp-1c-N.wav,viola,strings,7.232,44100,1,0
Strings/Viola/ordinario/Va-ord-C#3-ff-4c-T26u.wav,viola,strings,7.4534,44100,1,0
Strings/Viola/ordinario/Va-ord-C#3-mf-4c-T24u.wav,viola,strings,6.6672,44100,1,0
Strings/Viola/ordinario/Va-ord-C#3-pp-4c-T22u.wav,viola,strings,7.1235,44100,1,0
Strings/Viola/ordinario/Va-ord-C#4-ff-3c-N.wav,viola,strings,8.6408,44100,1,0
Strings/Viola/ordinario/Va-ord-C#4-ff-4c-T10u.wav,viola,strings,6.9869,44100,1,0
Strings/Viola/ordinario/Va-ord-C#4-mf-3c-N.wav,viola,strings,7.2632,44100,1,0
Strings/Viola/ordinario/Va-ord-C#4-mf-4c-N.wav,viola,strings,7.4981,44100,1,0
Strings/Viola/ordinario/Va-ord-C#4-pp-3c-N.wav,viola,strings,8.0186,44100,1,0
Strings/Viola/ordinario/Va-ord-C#4-pp-4c-N.wav,viola,strings,7.2631,44100,1,0
Strings/Viola/ordinario/Va-ord-C#5-ff-1c-R100u.wav,viola,strings,7.2136,44100,1,0
Strings/Viola/ordinario/Va-ord-C#5-ff-2c-N.wav,viola,strings,7.0573,44100,1,0
Strings/Viola/ordinario/Va-ord-C#5-ff-3c-N.wav,viola,strings,7.8034,44100,1,0
Strings/Viola/ordinario/Va-ord-C#5-mf-1c-N.wav,viola,strings,7.8944,44100,1,0
Strings/Viola/ordinario/Va-ord-C#5-mf-2c-N.wav,viola,strings,7.3441,44100,1,0
Strings/Viola/ordinario/Va-ord-C#5-mf-3c-N.wav,viola,strings,7.927,44100,1,0
Strings/Viola/ordinario/Va-ord-C#5-pp-1c-N.wav,viola,strings,7.6159,44100,1,0
Strings/Viola/ordinario/Va-ord-C#5-pp-2c-N.wav,viola,strings,6.7755,44100,1,0
Strings/Viola/ordinario/Va-ord-C#5-pp-3c-N.wav,viola,strings,7.8234,44100,1,0
Strings/Viola/ordinario/Va-ord-C#6-ff-1c-T10u.wav,viola,strings,7.2533,44100,1,0
Strings/Viola/ordinario/Va-ord-C#6-ff-2c-N.wav,viola,strings,6.8263,44100,1,0
Strings/Viola/ordinario/Va-ord-C#6-mf-1c-N.wav,viola,strings,7.678,44100,1,0
Strings/Viola/ordinario/Va-ord-C#6-mf-2c-N.wav,viola,strings,6.6086,44100,1,0
Strings/Viola/ordinario/Va-ord-C#6-pp-1c-N.wav,viola,strings,7.9506,44100,1,0
Strings/Viola/ordinario/Va-ord-C#6-pp-2c-T11u.wav,viola,strings,6.7533,44100,1,0
Strings/Viola/ordinario/Va-ord-C3-ff-4c-N.wav,viola,strings,8.4337,44100,1,0
Strings/Viola/ordinario/Va-ord-C3-mf-4c-N.wav,viola,strings,8.0874,44100,1,0
Strings/Viola/ordinario/Va-ord-C3-pp-4c-N.wav,viola,strings,8.0446,44100,1,0
Strings/Viola/ordinario/Va-ord-C4-ff-3c-N.wav,viola,strings,8.7061,44100,1,0
Strings/Viola/ordinario/Va-ord-C4-ff-4c-N.wav,viola,strings,6.6689,44100,1,0
Strings/Viola/ordinario/Va-ord-C4-mf-3c-N.wav,viola,strings,7.5551,44100,1,0
Strings/Viola/ordinario/Va-ord-C4-mf-4c-N.wav,viola,strings,7.035,44100,1,0
Strings/Viola/ordinario/Va-ord-C4-pp-3c-N.wav,viola,strings,7.4223,44100,1,0
Strings/Viola/ordinario/Va-ord-C4-pp-4c-N.wav,viola,strings,7.1264,44100,1,0
Strings/Viola/ordinario/Va-ord-C5-ff-1c-N.wav,viola,strings,7.6425,44100,1,0
Strings/Viola/ordinario/Va-ord-C5-ff-2c-N.wav,viola,strings,7.6919,44100,1,0
Strings/Viola/ordinario/Va-ord-C5-ff-3c-N.wav,viola,strings,7.915,44100,1,0
Strings/Viola/ordinario/Va-ord-C5-ff-4c-T17u.wav,viola,strings,7.4638,44100,1,0
Strings/Viola/ordinario/Va-ord-C5-mf-1c-N.wav,viola,strings,7.0527,44100,1,0
Strings/Viola/ordinario/Va-ord-C5-mf-2c-N.wav,viola,strings,7.7534,44100,1,0
Strings/Viola/ordinario/Va-ord-C5-mf-3c-N.wav,viola,strings,8.0184,44100,1,0
Strings/Viola/ordinario/Va-ord-C5-mf-4c-T21u.wav,viola,strings,7.2641,44100,1,0
Strings/Viola/ordinario/Va-ord-C5-pp-1c-N.wav,viola,strings,7.4639,44100,1,0
Strings/Viola/ordinario/Va-ord-C5-pp-2c-N.wav,viola,strings,7.1323,44100,1,0
Strings/Viola/ordinario/Va-ord-C5-pp-3c-N.wav,viola,strings,7.5601,44100,1,0
Strings/Viola/ordinario/Va-ord-C5-pp-4c-T20u.wav,viola,strings,7.0116,44100,1,0
Strings/Viola/ordinario/Va-ord-C6-ff-1c-T17u.wav,viola,strings,7.314,44100,1,0
Strings/Viola/ordinario/Va-ord-C6-ff-2c-N.wav,viola,strings,7.5764,44100,1,0
Strings/Viola/ordinario/Va-ord-C6-mf-1c-T12u.wav,viola,strings,7.6587,44100,1,0
Strings/Viola/ordinario/Va-ord-C6-mf-2c-N.wav,viola,strings,7.1776,44100,1,0
Strings/Viola/ordinario/Va-ord-C6-pp-1c-N.wav,viola,strings,7.0351,44100,1,0
Strings/Viola/ordinario/Va-ord-C6-pp-2c-N.wav,viola,strings,7.3526,44100,1,0
Strings/Viola/ordinario/Va-ord-C7-ff-1c-T16u.wav,viola,strings,7.126,44100,1,0
Strings/Viola/ordinario/Va-ord-C7-mf-1c-T10u.wav,viola,strings,7.0307,44100,1,0
Strings/Viola/ordinario/Va-ord-C7-pp-1c-N.wav,viola,strings,7.081,44100,1,0
Strings/Viola/ordinario/Va-ord-D#3-ff-4c-T20u.wav,viola,strings,8.2795,44100,1,0
Strings/Viola/ordinario/Va-ord-D#3-mf-4c-T22u.wav,viola,strings,7.1763,44100,1,0
Strings/Viola/ordinario/Va-ord-D#3-pp-4c-T17u.wav,viola,strings,7.0816,44100,1,0
Strings/Viola/ordinario/Va-ord-D#4-ff-2c-N.wav,viola,strings,7.7124,44100,1,0
Strings/Viola/ordinario/Va-ord-D#4-ff-3c-N.wav,viola,strings,8.1991,44100,1,0
Strings/Viola/ordinario/Va-ord-D#4-ff-4c-N.wav,viola,strings,8.1607,44100,1,0
Strings/Viola/ordinario/Va-ord-D#4-mf-2c-N.wav,viola,strings,7.3431,44100,1,0
Strings/Viola/ordinario/Va-ord-D#4-mf-3c-N.wav,viola,strings,7.5068,44100,1,0
Strings/Viola/ordinario/Va-ord-D#4-mf-4c-N.wav,viola,strings,7.7383,44100,1,0
Strings/Viola/ordinario/Va-ord-D#4-pp-2c-N.wav,viola,strings,7.3351,44100,1,0
Strings/Viola/ordinario/Va-ord-D#4-pp-3c-N.wav,viola,strings,7.3588,44100,1,0
Strings/Viola/ordinario/Va-ord-D#4-pp-4c-N.wav,viola,strings,6.9122,44100,1,0
Strings/Viola/ordinario/Va-ord-D#5-ff-1c-T12u.wav,viola,strings,7.3196,44100,1,0
Strings/Viola/ordinario/Va-ord-D#5-ff-2c-N.wav,viola,strings,7.268,44100,1,0
Strings/Viola/ordinario/Va-ord-D#5-ff-3c-N.wav,viola,strings,7.9869,44100,1,0
Strings/Viola/ordinario/Va-ord-D#5-mf-1c-T11u.wav,viola,strings,6.784,44100,1,0
Strings/Viola/ordinario/Va-ord-D#5-mf-2c-N.wav,viola,strings,6.9788,44100,1,0
Strings/Viola/ordinario/Va-ord-D#5-mf-3c-T11u.wav,viola,strings,7.1116,44100,1,0
Strings/Viola/ordinario/Va-ord-D#5-pp-1c-N.wav,viola,strings,6.8832,44100,1,0
Strings/Viola/ordinario/Va-ord-D#5-pp-2c-N.wav,viola,strings,6.6856,44100,1,0
Strings/Viola/ordinario/Va-ord-D#5-pp-3c-N.wav,viola,strings,7.2339,44100,1,0
Strings/Viola/ordinario/Va-ord-D#6-ff-1c-T14u.wav,viola,strings,7.2589,44100,1,0
Strings/Viola/ordinario/Va-ord-D#6-mf-1c-T13u.wav,viola,strings,7.2244,44100,1,0
Strings/Viola/ordinario/Va-ord-D#6-pp-1c-T12u.wav,viola,strings,6.8123,44100,1,0
Strings/Viola/ordinario/Va-ord-D3-ff-4c-N.wav,viola,strings,8.0684,44100,1,0
Strings/Viola/ordinario/Va-ord-D3-mf-4c-N.wav,viola,strings,7.599,44100,1,0
Strings/Viola/ordinario/Va-ord-D3-pp-4c-N.wav,viola,strings,7.5231,44100,1,0
Strings/Viola/ordinario/Va-ord-D4-ff-2c-N.wav,viola,strings,9.0319,44100,1,0
Strings/Viola/ordinario/Va-ord-D4-ff-3c-N.wav,viola,strings,7.9549,44100,1,0
Strings/Viola/ordinario/Va-ord-D4-ff-4c-N.wav,viola,strings,8.0483,44100,1,0
Strings/Viola/ordinario/Va-ord-D4-mf-2c-N.wav,viola,strings,9.5049,44100,1,0
Strings/Viola/ordinario/Va-ord-D4-mf-3c-N.wav,viola,strings,7.3067,44100,1,0
Strings/Viola/ordinario/Va-ord-D4-mf-4c-N.wav,viola,strings,8.0279,44100,1,0
Strings/Viola/ordinario/Va-ord-D4-pp-2c-N.wav,viola,strings,10.598,44100,1,0
Strings/Viola/ordinario/Va-ord-D4-pp-3c-N.wav,viola,strings,7.5264,44100,1,0
Strings/Viola/ordinario/Va-ord-D4-pp-4c-N.wav,viola,strings,7.2053,44100,1,0
Strings/Viola/ordinario/Va-ord-D5-ff-1c-N.wav,viola,strings,7.5667,44100,1,0
Strings/Viola/ordinario/Va-ord-D5-ff-2c-N.wav,viola,strings,7.8567,44100,1,0
Strings/Viola/ordinario/Va-ord-D5-ff-3c-N.wav,viola,strings,8.1227,44100,1,0
Strings/Viola/ordinario/Va-ord-D5-mf-1c-N.wav,viola,strings,7.9449,44100,1,0
Strings/Viola/ordinario/Va-ord-D5-mf-2c-N.wav,viola,strings,8.0047,44100,1,0
Strings/Viola/ordinario/Va-ord-D5-mf-3c-T10d.wav,viola,strings,8.1641,44100,1,0
Strings/Viola/ordinario/Va-ord-D5-pp-1c-N.wav,viola,strings,7.071,44100,1,0
Strings/Viola/ordinario/Va-ord-D5-pp-2c-N.wav,viola,strings,7.3803,44100,1,0
Strings/Viola/ordinario/Va-ord-D5-pp-3c-N.wav,viola,strings,6.9992,44100,1,0
Strings/Viola/ordinario/Va-ord-D6-ff-1c-T18u.wav,viola,strings,7.4768,44100,1,0
Strings/Viola/ordinario/Va-ord-D6-ff-2c-N.wav,viola,strings,6.7683,44100,1,0
Strings/Viola/ordinario/Va-ord-D6-mf-1c-T15u.wav,viola,strings,7.5815,44100,1,0
Strings/Viola/ordinario/Va-ord-D6-mf-2c-N.wav,viola,strings,7.0429,44100,1,0
Strings/Viola/ordinario/Va-ord-D6-pp-1c-T11u.wav,viola,strings,7.3699,44100,1,0
Strings/Viola/ordinario/Va-ord-D6-pp-2c-N.wav,viola,strings,7.6882,44100,1,0
Strings/Viola/ordinario/Va-ord-E3-ff-4c-T23u.wav,viola,strings,7.6383,44100,1,0
Strings/Viola/ordinario/Va-ord-E3-mf-4c-T19u.wav,viola,strings,7.3328,44100,1,0
Strings/Viola/ordinario/Va-ord-E3-pp-4c-T17u.wav,viola,strings,7.2587,44100,1,0
Strings/Viola/ordinario/Va-ord-E4-ff-2c-N.wav,viola,strings,7.6437,44100,1,0
Strings/Viola/ordinario/Va-ord-E4-ff-3c-N.wav,viola,strings,7.7678,44100,1,0
Strings/Viola/ordinario/Va-ord-E4-ff-4c-N.wav,viola,strings,7.3531,44100,1,0
Strings/Viola/ordinario/Va-ord-E4-mf-2c-N.wav,viola,strings,7.2161,44100,1,0
Strings/Viola/ordinario/Va-ord-E4-mf-3c-N.wav,viola,strings,7.5706,44100,1,0
Strings/Viola/ordinario/Va-ord-E4-mf-4c-N.wav,viola,strings,7.0141,44100,1,0
Strings/Viola/ordinario/Va-ord-E4-pp-2c-N.wav,viola,strings,7.3151,44100,1,0
Strings/Viola/ordinario/Va-ord-E4-pp-3c-N.wav,viola,strings,7.6604,44100,1,0
Strings/Viola/ordinario/Va-ord-E4-pp-4c-N.wav,viola,strings,7.0574,44100,1,0
Strings/Viola/ordinario/Va-ord-E5-ff-1c-T13u.wav,viola,strings,7.5772,44100,1,0
Strings/Viola/ordinario/Va-ord-E5-ff-2c-T16u.wav,viola,strings,7.4754,44100,1,0
Strings/Viola/ordinario/Va-ord-E5-ff-3c-N.wav,viola,strings,7.611,44100,1,0
Strings/Viola/ordinario/Va-ord-E5-mf-1c-T16u.wav,viola,strings,7.5299,44100,1,0
Strings/Viola/ordinario/Va-ord-E5-mf-2c-T11u.wav,viola,strings,7.5014,44100,1,0
Strings/Viola/ordinario/Va-ord-E5-mf-3c-N.wav,viola,strings,7.8126,44100,1,0
Strings/Viola/ordinario/Va-ord-E5-pp-1c-T18u.wav,viola,strings,7.7163,44100,1,0
Strings/Viola/ordinario/Va-ord-E5-pp-2c-T11u.wav,viola,strings,7.1221,44100,1,0
Strings/Viola/ordinario/Va-ord-E5-pp-3c-T13u.wav,viola,strings,6.8612,44100,1,0
Strings/Viola/ordinario/Va-ord-E6-ff-1c-N.wav,viola,strings,7.1145,44100,1,0
Strings/Viola/ordinario/Va-ord-E6-mf-1c-N.wav,viola,strings,7.4384,44100,1,0
Strings/Viola/ordinario/Va-ord-E6-pp-1c-N.wav,viola,strings,7.6777,44100,1,0
Strings/Viola/ordinario/Va-ord-F#3-ff-4c-T17u.wav,viola,strings,7.9193,44100,1,0
Strings/Viola/ordinario/Va-ord-F#3-mf-4c-T12u.wav,viola,strings,7.5594,44100,1,0
Strings/Viola/ordinario/Va-ord-F#3-pp-4c-T11u.wav,viola,strings,6.884,44100,1,0
Strings/Viola/ordinario/Va-ord-F#4-ff-2c-N.wav,viola,strings,7.5817,44100,1,0
Strings/Viola/ordinario/Va-ord-F#4-ff-3c-N.wav,viola,strings,8.2412,44100,1,0
Strings/Viola/ordinario/Va-ord-F#4-ff-4c-T29u.wav,viola,strings,7.1321,44100,1,0
Strings/Viola/ordinario/Va-ord-F#4-mf-2c-N.wav,viola,strings,6.9058,44100,1,0
Strings/Viola/ordinario/Va-ord-F#4-mf-3c-N.wav,viola,strings,7.3844,44100,1,0
Strings/Viola/ordinario/Va-ord-F#4-mf-4c-T26u.wav,viola,strings,7.0,44100,1,0
Strings/Viola/ordinario/Va-ord-F#4-pp-2c-N.wav,viola,strings,6.7251,44100,1,0
Strings/Viola/ordinario/Va-ord-F#4-pp-3c-N.wav,viola,strings,6.8135,44100,1,0
Strings/Viola/ordinario/Va-ord-F#4-pp-4c-N.wav,viola,strings,7.597,44100,1,0
Strings/Viola/ordinario/Va-ord-F#5-ff-1c-N.wav,viola,strings,7.2097,44100,1,0
Strings/Viola/ordinario/Va-ord-F#5-ff-2c-N.wav,viola,strings,7.914,44100,1,0
Strings/Viola/ordinario/Va-ord-F#5-ff-3c-N.wav,viola,strings,7.56,44100,1,0
Strings/Viola/ordinario/Va-ord-F#5-mf-1c-N.wav,viola,strings,7.4256,44100,1,0
Strings/Viola/ordinario/Va-ord-F#5-mf-2c-N.wav,viola,strings,7.1191,44100,1,0
Strings/Viola/ordinario/Va-ord-F#5-mf-3c-N.wav,viola,strings,7.3429,44100,1,0
Strings/Viola/ordinario/Va-ord-F#5-pp-1c-N.wav,viola,strings,7.1019,44100,1,0
Strings/Viola/ordinario/Va-ord-F#5-pp-2c-R100u.wav,viola,strings,6.9379,44100,1,0
Strings/Viola/ordinario/Va-ord-F#5-pp-3c-N.wav,viola,strings,7.351,44100,1,0
Strings/Viola/ordinario/Va-ord-F#6-ff-1c-N.wav,viola,strings,7.649,44100,1,0
Strings/Viola/ordinario/Va-ord-F#6-mf-1c-N.wav,viola,strings,7.1803,44100,1,0
Strings/Viola/ordinario/Va-ord-F#6-pp-1c-N.wav,viola,strings,7.4521,44100,1,0
Strings/Viola/ordinario/Va-ord-F3-ff-4c-T23u_R100u.wav,viola,strings,7.2097,44100,1,0
Strings/Viola/ordinario/Va-ord-F3-mf-4c-N.wav,viola,strings,7.2,44100,1,0
Strings/Viola/ordinario/Va-ord-F3-pp-4c-N.wav,viola,strings,7.0803,44100,1,0
Strings/Viola/ordinario/Va-ord-F4-ff-2c-T10u.wav,viola,strings,7.9252,44100,1,0
Strings/Viola/ordinario/Va-ord-F4-ff-3c-N.wav,viola,strings,7.8104,44100,1,0
Strings/Viola/ordinario/Va-ord-F4-ff-4c-N.wav,viola,strings,7.5369,44100,1,0
Strings/Viola/ordinario/Va-ord-F4-mf-2c-N.wav,viola,strings,7.6762,44100,1,0
Strings/Viola/ordinario/Va-ord-F4-mf-3c-N.wav,viola,strings,7.4812,44100,1,0
Strings/Viola/ordinario/Va-ord-F4-mf-4c-N.wav,viola,strings,7.208,44100,1,0
Strings/Viola/ordinario/Va-ord-F4-pp-2c-N.wav,viola,strings,7.4044,44100,1,0
Strings/Viola/ordinario/Va-ord-F4-pp-3c-N.wav,viola,strings,7.4895,44100,1,0
Strings/Viola/ordinario/Va-ord-F4-pp-4c-N.wav,viola,strings,7.2699,44100,1,0
Strings/Viola/ordinario/Va-ord-F5-ff-1c-N.wav,viola,strings,7.9751,44100,1,0
Strings/Viola/ordinario/Va-ord-F5-ff-2c-T11u.wav,viola,strings,6.9034,44100,1,0
Strings/Viola/ordinario/Va-ord-F5-ff-3c-N.wav,viola,strings,7.9471,44100,1,0
Strings/Viola/ordinario/Va-ord-F5-mf-1c-N.wav,viola,strings,7.7725,44100,1,0
Strings/Viola/ordinario/Va-ord-F5-mf-2c-T12u.wav,viola,strings,7.1449,44100,1,0
Strings/Viola/ordinario/Va-ord-F5-mf-3c-N.wav,viola,strings,8.051,44100,1,0
Strings/Viola/ordinario/Va-ord-F5-pp-1c-N.wav,viola,strings,7.1538,44100,1,0
Strings/Viola/ordinario/Va-ord-F5-pp-2c-N.wav,viola,strings,7.3505,44100,1,0
Strings/Viola/ordinario/Va-ord-F5-pp-3c-N.wav,viola,strings,7.859,44100,1,0
Strings/Viola/ordinario/Va-ord-F6-ff-1c-N.wav,viola,strings,7.1929,44100,1,0
Strings/Viola/ordinario/Va-ord-F6-mf-1c-N.wav,viola,strings,7.1061,44100,1,0
Strings/Viola/ordinario/Va-ord-F6-pp-1c-N.wav,viola,strings,7.2402,44100,1,0
Strings/Viola/ordinario/Va-ord-G#3-ff-3c-N.wav,viola,strings,8.6192,44100,1,0
Strings/Viola/ordinario/Va-ord-G#3-ff-4c-T24u.wav,viola,strings,7.0909,44100,1,0
Strings/Viola/ordinario/Va-ord-G#3-mf-3c-N.wav,viola,strings,7.5108,44100,1,0
Strings/Viola/ordinario/Va-ord-G#3-mf-4c-T23u.wav,viola,strings,6.9163,44100,1,0
Strings/Viola/ordinario/Va-ord-G#3-pp-3c-N.wav,viola,strings,8.0088,44100,1,0
Strings/Viola/ordinario/Va-ord-G#3-pp-4c-T18u.wav,viola,strings,7.5542,44100,1,0
Strings/Viola/ordinario/Va-ord-G#4-ff-2c-N.wav,viola,strings,7.289,44100,1,0
Strings/Viola/ordinario/Va-ord-G#4-ff-3c-N.wav,viola,strings,8.2629,44100,1,0
Strings/Viola/ordinario/Va-ord-G#4-ff-4c-T10u.wav,viola,strings,7.0385,44100,1,0
Strings/Viola/ordinario/Va-ord-G#4-mf-2c-T10d.wav,viola,strings,7.4793,44100,1,0
Strings/Viola/ordinario/Va-ord-G#4-mf-3c-N.wav,viola,strings,7.6756,44100,1,0
Strings/Viola/ordinario/Va-ord-G#4-mf-4c-T11u.wav,viola,strings,7.2665,44100,1,0
Strings/Viola/ordinario/Va-ord-G#4-pp-2c-N.wav,viola,strings,7.4399,44100,1,0
Strings/Viola/ordinario/Va-ord-G#4-pp-3c-T10d.wav,viola,strings,6.9564,44100,1,0
Strings/Viola/ordinario/Va-ord-G#4-pp-4c-T10u.wav,viola,strings,7.2739,44100,1,0
Strings/Viola/ordinario/Va-ord-G#5-ff-1c-T15u.wav,viola,strings,7.1597,44100,1,0
Strings/Viola/ordinario/Va-ord-G#5-ff-2c-N.wav,viola,strings,7.1371,44100,1,0
Strings/Viola/ordinario/Va-ord-G#5-mf-1c-T13u.wav,viola,strings,7.3685,44100,1,0
Strings/Viola/ordinario/Va-ord-G#5-mf-2c-N.wav,viola,strings,7.1852,44100,1,0
Strings/Viola/ordinario/Va-ord-G#5-pp-1c-T13u.wav,viola,strings,7.1835,44100,1,0
Strings/Viola/ordinario/Va-ord-G#5-pp-2c-N.wav,viola,strings,7.3798,44100,1,0
Strings/Viola/ordinario/Va-ord-G#6-ff-1c-N.wav,viola,strings,7.2223,44100,1,0
Strings/Viola/ordinario/Va-ord-G#6-mf-1c-N.wav,viola,strings,6.6757,44100,1,0
Strings/Viola/ordinario/Va-ord-G#6-pp-1c-N.wav,viola,strings,6.9087,44100,1,0
Strings/Viola/ordinario/Va-ord-G3-ff-3c-N.wav,viola,strings,9.7853,44100,1,0
Strings/Viola/ordinario/Va-ord-G3-ff-4c-T22u.wav,viola,strings,7.7627,44100,1,0
Strings/Viola/ordinario/Va-ord-G3-mf-3c-N.wav,viola,strings,9.2898,44100,1,0
Strings/Viola/ordinario/Va-ord-G3-mf-4c-T21u.wav,viola,strings,7.4899,44100,1,0
Strings/Viola/ordinario/Va-ord-G3-pp-3c-N.wav,viola,strings,8.5095,44100,1,0
Strings/Viola/ordinario/Va-ord-G3-pp-4c-T19u.wav,viola,strings,8.0497,44100,1,0
Strings/Viola/ordinario/Va-ord-G4-ff-2c-N.wav,viola,strings,7.9605,44100,1,0
Strings/Viola/ordinario/Va-ord-G4-ff-3c-N.wav,viola,strings,7.9635,44100,1,0
Strings/Viola/ordinario/Va-ord-G4-ff-4c-N.wav,viola,strings,7.8093,44100,1,0
Strings/Viola/ordinario/Va-ord-G4-mf-2c-N.wav,viola,strings,7.9568,44100,1,0
Strings/Viola/ordinario/Va-ord-G4-mf-3c-N.wav,viola,strings,7.099,44100,1,0
Strings/Viola/ordinario/Va-ord-G4-mf-4c-N.wav,viola,strings,7.673,44100,1,0
Strings/Viola/ordinario/Va-ord-G4-pp-2c-N.wav,viola,strings,8.312,44100,1,0
Strings/Viola/ordinario/Va-ord-G4-pp-3c-N.wav,viola,strings,6.9712,44100,1,0
Strings/Viola/ordinario/Va-ord-G4-pp-4c-N.wav,viola,strings,7.63,44100,1,0
Strings/Viola/ordinario/Va-ord-G5-ff-1c-N.wav,viola,strings,7.8085,44100,1,0
Strings/Viola/ordinario/Va-ord-G5-ff-2c-N.wav,viola,strings,6.9527,44100,1,0
Strings/Viola/ordinario/Va-ord-G5-ff-3c-N.wav,viola,strings,8.0565,44100,1,0
Strings/Viola/ordinario/Va-ord-G5-mf-1c-N.wav,viola,strings,7.6677,44100,1,0
Strings/Viola/ordinario/Va-ord-G5-mf-2c-N.wav,viola,strings,7.435,44100,1,0
Strings/Viola/ordinario/Va-ord-G5-mf-3c-N.wav,viola,strings,8.2712,44100,1,0
Strings/Viola/ordinario/Va-ord-G5-pp-1c-N.wav,viola,strings,7.373,44100,1,0
Strings/Viola/ordinario/Va-ord-G5-pp-2c-N.wav,viola,strings,7.3451,44100,1,0
Strings/Viola/ordinario/Va-ord-G5-pp-3c-T15u.wav,viola,strings,7.3621,44100,1,0
Strings/Viola/ordinario/Va-ord-G6-ff-1c-N.wav,viola,strings,7.4142,44100,1,0
Strings/Viola/ordinario/Va-ord-G6-mf-1c-N.wav,viola,strings,7.1771,44100,1,0
Strings/Viola/ordinario/Va-ord-G6-pp-1c-N.wav,viola,strings,7.234,44100,1,0
Strings/Violin/ordinario/Vn-ord-A#3-ff-4c-T15u.wav,violin,strings,7.5737,44100,1,0
Strings/Violin/ordinario/Vn-ord-A#3-mf-4c-N.wav,violin,strings,8.2501,44100,1,0
Strings/Violin/ordinario/Vn-ord-A#3-pp-4c-N.wav,violin,strings,7.451,44100,1,0
Strings/Violin/ordinario/Vn-ord-A#4-ff-2c-N.wav,violin,strings,7.8182,44100,1,0
Strings/Violin/ordinario/Vn-ord-A#4-ff-3c-N.wav,violin,strings,8.7201,44100,1,0
Strings/Violin/ordinario/Vn-ord-A#4-ff-4c-N.wav,violin,strings,7.9951,44100,1,0
Strings/Violin/ordinario/Vn-ord-A#4-mf-2c-N.wav,violin,strings,8.0128,44100,1,0
Strings/Violin/ordinario/Vn-ord-A#4-mf-3c-N.wav,violin,strings,7.8873,44100,1,0
Strings/Violin/ordinario/Vn-ord-A#4-mf-4c-N.wav,violin,strings,8.1019,44100,1,0
Strings/Violin/ordinario/Vn-ord-A#4-pp-2c-N.wav,violin,strings,7.4254,44100,1,0
Strings/Violin/ordinario/Vn-ord-A#4-pp-3c-N.wav,violin,strings,8.1603,44100,1,0
Strings/Violin/ordinario/Vn-ord-A#4-pp-4c-N.wav,violin,strings,8.1573,44100,1,0
Strings/Violin/ordinario/Vn-ord-A#5-ff-1c-T13u.wav,violin,strings,7.8873,44100,1,0
Strings/Violin/ordinario/Vn-ord-A#5-ff-2c-T10u.wav,violin,strings,7.2415,44100,1,0
Strings/Violin/ordinario/Vn-ord-A#5-ff-3c-R100u.wav,violin,strings,6.751,44100,1,0
Strings/Violin/ordinario/Vn-ord-A#5-mf-1c-N.wav,violin,strings,7.7584,44100,1,0
Strings/Violin/ordinario/Vn-ord-A#5-mf-2c-N.wav,violin,strings,7.4314,44100,1,0
Strings/Violin/ordinario/Vn-ord-A#5-mf-3c-N.wav,violin,strings,7.4889,44100,1,0
Strings/Violin/ordinario/Vn-ord-A#5-pp-1c-N.wav,violin,strings,7.2829,44100,1,0
Strings/Violin/ordinario/Vn-ord-A#5-pp-2c-N.wav,violin,strings,7.3139,44100,1,0
Strings/Violin/ordinario/Vn-ord-A#5-pp-3c-T10u.wav,violin,strings,7.6198,44100,1,0
Strings/Violin/ordinario/Vn-ord-A#6-ff-1c-N.wav,violin,strings,7.719,44100,1,0
Strings/Violin/ordinario/Vn-ord-A#6-mf-1c-N.wav,violin,strings,8.525,44100,1,0
Strings/Violin/ordinario/Vn-ord-A#6-pp-1c-N.wav,violin,strings,7.7734,44100,1,0
Strings/Violin/ordinario/Vn-ord-A3-ff-4c-N.wav,violin,strings,8.2334,44100,1,0
Strings/Violin/ordinario/Vn-ord-A3-mf-4c-N.wav,violin,strings,7.9177,44100,1,0
Strings/Violin/ordinario/Vn-ord-A3-pp-4c-N.wav,violin,strings,8.0456,44100,1,0
Strings/Violin/ordinario/Vn-ord-A4-ff-2c-N.wav,violin,strings,9.3408,44100,1,0
Strings/Violin/ordinario/Vn-ord-A4-ff-3c-N.wav,violin,strings,7.0646,44100,1,0
Strings/Violin/ordinario/Vn-ord-A4-ff-4c-N.wav,violin,strings,7.5974,44100,1,0
Strings/Violin/ordinario/Vn-ord-A4-mf-2c-N.wav,violin,strings,7.9755,44100,1,0
Strings/Violin/ordinario/Vn-ord-A4-mf-3c-N.wav,violin,strings,7.6874,44100,1,0
Strings/Violin/ordinario/Vn-ord-A4-mf-4c-N.wav,violin,strings,8.8178,44100,1,0
Strings/Violin/ordinario/Vn-ord-A4-pp-2c-N.wav,violin,strings,7.4739,44100,1,0
Strings/Violin/ordinario/Vn-ord-A4-pp-3c-N.wav,violin,strings,7.3593,44100,1,0
Strings/Violin/ordinario/Vn-ord-A4-pp-4c-N.wav,violin,strings,8.7748,44100,1,0
Strings/Violin/ordinario/Vn-ord-A5-ff-1c-N.wav,violin,strings,8.3683,44100,1,0
Strings/Violin/ordinario/Vn-ord-A5-ff-2c-N.wav,violin,strings,7.7992,44100,1,0
Strings/Violin/ordinario/Vn-ord-A5-ff-3c-N.wav,violin,strings,7.1524,44100,1,0
Strings/Violin/ordinario/Vn-ord-A5-mf-1c-N.wav,violin,strings,8.5362,44100,1,0
Strings/Violin/ordinario/Vn-ord-A5-mf-2c-N.wav,violin,strings,7.9277,44100,1,0
Strings/Violin/ordinario/Vn-ord-A5-mf-3c-N.wav,violin,strings,7.4653,44100,1,0
Strings/Violin/ordinario/Vn-ord-A5-pp-1c-N.wav,violin,strings,7.9263,44100,1,0
Strings/Violin/ordinario/Vn-ord-A5-pp-2c-N.wav,violin,strings,6.7544,44100,1,0
Strings/Violin/ordinario/Vn-ord-A5-pp-3c-N.wav,violin,strings,7.4712,44100,1,0
Strings/Violin/ordinario/Vn-ord-A6-ff-1c-T11d.wav,violin,strings,7.4818,44100,1,0
Strings/Violin/ordinario/Vn-ord-A6-mf-1c-T11d.wav,violin,strings,6.975,44100,1,0
Strings/Violin/ordinario/Vn-ord-A6-mf-2c-N.wav,violin,strings,7.7007,44100,1,0
Strings/Violin/ordinario/Vn-ord-A6-pp-1c-N.wav,violin,strings,7.2873,44100,1,0
Strings/Violin/ordinario/Vn-ord-A6-pp-2c-N.wav,violin,strings,6.8673,44100,1,0
Strings/Violin/ordinario/Vn-ord-B3-ff-4c-T17u.wav,violin,strings,8.2311,44100,1,0
Strings/Violin/ordinario/Vn-ord-B3-mf-4c-T15u.wav,violin,strings,8.5387,44100,1,0
Strings/Violin/ordinario/Vn-ord-B3-pp-4c-T10u.wav,violin,strings,7.1646,44100,1,0
Strings/Violin/ordinario/Vn-ord-B4-ff-2c-T10u.wav,violin,strings,8.5451,44100,1,0
Strings/Violin/ordinario/Vn-ord-B4-ff-3c-N.wav,violin,strings,7.2439,44100,1,0
Strings/Violin/ordinario/Vn-ord-B4-ff-4c-T12u.wav,violin,strings,6.7094,44100,1,0
Strings/Violin/ordinario/Vn-ord-B4-mf-2c-N.wav,violin,strings,7.8369,44100,1,0
Strings/Violin/ordinario/Vn-ord-B4-mf-3c-N.wav,violin,strings,8.2401,44100,1,0
Strings/Violin/ordinario/Vn-ord-B4-mf-4c-N.wav,violin,strings,8.1595,44100,1,0
Strings/Violin/ordinario/Vn-ord-B4-pp-2c-N.wav,violin,strings,7.9618,44100,1,0
Strings/Violin/ordinario/Vn-ord-B4-pp-3c-N.wav,violin,strings,7.4025,44100,1,0
Strings/Violin/ordinario/Vn-ord-B4-pp-4c-N.wav,violin,strings,8.0274,44100,1,0
Strings/Violin/ordinario/Vn-ord-B5-ff-1c-N.wav,violin,strings,8.0834,44100,1,0
Strings/Violin/ordinario/Vn-ord-B5-ff-2c-N.wav,violin,strings,7.6593,44100,1,0
Strings/Violin/ordinario/Vn-ord-B5-ff-3c-N.wav,violin,strings,7.8285,44100,1,0
Strings/Violin/ordinario/Vn-ord-B5-mf-1c-N.wav,violin,strings,6.847,44100,1,0
Strings/Violin/ordinario/Vn-ord-B5-mf-2c-N.wav,violin,strings,7.652,44100,1,0
Strings/Violin/ordinario/Vn-ord-B5-mf-3c-N.wav,violin,strings,7.588,44100,1,0
Strings/Violin/ordinario/Vn-ord-B5-pp-1c-N.wav,violin,strings,7.9373,44100,1,0
Strings/Violin/ordinario/Vn-ord-B5-pp-2c-N.wav,violin,strings,7.1686,44100,1,0
Strings/Violin/ordinario/Vn-ord-B5-pp-3c-N.wav,violin,strings,7.8116,44100,1,0
Strings/Violin/ordinario/Vn-ord-B6-ff-1c-T20d.wav,violin,strings,7.2912,44100,1,0
Strings/Violin/ordinario/Vn-ord-B6-mf-1c-T15d.wav,violin,strings,7.6496,44100,1,0
Strings/Violin/ordinario/Vn-ord-B6-pp-1c-T12d.wav,violin,strings,6.5876,44100,1,0
Strings/Violin/ordinario/Vn-ord-C#4-ff-4c-N.wav,violin,strings,7.9344,44100,1,0
Strings/Violin/ordinario/Vn-ord-C#4-mf-4c-N.wav,violin,strings,7.6237,44100,1,0
Strings/Violin/ordinario/Vn-ord-C#4-pp-4c-N.wav,violin,strings,7.1409,44100,1,0
Strings/Violin/ordinario/Vn-ord-C#5-ff-2c-N.wav,violin,strings,7.8472,44100,1,0
Strings/Violin/ordinario/Vn-ord-C#5-ff-3c-T13u.wav,violin,strings,7.0129,44100,1,0
Strings/Violin/ordinario/Vn-ord-C#5-ff-4c-T10u.wav,violin,strings,6.414,44100,1,0
Strings/Violin/ordinario/Vn-ord-C#5-mf-2c-N.wav,violin,strings,7.0624,44100,1,0
Strings/Violin/ordinario/Vn-ord-C#5-mf-3c-T11u.wav,violin,strings,7.3238,44100,1,0
Strings/Violin/ordinario/Vn-ord-C#5-mf-4c-N.wav,violin,strings,6.9901,44100,1,0
Strings/Violin/ordinario/Vn-ord-C#5-pp-2c-N.wav,violin,strings,7.8565,44100,1,0
Strings/Violin/ordinario/Vn-ord-C#5-pp-3c-N.wav,violin,strings,7.1713,44100,1,0
Strings/Violin/ordinario/Vn-ord-C#5-pp-4c-N.wav,violin,strings,6.8471,44100,1,0
Strings/Violin/ordinario/Vn-ord-C#6-ff-1c-N.wav,violin,strings,8.0808,44100,1,0
Strings/Violin/ordinario/Vn-ord-C#6-ff-2c-N.wav,violin,strings,7.6639,44100,1,0
Strings/Violin/ordinario/Vn-ord-C#6-mf-1c-N.wav,violin,strings,8.0171,44100,1,0
Strings/Violin/ordinario/Vn-ord-C#6-mf-2c-N.wav,violin,strings,7.876,44100,1,0
Strings/Violin/ordinario/Vn-ord-C#6-pp-1c-N.wav,violin,strings,7.0517,44100,1,0
Strings/Violin/ordinario/Vn-ord-C#6-pp-2c-N.wav,violin,strings,6.7216,44100,1,0
Strings/Violin/ordinario/Vn-ord-C#7-ff-1c-T26d.wav,violin,strings,6.7646,44100,1,0
Strings/Violin/ordinario/Vn-ord-C#7-mf-1c-T22d.wav,violin,strings,7.481,44100,1,0
Strings/Violin/ordinario/Vn-ord-C#7-pp-1c-T15d.wav,violin,strings,7.9612,44100,1,0
Strings/Violin/ordinario/Vn-ord-C4-ff-4c-N.wav,violin,strings,8.0386,44100,1,0
Strings/Violin/ordinario/Vn-ord-C4-mf-4c-N.wav,violin,strings,7.3335,44100,1,0
Strings/Violin/ordinario/Vn-ord-C4-pp-4c-N.wav,violin,strings,7.2736,44100,1,0
Strings/Violin/ordinario/Vn-ord-C5-ff-2c-N.wav,violin,strings,7.9989,44100,1,0
Strings/Violin/ordinario/Vn-ord-C5-ff-3c-N.wav,violin,strings,6.8676,44100,1,0
Strings/Violin/ordinario/Vn-ord-C5-ff-4c-N.wav,violin,strings,6.9968,44100,1,0
Strings/Violin/ordinario/Vn-ord-C5-mf-2c-N.wav,violin,strings,7.9351,44100,1,0
Strings/Violin/ordinario/Vn-ord-C5-mf-3c-N.wav,violin,strings,7.8728,44100,1,0
Strings/Violin/ordinario/Vn-ord-C5-mf-4c-N.wav,violin,strings,7.075,44100,1,0
Strings/Violin/ordinario/Vn-ord-C5-pp-2c-N.wav,violin,strings,7.6244,44100,1,0
Strings/Violin/ordinario/Vn-ord-C5-pp-3c-N.wav,violin,strings,7.0016,44100,1,0
Strings/Violin/ordinario/Vn-ord-C5-pp-4c-N.wav,violin,strings,7.3585,44100,1,0
Strings/Violin/ordinario/Vn-ord-C6-ff-1c-T11d.wav,violin,strings,8.2729,44100,1,0
Strings/Violin/ordinario/Vn-ord-C6-ff-2c-T11d.wav,violin,strings,7.0929,44100,1,0
Strings/Violin/ordinario/Vn-ord-C6-ff-3c-T18d.wav,violin,strings,7.499,44100,1,0
Strings/Violin/ordinario/Vn-ord-C6-mf-1c-T12d.wav,violin,strings,7.7007,44100,1,0
Strings/Violin/ordinario/Vn-ord-C6-mf-2c-N.wav,violin,strings,7.4385,44100,1,0
Strings/Violin/ordinario/Vn-ord-C6-mf-3c-T13d.wav,violin,strings,7.2525,44100,1,0
Strings/Violin/ordinario/Vn-ord-C6-pp-1c-T11d.wav,violin,strings,7.4329,44100,1,0
Strings/Violin/ordinario/Vn-ord-C6-pp-2c-N.wav,violin,strings,6.8408,44100,1,0
Strings/Violin/ordinario/Vn-ord-C6-pp-3c-T14d.wav,violin,strings,7.5438,44100,1,0
Strings/Violin/ordinario/Vn-ord-C7-ff-1c-T30d.wav,violin,strings,7.4415,44100,1,0
Strings/Violin/ordinario/Vn-ord-C7-mf-1c-T27d.wav,violin,strings,7.4393,44100,1,0
Strings/Violin/ordinario/Vn-ord-C7-pp-1c-T28d.wav,violin,strings,7.0585,44100,1,0
Strings/Violin/ordinario/Vn-ord-D#4-ff-3c-N.wav,violin,strings,8.1965,44100,1,0
Strings/Violin/ordinario/Vn-ord-D#4-ff-4c-T10u.wav,violin,strings,7.3413,44100,1,0
Strings/Violin/ordinario/Vn-ord-D#4-mf-3c-N.wav,violin,strings,8.5545,44100,1,0
Strings/Violin/ordinario/Vn-ord-D#4-mf-4c-N.wav,violin,strings,7.4842,44100,1,0
Strings/Violin/ordinario/Vn-ord-D#4-pp-3c-N.wav,violin,strings,8.0885,44100,1,0
Strings/Violin/ordinario/Vn-ord-D#4-pp-4c-N.wav,violin,strings,7.5879,44100,1,0
Strings/Violin/ordinario/Vn-ord-D#5-ff-2c-N.wav,violin,strings,8.7404,44100,1,0
Strings/Violin/ordinario/Vn-ord-D#5-ff-3c-N.wav,violin,strings,7.047,44100,1,0
Strings/Violin/ordinario/Vn-ord-D#5-ff-4c-N.wav,violin,strings,8.8988,44100,1,0
Strings/Violin/ordinario/Vn-ord-D#5-mf-2c-N.wav,violin,strings,8.3386,44100,1,0
Strings/Violin/ordinario/Vn-ord-D#5-mf-3c-N.wav,violin,strings,7.7225,44100,1,0
Strings/Violin/ordinario/Vn-ord-D#5-mf-4c-N.wav,violin,strings,7.4014,44100,1,0
Strings/Violin/ordinario/Vn-ord-D#5-pp-2c-N.wav,violin,strings,7.3009,44100,1,0
Strings/Violin/ordinario/Vn-ord-D#5-pp-3c-N.wav,violin,strings,7.4607,44100,1,0
Strings/Violin/ordinario/Vn-ord-D#5-pp-4c-N.wav,violin,strings,7.1214,44100,1,0
Strings/Violin/ordinario/Vn-ord-D#6-ff-1c-N.wav,violin,strings,8.2889,44100,1,0
Strings/Violin/ordinario/Vn-ord-D#6-ff-2c-N.wav,violin,strings,8.802,44100,1,0
Strings/Violin/ordinario/Vn-ord-D#6-mf-1c-N.wav,violin,strings,8.4402,44100,1,0
Strings/Violin/ordinario/Vn-ord-D#6-mf-2c-N.wav,violin,strings,7.6929,44100,1,0
Strings/Violin/ordinario/Vn-ord-D#6-pp-1c-N.wav,violin,strings,7.6749,44100,1,0
Strings/Violin/ordinario/Vn-ord-D#6-pp-2c-N.wav,violin,strings,7.7556,44100,1,0
Strings/Violin/ordinario/Vn-ord-D#7-ff-1c-T23d_R100u.wav,violin,strings,5.7921,44100,1,0
Strings/Violin/ordinario/Vn-ord-D#7-mf-1c-T22d_R100u.wav,violin,strings,6.2199,44100,1,0
Strings/Violin/ordinario/Vn-ord-D#7-pp-1c-T16d.wav,violin,strings,6.6954,44100,1,0
Strings/Violin/ordinario/Vn-ord-D4-ff-3c-N.wav,violin,strings,8.3058,44100,1,0
Strings/Violin/ordinario/Vn-ord-D4-ff-4c-N.wav,violin,strings,8.292,44100,1,0
Strings/Violin/ordinario/Vn-ord-D4-mf-3c-N.wav,violin,strings,8.8416,44100,1,0
Strings/Violin/ordinario/Vn-ord-D4-mf-4c-N.wav,violin,strings,8.5515,44100,1,0
Strings/Violin/ordinario/Vn-ord-D4-pp-3c-N.wav,violin,strings,7.7998,44100,1,0
Strings/Violin/ordinario/Vn-ord-D4-pp-4c-N.wav,violin,strings,8.2376,44100,1,0
Strings/Violin/ordinario/Vn-ord-D5-ff-2c-N.wav,violin,strings,9.3307,44100,1,0
Strings/Violin/ordinario/Vn-ord-D5-ff-3c-N.wav,violin,strings,7.814,44100,1,0
Strings/Violin/ordinario/Vn-ord-D5-ff-4c-N.wav,violin,strings,7.9054,44100,1,0
Strings/Violin/ordinario/Vn-ord-D5-mf-2c-N.wav,violin,strings,8.6362,44100,1,0
Strings/Violin/ordinario/Vn-ord-D5-mf-3c-N.wav,violin,strings,7.5363,44100,1,0
Strings/Violin/ordinario/Vn-ord-D5-mf-4c-N.wav,violin,strings,8.2034,44100,1,0
Strings/Violin/ordinario/Vn-ord-D5-pp-2c-N.wav,violin,strings,8.4439,44100,1,0
Strings/Violin/ordinario/Vn-ord-D5-pp-3c-N.wav,violin,strings,8.1755,44100,1,0
Strings/Violin/ordinario/Vn-ord-D5-pp-4c-N.wav,violin,strings,7.2278,44100,1,0
Strings/Violin/ordinario/Vn-ord-D6-ff-1c-T11d.wav,violin,strings,8.1763,44100,1,0
Strings/Violin/ordinario/Vn-ord-D6-ff-2c-N.wav,violin,strings,7.4142,44100,1,0
Strings/Violin/ordinario/Vn-ord-D6-mf-1c-T12d.wav,violin,strings,7.9781,44100,1,0
Strings/Violin/ordinario/Vn-ord-D6-mf-2c-T12d.wav,violin,strings,7.6918,44100,1,0
Strings/Violin/ordinario/Vn-ord-D6-pp-1c-N.wav,violin,strings,8.2816,44100,1,0
Strings/Violin/ordinario/Vn-ord-D6-pp-2c-N.wav,violin,strings,7.3808,44100,1,0
Strings/Violin/ordinario/Vn-ord-D7-ff-1c-T23d.wav,violin,strings,6.1365,44100,1,0
Strings/Violin/ordinario/Vn-ord-D7-mf-1c-T22d.wav,violin,strings,6.5898,44100,1,0
Strings/Violin/ordinario/Vn-ord-D7-pp-1c-T17d.wav,violin,strings,6.5664,44100,1,0
Strings/Violin/ordinario/Vn-ord-E4-ff-3c-N.wav,violin,strings,8.6331,44100,1,0
Strings/Violin/ordinario/Vn-ord-E4-ff-4c-N.wav,violin,strings,8.3934,44100,1,0
Strings/Violin/ordinario/Vn-ord-E4-mf-3c-N.wav,violin,strings,7.8688,44100,1,0
Strings/Violin/ordinario/Vn-ord-E4-mf-4c-N.wav,violin,strings,7.7416,44100,1,0
Strings/Violin/ordinario/Vn-ord-E4-pp-3c-N.wav,violin,strings,8.13,44100,1,0
Strings/Violin/ordinario/Vn-ord-E4-pp-4c-N.wav,violin,strings,7.7992,44100,1,0
Strings/Violin/ordinario/Vn-ord-E5-ff-1c-N.wav,violin,strings,8.0903,44100,1,0
Strings/Violin/ordinario/Vn-ord-E5-ff-2c-N.wav,violin,strings,8.4339,44100,1,0
Strings/Violin/ordinario/Vn-ord-E5-ff-3c-N.wav,violin,strings,7.0136,44100,1,0
Strings/Violin/ordinario/Vn-ord-E5-ff-4c-N.wav,violin,strings,8.6517,44100,1,0
Strings/Violin/ordinario/Vn-ord-E5-mf-1c-N.wav,violin,strings,8.2421,44100,1,0
Strings/Violin/ordinario/Vn-ord-E5-mf-2c-N.wav,violin,strings,7.3265,44100,1,0
Strings/Violin/ordinario/Vn-ord-E5-mf-3c-N.wav,violin,strings,8.459,44100,1,0
Strings/Violin/ordinario/Vn-ord-E5-mf-4c-N.wav,violin,strings,7.575,44100,1,0
Strings/Violin/ordinario/Vn-ord-E5-pp-1c-N.wav,violin,strings,8.159,44100,1,0
Strings/Violin/ordinario/Vn-ord-E5-pp-2c-N.wav,violin,strings,7.4466,44100,1,0
Strings/Violin/ordinario/Vn-ord-E5-pp-3c-N.wav,violin,strings,7.0733,44100,1,0
Strings/Violin/ordinario/Vn-ord-E5-pp-4c-N.wav,violin,strings,8.1908,44100,1,0
Strings/Violin/ordinario/Vn-ord-E6-ff-1c-N.wav,violin,strings,7.4705,44100,1,0
Strings/Violin/ordinario/Vn-ord-E6-ff-2c-N.wav,violin,strings,7.5772,44100,1,0
Strings/Violin/ordinario/Vn-ord-E6-mf-1c-N.wav,violin,strings,7.7145,44100,1,0
Strings/Violin/ordinario/Vn-ord-E6-mf-2c-N.wav,violin,strings,7.8837,44100,1,0
Strings/Violin/ordinario/Vn-ord-E6-pp-1c-N.wav,violin,strings,7.2524,44100,1,0
Strings/Violin/ordinario/Vn-ord-E6-pp-2c-N.wav,violin,strings,7.4949,44100,1,0
Strings/Violin/ordinario/Vn-ord-E7-ff-1c-N.wav,violin,strings,6.7409,44100,1,0
Strings/Violin/ordinario/Vn-ord-E7-mf-1c-T22d.wav,violin,strings,7.1728,44100,1,0
Strings/Violin/ordinario/Vn-ord-E7-pp-1c-T21d.wav,violin,strings,7.399,44100,1,0
Strings/Violin/ordinario/Vn-ord-F#4-ff-3c-T10u.wav,violin,strings,8.424,44100,1,0
Strings/Violin/ordinario/Vn-ord-F#4-ff-4c-N.wav,violin,strings,8.04,44100,1,0
Strings/Violin/ordinario/Vn-ord-F#4-mf-3c-N.wav,violin,strings,9.1669,44100,1,0
Strings/Violin/ordinario/Vn-ord-F#4-mf-4c-N.wav,violin,strings,8.0742,44100,1,0
Strings/Violin/ordinario/Vn-ord-F#4-pp-3c-N.wav,violin,strings,7.9212,44100,1,0
Strings/Violin/ordinario/Vn-ord-F#4-pp-4c-N.wav,violin,strings,7.9293,44100,1,0
Strings/Violin/ordinario/Vn-ord-F#5-ff-1c-N.wav,violin,strings,7.9386,44100,1,0
Strings/Violin/ordinario/Vn-ord-F#5-ff-2c-N.wav,violin,strings,8.5617,44100,1,0
Strings/Violin/ordinario/Vn-ord-F#5-ff-3c-N.wav,violin,strings,7.8471,44100,1,0
Strings/Violin/ordinario/Vn-ord-F#5-mf-1c-N.wav,violin,strings,7.2137,44100,1,0
Strings/Violin/ordinario/Vn-ord-F#5-mf-2c-N.wav,violin,strings,7.9366,44100,1,0
Strings/Violin/ordinario/Vn-ord-F#5-mf-3c-N.wav,violin,strings,7.6139,44100,1,0
Strings/Violin/ordinario/Vn-ord-F#5-pp-1c-N.wav,violin,strings,6.7215,44100,1,0
Strings/Violin/ordinario/Vn-ord-F#5-pp-2c-N.wav,violin,strings,7.1236,44100,1,0
Strings/Violin/ordinario/Vn-ord-F#5-pp-3c-N.wav,violin,strings,7.5131,44100,1,0
Strings/Violin/ordinario/Vn-ord-F#6-ff-1c-T12d.wav,violin,strings,7.6027,44100,1,0
Strings/Violin/ordinario/Vn-ord-F#6-ff-2c-T16d.wav,violin,strings,7.2348,44100,1,0
Strings/Violin/ordinario/Vn-ord-F#6-mf-1c-T10d.wav,violin,strings,8.5574,44100,1,0
Strings/Violin/ordinario/Vn-ord-F#6-mf-2c-T11d.wav,violin,strings,7.7046,44100,1,0
Strings/Violin/ordinario/Vn-ord-F#6-pp-1c-T12d.wav,violin,strings,8.1123,44100,1,0
Strings/Violin/ordinario/Vn-ord-F#6-pp-2c-N.wav,violin,strings,7.1944,44100,1,0
Strings/Violin/ordinario/Vn-ord-F4-ff-3c-N.wav,violin,strings,7.6562,44100,1,0
Strings/Violin/ordinario/Vn-ord-F4-ff-4c-T11u.wav,violin,strings,8.2051,44100,1,0
Strings/Violin/ordinario/Vn-ord-F4-mf-3c-N.wav,violin,strings,8.3994,44100,1,0
Strings/Violin/ordinario/Vn-ord-F4-mf-4c-N.wav,violin,strings,7.3507,44100,1,0
Strings/Violin/ordinario/Vn-ord-F4-pp-3c-N.wav,violin,strings,7.7147,44100,1,0
Strings/Violin/ordinario/Vn-ord-F4-pp-4c-N.wav,violin,strings,7.3659,44100,1,0
Strings/Violin/ordinario/Vn-ord-F5-ff-1c-N.wav,violin,strings,8.1726,44100,1,0
Strings/Violin/ordinario/Vn-ord-F5-ff-2c-N.wav,violin,strings,7.6498,44100,1,0
Strings/Violin/ordinario/Vn-ord-F5-ff-3c-T15u.wav,violin,strings,6.8938,44100,1,0
Strings/Violin/ordinario/Vn-ord-F5-mf-1c-N.wav,violin,strings,7.8757,44100,1,0
Strings/Violin/ordinario/Vn-ord-F5-mf-2c-N.wav,violin,strings,8.1077,44100,1,0
Strings/Violin/ordinario/Vn-ord-F5-mf-3c-N.wav,violin,strings,7.7776,44100,1,0
Strings/Violin/ordinario/Vn-ord-F5-pp-1c-N.wav,violin,strings,7.3363,44100,1,0
Strings/Violin/ordinario/Vn-ord-F5-pp-2c-N.wav,violin,strings,7.6312,44100,1,0
Strings/Violin/ordinario/Vn-ord-F5-pp-3c-N.wav,violin,strings,8.6038,44100,1,0
Strings/Violin/ordinario/Vn-ord-F6-ff-1c-N.wav,violin,strings,7.1208,44100,1,0
Strings/Violin/ordinario/Vn-ord-F6-ff-2c-T20d.wav,violin,strings,7.4005,44100,1,0
Strings/Violin/ordinario/Vn-ord-F6-mf-1c-N.wav,violin,strings,7.2486,44100,1,0
Strings/Violin/ordinario/Vn-ord-F6-mf-2c-T17d.wav,violin,strings,7.6859,44100,1,0
Strings/Violin/ordinario/Vn-ord-F6-pp-1c-N.wav,violin,strings,7.5631,44100,1,0
Strings/Violin/ordinario/Vn-ord-F6-pp-2c-N.wav,violin,strings,7.2819,44100,1,0
Strings/Violin/ordinario/Vn-ord-G#3-ff-4c-T16u.wav,violin,strings,7.6581,44100,1,0
Strings/Violin/ordinario/Vn-ord-G#3-mf-4c-T13u.wav,violin,strings,8.0261,44100,1,0
Strings/Violin/ordinario/Vn-ord-G#3-pp-4c-T15u.wav,violin,strings,7.881,44100,1,0
Strings/Violin/ordinario/Vn-ord-G#4-ff-3c-N.wav,violin,strings,8.5271,44100,1,0
Strings/Violin/ordinario/Vn-ord-G#4-ff-4c-N.wav,violin,strings,8.3189,44100,1,0
Strings/Violin/ordinario/Vn-ord-G#4-mf-3c-N.wav,violin,strings,8.8649,44100,1,0
Strings/Violin/ordinario/Vn-ord-G#4-mf-4c-N.wav,violin,strings,8.4842,44100,1,0
Strings/Violin/ordinario/Vn-ord-G#4-pp-3c-N.wav,violin,strings,8.137,44100,1,0
Strings/Violin/ordinario/Vn-ord-G#4-pp-4c-N.wav,violin,strings,7.5095,44100,1,0
Strings/Violin/ordinario/Vn-ord-G#5-ff-1c-N.wav,violin,strings,7.9297,44100,1,0
Strings/Violin/ordinario/Vn-ord-G#5-ff-2c-N.wav,violin,strings,8.622,44100,1,0
Strings/Violin/ordinario/Vn-ord-G#5-ff-3c-N.wav,violin,strings,7.7304,44100,1,0
Strings/Violin/ordinario/Vn-ord-G#5-mf-1c-N.wav,violin,strings,7.6356,44100,1,0
Strings/Violin/ordinario/Vn-ord-G#5-mf-2c-N.wav,violin,strings,8.2154,44100,1,0
Strings/Violin/ordinario/Vn-ord-G#5-mf-3c-N.wav,violin,strings,7.8568,44100,1,0
Strings/Violin/ordinario/Vn-ord-G#5-pp-1c-N.wav,violin,strings,7.5049,44100,1,0
Strings/Violin/ordinario/Vn-ord-G#5-pp-2c-N.wav,violin,strings,7.8391,44100,1,0
Strings/Violin/ordinario/Vn-ord-G#5-pp-3c-N.wav,violin,strings,7.7362,44100,1,0
Strings/Violin/ordinario/Vn-ord-G#6-ff-1c-T24d.wav,violin,strings,7.2802,44100,1,0
Strings/Violin/ordinario/Vn-ord-G#6-ff-2c-T14d.wav,violin,strings,7.5169,44100,1,0
Strings/Violin/ordinario/Vn-ord-G#6-mf-1c-T11d_R100d.wav,violin,strings,7.3898,44100,1,0
Strings/Violin/ordinario/Vn-ord-G#6-mf-2c-T21d.wav,violin,strings,7.4603,44100,1,0
Strings/Violin/ordinario/Vn-ord-G#6-pp-1c-N.wav,violin,strings,7.7058,44100,1,0
Strings/Violin/ordinario/Vn-ord-G#6-pp-2c-N.wav,violin,strings,7.242,44100,1,0
Strings/Violin/ordinario/Vn-ord-G3-ff-4c-N.wav,violin,strings,9.8131,44100,1,0
Strings/Violin/ordinario/Vn-ord-G3-mf-4c-N.wav,violin,strings,8.4716,44100,1,0
Strings/Violin/ordinario/Vn-ord-G3-pp-4c-N.wav,violin,strings,9.1824,44100,1,0
Strings/Violin/ordinario/Vn-ord-G4-ff-3c-N.wav,violin,strings,8.7462,44100,1,0
Strings/Violin/ordinario/Vn-ord-G4-ff-4c-N.wav,violin,strings,9.1039,44100,1,0
Strings/Violin/ordinario/Vn-ord-G4-mf-3c-N.wav,violin,strings,8.4142,44100,1,0
Strings/Violin/ordinario/Vn-ord-G4-mf-4c-N.wav,violin,strings,8.0146,44100,1,0
Strings/Violin/ordinario/Vn-ord-G4-pp-3c-N.wav,violin,strings,7.5956,44100,1,0
Strings/Violin/ordinario/Vn-ord-G4-pp-4c-N.wav,violin,strings,7.9603,44100,1,0
Strings/Violin/ordinario/Vn-ord-G5-ff-1c-T11d.wav,violin,strings,8.2655,44100,1,0
Strings/Violin/ordinario/Vn-ord-G5-ff-2c-N.wav,violin,strings,8.7352,44100,1,0
Strings/Violin/ordinario/Vn-ord-G5-ff-3c-N.wav,violin,strings,8.0577,44100,1,0
Strings/Violin/ordinario/Vn-ord-G5-mf-1c-N.wav,violin,strings,8.2081,44100,1,0
Strings/Violin/ordinario/Vn-ord-G5-mf-2c-N.wav,violin,strings,9.1807,44100,1,0
Strings/Violin/ordinario/Vn-ord-G5-mf-3c-N.wav,violin,strings,7.9395,44100,1,0
Strings/Violin/ordinario/Vn-ord-G5-pp-1c-N.wav,violin,strings,7.5745,44100,1,0
Strings/Violin/ordinario/Vn-ord-G5-pp-2c-N.wav,violin,strings,7.7939,44100,1,0
Strings/Violin/ordinario/Vn-ord-G5-pp-3c-N.wav,violin,strings,8.0779,44100,1,0
Strings/Violin/ordinario/Vn-ord-G6-ff-1c-T12d_R100u.wav,violin,strings,7.176,44100,1,0
Strings/Violin/ordinario/Vn-ord-G6-ff-2c-T12d.wav,violin,strings,7.1099,44100,1,0
Strings/Violin/ordinario/Vn-ord-G6-mf-1c-T15d.wav,violin,strings,8.1148,44100,1,0
Strings/Violin/ordinario/Vn-ord-G6-mf-2c-T12d.wav,violin,strings,7.2718,44100,1,0
Strings/Violin/ordinario/Vn-ord-G6-pp-1c-T12d.wav,violin,strings,7.6114,44100,1,0
Strings/Violin/ordinario/Vn-ord-G6-pp-2c-N.wav,violin,strings,6.84,44100,1,0
Strings/Violoncello/ordinario/Vc-ord-A#2-ff-3c-N.wav,cello,strings,7.6415,44100,1,0
Strings/Violoncello/ordinario/Vc-ord-A#2-ff-4c-N.wav,cello,strings,8.0363,44100,1,0
Strings/Violoncello/ordinario/Vc-ord-A#2-mf-3c-T13u.wav,cello,strings,7.5485,44100,1,0
Strings/Violoncello/ordinario/Vc-ord-A#2-mf-4c-N.wav,cello,strings,8.1115,44100,1,0
Strings/Violoncello/ordinario/Vc-ord-A#2-pp-3c-N.wav,cello,strings,8.8651,44100,1,0
Strings/Violoncello/ordinario/Vc-ord-A#2-pp-4c-N.wav,cello,strings,8.8449,44100,1,0
Strings/Violoncello/ordinario/Vc-ord-A#3-ff-1c-N.wav,cello,strings,7.4767,44100,1,0
Strings/Violoncello/ordinario/Vc-ord-A#3-ff-2c-T12u.wav,cello,strings,8.0253,44100,1,0
Strings/Violoncello/ordinario/Vc-ord-A#3-ff-3c-N.wav,cello,strings,6.7527,44100,1,0
Strings/Violoncello/ordinario/Vc-ord-A#3-ff-4c-N.wav,cello,strings,7.6007,44100,1,0
Strings/Violoncello/ordinario/Vc-ord-A#3-mf-1c-N.wav,cello,strings,7.3606,44100,1,0
Strings/Violoncello/ordinario/Vc-ord-A#3-mf-2c-T12u.wav,cello,strings,7.7562,44100,1,0
Strings/Violoncello/ordinario/Vc-ord-A#3-mf-3c-T16d_R100u.wav,cello,strings,9.5898,44100,1,0
Strings/Violoncello/ordinario/Vc-ord-A#3-mf-4c-N.wav,cello,strings,7.3797,44100,1,0
Strings/Violoncello/ordinario/Vc-ord-A#3-pp-1c-N.wav,cello,strings,7.6619,44100,1,0
Strings/Violoncello/ordinario/Vc-ord-A#3-pp-2c-T12u.wav,cello,strings,9.1795,44100,1,0
Strings/Violoncello/ordinario/Vc-ord-A#3-pp-3c-N.wav,cello,strings,8.7091,44100,1,0
Strings/Violoncello/ordinario/Vc-ord-A#3-pp-4c-N.wav,cello,strings,7.2663,44100,1,0
Strings/Violoncello/ordinario/Vc-ord-A#4-ff-1c-N.wav,cello,strings,7.1682,44100,1,0
Strings/Violoncello/ordinario/Vc-ord-A#4-ff-2c-N.wav,cello,strings,7.3,44100,1,0
Strings/Violoncello/ordinario/Vc-ord-A#4-mf-1c-N.wav,cello,strings,6.706,44100,1,0
Strings/Violoncello/ordinario/Vc-ord-A#4-mf-2c-N.wav,cello,strings,7.1014,44100,1,0
Strings/Violoncello/ordinario/Vc-ord-A#4-pp-1c-N.wav,cello,strings,7.9955,44100,1,0
Strings/Violoncello/ordinario/Vc-ord-A#4-pp-2c-N.wav,cello,strings,6.5595,44100,1,0
Strings/Violoncello/ordinario/Vc-ord-A#5-ff-1c-N.wav,cello,strings,6.7986,44100,1,0
Strings/Violoncello/ordinario/Vc-ord-A#5-mf-1c-N.wav,cello,strings,6.665,44100,1,0
Strings/Violoncello/ordinario/Vc-ord-A#5-pp-1c-N.wav,cello,strings,7.1611,44100,1,0
Strings/Violoncello/ordinario/Vc-ord-A2-ff-3c-T19d.wav,cello,strings,8.6279,44100,1,0
Strings/Violoncello/ordinario/Vc-ord-A2-ff-4c-N.wav,cello,strings,8.5701,44100,1,0
Strings/Violoncello/ordinario/Vc-ord-A2-mf-3c-N.wav,cello,strings,9.008,44100,1,0
Strings/Violoncello/ordinario/Vc-ord-A2-mf-4c-N.wav,cello,strings,8.388,44100,1,0
Strings/Violoncello/ordinario/Vc-ord-A2-pp-3c-N.wav,cello,strings,8.3561,44100,1,0
Strings/Violoncello/ordinario/Vc-ord-A2-pp-4c-N.wav,cello,strings,8.5121,44100,1,0
Strings/Violoncello/ordinario/Vc-ord-A3-ff-1c-N.wav,cello,strings,9.8822,44100,1,0
Strings/Violoncello/ordinario/Vc-ord-A3-ff-2c-N.wav,cello,strings,7.6758,44100,1,0
Strings/Violoncello/ordinario/Vc-ord-A3-ff-3c-T21d.wav,cello,strings,9.3083,44100,1,0
Strings/Violoncello/ordinario/Vc-ord-A3-ff-4c-N.wav,cello,strings,6.8209,44100,1,0
Strings/Violoncello/ordinario/Vc-ord-A3-mf-1c-N.wav,cello,strings,9.713,44100,1,0
Strings/Violoncello/ordinario/Vc-ord-A3-mf-2c-N.wav,cello,strings,7.4506,44100,1,0
Strings/Violoncello/ordinario/Vc-ord-A3-mf-3c-T16d.wav,cello,strings,10.1601,44100,1,0
Strings/Violoncello/ordinario/Vc-ord-A3-mf-4c-N.wav,cello,strings,7.5138,44100,1,0
Strings/Violoncello/ordinario/Vc-ord-A3-pp-1c-N.wav,cello,strings,8.7525,44100,1,0
Strings/Violoncello/ordinario/Vc-ord-A3-pp-2c-N.wav,cello,strings,8.4918,44100,1,0
Strings/Violoncello/ordinario/Vc-ord-A3-pp-3c-N.wav,cello,strings,10.7788,44100,1,0
Strings/Violoncello/ordinario/Vc-ord-A3-pp-4c-N.wav,cello,strings,7.3746,44100,1,0
Strings/Violoncello/ordinario/Vc-ord-A4-ff-1c-N.wav,cello,strings,7.3844,44100,1,0
Strings/Violoncello/ordinario/Vc-ord-A4-ff-2c-N.wav,cello,strings,6.8536,44100,1,0
Strings/Violoncello/ordinario/Vc-ord-A4-mf-1c-N.wav,cello,strings,7.5615,44100,1,0
Strings/Violoncello/ordinario/Vc-ord-A4-mf-2c-N.wav,cello,strings,8.5276,44100,1,0
Strings/Violoncello/ordinario/Vc-ord-A4-pp-1c-N.wav,cello,strings,7.7645,44100,1,0
Strings/Violoncello/ordinario/Vc-ord-A4-pp-2c-N.wav,cello,strings,7.4396,44100,1,0
Strings/Violoncello/ordinario/Vc-ord-A5-ff-1c-T13d.wav,cello,strings,5.8726,44100,1,0
Strings/Violoncello/ordinario/Vc-ord-A5-mf-1c-N.wav,cello,strings,6.6971,44100,1,0
Strings/Violoncello/ordinario/Vc-ord-A5-pp-1c-N.wav,cello,strings,7.3846,44100,1,0
Strings/Violoncello/ordinario/Vc-ord-B2-ff-3c-N.wav,cello,strings,7.3516,44100,1,0
Strings/Violoncello/ordinario/Vc-ord-B2-ff-4c-T11u.wav,cello,strings,6.893,44100,1,0
Strings/Violoncello/ordinario/Vc-ord-B2-mf-3c-N.wav,cello,strings,7.9171,44100,1,0
Strings/Violoncello/ordinario/Vc-ord-B2-mf-4c-T20u.wav,cello,strings,7.0445,44100,1,0
Strings/Violoncello/ordinario/Vc-ord-B2-pp-3c-N.wav,cello,strings,8.2002,44100,1,0
Strings/Violoncello/ordinario/Vc-ord-B2-pp-4c-T16u.wav,cello,strings,7.8227,44100,1,0
Strings/Violoncello/ordinario/Vc-ord-B3-ff-1c-T11u.wav,cello,strings,7.5232,44100,1,0
Strings/Violoncello/ordinario/Vc-ord-B3-ff-2c-N.wav,cello,strings,7.1259,44100,1,0
Strings/Violoncello/ordinario/Vc-ord-B3-ff-3c-T11u.wav,cello,strings,7.1142,44100,1,0
Strings/Violoncello/ordinario/Vc-ord-B3-mf-1c-N.wav,cello,strings,7.3806,44100,1,0
Strings/Violoncello/ordinario/Vc-ord-B3-mf-2c-N.wav,cello,strings,7.3102,44100,1,0
Strings/Violoncello/ordinario/Vc-ord-B3-mf-3c-N.wav,cello,strings,8.3953,44100,1,0
Strings/Violoncello/ordinario/Vc-ord-B3-pp-1c-N.wav,cello,strings,7.4414,44100,1,0
Strings/Violoncello/ordinario/Vc-ord-B3-pp-2c-N.wav,cello,strings,8.2698,44100,1,0
Strings/Violoncello/ordinario/Vc-ord-B3-pp-3c-N.wav,cello,strings,8.4341,44100,1,0
Strings/Violoncello/ordinario/Vc-ord-B4-ff-1c-N.wav,cello,strings,7.4163,44100,1,0
Strings/Violoncello/ordinario/Vc-ord-B4-ff-2c-N.wav,cello,strings,8.0666,44100,1,0
Strings/Violoncello/ordinario/Vc-ord-B4-mf-1c-N.wav,cello,strings,6.9257,44100,1,0
Strings/Violoncello/ordinario/Vc-ord-B4-mf-2c-N.wav,cello,strings,7.9295,44100,1,0
Strings/Violoncello/ordinario/Vc-ord-B4-pp-1c-N.wav,cello,strings,7.9851,44100,1,0
Strings/Violoncello/ordinario/Vc-ord-B4-pp-2c-N.wav,cello,strings,7.7969,44100,1,0
Strings/Violoncello/ordinario/Vc-ord-B5-ff-1c-N.wav,cello,strings,6.415,44100,1,0
Strings/Violoncello/ordinario/Vc-ord-B5-mf-1c-N.wav,cello,strings,6.9631,44100,1,0
Strings/Violoncello/ordinario/Vc-ord-B5-pp-1c-N.wav,cello,strings,7.921,44100,1,0
Strings/Violoncello/ordinario/Vc-ord-C#2-ff-4c-N.wav,cello,strings,7.7921,44100,1,0
Strings/Violoncello/ordinario/Vc-ord-C#2-mf-4c-N.wav,cello,strings,7.6382,44100,1,0
Strings/Violoncello/ordinario/Vc-ord-C#2-pp-4c-N.wav,cello,strings,7.0508,44100,1,0
Strings/Violoncello/ordinario/Vc-ord-C#3-ff-3c-N.wav,cello,strings,7.7256,44100,1,0
Strings/Violoncello/ordinario/Vc-ord-C#3-ff-4c-N.wav,cello,strings,7.1138,44100,1,0
Strings/Violoncello/ordinario/Vc-ord-C#3-mf-3c-N.wav,cello,strings,7.9006,44100,1,0
Strings/Violoncello/ordinario/Vc-ord-C#3-mf-4c-N.wav,cello,strings,7.6792,44100,1,0
Strings/Violoncello/ordinario/Vc-ord-C#3-pp-3c-N.wav,cello,strings,8.8228,44100,1,0
Strings/Violoncello/ordinario/Vc-ord-C#3-pp-4c-N.wav,cello,strings,7.3236,44100,1,0
Strings/Violoncello/ordinario/Vc-ord-C#4-ff-1c-N.wav,cello,strings,7.2335,44100,1,0
Strings/Violoncello/ordinario/Vc-ord-C#4-ff-2c-N.wav,cello,strings,6.8932,44100,1,0
Strings/Violoncello/ordinario/Vc-ord-C#4-ff-3c-N.wav,cello,strings,7.3369,44100,1,0
Strings/Violoncello/ordinario/Vc-ord-C#4-mf-1c-N.wav,cello,strings,7.1803,44100,1,0
Strings/Violoncello/ordinario/Vc-ord-C#4-mf-2c-N.wav,cello,strings,7.8845,44100,1,0
Strings/Violoncello/ordinario/Vc-ord-C#4-mf-3c-N.wav,cello,strings,7.1722,44100,1,0
Strings/Violoncello/ordinario/Vc-ord-C#4-pp-1c-N.wav,cello,strings,9.0942,44100,1,0
Strings/Violoncello/ordinario/Vc-ord-C#4-pp-2c-N.wav,cello,strings,7.6037,44100,1,0
Strings/Violoncello/ordinario/Vc-ord-C#4-pp-3c-N.wav,cello,strings,7.196,44100,1,0
Strings/Violoncello/ordinario/Vc-ord-C#5-ff-1c-N.wav,cello,strings,6.9202,44100,1,0
Strings/Violoncello/ordinario/Vc-ord-C#5-mf-1c-N.wav,cello,strings,7.5302,44100,1,0
Strings/Violoncello/ordinario/Vc-ord-C#5-pp-1c-N.wav,cello,strings,8.2415,44100,1,0
Strings/Violoncello/ordinario/Vc-ord-C2-ff-4c-N.wav,cello,strings,8.1589,44100,1,0
Strings/Violoncello/ordinario/Vc-ord-C2-mf-4c-N.wav,cello,strings,8.4396,44100,1,0
Strings/Violoncello/ordinario/Vc-ord-C2-pp-4c-N.wav,cello,strings,8.4739,44100,1,0
Strings/Violoncello/ordinario/Vc-ord-C3-ff-3c-N.wav,cello,strings,7.9991,44100,1,0
Strings/Violoncello/ordinario/Vc-ord-C3-ff-4c-N.wav,cello,strings,7.2603,44100,1,0
Strings/Violoncello/ordinario/Vc-ord-C3-mf-3c-N.wav,cello,strings,8.9776,44100,1,0
Strings/Violoncello/ordinario/Vc-ord-C3-mf-4c-N.wav,cello,strings,7.4686,44100,1,0
Strings/Violoncello/ordinario/Vc-ord-C3-pp-3c-N.wav,cello,strings,8.2203,44100,1,0
Strings/Violoncello/ordinario/Vc-ord-C3-pp-4c-N.wav,cello,strings,7.4718,44100,1,0
Strings/Violoncello/ordinario/Vc-ord-C4-ff-1c-N.wav,cello,strings,10.2311,44100,1,0
Strings/Violoncello/ordinario/Vc-ord-C4-ff-2c-N.wav,cello,strings,7.341,44100,1,0
Strings/Violoncello/ordinario/Vc-ord-C4-ff-3c-N.wav,cello,strings,7.1978,44100,1,0
Strings/Violoncello/ordinario/Vc-ord-C4-mf-1c-N.wav,cello,strings,8.97,44100,1,0
Strings/Violoncello/ordinario/Vc-ord-C4-mf-2c-N.wav,cello,strings,7.5631,44100,1,0
Strings/Violoncello/ordinario/Vc-ord-C4-mf-3c-N.wav,cello,strings,8.3648,44100,1,0
Strings/Violoncello/ordinario/Vc-ord-C4-pp-1c-N.wav,cello,strings,8.4453,44100,1,0
Strings/Violoncello/ordinario/Vc-ord-C4-pp-2c-N.wav,cello,strings,8.468,44100,1,0
Strings/Violoncello/ordinario/Vc-ord-C4-pp-3c-N.wav,cello,strings,7.6067,44100,1,0
Strings/Violoncello/ordinario/Vc-ord-C5-ff-1c-T16u.wav,cello,strings,6.5016,44100,1,0
Strings/Violoncello/ordinario/Vc-ord-C5-ff-2c-N.wav,cello,strings,6.8568,44100,1,0
Strings/Violoncello/ordinario/Vc-ord-C5-mf-1c-T11u.wav,cello,strings,6.9837,44100,1,0
Strings/Violoncello/ordinario/Vc-ord-C5-mf-2c-T11u.wav,cello,strings,7.3889,44100,1,0
Strings/Violoncello/ordinario/Vc-ord-C5-pp-1c-N.wav,cello,strings,7.7805,44100,1,0
Strings/Violoncello/ordinario/Vc-ord-C5-pp-2c-T12u.wav,cello,strings,7.1718,44100,1,0
Strings/Violoncello/ordinario/Vc-ord-C6-ff-1c-N.wav,cello,strings,6.4149,44100,1,0
Strings/Violoncello/ordinario/Vc-ord-C6-mf-1c-N.wav,cello,strings,6.4178,44100,1,0
Strings/Violoncello/ordinario/Vc-ord-C6-pp-1c-N.wav,cello,strings,6.6751,44100,1,0
Strings/Violoncello/ordinario/Vc-ord-D#2-ff-4c-N.wav,cello,strings,7.9631,44100,1,0
Strings/Violoncello/ordinario/Vc-ord-D#2-mf-4c-N.wav,cello,strings,8.293,44100,1,0
Strings/Violoncello/ordinario/Vc-ord-D#2-pp-4c-N.wav,cello,strings,8.5789,44100,1,0
Strings/Violoncello/ordinario/Vc-ord-D#3-ff-2c-T16d.wav,cello,strings,8.3647,44100,1,0
Strings/Violoncello/ordinario/Vc-ord-D#3-ff-3c-T12u.wav,cello,strings,7.1289,44100,1,0
Strings/Violoncello/ordinario/Vc-ord-D#3-ff-4c-T16u.wav,cello,strings,5.7127,44100,1,0
Strings/Violoncello/ordinario/Vc-ord-D#3-mf-2c-N.wav,cello,strings,7.6428,44100,1,0
Strings/Violoncello/ordinario/Vc-ord-D#3-mf-3c-N.wav,cello,strings,7.5582,44100,1,0
Strings/Violoncello/ordinario/Vc-ord-D#3-mf-4c-T13u.wav,cello,strings,6.7935,44100,1,0
Strings/Violoncello/ordinario/Vc-ord-D#3-pp-2c-N.wav,cello,strings,8.1306,44100,1,0
Strings/Violoncello/ordinario/Vc-ord-D#3-pp-3c-N.wav,cello,strings,8.1942,44100,1,0
Strings/Violoncello/ordinario/Vc-ord-D#3-pp-4c-T11u.wav,cello,strings,6.8569,44100,1,0
Strings/Violoncello/ordinario/Vc-ord-D#4-ff-1c-T22u.wav,cello,strings,7.0818,44100,1,0
Strings/Violoncello/ordinario/Vc-ord-D#4-ff-2c-T12u.wav,cello,strings,7.5487,44100,1,0
Strings/Violoncello/ordinario/Vc-ord-D#4-ff-3c-N.wav,cello,strings,7.0154,44100,1,0
Strings/Violoncello/ordinario/Vc-ord-D#4-mf-1c-N.wav,cello,strings,7.8272,44100,1,0
Strings/Violoncello/ordinario/Vc-ord-D#4-mf-2c-T12u.wav,cello,strings,8.0984,44100,1,0
Strings/Violoncello/ordinario/Vc-ord-D#4-mf-3c-N.wav,cello,strings,7.0608,44100,1,0
Strings/Violoncello/ordinario/Vc-ord-D#4-pp-1c-N.wav,cello,strings,7.3646,44100,1,0
Strings/Violoncello/ordinario/Vc-ord-D#4-pp-2c-N.wav,cello,strings,7.9959,44100,1,0
Strings/Violoncello/ordinario/Vc-ord-D#4-pp-3c-N.wav,cello,strings,8.6275,44100,1,0
Strings/Violoncello/ordinario/Vc-ord-D#5-ff-1c-N.wav,cello,strings,7.3853,44100,1,0
Strings/Violoncello/ordinario/Vc-ord-D#5-mf-1c-N.wav,cello,strings,7.1633,44100,1,0
Strings/Violoncello/ordinario/Vc-ord-D#5-pp-1c-T10d.wav,cello,strings,8.3555,44100,1,0
Strings/Violoncello/ordinario/Vc-ord-D2-ff-4c-N.wav,cello,strings,9.6611,44100,1,0
Strings/Violoncello/ordinario/Vc-ord-D2-mf-4c-N.wav,cello,strings,9.2776,44100,1,0
Strings/Violoncello/ordinario/Vc-ord-D2-pp-4c-N.wav,cello,strings,9.6729,44100,1,0
Strings/Violoncello/ordinario/Vc-ord-D3-ff-2c-N.wav,cello,strings,11.2575,44100,1,0
Strings/Violoncello/ordinario/Vc-ord-D3-ff-3c-N.wav,cello,strings,7.0329,44100,1,0
Strings/Violoncello/ordinario/Vc-ord-D3-ff-4c-T10d.wav,cello,strings,8.8386,44100,1,0
Strings/Violoncello/ordinario/Vc-ord-D3-mf-2c-N.wav,cello,strings,10.061,44100,1,0
Strings/Violoncello/ordinario/Vc-ord-D3-mf-3c-N.wav,cello,strings,7.3744,44100,1,0
Strings/Violoncello/ordinario/Vc-ord-D3-mf-4c-N.wav,cello,strings,9.615,44100,1,0
Strings/Violoncello/ordinario/Vc-ord-D3-pp-2c-N.wav,cello,strings,9.0181,44100,1,0
Strings/Violoncello/ordinario/Vc-ord-D3-pp-3c-N.wav,cello,strings,7.5839,44100,1,0
Strings/Violoncello/ordinario/Vc-ord-D3-pp-4c-N.wav,cello,strings,8.9764,44100,1,0
Strings/Violoncello/ordinario/Vc-ord-D4-ff-1c-N.wav,cello,strings,7.9079,44100,1,0
Strings/Violoncello/ordinario/Vc-ord-D4-ff-2c-N.wav,cello,strings,9.5377,44100,1,0
Strings/Violoncello/ordinario/Vc-ord-D4-ff-3c-N.wav,cello,strings,7.8926,44100,1,0
Strings/Violoncello/ordinario/Vc-ord-D4-mf-1c-N.wav,cello,strings,7.7464,44100,1,0
Strings/Violoncello/ordinario/Vc-ord-D4-mf-2c-N.wav,cello,strings,8.9848,44100,1,0
Strings/Violoncello/ordinario/Vc-ord-D4-mf-3c-N.wav,cello,strings,8.2412,44100,1,0
Strings/Violoncello/ordinario/Vc-ord-D4-pp-1c-N.wav,cello,strings,7.7226,44100,1,0
Strings/Violoncello/ordinario/Vc-ord-D4-pp-2c-N.wav,cello,strings,9.0199,44100,1,0
Strings/Violoncello/ordinario/Vc-ord-D4-pp-3c-N.wav,cello,strings,7.706,44100,1,0
Strings/Violoncello/ordinario/Vc-ord-D5-ff-1c-N.wav,cello,strings,6.9726,44100,1,0
Strings/Violoncello/ordinario/Vc-ord-D5-mf-1c-N.wav,cello,strings,8.6966,44100,1,0
Strings/Violoncello/ordinario/Vc-ord-D5-pp-1c-N.wav,cello,strings,7.842,44100,1,0
Strings/Violoncello/ordinario/Vc-ord-E2-ff-4c-N.wav,cello,strings,7.2683,44100,1,0
Strings/Violoncello/ordinario/Vc-ord-E2-mf-4c-N.wav,cello,strings,7.3966,44100,1,0
Strings/Violoncello/ordinario/Vc-ord-E2-pp-4c-N.wav,cello,strings,8.5856,44100,1,0
Strings/Violoncello/ordinario/Vc-ord-E3-ff-2c-N.wav,cello,strings,7.8853,44100,1,0
Strings/Violoncello/ordinario/Vc-ord-E3-ff-3c-T11d.wav,cello,strings,7.381,44100,1,0
Strings/Violoncello/ordinario/Vc-ord-E3-ff-4c-N.wav,cello,strings,7.2174,44100,1,0
Strings/Violoncello/ordinario/Vc-ord-E3-mf-2c-N.wav,cello,strings,7.7225,44100,1,0
Strings/Violoncello/ordinario/Vc-ord-E3-mf-3c-N.wav,cello,strings,7.339,44100,1,0
Strings/Violoncello/ordinario/Vc-ord-E3-mf-4c-T11u.wav,cello,strings,7.1253,44100,1,0
Strings/Violoncello/ordinario/Vc-ord-E3-pp-2c-N.wav,cello,strings,9.6082,44100,1,0
Strings/Violoncello/ordinario/Vc-ord-E3-pp-3c-N.wav,cello,strings,8.1036,44100,1,0
Strings/Violoncello/ordinario/Vc-ord-E3-pp-4c-N.wav,cello,strings,7.5793,44100,1,0
Strings/Violoncello/ordinario/Vc-ord-E4-ff-1c-N.wav,cello,strings,6.8711,44100,1,0
Strings/Violoncello/ordinario/Vc-ord-E4-ff-2c-N.wav,cello,strings,6.9699,44100,1,0
Strings/Violoncello/ordinario/Vc-ord-E4-ff-3c-T10u.wav,cello,strings,6.5444,44100,1,0
Strings/Violoncello/ordinario/Vc-ord-E4-mf-1c-N.wav,cello,strings,8.0278,44100,1,0
Strings/Violoncello/ordinario/Vc-ord-E4-mf-2c-N.wav,cello,strings,8.5958,44100,1,0
Strings/Violoncello/ordinario/Vc-ord-E4-mf-3c-N.wav,cello,strings,7.2116,44100,1,0
Strings/Violoncello/ordinario/Vc-ord-E4-pp-1c-N.wav,cello,strings,8.0325,44100,1,0
Strings/Violoncello/ordinario/Vc-ord-E4-pp-2c-N.wav,cello,strings,8.6302,44100,1,0
Strings/Violoncello/ordinario/Vc-ord-E4-pp-3c-N.wav,cello,strings,8.7199,44100,1,0
Strings/Violoncello/ordinario/Vc-ord-E5-ff-1c-N.wav,cello,strings,6.4576,44100,1,0
Strings/Violoncello/ordinario/Vc-ord-E5-mf-1c-N.wav,cello,strings,7.5366,44100,1,0
Strings/Violoncello/ordinario/Vc-ord-E5-pp-1c-N.wav,cello,strings,7.139,44100,1,0
Strings/Violoncello/ordinario/Vc-ord-F#2-ff-4c-N.wav,cello,strings,7.3425,44100,1,0
Strings/Violoncello/ordinario/Vc-ord-F#2-mf-4c-N.wav,cello,strings,7.5641,44100,1,0
Strings/Violoncello/ordinario/Vc-ord-F#2-pp-4c-N.wav,cello,strings,7.0775,44100,1,0
Strings/Violoncello/ordinario/Vc-ord-F#3-ff-2c-N.wav,cello,strings,7.4578,44100,1,0
Strings/Violoncello/ordinario/Vc-ord-F#3-ff-3c-N.wav,cello,strings,7.0662,44100,1,0
Strings/Violoncello/ordinario/Vc-ord-F#3-ff-4c-T14u.wav,cello,strings,6.3756,44100,1,0
Strings/Violoncello/ordinario/Vc-ord-F#3-mf-2c-N.wav,cello,strings,7.7374,44100,1,0
Strings/Violoncello/ordinario/Vc-ord-F#3-mf-3c-N.wav,cello,strings,7.5805,44100,1,0
Strings/Violoncello/ordinario/Vc-ord-F#3-mf-4c-T15u.wav,cello,strings,6.8243,44100,1,0
Strings/Violoncello/ordinario/Vc-ord-F#3-pp-2c-N.wav,cello,strings,7.0732,44100,1,0
Strings/Violoncello/ordinario/Vc-ord-F#3-pp-3c-N.wav,cello,strings,7.6716,44100,1,0
Strings/Violoncello/ordinario/Vc-ord-F#3-pp-4c-N.wav,cello,strings,7.4727,44100,1,0
Strings/Violoncello/ordinario/Vc-ord-F#4-ff-1c-N.wav,cello,strings,7.3636,44100,1,0
Strings/Violoncello/ordinario/Vc-ord-F#4-ff-2c-N.wav,cello,strings,7.2683,44100,1,0
Strings/Violoncello/ordinario/Vc-ord-F#4-mf-1c-N.wav,cello,strings,7.0706,44100,1,0
Strings/Violoncello/ordinario/Vc-ord-F#4-mf-2c-N.wav,cello,strings,6.5712,44100,1,0
Strings/Violoncello/ordinario/Vc-ord-F#4-pp-1c-N.wav,cello,strings,7.5166,44100,1,0
Strings/Violoncello/ordinario/Vc-ord-F#4-pp-2c-N.wav,cello,strings,7.707,44100,1,0
Strings/Violoncello/ordinario/Vc-ord-F#5-ff-1c-T33u.wav,cello,strings,6.45,44100,1,0
Strings/Violoncello/ordinario/Vc-ord-F#5-mf-1c-T12u.wav,cello,strings,6.6315,44100,1,0
Strings/Violoncello/ordinario/Vc-ord-F#5-pp-1c-N.wav,cello,strings,7.9364,44100,1,0
Strings/Violoncello/ordinario/Vc-ord-F2-ff-4c-T17u.wav,cello,strings,7.446,44100,1,0
Strings/Violoncello/ordinario/Vc-ord-F2-mf-4c-T17u.wav,cello,strings,7.824,44100,1,0
Strings/Violoncello/ordinario/Vc-ord-F2-pp-4c-T19u.wav,cello,strings,7.971,44100,1,0
Strings/Violoncello/ordinario/Vc-ord-F3-ff-2c-T17d.wav,cello,strings,7.7704,44100,1,0
Strings/Violoncello/ordinario/Vc-ord-F3-ff-3c-T17d.wav,cello,strings,6.6554,44100,1,0
Strings/Violoncello/ordinario/Vc-ord-F3-ff-4c-T14u.wav,cello,strings,5.8543,44100,1,0
Strings/Violoncello/ordinario/Vc-ord-F3-mf-2c-N.wav,cello,strings,7.4245,44100,1,0
Strings/Violoncello/ordinario/Vc-ord-F3-mf-3c-T11d.wav,cello,strings,7.13,44100,1,0
Strings/Violoncello/ordinario/Vc-ord-F3-mf-4c-T17u.wav,cello,strings,6.5859,44100,1,0
Strings/Violoncello/ordinario/Vc-ord-F3-pp-2c-N.wav,cello,strings,7.5736,44100,1,0
Strings/Violoncello/ordinario/Vc-ord-F3-pp-3c-N.wav,cello,strings,6.6722,44100,1,0
Strings/Violoncello/ordinario/Vc-ord-F3-pp-4c-N.wav,cello,strings,7.4684,44100,1,0
Strings/Violoncello/ordinario/Vc-ord-F4-ff-1c-N.wav,cello,strings,7.0798,44100,1,0
Strings/Violoncello/ordinario/Vc-ord-F4-ff-2c-N.wav,cello,strings,7.2578,44100,1,0
Strings/Violoncello/ordinario/Vc-ord-F4-ff-3c-T14u.wav,cello,strings,7.2055,44100,1,0
Strings/Violoncello/ordinario/Vc-ord-F4-mf-1c-N.wav,cello,strings,7.2844,44100,1,0
Strings/Violoncello/ordinario/Vc-ord-F4-mf-2c-N.wav,cello,strings,7.1022,44100,1,0
Strings/Violoncello/ordinario/Vc-ord-F4-mf-3c-T11u.wav,cello,strings,6.9433,44100,1,0
Strings/Violoncello/ordinario/Vc-ord-F4-pp-1c-N.wav,cello,strings,7.9428,44100,1,0
Strings/Violoncello/ordinario/Vc-ord-F4-pp-2c-N.wav,cello,strings,7.4025,44100,1,0
Strings/Violoncello/ordinario/Vc-ord-F4-pp-3c-T18u.wav,cello,strings,8.1628,44100,1,0
Strings/Violoncello/ordinario/Vc-ord-F5-ff-1c-N.wav,cello,strings,7.397,44100,1,0
Strings/Violoncello/ordinario/Vc-ord-F5-mf-1c-N.wav,cello,strings,7.2226,44100,1,0
Strings/Violoncello/ordinario/Vc-ord-F5-pp-1c-N.wav,cello,strings,7.6966,44100,1,0
Strings/Violoncello/ordinario/Vc-ord-G#2-ff-3c-T10d.wav,cello,strings,7.5599,44100,1,0
Strings/Violoncello/ordinario/Vc-ord-G#2-ff-4c-T12u.wav,cello,strings,8.1595,44100,1,0
Strings/Violoncello/ordinario/Vc-ord-G#2-mf-3c-N.wav,cello,strings,8.2086,44100,1,0
Strings/Violoncello/ordinario/Vc-ord-G#2-mf-4c-N.wav,cello,strings,7.8791,44100,1,0
Strings/Violoncello/ordinario/Vc-ord-G#2-pp-3c-N.wav,cello,strings,8.8618,44100,1,0
Strings/Violoncello/ordinario/Vc-ord-G#2-pp-4c-N.wav,cello,strings,8.1304,44100,1,0
Strings/Violoncello/ordinario/Vc-ord-G#3-ff-2c-N.wav,cello,strings,7.4177,44100,1,0
Strings/Violoncello/ordinario/Vc-ord-G#3-ff-3c-N.wav,cello,strings,7.462,44100,1,0
Strings/Violoncello/ordinario/Vc-ord-G#3-ff-4c-T15u.wav,cello,strings,7.0802,44100,1,0
Strings/Violoncello/ordinario/Vc-ord-G#3-mf-2c-N.wav,cello,strings,7.9781,44100,1,0
Strings/Violoncello/ordinario/Vc-ord-G#3-mf-3c-N.wav,cello,strings,7.6292,44100,1,0
Strings/Violoncello/ordinario/Vc-ord-G#3-mf-4c-N.wav,cello,strings,7.6635,44100,1,0
Strings/Violoncello/ordinario/Vc-ord-G#3-pp-2c-N.wav,cello,strings,7.4225,44100,1,0
Strings/Violoncello/ordinario/Vc-ord-G#3-pp-3c-N.wav,cello,strings,7.8426,44100,1,0
Strings/Violoncello/ordinario/Vc-ord-G#3-pp-4c-T24u.wav,cello,strings,7.7021,44100,1,0
Strings/Violoncello/ordinario/Vc-ord-G#4-ff-1c-T18u.wav,cello,strings,7.5114,44100,1,0
Strings/Violoncello/ordinario/Vc-ord-G#4-ff-2c-N.wav,cello,strings,6.524,44100,1,0
Strings/Violoncello/ordinario/Vc-ord-G#4-mf-1c-N.wav,cello,strings,8.189,44100,1,0
Strings/Violoncello/ordinario/Vc-ord-G#4-mf-2c-N.wav,cello,strings,7.5077,44100,1,0
Strings/Violoncello/ordinario/Vc-ord-G#4-pp-1c-N.wav,cello,strings,8.7697,44100,1,0
Strings/Violoncello/ordinario/Vc-ord-G#4-pp-2c-T13u.wav,cello,strings,6.7823,44100,1,0
Strings/Violoncello/ordinario/Vc-ord-G#5-ff-1c-T10u.wav,cello,strings,6.2918,44100,1,0
Strings/Violoncello/ordinario/Vc-ord-G#5-mf-1c-N.wav,cello,strings,6.4742,44100,1,0
Strings/Violoncello/ordinario/Vc-ord-G#5-pp-1c-N.wav,cello,strings,6.7883,44100,1,0
Strings/Violoncello/ordinario/Vc-ord-G2-ff-3c-N.wav,cello,strings,12.0411,44100,1,0
Strings/Violoncello/ordinario/Vc-ord-G2-ff-4c-N.wav,cello,strings,7.7059,44100,1,0
Strings/Violoncello/ordinario/Vc-ord-G2-mf-3c-N.wav,cello,strings,12.1135,44100,1,0
Strings/Violoncello/ordinario/Vc-ord-G2-mf-4c-N.wav,cello,strings,7.5282,44100,1,0
Strings/Violoncello/ordinario/Vc-ord-G2-pp-3c-N.wav,cello,strings,10.4098,44100,1,0
Strings/Violoncello/ordinario/Vc-ord-G2-pp-4c-N.wav,cello,strings,7.9455,44100,1,0
Strings/Violoncello/ordinario/Vc-ord-G3-ff-2c-N.wav,cello,strings,8.9887,44100,1,0
Strings/Violoncello/ordinario/Vc-ord-G3-ff-3c-N.wav,cello,strings,7.5085,44100,1,0
Strings/Violoncello/ordinario/Vc-ord-G3-ff-4c-N.wav,cello,strings,7.8142,44100,1,0
Strings/Violoncello/ordinario/Vc-ord-G3-mf-2c-N.wav,cello,strings,7.4354,44100,1,0
Strings/Violoncello/ordinario/Vc-ord-G3-mf-3c-N.wav,cello,strings,7.8708,44100,1,0
Strings/Violoncello/ordinario/Vc-ord-G3-mf-4c-N.wav,cello,strings,8.3495,44100,1,0
Strings/Violoncello/ordinario/Vc-ord-G3-pp-2c-N.wav,cello,strings,9.9972,44100,1,0
Strings/Violoncello/ordinario/Vc-ord-G3-pp-3c-N.wav,cello,strings,7.9723,44100,1,0
Strings/Violoncello/ordinario/Vc-ord-G3-pp-4c-N.wav,cello,strings,7.7357,44100,1,0
Strings/Violoncello/ordinario/Vc-ord-G4-ff-1c-N.wav,cello,strings,9.0244,44100,1,0
Strings/Violoncello/ordinario/Vc-ord-G4-ff-2c-N.wav,cello,strings,7.6775,44100,1,0
Strings/Violoncello/ordinario/Vc-ord-G4-mf-1c-N.wav,cello,strings,8.3209,44100,1,0
Strings/Violoncello/ordinario/Vc-ord-G4-mf-2c-N.wav,cello,strings,6.7245,44100,1,0
Strings/Violoncello/ordinario/Vc-ord-G4-pp-1c-N.wav,cello,strings,7.8661,44100,1,0
Strings/Violoncello/ordinario/Vc-ord-G4-pp-2c-N.wav,cello,strings,7.4473,44100,1,0
Strings/Violoncello/ordinario/Vc-ord-G5-ff-1c-N.wav,cello,strings,6.1609,44100,1,0
Strings/Violoncello/ordinario/Vc-ord-G5-mf-1c-N.wav,cello,strings,7.2511,44100,1,0
Strings/Violoncello/ordinario/Vc-ord-G5-pp-1c-N.wav,cello,strings,7.1062,44100,1,0
Winds/Bassoon/ordinario/Bn-ord-A#1-ff-N-N.wav,bassoon,woodwind,5.902,44100,1,0
Winds/Bassoon/ordinario/Bn-ord-A#1-mf-N-N.wav,bassoon,woodwind,5.8709,44100,1,0
Winds/Bassoon/ordinario/Bn-ord-A#1-pp-N-N.wav,bassoon,woodwind,5.8014,44100,1,0
Winds/Bassoon/ordinario/Bn-ord-A#2-ff-N-N.wav,bassoon,woodwind,5.8396,44100,1,0
Winds/Bassoon/ordinario/Bn-ord-A#2-mf-N-T11u.wav,bassoon,woodwind,5.4529,44100,1,0
Winds/Bassoon/ordinario/Bn-ord-A#2-pp-N-N.wav,bassoon,woodwind,5.6777,44100,1,0
Winds/Bassoon/ordinario/Bn-ord-A#3-ff-N-N.wav,bassoon,woodwind,5.4998,44100,1,0
Winds/Bassoon/ordinario/Bn-ord-A#3-mf-N-N.wav,bassoon,woodwind,5.101,44100,1,0
Winds/Bassoon/ordinario/Bn-ord-A#3-pp-N-N.wav,bassoon,woodwind,5.7709,44100,1,0
Winds/Bassoon/ordinario/Bn-ord-A#4-ff-N-T11u.wav,bassoon,woodwind,5.989,44100,1,0
Winds/Bassoon/ordinario/Bn-ord-A#4-mf-N-T14u.wav,bassoon,woodwind,5.1575,44100,1,0
Winds/Bassoon/ordinario/Bn-ord-A#4-pp-N-T13u.wav,bassoon,woodwind,5.7274,44100,1,0
Winds/Bassoon/ordinario/Bn-ord-A2-ff-N-T11d.wav,bassoon,woodwind,5.659,44100,1,0
Winds/Bassoon/ordinario/Bn-ord-A2-mf-N-N.wav,bassoon,woodwind,5.6026,44100,1,0
Winds/Bassoon/ordinario/Bn-ord-A2-pp-N-N.wav,bassoon,woodwind,5.4673,44100,1,0
Winds/Bassoon/ordinario/Bn-ord-A3-ff-N-T14d.wav,bassoon,woodwind,5.222,44100,1,0
Winds/Bassoon/ordinario/Bn-ord-A3-mf-N-N.wav,bassoon,woodwind,5.6239,44100,1,0
Winds/Bassoon/ordinario/Bn-ord-A3-pp-N-T11d.wav,bassoon,woodwind,5.5807,44100,1,0
Winds/Bassoon/ordinario/Bn-ord-A4-ff-N-N.wav,bassoon,woodwind,6.1039,44100,1,0
Winds/Bassoon/ordinario/Bn-ord-A4-mf-N-T14u_R100d.wav,bassoon,woodwind,5.4642,44100,1,0
Winds/Bassoon/ordinario/Bn-ord-A4-pp-N-N.wav,bassoon,woodwind,6.1112,44100,1,0
Winds/Bassoon/ordinario/Bn-ord-B1-ff-N-N.wav,bassoon,woodwind,5.9673,44100,1,0
Winds/Bassoon/ordinario/Bn-ord-B1-mf-N-N.wav,bassoon,woodwind,5.9436,44100,1,0
Winds/Bassoon/ordinario/Bn-ord-B1-pp-N-T11d.wav,bassoon,woodwind,5.7032,44100,1,0
Winds/Bassoon/ordinario/Bn-ord-B2-ff-N-N.wav,bassoon,woodwind,5.6738,44100,1,0
Winds/Bassoon/ordinario/Bn-ord-B2-mf-N-N.wav,bassoon,woodwind,5.5771,44100,1,0
Winds/Bassoon/ordinario/Bn-ord-B2-pp-N-N.wav,bassoon,woodwind,5.9207,44100,1,0
Winds/Bassoon/ordinario/Bn-ord-B3-ff-N-N.wav,bassoon,woodwind,5.2344,44100,1,0
Winds/Bassoon/ordinario/Bn-ord-B3-mf-N-N.wav,bassoon,woodwind,4.568,44100,1,0
Winds/Bassoon/ordinario/Bn-ord-B3-pp-N-N.wav,bassoon,woodwind,5.274,44100,1,0
Winds/Bassoon/ordinario/Bn-ord-B4-ff-N-N.wav,bassoon,woodwind,5.9794,44100,1,0
Winds/Bassoon/ordinario/Bn-ord-B4-mf-N-N.wav,bassoon,woodwind,5.7978,44100,1,0
Winds/Bassoon/ordinario/Bn-ord-B4-pp-N-N.wav,bassoon,woodwind,5.7391,44100,1,0
Winds/Bassoon/ordinario/Bn-ord-C#2-ff-N-N.wav,bassoon,woodwind,5.9507,44100,1,0
Winds/Bassoon/ordinario/Bn-ord-C#2-mf-N-N.wav,bassoon,woodwind,5.8126,44100,1,0
Winds/Bassoon/ordinario/Bn-ord-C#2-pp-N-N.wav,bassoon,woodwind,4.8445,44100,1,0
Winds/Bassoon/ordinario/Bn-ord-C#3-ff-N-N.wav,bassoon,woodwind,5.7803,44100,1,0
Winds/Bassoon/ordinario/Bn-ord-C#3-mf-N-R100d.wav,bassoon,woodwind,5.6572,44100,1,0
Winds/Bassoon/ordinario/Bn-ord-C#3-pp-N-N.wav,bassoon,woodwind,5.6206,44100,1,0
Winds/Bassoon/ordinario/Bn-ord-C#4-ff-N-N.wav,bassoon,woodwind,5.7879,44100,1,0
Winds/Bassoon/ordinario/Bn-ord-C#4-mf-N-N.wav,bassoon,woodwind,5.3504,44100,1,0
Winds/Bassoon/ordinario/Bn-ord-C#4-pp-N-N.wav,bassoon,woodwind,5.2312,44100,1,0
Winds/Bassoon/ordinario/Bn-ord-C#5-ff-N-N.wav,bassoon,woodwind,6.4097,44100,1,0
Winds/Bassoon/ordinario/Bn-ord-C#5-mf-N-N.wav,bassoon,woodwind,5.7263,44100,1,0
Winds/Bassoon/ordinario/Bn-ord-C#5-pp-N-N.wav,bassoon,woodwind,5.3383,44100,1,0
Winds/Bassoon/ordinario/Bn-ord-C2-ff-N-N.wav,bassoon,woodwind,6.0253,44100,1,0
Winds/Bassoon/ordinario/Bn-ord-C2-mf-N-N.wav,bassoon,woodwind,5.7929,44100,1,0
Winds/Bassoon/ordinario/Bn-ord-C2-pp-N-T11d_R100u.wav,bassoon,woodwind,5.3831,44100,1,0
Winds/Bassoon/ordinario/Bn-ord-C3-ff-N-T12d.wav,bassoon,woodwind,5.9144,44100,1,0
Winds/Bassoon/ordinario/Bn-ord-C3-mf-N-R100u.wav,bassoon,woodwind,5.264,44100,1,0
Winds/Bassoon/ordinario/Bn-ord-C3-pp-N-T15d.wav,bassoon,woodwind,5.7173,44100,1,0
Winds/Bassoon/ordinario/Bn-ord-C4-ff-N-N.wav,bassoon,woodwind,5.686,44100,1,0
Winds/Bassoon/ordinario/Bn-ord-C4-mf-N-N.wav,bassoon,woodwind,5.5896,44100,1,0
Winds/Bassoon/ordinario/Bn-ord-C4-pp-N-N.wav,bassoon,woodwind,5.462,44100,1,0
Winds/Bassoon/ordinario/Bn-ord-C5-ff-N-N.wav,bassoon,woodwind,5.9424,44100,1,0
Winds/Bassoon/ordinario/Bn-ord-C5-mf-N-N.wav,bassoon,woodwind,5.5672,44100,1,0
Winds/Bassoon/ordinario/Bn-ord-C5-pp-N-N.wav,bassoon,woodwind,5.7886,44100,1,0
Winds/Bassoon/ordinario/Bn-ord-D#2-ff-N-T17d.wav,bassoon,woodwind,5.9195,44100,1,0
Winds/Bassoon/ordinario/Bn-ord-D#2-mf-N-N.wav,bassoon,woodwind,5.7094,44100,1,0
Winds/Bassoon/ordinario/Bn-ord-D#2-pp-N-N.wav,bassoon,woodwind,5.5866,44100,1,0
Winds/Bassoon/ordinario/Bn-ord-D#3-ff-N-N.wav,bassoon,woodwind,5.7051,44100,1,0
Winds/Bassoon/ordinario/Bn-ord-D#3-mf-N-N.wav,bassoon,woodwind,5.3691,44100,1,0
Winds/Bassoon/ordinario/Bn-ord-D#3-pp-N-N.wav,bassoon,woodwind,5.3295,44100,1,0
Winds/Bassoon/ordinario/Bn-ord-D#4-ff-N-N.wav,bassoon,woodwind,6.1409,44100,1,0
Winds/Bassoon/ordinario/Bn-ord-D#4-mf-N-N.wav,bassoon,woodwind,5.6483,44100,1,0
Winds/Bassoon/ordinario/Bn-ord-D#4-pp-N-N.wav,bassoon,woodwind,5.4224,44100,1,0
Winds/Bassoon/ordinario/Bn-ord-D#5-ff-N-T14d.wav,bassoon,woodwind,5.8598,44100,1,0
Winds/Bassoon/ordinario/Bn-ord-D#5-mf-N-N.wav,bassoon,woodwind,5.5794,44100,1,0
Winds/Bassoon/ordinario/Bn-ord-D#5-pp-N-N.wav,bassoon,woodwind,6.1557,44100,1,0
Winds/Bassoon/ordinario/Bn-ord-D2-ff-N-N.wav,bassoon,woodwind,6.142,44100,1,0
Winds/Bassoon/ordinario/Bn-ord-D2-mf-N-N.wav,bassoon,woodwind,5.9589,44100,1,0
Winds/Bassoon/ordinario/Bn-ord-D2-pp-N-N.wav,bassoon,woodwind,5.9176,44100,1,0
Winds/Bassoon/ordinario/Bn-ord-D3-ff-N-T11d.wav,bassoon,woodwind,6.1267,44100,1,0
Winds/Bassoon/ordinario/Bn-ord-D3-mf-N-N.wav,bassoon,woodwind,5.3397,44100,1,0
Winds/Bassoon/ordinario/Bn-ord-D3-pp-N-T13d.wav,bassoon,woodwind,5.4304,44100,1,0
Winds/Bassoon/ordinario/Bn-ord-D4-ff-N-N.wav,bassoon,woodwind,5.8738,44100,1,0
Winds/Bassoon/ordinario/Bn-ord-D4-mf-N-N.wav,bassoon,woodwind,5.5285,44100,1,0
Winds/Bassoon/ordinario/Bn-ord-D4-pp-N-N.wav,bassoon,woodwind,5.6787,44100,1,0
Winds/Bassoon/ordinario/Bn-ord-D5-ff-N-N.wav,bassoon,woodwind,6.2499,44100,1,0
Winds/Bassoon/ordinario/Bn-ord-D5-mf-N-N.wav,bassoon,woodwind,5.3422,44100,1,0
Winds/Bassoon/ordinario/Bn-ord-D5-pp-N-N.wav,bassoon,woodwind,6.2965,44100,1,0
Winds/Bassoon/ordinario/Bn-ord-E2-ff-N-N.wav,bassoon,woodwind,5.9715,44100,1,0
Winds/Bassoon/ordinario/Bn-ord-E2-mf-N-T10u.wav,bassoon,woodwind,5.5381,44100,1,0
Winds/Bassoon/ordinario/Bn-ord-E2-pp-N-N.wav,bassoon,woodwind,5.8553,44100,1,0
Winds/Bassoon/ordinario/Bn-ord-E3-ff-N-R100u.wav,bassoon,woodwind,5.3849,44100,1,0
Winds/Bassoon/ordinario/Bn-ord-E3-mf-N-T11d.wav,bassoon,woodwind,5.7662,44100,1,0
Winds/Bassoon/ordinario/Bn-ord-E3-pp-N-T13d.wav,bassoon,woodwind,5.7334,44100,1,0
Winds/Bassoon/ordinario/Bn-ord-E4-ff-N-N.wav,bassoon,woodwind,6.2431,44100,1,0
Winds/Bassoon/ordinario/Bn-ord-E4-mf-N-N.wav,bassoon,woodwind,6.7081,44100,1,0
Winds/Bassoon/ordinario/Bn-ord-E4-pp-N-N.wav,bassoon,woodwind,5.5713,44100,1,0
Winds/Bassoon/ordinario/Bn-ord-F#2-ff-N-N.wav,bassoon,woodwind,5.8129,44100,1,0
Winds/Bassoon/ordinario/Bn-ord-F#2-mf-N-N.wav,bassoon,woodwind,5.823,44100,1,0
Winds/Bassoon/ordinario/Bn-ord-F#2-pp-N-T12d.wav,bassoon,woodwind,5.692,44100,1,0
Winds/Bassoon/ordinario/Bn-ord-F#3-ff-N-T13d.wav,bassoon,woodwind,6.3591,44100,1,0
Winds/Bassoon/ordinario/Bn-ord-F#3-mf-N-T16d.wav,bassoon,woodwind,5.7133,44100,1,0
Winds/Bassoon/ordinario/Bn-ord-F#3-pp-N-T23d.wav,bassoon,woodwind,5.7119,44100,1,0
Winds/Bassoon/ordinario/Bn-ord-F#4-ff-N-N.wav,bassoon,woodwind,5.6855,44100,1,0
Winds/Bassoon/ordinario/Bn-ord-F#4-mf-N-N.wav,bassoon,woodwind,5.5436,44100,1,0
Winds/Bassoon/ordinario/Bn-ord-F#4-pp-N-N.wav,bassoon,woodwind,5.4132,44100,1,0
Winds/Bassoon/ordinario/Bn-ord-F2-ff-N-T10d.wav,bassoon,woodwind,6.0125,44100,1,0
Winds/Bassoon/ordinario/Bn-ord-F2-mf-N-N.wav,bassoon,woodwind,5.8246,44100,1,0
Winds/Bassoon/ordinario/Bn-ord-F2-pp-N-T17d.wav,bassoon,woodwind,5.9561,44100,1,0
Winds/Bassoon/ordinario/Bn-ord-F3-ff-N-T10d.wav,bassoon,woodwind,6.0692,44100,1,0
Winds/Bassoon/ordinario/Bn-ord-F3-mf-N-N.wav,bassoon,woodwind,5.281,44100,1,0
Winds/Bassoon/ordinario/Bn-ord-F3-pp-N-T15d.wav,bassoon,woodwind,5.2182,44100,1,0
Winds/Bassoon/ordinario/Bn-ord-F4-ff-N-N.wav,bassoon,woodwind,5.2644,44100,1,0
Winds/Bassoon/ordinario/Bn-ord-F4-mf-N-N.wav,bassoon,woodwind,5.5581,44100,1,0
Winds/Bassoon/ordinario/Bn-ord-F4-pp-N-N.wav,bassoon,woodwind,6.2022,44100,1,0
Winds/Bassoon/ordinario/Bn-ord-G#2-ff-N-N.wav,bassoon,woodwind,5.7317,44100,1,0
Winds/Bassoon/ordinario/Bn-ord-G#2-mf-N-R100d.wav,bassoon,woodwind,5.9357,44100,1,0
Winds/Bassoon/ordinario/Bn-ord-G#2-pp-N-T16d.wav,bassoon,woodwind,5.9592,44100,1,0
Winds/Bassoon/ordinario/Bn-ord-G#3-ff-N-N.wav,bassoon,woodwind,6.1561,44100,1,0
Winds/Bassoon/ordinario/Bn-ord-G#3-mf-N-N.wav,bassoon,woodwind,5.3228,44100,1,0
Winds/Bassoon/ordinario/Bn-ord-G#3-pp-N-T19d.wav,bassoon,woodwind,5.7393,44100,1,0
Winds/Bassoon/ordinario/Bn-ord-G#4-ff-N-N.wav,bassoon,woodwind,5.6162,44100,1,0
Winds/Bassoon/ordinario/Bn-ord-G#4-mf-N-R100u.wav,bassoon,woodwind,4.9815,44100,1,0
Winds/Bassoon/ordinario/Bn-ord-G#4-pp-N-N.wav,bassoon,woodwind,5.8928,44100,1,0
Winds/Bassoon/ordinario/Bn-ord-G2-ff-N-N.wav,bassoon,woodwind,5.8243,44100,1,0
Winds/Bassoon/ordinario/Bn-ord-G2-mf-N-T10d.wav,bassoon,woodwind,5.6529,44100,1,0
Winds/Bassoon/ordinario/Bn-ord-G2-pp-N-N.wav,bassoon,woodwind,5.5461,44100,1,0
Winds/Bassoon/ordinario/Bn-ord-G3-ff-N-N.wav,bassoon,woodwind,5.982,44100,1,0
Winds/Bassoon/ordinario/Bn-ord-G3-mf-N-N.wav,bassoon,woodwind,5.7939,44100,1,0
Winds/Bassoon/ordinario/Bn-ord-G3-pp-N-N.wav,bassoon,woodwind,5.8267,44100,1,0
Winds/Bassoon/ordinario/Bn-ord-G4-ff-N-N.wav,bassoon,woodwind,5.646,44100,1,0
Winds/Bassoon/ordinario/Bn-ord-G4-mf-N-N.wav,bassoon,woodwind,5.2777,44100,1,0
Winds/Bassoon/ordinario/Bn-ord-G4-pp-N-N.wav,bassoon,woodwind,6.0238,44100,1,0
Winds/Clarinet_Bb/ordinario/ClBb-ord-A#3-ff-N-T13u.wav,clarinet,woodwind,6.3819,44100,1,0
Winds/Clarinet_Bb/ordinario/ClBb-ord-A#3-mf-N-N.wav,clarinet,woodwind,6.3159,44100,1,0
Winds/Clarinet_Bb/ordinario/ClBb-ord-A#3-pp-N-N.wav,clarinet,woodwind,6.6025,44100,1,0
Winds/Clarinet_Bb/ordinario/ClBb-ord-A#4-ff-N-N.wav,clarinet,woodwind,6.8352,44100,1,0
Winds/Clarinet_Bb/ordinario/ClBb-ord-A#4-mf-N-N.wav,clarinet,woodwind,6.6239,44100,1,0
Winds/Clarinet_Bb/ordinario/ClBb-ord-A#4-pp-N-T15d.wav,clarinet,woodwind,7.1042,44100,1,0
Winds/Clarinet_Bb/ordinario/ClBb-ord-A#5-ff-N-N.wav,clarinet,woodwind,6.9924,44100,1,0
Winds/Clarinet_Bb/ordinario/ClBb-ord-A#5-mf-N-N.wav,clarinet,woodwind,6.728,44100,1,0
Winds/Clarinet_Bb/ordinario/ClBb-ord-A#5-pp-N-N.wav,clarinet,woodwind,6.2229,44100,1,0
Winds/Clarinet_Bb/ordinario/ClBb-ord-A3-ff-N-T22u.wav,clarinet,woodwind,6.9785,44100,1,0
Winds/Clarinet_Bb/ordinario/ClBb-ord-A3-mf-N-N.wav,clarinet,woodwind,7.3706,44100,1,0
Winds/Clarinet_Bb/ordinario/ClBb-ord-A3-pp-N-N.wav,clarinet,woodwind,6.1493,44100,1,0
Winds/Clarinet_Bb/ordinario/ClBb-ord-A4-ff-N-N.wav,clarinet,woodwind,6.6291,44100,1,0
Winds/Clarinet_Bb/ordinario/ClBb-ord-A4-mf-N-N.wav,clarinet,woodwind,6.2911,44100,1,0
Winds/Clarinet_Bb/ordinario/ClBb-ord-A4-pp-N-T13d.wav,clarinet,woodwind,6.3151,44100,1,0
Winds/Clarinet_Bb/ordinario/ClBb-ord-A5-ff-N-N.wav,clarinet,woodwind,7.6845,44100,1,0
Winds/Clarinet_Bb/ordinario/ClBb-ord-A5-mf-N-N.wav,clarinet,woodwind,6.7561,44100,1,0
Winds/Clarinet_Bb/ordinario/ClBb-ord-A5-pp-N-N.wav,clarinet,woodwind,6.9732,44100,1,0
Winds/Clarinet_Bb/ordinario/ClBb-ord-B3-ff-N-T16u.wav,clarinet,woodwind,6.5265,44100,1,0
Winds/Clarinet_Bb/ordinario/ClBb-ord-B3-mf-N-N.wav,clarinet,woodwind,7.3952,44100,1,0
Winds/Clarinet_Bb/ordinario/ClBb-ord-B3-pp-N-T12d.wav,clarinet,woodwind,6.489,44100,1,0
Winds/Clarinet_Bb/ordinario/ClBb-ord-B4-ff-N-T21u.wav,clarinet,woodwind,6.7049,44100,1,0
Winds/Clarinet_Bb/ordinario/ClBb-ord-B4-mf-N-T12u.wav,clarinet,woodwind,6.2704,44100,1,0
Winds/Clarinet_Bb/ordinario/ClBb-ord-B4-pp-N-N.wav,clarinet,woodwind,6.2895,44100,1,0
Winds/Clarinet_Bb/ordinario/ClBb-ord-B5-ff-N-N.wav,clarinet,woodwind,7.8941,44100,1,0
Winds/Clarinet_Bb/ordinario/ClBb-ord-B5-mf-N-N.wav,clarinet,woodwind,7.0663,44100,1,0
Winds/Clarinet_Bb/ordinario/ClBb-ord-B5-pp-N-N.wav,clarinet,woodwind,6.7374,44100,1,0
Winds/Clarinet_Bb/ordinario/ClBb-ord-C#4-ff-N-T15u.wav,clarinet,woodwind,6.2789,44100,1,0
Winds/Clarinet_Bb/ordinario/ClBb-ord-C#4-mf-N-N.wav,clarinet,woodwind,6.3114,44100,1,0
Winds/Clarinet_Bb/ordinario/ClBb-ord-C#4-pp-N-N.wav,clarinet,woodwind,6.5441,44100,1,0
Winds/Clarinet_Bb/ordinario/ClBb-ord-C#5-ff-N-T13u.wav,clarinet,woodwind,6.9213,44100,1,0
Winds/Clarinet_Bb/ordinario/ClBb-ord-C#5-mf-N-N.wav,clarinet,woodwind,6.5483,44100,1,0
Winds/Clarinet_Bb/ordinario/ClBb-ord-C#5-pp-N-N.wav,clarinet,woodwind,6.4093,44100,1,0
Winds/Clarinet_Bb/ordinario/ClBb-ord-C#6-ff-N-N.wav,clarinet,woodwind,7.4047,44100,1,0
Winds/Clarinet_Bb/ordinario/ClBb-ord-C#6-mf-N-N.wav,clarinet,woodwind,7.273,44100,1,0
Winds/Clarinet_Bb/ordinario/ClBb-ord-C#6-pp-N-N.wav,clarinet,woodwind,6.7565,44100,1,0
Winds/Clarinet_Bb/ordinario/ClBb-ord-C4-ff-N-T33u.wav,clarinet,woodwind,6.4995,44100,1,0
Winds/Clarinet_Bb/ordinario/ClBb-ord-C4-mf-N-N.wav,clarinet,woodwind,6.3651,44100,1,0
Winds/Clarinet_Bb/ordinario/ClBb-ord-C4-pp-N-N.wav,clarinet,woodwind,6.4163,44100,1,0
Winds/Clarinet_Bb/ordinario/ClBb-ord-C5-ff-N-N.wav,clarinet,woodwind,7.0442,44100,1,0
Winds/Clarinet_Bb/ordinario/ClBb-ord-C5-mf-N-N.wav,clarinet,woodwind,6.8136,44100,1,0
Winds/Clarinet_Bb/ordinario/ClBb-ord-C5-pp-N-N.wav,clarinet,woodwind,6.6621,44100,1,0
Winds/Clarinet_Bb/ordinario/ClBb-ord-C6-ff-N-N.wav,clarinet,woodwind,7.0432,44100,1,0
Winds/Clarinet_Bb/ordinario/ClBb-ord-C6-mf-N-N.wav,clarinet,woodwind,6.8752,44100,1,0
Winds/Clarinet_Bb/ordinario/ClBb-ord-C6-pp-N-N.wav,clarinet,woodwind,6.949,44100,1,0
Winds/Clarinet_Bb/ordinario/ClBb-ord-D#3-ff-N-T35u.wav,clarinet,woodwind,6.4834,44100,1,0
Winds/Clarinet_Bb/ordinario/ClBb-ord-D#3-mf-N-N.wav,clarinet,woodwind,6.3127,44100,1,0
Winds/Clarinet_Bb/ordinario/ClBb-ord-D#3-pp-N-N.wav,clarinet,woodwind,6.3653,44100,1,0
Winds/Clarinet_Bb/ordinario/ClBb-ord-D#4-ff-N-T20u.wav,clarinet,woodwind,6.5288,44100,1,0
Winds/Clarinet_Bb/ordinario/ClBb-ord-D#4-mf-N-N.wav,clarinet,woodwind,6.4813,44100,1,0
Winds/Clarinet_Bb/ordinario/ClBb-ord-D#4-pp-N-T12d.wav,clarinet,woodwind,6.2376,44100,1,0
Winds/Clarinet_Bb/ordinario/ClBb-ord-D#5-ff-N-T11u.wav,clarinet,woodwind,6.7855,44100,1,0
Winds/Clarinet_Bb/ordinario/ClBb-ord-D#5-mf-N-N.wav,clarinet,woodwind,6.9864,44100,1,0
Winds/Clarinet_Bb/ordinario/ClBb-ord-D#5-pp-N-N.wav,clarinet,woodwind,6.9241,44100,1,0
Winds/Clarinet_Bb/ordinario/ClBb-ord-D#6-ff-N-N.wav,clarinet,woodwind,7.8015,44100,1,0
Winds/Clarinet_Bb/ordinario/ClBb-ord-D#6-mf-N-N.wav,clarinet,woodwind,6.8583,44100,1,0
Winds/Clarinet_Bb/ordinario/ClBb-ord-D#6-pp-N-N.wav,clarinet,woodwind,6.4067,44100,1,0
Winds/Clarinet_Bb/ordinario/ClBb-ord-D3-ff-N-T31u.wav,clarinet,woodwind,6.5563,44100,1,0
Winds/Clarinet_Bb/ordinario/ClBb-ord-D3-mf-N-N.wav,clarinet,woodwind,6.3707,44100,1,0
Winds/Clarinet_Bb/ordinario/ClBb-ord-D3-pp-N-N.wav,clarinet,woodwind,6.2662,44100,1,0
Winds/Clarinet_Bb/ordinario/ClBb-ord-D4-ff-N-T19u.wav,clarinet,woodwind,6.563,44100,1,0
Winds/Clarinet_Bb/ordinario/ClBb-ord-D4-mf-N-N.wav,clarinet,woodwind,6.5627,44100,1,0
Winds/Clarinet_Bb/ordinario/ClBb-ord-D4-pp-N-T12d.wav,clarinet,woodwind,6.1309,44100,1,0
Winds/Clarinet_Bb/ordinario/ClBb-ord-D5-ff-N-T14u.wav,clarinet,woodwind,6.9272,44100,1,0
Winds/Clarinet_Bb/ordinario/ClBb-ord-D5-mf-N-N.wav,clarinet,woodwind,6.5652,44100,1,0
Winds/Clarinet_Bb/ordinario/ClBb-ord-D5-pp-N-N.wav,clarinet,woodwind,6.5065,44100,1,0
Winds/Clarinet_Bb/ordinario/ClBb-ord-D6-ff-N-N.wav,clarinet,woodwind,7.7962,44100,1,0
Winds/Clarinet_Bb/ordinario/ClBb-ord-D6-mf-N-N.wav,clarinet,woodwind,7.2419,44100,1,0
Winds/Clarinet_Bb/ordinario/ClBb-ord-D6-pp-N-N.wav,clarinet,woodwind,6.3156,44100,1,0
Winds/Clarinet_Bb/ordinario/ClBb-ord-E3-ff-N-T20u.wav,clarinet,woodwind,6.5561,44100,1,0
Winds/Clarinet_Bb/ordinario/ClBb-ord-E3-mf-N-N.wav,clarinet,woodwind,6.4038,44100,1,0
Winds/Clarinet_Bb/ordinario/ClBb-ord-E3-pp-N-N.wav,clarinet,woodwind,6.5988,44100,1,0
Winds/Clarinet_Bb/ordinario/ClBb-ord-E4-ff-N-T30u.wav,clarinet,woodwind,6.3456,44100,1,0
Winds/Clarinet_Bb/ordinario/ClBb-ord-E4-mf-N-N.wav,clarinet,woodwind,6.2901,44100,1,0
Winds/Clarinet_Bb/ordinario/ClBb-ord-E4-pp-N-N.wav,clarinet,woodwind,6.4721,44100,1,0
Winds/Clarinet_Bb/ordinario/ClBb-ord-E5-ff-N-N.wav,clarinet,woodwind,6.9661,44100,1,0
Winds/Clarinet_Bb/ordinario/ClBb-ord-E5-mf-N-N.wav,clarinet,woodwind,7.0527,44100,1,0
Winds/Clarinet_Bb/ordinario/ClBb-ord-E5-pp-N-N.wav,clarinet,woodwind,6.8942,44100,1,0
Winds/Clarinet_Bb/ordinario/ClBb-ord-E6-ff-N-T10d.wav,clarinet,woodwind,7.4636,44100,1,0
Winds/Clarinet_Bb/ordinario/ClBb-ord-E6-mf-N-T19d.wav,clarinet,woodwind,6.9597,44100,1,0
Winds/Clarinet_Bb/ordinario/ClBb-ord-E6-pp-N-N.wav,clarinet,woodwind,7.0463,44100,1,0
Winds/Clarinet_Bb/ordinario/ClBb-ord-F#3-ff-N-T21u.wav,clarinet,woodwind,6.5724,44100,1,0
Winds/Clarinet_Bb/ordinario/ClBb-ord-F#3-mf-N-T15d.wav,clarinet,woodwind,6.4051,44100,1,0
Winds/Clarinet_Bb/ordinario/ClBb-ord-F#3-pp-N-N.wav,clarinet,woodwind,6.1532,44100,1,0
Winds/Clarinet_Bb/ordinario/ClBb-ord-F#4-ff-N-T24u.wav,clarinet,woodwind,6.4044,44100,1,0
Winds/Clarinet_Bb/ordinario/ClBb-ord-F#4-mf-N-N.wav,clarinet,woodwind,6.4036,44100,1,0
Winds/Clarinet_Bb/ordinario/ClBb-ord-F#4-pp-N-N.wav,clarinet,woodwind,6.2606,44100,1,0
Winds/Clarinet_Bb/ordinario/ClBb-ord-F#5-ff-N-N.wav,clarinet,woodwind,7.6183,44100,1,0
Winds/Clarinet_Bb/ordinario/ClBb-ord-F#5-mf-N-N.wav,clarinet,woodwind,7.6569,44100,1,0
Winds/Clarinet_Bb/ordinario/ClBb-ord-F#5-pp-N-T11d.wav,clarinet,woodwind,6.6342,44100,1,0
Winds/Clarinet_Bb/ordinario/ClBb-ord-F#6-ff-N-T15u.wav,clarinet,woodwind,6.5948,44100,1,0
Winds/Clarinet_Bb/ordinario/ClBb-ord-F#6-mf-N-T10u.wav,clarinet,woodwind,6.6191,44100,1,0
Winds/Clarinet_Bb/ordinario/ClBb-ord-F#6-pp-N-T16d.wav,clarinet,woodwind,6.2698,44100,1,0
Winds/Clarinet_Bb/ordinario/ClBb-ord-F3-ff-N-T16u.wav,clarinet,woodwind,6.0962,44100,1,0
Winds/Clarinet_Bb/ordinario/ClBb-ord-F3-mf-N-N.wav,clarinet,woodwind,7.2206,44100,1,0
Winds/Clarinet_Bb/ordinario/ClBb-ord-F3-pp-N-T10d.wav,clarinet,woodwind,6.3348,44100,1,0
Winds/Clarinet_Bb/ordinario/ClBb-ord-F4-ff-N-T13u.wav,clarinet,woodwind,6.5098,44100,1,0
Winds/Clarinet_Bb/ordinario/ClBb-ord-F4-mf-N-N.wav,clarinet,woodwind,6.5491,44100,1,0
Winds/Clarinet_Bb/ordinario/ClBb-ord-F4-pp-N-T14d.wav,clarinet,woodwind,6.3541,44100,1,0
Winds/Clarinet_Bb/ordinario/ClBb-ord-F5-ff-N-N.wav,clarinet,woodwind,8.0396,44100,1,0
Winds/Clarinet_Bb/ordinario/ClBb-ord-F5-mf-N-N.wav,clarinet,woodwind,7.591,44100,1,0
Winds/Clarinet_Bb/ordinario/ClBb-ord-F5-pp-N-N.wav,clarinet,woodwind,6.8468,44100,1,0
Winds/Clarinet_Bb/ordinario/ClBb-ord-F6-ff-N-T10u.wav,clarinet,woodwind,7.5336,44100,1,0
Winds/Clarinet_Bb/ordinario/ClBb-ord-F6-mf-N-N.wav,clarinet,woodwind,7.0049,44100,1,0
Winds/Clarinet_Bb/ordinario/ClBb-ord-F6-pp-N-N.wav,clarinet,woodwind,6.3703,44100,1,0
Winds/Clarinet_Bb/ordinario/ClBb-ord-G#3-ff-N-T19u.wav,clarinet,woodwind,6.5593,44100,1,0
Winds/Clarinet_Bb/ordinario/ClBb-ord-G#3-mf-N-N.wav,clarinet,woodwind,6.5424,44100,1,0
Winds/Clarinet_Bb/ordinario/ClBb-ord-G#3-pp-N-N.wav,clarinet,woodwind,6.5611,44100,1,0
Winds/Clarinet_Bb/ordinario/ClBb-ord-G#4-ff-N-N.wav,clarinet,woodwind,6.2148,44100,1,0
Winds/Clarinet_Bb/ordinario/ClBb-ord-G#4-mf-N-N.wav,clarinet,woodwind,6.29,44100,1,0
Winds/Clarinet_Bb/ordinario/ClBb-ord-G#4-pp-N-N.wav,clarinet,woodwind,6.1641,44100,1,0
Winds/Clarinet_Bb/ordinario/ClBb-ord-G#5-ff-N-N.wav,clarinet,woodwind,7.3245,44100,1,0
Winds/Clarinet_Bb/ordinario/ClBb-ord-G#5-mf-N-N.wav,clarinet,woodwind,6.9983,44100,1,0
Winds/Clarinet_Bb/ordinario/ClBb-ord-G#5-pp-N-N.wav,clarinet,woodwind,6.2527,44100,1,0
Winds/Clarinet_Bb/ordinario/ClBb-ord-G3-ff-N-T20u.wav,clarinet,woodwind,6.7169,44100,1,0
Winds/Clarinet_Bb/ordinario/ClBb-ord-G3-mf-N-N.wav,clarinet,woodwind,6.9455,44100,1,0
Winds/Clarinet_Bb/ordinario/ClBb-ord-G3-pp-N-T12d.wav,clarinet,woodwind,6.6104,44100,1,0
Winds/Clarinet_Bb/ordinario/ClBb-ord-G4-ff-N-T30u.wav,clarinet,woodwind,6.4534,44100,1,0
Winds/Clarinet_Bb/ordinario/ClBb-ord-G4-mf-N-N.wav,clarinet,woodwind,6.3293,44100,1,0
Winds/Clarinet_Bb/ordinario/ClBb-ord-G4-pp-N-N.wav,clarinet,woodwind,6.2231,44100,1,0
Winds/Clarinet_Bb/ordinario/ClBb-ord-G5-ff-N-T12u.wav,clarinet,woodwind,6.8195,44100,1,0
Winds/Clarinet_Bb/ordinario/ClBb-ord-G5-mf-N-N.wav,clarinet,woodwind,6.8698,44100,1,0
Winds/Clarinet_Bb/ordinario/ClBb-ord-G5-pp-N-N.wav,clarinet,woodwind,7.5137,44100,1,0
Winds/Clarinet_Bb/ordinario/ClBb-ord-G6-ff-N-N.wav,clarinet,woodwind,7.6308,44100,1,0
Winds/Clarinet_Bb/ordinario/ClBb-ord-G6-mf-N-N.wav,clarinet,woodwind,6.7521,44100,1,0
Winds/Clarinet_Bb/ordinario/ClBb-ord-G6-pp-N-N.wav,clarinet,woodwind,6.2263,44100,1,0
Winds/Flute/ordinario/Fl-ord-A#4-ff-N-N.wav,flute,woodwind,6.6419,44100,1,0
Winds/Flute/ordinario/Fl-ord-A#4-mf-N-N.wav,flute,woodwind,6.609,44100,1,0
Winds/Flute/ordinario/Fl-ord-A#4-pp-N-T11u.wav,flute,woodwind,6.5298,44100,1,0
Winds/Flute/ordinario/Fl-ord-A#5-ff-N-T21d.wav,flute,woodwind,6.9551,44100,1,0
Winds/Flute/ordinario/Fl-ord-A#5-mf-N-T18d.wav,flute,woodwind,6.7726,44100,1,0
Winds/Flute/ordinario/Fl-ord-A#5-pp-N-N.wav,flute,woodwind,6.0085,44100,1,0
Winds/Flute/ordinario/Fl-ord-A#6-ff-N-T15d.wav,flute,woodwind,6.4111,44100,1,0
Winds/Flute/ordinario/Fl-ord-A#6-mf-N-T11d.wav,flute,woodwind,5.7246,44100,1,0
Winds/Flute/ordinario/Fl-ord-A#6-pp-N-N.wav,flute,woodwind,5.9977,44100,1,0
Winds/Flute/ordinario/Fl-ord-A4-ff-N-N.wav,flute,woodwind,6.4066,44100,1,0
Winds/Flute/ordinario/Fl-ord-A4-mf-N-N.wav,flute,woodwind,6.2461,44100,1,0
Winds/Flute/ordinario/Fl-ord-A4-pp-N-T18u.wav,flute,woodwind,6.3866,44100,1,0
Winds/Flute/ordinario/Fl-ord-A5-ff-N-T22d.wav,flute,woodwind,6.6681,44100,1,0
Winds/Flute/ordinario/Fl-ord-A5-mf-N-T11d.wav,flute,woodwind,6.1882,44100,1,0
Winds/Flute/ordinario/Fl-ord-A5-pp-N-N.wav,flute,woodwind,6.0634,44100,1,0
Winds/Flute/ordinario/Fl-ord-A6-ff-N-T13d.wav,flute,woodwind,6.9522,44100,1,0
Winds/Flute/ordinario/Fl-ord-A6-mf-N-N.wav,flute,woodwind,6.7867,44100,1,0
Winds/Flute/ordinario/Fl-ord-A6-pp-N-N.wav,flute,woodwind,6.427,44100,1,0
Winds/Flute/ordinario/Fl-ord-B3-ff-N-N.wav,flute,woodwind,6.2095,44100,1,0
Winds/Flute/ordinario/Fl-ord-B3-mf-N-N.wav,flute,woodwind,5.6465,44100,1,0
Winds/Flute/ordinario/Fl-ord-B3-pp-N-T19u.wav,flute,woodwind,5.7321,44100,1,0
Winds/Flute/ordinario/Fl-ord-B4-ff-N-T10d.wav,flute,woodwind,6.5234,44100,1,0
Winds/Flute/ordinario/Fl-ord-B4-mf-N-N.wav,flute,woodwind,6.3174,44100,1,0
Winds/Flute/ordinario/Fl-ord-B4-pp-N-N.wav,flute,woodwind,6.1024,44100,1,0
Winds/Flute/ordinario/Fl-ord-B5-ff-N-T20d.wav,flute,woodwind,6.5164,44100,1,0
Winds/Flute/ordinario/Fl-ord-B5-mf-N-T17d.wav,flute,woodwind,6.2872,44100,1,0
Winds/Flute/ordinario/Fl-ord-B5-pp-N-N.wav,flute,woodwind,5.9796,44100,1,0
Winds/Flute/ordinario/Fl-ord-B6-ff-N-T21d.wav,flute,woodwind,7.0205,44100,1,0
Winds/Flute/ordinario/Fl-ord-B6-mf-N-N.wav,flute,woodwind,6.2972,44100,1,0
Winds/Flute/ordinario/Fl-ord-B6-pp-N-T11u.wav,flute,woodwind,7.9875,44100,1,0
Winds/Flute/ordinario/Fl-ord-C#4-ff-N-N.wav,flute,woodwind,6.387,44100,1,0
Winds/Flute/ordinario/Fl-ord-C#4-mf-N-N.wav,flute,woodwind,6.1273,44100,1,0
Winds/Flute/ordinario/Fl-ord-C#4-pp-N-N.wav,flute,woodwind,6.2472,44100,1,0
Winds/Flute/ordinario/Fl-ord-C#5-ff-N-N.wav,flute,woodwind,6.4895,44100,1,0
Winds/Flute/ordinario/Fl-ord-C#5-mf-N-N.wav,flute,woodwind,6.2343,44100,1,0
Winds/Flute/ordinario/Fl-ord-C#5-pp-N-T10u.wav,flute,woodwind,6.2166,44100,1,0
Winds/Flute/ordinario/Fl-ord-C#6-ff-N-T30d.wav,flute,woodwind,7.7814,44100,1,0
Winds/Flute/ordinario/Fl-ord-C#6-mf-N-T15d.wav,flute,woodwind,6.7925,44100,1,0
Winds/Flute/ordinario/Fl-ord-C#6-pp-N-T12d.wav,flute,woodwind,6.5323,44100,1,0
Winds/Flute/ordinario/Fl-ord-C#7-ff-N-N.wav,flute,woodwind,5.7278,44100,1,0
Winds/Flute/ordinario/Fl-ord-C#7-p-N-T12u.wav,flute,woodwind,4.7259,44100,1,0
Winds/Flute/ordinario/Fl-ord-C4-ff-N-N.wav,flute,woodwind,6.2345,44100,1,0
Winds/Flute/ordinario/Fl-ord-C4-mf-N-T14d.wav,flute,woodwind,6.1773,44100,1,0
Winds/Flute/ordinario/Fl-ord-C4-pp-N-N.wav,flute,woodwind,6.4395,44100,1,0
Winds/Flute/ordinario/Fl-ord-C5-ff-N-T19d.wav,flute,woodwind,6.6666,44100,1,0
Winds/Flute/ordinario/Fl-ord-C5-mf-N-T17d.wav,flute,woodwind,6.6702,44100,1,0
Winds/Flute/ordinario/Fl-ord-C5-pp-N-N.wav,flute,woodwind,6.2722,44100,1,0
Winds/Flute/ordinario/Fl-ord-C6-ff-N-T38d.wav,flute,woodwind,7.1902,44100,1,0
Winds/Flute/ordinario/Fl-ord-C6-mf-N-T25d.wav,flute,woodwind,6.5646,44100,1,0
Winds/Flute/ordinario/Fl-ord-C6-pp-N-N.wav,flute,woodwind,6.4046,44100,1,0
Winds/Flute/ordinario/Fl-ord-C7-ff-N-N.wav,flute,woodwind,5.0688,44100,1,0
Winds/Flute/ordinario/Fl-ord-C7-mf-N-N.wav,flute,woodwind,4.877,44100,1,0
Winds/Flute/ordinario/Fl-ord-C7-pp-N-N.wav,flute,woodwind,6.3968,44100,1,0
Winds/Flute/ordinario/Fl-ord-D#4-ff-N-N.wav,flute,woodwind,6.6428,44100,1,0
Winds/Flute/ordinario/Fl-ord-D#4-mf-N-N.wav,flute,woodwind,6.1143,44100,1,0
Winds/Flute/ordinario/Fl-ord-D#4-pp-N-N.wav,flute,woodwind,6.0824,44100,1,0
Winds/Flute/ordinario/Fl-ord-D#5-ff-N-N.wav,flute,woodwind,6.6237,44100,1,0
Winds/Flute/ordinario/Fl-ord-D#5-mf-N-N.wav,flute,woodwind,6.4045,44100,1,0
Winds/Flute/ordinario/Fl-ord-D#5-pp-N-T10u.wav,flute,woodwind,6.396,44100,1,0
Winds/Flute/ordinario/Fl-ord-D#6-ff-N-T16d.wav,flute,woodwind,6.844,44100,1,0
Winds/Flute/ordinario/Fl-ord-D#6-mf-N-T12d.wav,flute,woodwind,6.4535,44100,1,0
Winds/Flute/ordinario/Fl-ord-D#6-pp-N-N.wav,flute,woodwind,6.1844,44100,1,0
Winds/Flute/ordinario/Fl-ord-D4-ff-N-N.wav,flute,woodwind,8.8515,44100,1,0
Winds/Flute/ordinario/Fl-ord-D4-mf-N-N.wav,flute,woodwind,6.1425,44100,1,0
Winds/Flute/ordinario/Fl-ord-D4-pp-N-N.wav,flute,woodwind,6.2721,44100,1,0
Winds/Flute/ordinario/Fl-ord-D5-ff-N-N.wav,flute,woodwind,6.4101,44100,1,0
Winds/Flute/ordinario/Fl-ord-D5-mf-N-T11d.wav,flute,woodwind,6.5056,44100,1,0
Winds/Flute/ordinario/Fl-ord-D5-pp-N-N.wav,flute,woodwind,6.0875,44100,1,0
Winds/Flute/ordinario/Fl-ord-D6-ff-N-T20d.wav,flute,woodwind,6.4583,44100,1,0
Winds/Flute/ordinario/Fl-ord-D6-mf-N-T11d.wav,flute,woodwind,6.6161,44100,1,0
Winds/Flute/ordinario/Fl-ord-D6-pp-N-N.wav,flute,woodwind,6.2629,44100,1,0
Winds/Flute/ordinario/Fl-ord-D7-ff-N-N.wav,flute,woodwind,3.5472,44100,1,0
Winds/Flute/ordinario/Fl-ord-D7-p-N-N.wav,flute,woodwind,4.8082,44100,1,0
Winds/Flute/ordinario/Fl-ord-E4-ff-N-N.wav,flute,woodwind,6.3315,44100,1,0
Winds/Flute/ordinario/Fl-ord-E4-mf-N-N.wav,flute,woodwind,6.573,44100,1,0
Winds/Flute/ordinario/Fl-ord-E4-pp-N-N.wav,flute,woodwind,6.0057,44100,1,0
Winds/Flute/ordinario/Fl-ord-E5-ff-N-N.wav,flute,woodwind,6.7174,44100,1,0
Winds/Flute/ordinario/Fl-ord-E5-mf-N-N.wav,flute,woodwind,6.2815,44100,1,0
Winds/Flute/ordinario/Fl-ord-E5-pp-N-T13u.wav,flute,woodwind,6.5313,44100,1,0
Winds/Flute/ordinario/Fl-ord-E6-ff-N-T25d.wav,flute,woodwind,7.683,44100,1,0
Winds/Flute/ordinario/Fl-ord-E6-mf-N-T17d.wav,flute,woodwind,6.2217,44100,1,0
Winds/Flute/ordinario/Fl-ord-E6-pp-N-N.wav,flute,woodwind,6.6432,44100,1,0
Winds/Flute/ordinario/Fl-ord-F#4-ff-N-N.wav,flute,woodwind,6.3783,44100,1,0
Winds/Flute/ordinario/Fl-ord-F#4-mf-N-N.wav,flute,woodwind,6.2834,44100,1,0
Winds/Flute/ordinario/Fl-ord-F#4-pp-N-N.wav,flute,woodwind,6.0591,44100,1,0
Winds/Flute/ordinario/Fl-ord-F#5-ff-N-T11d.wav,flute,woodwind,7.0651,44100,1,0
Winds/Flute/ordinario/Fl-ord-F#5-mf-N-N.wav,flute,woodwind,6.2675,44100,1,0
Winds/Flute/ordinario/Fl-ord-F#5-pp-N-N.wav,flute,woodwind,6.2737,44100,1,0
Winds/Flute/ordinario/Fl-ord-F#6-ff-N-T19d.wav,flute,woodwind,6.6242,44100,1,0
Winds/Flute/ordinario/Fl-ord-F#6-mf-N-T10d.wav,flute,woodwind,6.7259,44100,1,0
Winds/Flute/ordinario/Fl-ord-F#6-pp-N-N.wav,flute,woodwind,5.9994,44100,1,0
Winds/Flute/ordinario/Fl-ord-F4-ff-N-N.wav,flute,woodwind,6.4056,44100,1,0
Winds/Flute/ordinario/Fl-ord-F4-mf-N-N.wav,flute,woodwind,6.352,44100,1,0
Winds/Flute/ordinario/Fl-ord-F4-pp-N-N.wav,flute,woodwind,6.4377,44100,1,0
Winds/Flute/ordinario/Fl-ord-F5-ff-N-T13d.wav,flute,woodwind,6.5848,44100,1,0
Winds/Flute/ordinario/Fl-ord-F5-mf-N-N.wav,flute,woodwind,6.5182,44100,1,0
Winds/Flute/ordinario/Fl-ord-F5-pp-N-N.wav,flute,woodwind,6.3592,44100,1,0
Winds/Flute/ordinario/Fl-ord-F6-ff-N-T15d.wav,flute,woodwind,7.0856,44100,1,0
Winds/Flute/ordinario/Fl-ord-F6-mf-N-N.wav,flute,woodwind,6.6454,44100,1,0
Winds/Flute/ordinario/Fl-ord-F6-pp-N-N.wav,flute,woodwind,6.6329,44100,1,0
Winds/Flute/ordinario/Fl-ord-G#4-ff-N-N.wav,flute,woodwind,6.8011,44100,1,0
Winds/Flute/ordinario/Fl-ord-G#4-mf-N-N.wav,flute,woodwind,6.5498,44100,1,0
Winds/Flute/ordinario/Fl-ord-G#4-pp-N-N.wav,flute,woodwind,6.0711,44100,1,0
Winds/Flute/ordinario/Fl-ord-G#5-ff-N-T19d.wav,flute,woodwind,6.8355,44100,1,0
Winds/Flute/ordinario/Fl-ord-G#5-mf-N-N.wav,flute,woodwind,6.425,44100,1,0
Winds/Flute/ordinario/Fl-ord-G#5-pp-N-N.wav,flute,woodwind,6.3347,44100,1,0
Winds/Flute/ordinario/Fl-ord-G#6-ff-N-T17d.wav,flute,woodwind,6.811,44100,1,0
Winds/Flute/ordinario/Fl-ord-G#6-mf-N-T14d.wav,flute,woodwind,6.9005,44100,1,0
Winds/Flute/ordinario/Fl-ord-G#6-pp-N-N.wav,flute,woodwind,6.4714,44100,1,0
Winds/Flute/ordinario/Fl-ord-G4-ff-N-N.wav,flute,woodwind,6.9549,44100,1,0
Winds/Flute/ordinario/Fl-ord-G4-mf-N-N.wav,flute,woodwind,6.6477,44100,1,0
Winds/Flute/ordinario/Fl-ord-G4-pp-N-N.wav,flute,woodwind,6.2302,44100,1,0
Winds/Flute/ordinario/Fl-ord-G5-ff-N-T14d.wav,flute,woodwind,6.5031,44100,1,0
Winds/Flute/ordinario/Fl-ord-G5-mf-N-T16d.wav,flute,woodwind,6.5857,44100,1,0
Winds/Flute/ordinario/Fl-ord-G5-pp-N-T11u.wav,flute,woodwind,6.3311,44100,1,0
Winds/Flute/ordinario/Fl-ord-G6-ff-N-N.wav,flute,woodwind,6.8502,44100,1,0
Winds/Flute/ordinario/Fl-ord-G6-mf-N-N.wav,flute,woodwind,6.7864,44100,1,0
Winds/Flute/ordinario/Fl-ord-G6-pp-N-N.wav,flute,woodwind,6.7886,44100,1,0
Winds/Oboe/ordinario/Ob-ord-A#3-ff-N-T10d.wav,oboe,woodwind,7.161,44100,1,0
Winds/Oboe/ordinario/Ob-ord-A#3-mf-N-N.wav,oboe,woodwind,7.3763,44100,1,0
Winds/Oboe/ordinario/Ob-ord-A#3-pp-N-T12d.wav,oboe,woodwind,6.692,44100,1,0
Winds/Oboe/ordinario/Ob-ord-A#4-ff-N-N.wav,oboe,woodwind,7.7425,44100,1,0
Winds/Oboe/ordinario/Ob-ord-A#4-mf-N-R100u.wav,oboe,woodwind,6.3775,44100,1,0
Winds/Oboe/ordinario/Ob-ord-A#4-pp-N-N.wav,oboe,woodwind,6.4434,44100,1,0
Winds/Oboe/ordinario/Ob-ord-A#5-ff-N-N.wav,oboe,woodwind,6.5915,44100,1,0
Winds/Oboe/ordinario/Ob-ord-A#5-mf-N-N.wav,oboe,woodwind,6.8868,44100,1,0
Winds/Oboe/ordinario/Ob-ord-A#5-pp-N-T14u.wav,oboe,woodwind,6.2534,44100,1,0
Winds/Oboe/ordinario/Ob-ord-A4-ff-N-N.wav,oboe,woodwind,6.7115,44100,1,0
Winds/Oboe/ordinario/Ob-ord-A4-mf-N-N.wav,oboe,woodwind,6.7567,44100,1,0
Winds/Oboe/ordinario/Ob-ord-A4-pp-N-N.wav,oboe,woodwind,6.1966,44100,1,0
Winds/Oboe/ordinario/Ob-ord-A5-ff-N-T19u.wav,oboe,woodwind,6.9641,44100,1,0
Winds/Oboe/ordinario/Ob-ord-A5-mf-N-T11u.wav,oboe,woodwind,6.7765,44100,1,0
Winds/Oboe/ordinario/Ob-ord-A5-pp-N-N.wav,oboe,woodwind,6.4354,44100,1,0
Winds/Oboe/ordinario/Ob-ord-A6-ff-N-T18u.wav,oboe,woodwind,6.8747,44100,1,0
Winds/Oboe/ordinario/Ob-ord-A6-pp-N-N.wav,oboe,woodwind,6.7141,44100,1,0
Winds/Oboe/ordinario/Ob-ord-B3-ff-N-N.wav,oboe,woodwind,7.5067,44100,1,0
Winds/Oboe/ordinario/Ob-ord-B3-mf-N-N.wav,oboe,woodwind,7.1178,44100,1,0
Winds/Oboe/ordinario/Ob-ord-B3-pp-N-N.wav,oboe,woodwind,7.0447,44100,1,0
Winds/Oboe/ordinario/Ob-ord-B4-ff-N-T13d.wav,oboe,woodwind,6.574,44100,1,0
Winds/Oboe/ordinario/Ob-ord-B4-mf-N-N.wav,oboe,woodwind,6.5402,44100,1,0
Winds/Oboe/ordinario/Ob-ord-B4-pp-N-N.wav,oboe,woodwind,6.4365,44100,1,0
Winds/Oboe/ordinario/Ob-ord-B5-ff-N-T11u.wav,oboe,woodwind,6.3663,44100,1,0
Winds/Oboe/ordinario/Ob-ord-B5-mf-N-T12u.wav,oboe,woodwind,6.6964,44100,1,0
Winds/Oboe/ordinario/Ob-ord-B5-pp-N-T20u.wav,oboe,woodwind,6.3375,44100,1,0
Winds/Oboe/ordinario/Ob-ord-C#4-ff-N-N.wav,oboe,woodwind,7.2337,44100,1,0
Winds/Oboe/ordinario/Ob-ord-C#4-mf-N-N.wav,oboe,woodwind,6.886,44100,1,0
Winds/Oboe/ordinario/Ob-ord-C#4-pp-N-R100u.wav,oboe,woodwind,6.422,44100,1,0
Winds/Oboe/ordinario/Ob-ord-C#5-ff-N-N.wav,oboe,woodwind,6.7527,44100,1,0
Winds/Oboe/ordinario/Ob-ord-C#5-mf-N-N.wav,oboe,woodwind,6.7962,44100,1,0
Winds/Oboe/ordinario/Ob-ord-C#5-pp-N-N.wav,oboe,woodwind,7.0454,44100,1,0
Winds/Oboe/ordinario/Ob-ord-C#6-ff-N-N.wav,oboe,woodwind,7.2944,44100,1,0
Winds/Oboe/ordinario/Ob-ord-C#6-mf-N-N.wav,oboe,woodwind,7.4003,44100,1,0
Winds/Oboe/ordinario/Ob-ord-C#6-pp-N-T10u.wav,oboe,woodwind,6.9222,44100,1,0
Winds/Oboe/ordinario/Ob-ord-C4-ff-N-N.wav,oboe,woodwind,7.3863,44100,1,0
Winds/Oboe/ordinario/Ob-ord-C4-mf-N-N.wav,oboe,woodwind,6.9828,44100,1,0
Winds/Oboe/ordinario/Ob-ord-C4-pp-N-N.wav,oboe,woodwind,6.8039,44100,1,0
Winds/Oboe/ordinario/Ob-ord-C5-ff-N-N.wav,oboe,woodwind,6.5321,44100,1,0
Winds/Oboe/ordinario/Ob-ord-C5-mf-N-N.wav,oboe,woodwind,6.4583,44100,1,0
Winds/Oboe/ordinario/Ob-ord-C5-pp-N-N.wav,oboe,woodwind,5.9063,44100,1,0
Winds/Oboe/ordinario/Ob-ord-C6-ff-N-N.wav,oboe,woodwind,6.6321,44100,1,0
Winds/Oboe/ordinario/Ob-ord-C6-mf-N-N.wav,oboe,woodwind,6.6234,44100,1,0
Winds/Oboe/ordinario/Ob-ord-C6-pp-N-T13u.wav,oboe,woodwind,6.5026,44100,1,0
Winds/Oboe/ordinario/Ob-ord-D#4-ff-N-N.wav,oboe,woodwind,7.0121,44100,1,0
Winds/Oboe/ordinario/Ob-ord-D#4-mf-N-N.wav,oboe,woodwind,6.6161,44100,1,0
Winds/Oboe/ordinario/Ob-ord-D#4-pp-N-N.wav,oboe,woodwind,6.5059,44100,1,0
Winds/Oboe/ordinario/Ob-ord-D#5-ff-N-N.wav,oboe,woodwind,7.115,44100,1,0
Winds/Oboe/ordinario/Ob-ord-D#5-mf-N-N.wav,oboe,woodwind,6.924,44100,1,0
Winds/Oboe/ordinario/Ob-ord-D#5-pp-N-N.wav,oboe,woodwind,6.8912,44100,1,0
Winds/Oboe/ordinario/Ob-ord-D#6-ff-N-N.wav,oboe,woodwind,6.888,44100,1,0
Winds/Oboe/ordinario/Ob-ord-D#6-mf-N-N.wav,oboe,woodwind,6.7235,44100,1,0
Winds/Oboe/ordinario/Ob-ord-D#6-pp-N-N.wav,oboe,woodwind,6.3165,44100,1,0
Winds/Oboe/ordinario/Ob-ord-D4-ff-N-N.wav,oboe,woodwind,6.8096,44100,1,0
Winds/Oboe/ordinario/Ob-ord-D4-mf-N-N.wav,oboe,woodwind,6.9376,44100,1,0
Winds/Oboe/ordinario/Ob-ord-D4-pp-N-N.wav,oboe,woodwind,7.0577,44100,1,0
Winds/Oboe/ordinario/Ob-ord-D5-ff-N-N.wav,oboe,woodwind,6.8952,44100,1,0
Winds/Oboe/ordinario/Ob-ord-D5-mf-N-N.wav,oboe,woodwind,6.9902,44100,1,0
Winds/Oboe/ordinario/Ob-ord-D5-pp-N-N.wav,oboe,woodwind,6.1628,44100,1,0
Winds/Oboe/ordinario/Ob-ord-D6-ff-N-R100u.wav,oboe,woodwind,6.885,44100,1,0
Winds/Oboe/ordinario/Ob-ord-D6-mf-N-N.wav,oboe,woodwind,6.9641,44100,1,0
Winds/Oboe/ordinario/Ob-ord-D6-pp-N-N.wav,oboe,woodwind,6.2388,44100,1,0
Winds/Oboe/ordinario/Ob-ord-E4-ff-N-N.wav,oboe,woodwind,6.538,44100,1,0
Winds/Oboe/ordinario/Ob-ord-E4-mf-N-N.wav,oboe,woodwind,6.6602,44100,1,0
Winds/Oboe/ordinario/Ob-ord-E4-pp-N-R100u.wav,oboe,woodwind,6.1407,44100,1,0
Winds/Oboe/ordinario/Ob-ord-E5-ff-N-N.wav,oboe,woodwind,6.8029,44100,1,0
Winds/Oboe/ordinario/Ob-ord-E5-mf-N-T10u.wav,oboe,woodwind,6.586,44100,1,0
Winds/Oboe/ordinario/Ob-ord-E5-pp-N-N.wav,oboe,woodwind,6.785,44100,1,0
Winds/Oboe/ordinario/Ob-ord-E6-ff-N-N.wav,oboe,woodwind,7.4283,44100,1,0
Winds/Oboe/ordinario/Ob-ord-E6-mf-N-T22u.wav,oboe,woodwind,7.1061,44100,1,0
Winds/Oboe/ordinario/Ob-ord-E6-pp-N-T23u.wav,oboe,woodwind,6.4303,44100,1,0
Winds/Oboe/ordinario/Ob-ord-F#4-ff-N-T11d.wav,oboe,woodwind,7.5405,44100,1,0
Winds/Oboe/ordinario/Ob-ord-F#4-mf-N-N.wav,oboe,woodwind,6.7552,44100,1,0
Winds/Oboe/ordinario/Ob-ord-F#4-pp-N-N.wav,oboe,woodwind,6.4344,44100,1,0
Winds/Oboe/ordinario/Ob-ord-F#5-ff-N-N.wav,oboe,woodwind,6.7462,44100,1,0
Winds/Oboe/ordinario/Ob-ord-F#5-mf-N-N.wav,oboe,woodwind,6.6059,44100,1,0
Winds/Oboe/ordinario/Ob-ord-F#5-pp-N-T12d.wav,oboe,woodwind,6.4522,44100,1,0
Winds/Oboe/ordinario/Ob-ord-F#6-ff-N-T12u.wav,oboe,woodwind,6.8862,44100,1,0
Winds/Oboe/ordinario/Ob-ord-F#6-mf-N-T12u.wav,oboe,woodwind,6.7629,44100,1,0
Winds/Oboe/ordinario/Ob-ord-F#6-pp-N-N.wav,oboe,woodwind,6.6407,44100,1,0
Winds/Oboe/ordinario/Ob-ord-F4-ff-N-N.wav,oboe,woodwind,6.6584,44100,1,0
Winds/Oboe/ordinario/Ob-ord-F4-mf-N-N.wav,oboe,woodwind,6.8239,44100,1,0
Winds/Oboe/ordinario/Ob-ord-F4-pp-N-N.wav,oboe,woodwind,6.0789,44100,1,0
Winds/Oboe/ordinario/Ob-ord-F5-ff-N-T10u.wav,oboe,woodwind,6.7823,44100,1,0
Winds/Oboe/ordinario/Ob-ord-F5-mf-N-T12u.wav,oboe,woodwind,7.0259,44100,1,0
Winds/Oboe/ordinario/Ob-ord-F5-pp-N-N.wav,oboe,woodwind,5.7822,44100,1,0
Winds/Oboe/ordinario/Ob-ord-F6-ff-N-N.wav,oboe,woodwind,6.695,44100,1,0
Winds/Oboe/ordinario/Ob-ord-F6-mf-N-N.wav,oboe,woodwind,6.6084,44100,1,0
Winds/Oboe/ordinario/Ob-ord-F6-pp-N-T11u.wav,oboe,woodwind,6.6726,44100,1,0
Winds/Oboe/ordinario/Ob-ord-G#4-ff-N-N.wav,oboe,woodwind,6.6319,44100,1,0
Winds/Oboe/ordinario/Ob-ord-G#4-mf-N-N.wav,oboe,woodwind,6.7717,44100,1,0
Winds/Oboe/ordinario/Ob-ord-G#4-pp-N-N.wav,oboe,woodwind,6.2167,44100,1,0
Winds/Oboe/ordinario/Ob-ord-G#5-ff-N-N.wav,oboe,woodwind,6.805,44100,1,0
Winds/Oboe/ordinario/Ob-ord-G#5-mf-N-N.wav,oboe,woodwind,6.8531,44100,1,0
Winds/Oboe/ordinario/Ob-ord-G#5-pp-N-T11u.wav,oboe,woodwind,4.7696,44100,1,0
Winds/Oboe/ordinario/Ob-ord-G#6-ff-N-N.wav,oboe,woodwind,6.6272,44100,1,0
Winds/Oboe/ordinario/Ob-ord-G#6-mf-N-N.wav,oboe,woodwind,6.822,44100,1,0
Winds/Oboe/ordinario/Ob-ord-G#6-pp-N-T12d.wav,oboe,woodwind,6.5627,44100,1,0
Winds/Oboe/ordinario/Ob-ord-G4-ff-N-N.wav,oboe,woodwind,6.7013,44100,1,0
Winds/Oboe/ordinario/Ob-ord-G4-mf-N-R100u.wav,oboe,woodwind,6.3761,44100,1,0
Winds/Oboe/ordinario/Ob-ord-G4-pp-N-N.wav,oboe,woodwind,6.8069,44100,1,0
Winds/Oboe/ordinario/Ob-ord-G5-ff-N-N.wav,oboe,woodwind,6.6528,44100,1,0
Winds/Oboe/ordinario/Ob-ord-G5-mf-N-N.wav,oboe,woodwind,6.9571,44100,1,0
Winds/Oboe/ordinario/Ob-ord-G5-pp-N-N.wav,oboe,woodwind,6.5798,44100,1,0
Winds/Oboe/ordinario/Ob-ord-G6-ff-N-T16u.wav,oboe,woodwind,6.7149,44100,1,0
Winds/Oboe/ordinario/Ob-ord-G6-mf-N-T15u.wav,oboe,woodwind,6.7405,44100,1,0
Winds/Oboe/ordinario/Ob-ord-G6-pp-N-T19u.wav,oboe,woodwind,6.7193,44100,1,0
