source_path,trimmed_path,label,split,is_phrase
Brass/Bass_Tuba/ordinario/BTb-ord-A#1-ff-N-T30d.wav,work/trimmed/Brass/Bass_Tuba/ordinario/BTb-ord-A#1-ff-N-T30d.wav,tuba,train,0
Brass/Bass_Tuba/ordinario/BTb-ord-A#1-mf-N-N.wav,work/trimmed/Brass/Bass_Tuba/ordinario/BTb-ord-A#1-mf-N-N.wav,tuba,train,0
Brass/Bass_Tuba/ordinario/BTb-ord-A#1-pp-N-N.wav,work/trimmed/Brass/Bass_Tuba/ordinario/BTb-ord-A#1-pp-N-N.wav,tuba,train,0
Brass/Bass_Tuba/ordinario/BTb-ord-A#2-ff-N-T19u.wav,work/trimmed/Brass/Bass_Tuba/ordinario/BTb-ord-A#2-ff-N-T19u.wav,tuba,test,0
Brass/Bass_Tuba/ordinario/BTb-ord-A#2-mf-N-T29u.wav,work/trimmed/Brass/Bass_Tuba/ordinario/BTb-ord-A#2-mf-N-T29u.wav,tuba,test,0
Brass/Bass_Tuba/ordinario/BTb-ord-A#2-pp-N-N.wav,work/trimmed/Brass/Bass_Tuba/ordinario/BTb-ord-A#2-pp-N-N.wav,tuba,test,0
Brass/Bass_Tuba/ordinario/BTb-ord-A#3-ff-N-N.wav,work/trimmed/Brass/Bass_Tuba/ordinario/BTb-ord-A#3-ff-N-N.wav,tuba,train,0
Brass/Bass_Tuba/ordinario/BTb-ord-A#3-mf-N-T14u.wav,work/trimmed/Brass/Bass_Tuba/ordinario/BTb-ord-A#3-mf-N-T14u.wav,tuba,train,0
Brass/Bass_Tuba/ordinario/BTb-ord-A#3-pp-N-T13d.wav,work/trimmed/Brass/Bass_Tuba/ordinario/BTb-ord-A#3-pp-N-T13d.wav,tuba,train,0
Brass/Bass_Tuba/ordinario/BTb-ord-A1-ff-N-T19d.wav,work/trimmed/Brass/Bass_Tuba/ordinario/BTb-ord-A1-ff-N-T19d.wav,tuba,test,0
Brass/Bass_Tuba/ordinario/BTb-ord-A1-mf-N-T33u.wav,work/trimmed/Brass/Bass_Tuba/ordinario/BTb-ord-A1-mf-N-T33u.wav,tuba,test,0
Brass/Bass_Tuba/ordinario/BTb-ord-A1-pp-N-T23d.wav,work/trimmed/Brass/Bass_Tuba/ordinario/BTb-ord-A1-pp-N-T23d.wav,tuba,test,0
Brass/Bass_Tuba/ordinario/BTb-ord-A2-ff-N-N.wav,work/trimmed/Brass/Bass_Tuba/ordinario/BTb-ord-A2-ff-N-N.wav,tuba,val,0
Brass/Bass_Tuba/ordinario/BTb-ord-A2-mf-N-T29u.wav,work/trimmed/Brass/Bass_Tuba/ordinario/BTb-ord-A2-mf-N-T29u.wav,tuba,val,0
Brass/Bass_Tuba/ordinario/BTb-ord-A2-pp-N-T15u.wav,work/trimmed/Brass/Bass_Tuba/ordinario/BTb-ord-A2-pp-N-T15u.wav,tuba,val,0
Brass/Bass_Tuba/ordinario/BTb-ord-A3-ff-N-N.wav,work/trimmed/Brass/Bass_Tuba/ordinario/BTb-ord-A3-ff-N-N.wav,tuba,train,0
Brass/Bass_Tuba/ordinario/BTb-ord-A3-mf-N-N.wav,work/trimmed/Brass/Bass_Tuba/ordinario/BTb-ord-A3-mf-N-N.wav,tuba,train,0
Brass/Bass_Tuba/ordinario/BTb-ord-A3-pp-N-N.wav,work/trimmed/Brass/Bass_Tuba/ordinario/BTb-ord-A3-pp-N-N.wav,tuba,train,0
Brass/Bass_Tuba/ordinario/BTb-ord-B1-ff-N-N.wav,work/trimmed/Brass/Bass_Tuba/ordinario/BTb-ord-B1-ff-N-N.wav,tuba,train,0
Brass/Bass_Tuba/ordinario/BTb-ord-B1-mf-N-T16u.wav,work/trimmed/Brass/Bass_Tuba/ordinario/BTb-ord-B1-mf-N-T16u.wav,tuba,train,0
Brass/Bass_Tuba/ordinario/BTb-ord-B1-pp-N-N.wav,work/trimmed/Brass/Bass_Tuba/ordinario/BTb-ord-B1-pp-N-N.wav,tuba,train,0
Brass/Bass_Tuba/ordinario/BTb-ord-B2-ff-N-N.wav,work/trimmed/Brass/Bass_Tuba/ordinario/BTb-ord-B2-ff-N-N.wav,tuba,train,0
Brass/Bass_Tuba/ordinario/BTb-ord-B2-mf-N-T17u.wav,work/trimmed/Brass/Bass_Tuba/ordinario/BTb-ord-B2-mf-N-T17u.wav,tuba,train,0
Brass/Bass_Tuba/ordinario/BTb-ord-B2-pp-N-T11d.wav,work/trimmed/Brass/Bass_Tuba/ordinario/BTb-ord-B2-pp-N-T11d.wav,tuba,train,0
Brass/Bass_Tuba/ordinario/BTb-ord-B3-ff-N-T18d.wav,work/trimmed/Brass/Bass_Tuba/ordinario/BTb-ord-B3-ff-N-T18d.wav,tuba,train,0
Brass/Bass_Tuba/ordinario/BTb-ord-B3-mf-N-N.wav,work/trimmed/Brass/Bass_Tuba/ordinario/BTb-ord-B3-mf-N-N.wav,tuba,train,0
Brass/Bass_Tuba/ordinario/BTb-ord-B3-pp-N-T14d.wav,work/trimmed/Brass/Bass_Tuba/ordinario/BTb-ord-B3-pp-N-T14d.wav,tuba,train,0
Brass/Bass_Tuba/ordinario/BTb-ord-C#2-ff-N-N.wav,work/trimmed/Brass/Bass_Tuba/ordinario/BTb-ord-C#2-ff-N-N.wav,tuba,val,0
Brass/Bass_Tuba/ordinario/BTb-ord-C#2-mf-N-N.wav,work/trimmed/Brass/Bass_Tuba/ordinario/BTb-ord-C#2-mf-N-N.wav,tuba,val,0
Brass/Bass_Tuba/ordinario/BTb-ord-C#2-pp-N-N.wav,work/trimmed/Brass/Bass_Tuba/ordinario/BTb-ord-C#2-pp-N-N.wav,tuba,val,0
Brass/Bass_Tuba/ordinario/BTb-ord-C#3-ff-N-N.wav,work/trimmed/Brass/Bass_Tuba/ordinario/BTb-ord-C#3-ff-N-N.wav,tuba,train,0
Brass/Bass_Tuba/ordinario/BTb-ord-C#3-mf-N-T25u.wav,work/trimmed/Brass/Bass_Tuba/ordinario/BTb-ord-C#3-mf-N-T25u.wav,tuba,train,0
Brass/Bass_Tuba/ordinario/BTb-ord-C#3-pp-N-N.wav,work/trimmed/Brass/Bass_Tuba/ordinario/BTb-ord-C#3-pp-N-N.wav,tuba,train,0
Brass/Bass_Tuba/ordinario/BTb-ord-C#4-ff-N-T21u.wav,work/trimmed/Brass/Bass_Tuba/ordinario/BTb-ord-C#4-ff-N-T21u.wav,tuba,train,0
Brass/Bass_Tuba/ordinario/BTb-ord-C#4-mf-N-N.wav,work/trimmed/Brass/Bass_Tuba/ordinario/BTb-ord-C#4-mf-N-N.wav,tuba,train,0
Brass/Bass_Tuba/ordinario/BTb-ord-C#4-pp-N-N.wav,work/trimmed/Brass/Bass_Tuba/ordinario/BTb-ord-C#4-pp-N-N.wav,tuba,train,0
Brass/Bass_Tuba/ordinario/BTb-ord-C2-ff-N-N.wav,work/trimmed/Brass/Bass_Tuba/ordinario/BTb-ord-C2-ff-N-N.wav,tuba,train,0
Brass/Bass_Tuba/ordinario/BTb-ord-C2-mf-N-T23u.wav,work/trimmed/Brass/Bass_Tuba/ordinario/BTb-ord-C2-mf-N-T23u.wav,tuba,train,0
Brass/Bass_Tuba/ordinario/BTb-ord-C2-pp-N-T13d.wav,work/trimmed/Brass/Bass_Tuba/ordinario/BTb-ord-C2-pp-N-T13d.wav,tuba,train,0
Brass/Bass_Tuba/ordinario/BTb-ord-C3-ff-N-T18u.wav,work/trimmed/Brass/Bass_Tuba/ordinario/BTb-ord-C3-ff-N-T18u.wav,tuba,train,0
Brass/Bass_Tuba/ordinario/BTb-ord-C3-mf-N-T28u.wav,work/trimmed/Brass/Bass_Tuba/ordinario/BTb-ord-C3-mf-N-T28u.wav,tuba,train,0
Brass/Bass_Tuba/ordinario/BTb-ord-C3-pp-N-T11d.wav,work/trimmed/Brass/Bass_Tuba/ordinario/BTb-ord-C3-pp-N-T11d.wav,tuba,train,0
Brass/Bass_Tuba/ordinario/BTb-ord-C4-ff-N-N.wav,work/trimmed/Brass/Bass_Tuba/ordinario/BTb-ord-C4-ff-N-N.wav,tuba,train,0
Brass/Bass_Tuba/ordinario/BTb-ord-C4-mf-N-N.wav,work/trimmed/Brass/Bass_Tuba/ordinario/BTb-ord-C4-mf-N-N.wav,tuba,train,0
Brass/Bass_Tuba/ordinario/BTb-ord-C4-pp-N-N.wav,work/trimmed/Brass/Bass_Tuba/ordinario/BTb-ord-C4-pp-N-N.wav,tuba,train,0
Brass/Bass_Tuba/ordinario/BTb-ord-D#2-ff-N-N.wav,work/trimmed/Brass/Bass_Tuba/ordinario/BTb-ord-D#2-ff-N-N.wav,tuba,val,0
Brass/Bass_Tuba/ordinario/BTb-ord-D#2-mf-N-T34u.wav,work/trimmed/Brass/Bass_Tuba/ordinario/BTb-ord-D#2-mf-N-T34u.wav,tuba,val,0
Brass/Bass_Tuba/ordinario/BTb-ord-D#2-pp-N-T11u.wav,work/trimmed/Brass/Bass_Tuba/ordinario/BTb-ord-D#2-pp-N-T11u.wav,tuba,val,0
Brass/Bass_Tuba/ordinario/BTb-ord-D#3-ff-N-T17u.wav,work/trimmed/Brass/Bass_Tuba/ordinario/BTb-ord-D#3-ff-N-T17u.wav,tuba,train,0
Brass/Bass_Tuba/ordinario/BTb-ord-D#3-mf-N-T25u.wav,work/trimmed/Brass/Bass_Tuba/ordinario/BTb-ord-D#3-mf-N-T25u.wav,tuba,train,0
Brass/Bass_Tuba/ordinario/BTb-ord-D#3-pp-N-N.wav,work/trimmed/Brass/Bass_Tuba/ordinario/BTb-ord-D#3-pp-N-N.wav,tuba,train,0
Brass/Bass_Tuba/ordinario/BTb-ord-D#4-ff-N-N.wav,work/trimmed/Brass/Bass_Tuba/ordinario/BTb-ord-D#4-ff-N-N.wav,tuba,train,0
Brass/Bass_Tuba/ordinario/BTb-ord-D#4-mf-N-N.wav,work/trimmed/Brass/Bass_Tuba/ordinario/BTb-ord-D#4-mf-N-N.wav,tuba,train,0
Brass/Bass_Tuba/ordinario/BTb-ord-D#4-pp-N-N.wav,work/trimmed/Brass/Bass_Tuba/ordinario/BTb-ord-D#4-pp-N-N.wav,tuba,train,0
Brass/Bass_Tuba/ordinario/BTb-ord-D2-ff-N-T13u.wav,work/trimmed/Brass/Bass_Tuba/ordinario/BTb-ord-D2-ff-N-T13u.wav,tuba,train,0
Brass/Bass_Tuba/ordinario/BTb-ord-D2-mf-N-T15u.wav,work/trimmed/Brass/Bass_Tuba/ordinario/BTb-ord-D2-mf-N-T15u.wav,tuba,train,0
Brass/Bass_Tuba/ordinario/BTb-ord-D2-pp-N-T18u.wav,work/trimmed/Brass/Bass_Tuba/ordinario/BTb-ord-D2-pp-N-T18u.wav,tuba,train,0
Brass/Bass_Tuba/ordinario/BTb-ord-D3-ff-N-T15u.wav,work/trimmed/Brass/Bass_Tuba/ordinario/BTb-ord-D3-ff-N-T15u.wav,tuba,train,0
Brass/Bass_Tuba/ordinario/BTb-ord-D3-mf-N-T16u.wav,work/trimmed/Brass/Bass_Tuba/ordinario/BTb-ord-D3-mf-N-T16u.wav,tuba,train,0
Brass/Bass_Tuba/ordinario/BTb-ord-D3-pp-N-N.wav,work/trimmed/Brass/Bass_Tuba/ordinario/BTb-ord-D3-pp-N-N.wav,tuba,train,0
Brass/Bass_Tuba/ordinario/BTb-ord-D4-ff-N-N.wav,work/trimmed/Brass/Bass_Tuba/ordinario/BTb-ord-D4-ff-N-N.wav,tuba,train,0
Brass/Bass_Tuba/ordinario/BTb-ord-D4-mf-N-N.wav,work/trimmed/Brass/Bass_Tuba/ordinario/BTb-ord-D4-mf-N-N.wav,tuba,train,0
Brass/Bass_Tuba/ordinario/BTb-ord-D4-pp-N-N.wav,work/trimmed/Brass/Bass_Tuba/ordinario/BTb-ord-D4-pp-N-N.wav,tuba,train,0
Brass/Bass_Tuba/ordinario/BTb-ord-E2-ff-N-T10u.wav,work/trimmed/Brass/Bass_Tuba/ordinario/BTb-ord-E2-ff-N-T10u.wav,tuba,val,0
Brass/Bass_Tuba/ordinario/BTb-ord-E2-mf-N-T27u.wav,work/trimmed/Brass/Bass_Tuba/ordinario/BTb-ord-E2-mf-N-T27u.wav,tuba,val,0
Brass/Bass_Tuba/ordinario/BTb-ord-E2-pp-N-T25u.wav,work/trimmed/Brass/Bass_Tuba/ordinario/BTb-ord-E2-pp-N-T25u.wav,tuba,val,0
Brass/Bass_Tuba/ordinario/BTb-ord-E3-ff-N-T16u.wav,work/trimmed/Brass/Bass_Tuba/ordinario/BTb-ord-E3-ff-N-T16u.wav,tuba,test,0
Brass/Bass_Tuba/ordinario/BTb-ord-E3-mf-N-T23u.wav,work/trimmed/Brass/Bass_Tuba/ordinario/BTb-ord-E3-mf-N-T23u.wav,tuba,test,0
Brass/Bass_Tuba/ordinario/BTb-ord-E3-pp-N-N.wav,work/trimmed/Brass/Bass_Tuba/ordinario/BTb-ord-E3-pp-N-N.wav,tuba,test,0
Brass/Bass_Tuba/ordinario/BTb-ord-E4-ff-N-N.wav,work/trimmed/Brass/Bass_Tuba/ordinario/BTb-ord-E4-ff-N-N.wav,tuba,train,0
Brass/Bass_Tuba/ordinario/BTb-ord-E4-mf-N-T11d.wav,work/trimmed/Brass/Bass_Tuba/ordinario/BTb-ord-E4-mf-N-T11d.wav,tuba,train,0
Brass/Bass_Tuba/ordinario/BTb-ord-E4-pp-N-N.wav,work/trimmed/Brass/Bass_Tuba/ordinario/BTb-ord-E4-pp-N-N.wav,tuba,train,0
Brass/Bass_Tuba/ordinario/BTb-ord-F#1-ff-N-N.wav,work/trimmed/Brass/Bass_Tuba/ordinario/BTb-ord-F#1-ff-N-N.wav,tuba,train,0
Brass/Bass_Tuba/ordinario/BTb-ord-F#1-mf-N-T18u.wav,work/trimmed/Brass/Bass_Tuba/ordinario/BTb-ord-F#1-mf-N-T18u.wav,tuba,train,0
Brass/Bass_Tuba/ordinario/BTb-ord-F#1-pp-N-N.wav,work/trimmed/Brass/Bass_Tuba/ordinario/BTb-ord-F#1-pp-N-N.wav,tuba,train,0
Brass/Bass_Tuba/ordinario/BTb-ord-F#2-ff-N-N.wav,work/trimmed/Brass/Bass_Tuba/ordinario/BTb-ord-F#2-ff-N-N.wav,tuba,train,0
Brass/Bass_Tuba/ordinario/BTb-ord-F#2-mf-N-T19u.wav,work/trimmed/Brass/Bass_Tuba/ordinario/BTb-ord-F#2-mf-N-T19u.wav,tuba,train,0
Brass/Bass_Tuba/ordinario/BTb-ord-F#2-pp-N-T14u.wav,work/trimmed/Brass/Bass_Tuba/ordinario/BTb-ord-F#2-pp-N-T14u.wav,tuba,train,0
Brass/Bass_Tuba/ordinario/BTb-ord-F#3-ff-N-N.wav,work/trimmed/Brass/Bass_Tuba/ordinario/BTb-ord-F#3-ff-N-N.wav,tuba,train,0
Brass/Bass_Tuba/ordinario/BTb-ord-F#3-mf-N-N.wav,work/trimmed/Brass/Bass_Tuba/ordinario/BTb-ord-F#3-mf-N-N.wav,tuba,train,0
Brass/Bass_Tuba/ordinario/BTb-ord-F#3-pp-N-N.wav,work/trimmed/Brass/Bass_Tuba/ordinario/BTb-ord-F#3-pp-N-N.wav,tuba,train,0
Brass/Bass_Tuba/ordinario/BTb-ord-F2-ff-N-T15u.wav,work/trimmed/Brass/Bass_Tuba/ordinario/BTb-ord-F2-ff-N-T15u.wav,tuba,train,0
Brass/Bass_Tuba/ordinario/BTb-ord-F2-mf-N-T24u.wav,work/trimmed/Brass/Bass_Tuba/ordinario/BTb-ord-F2-mf-N-T24u.wav,tuba,train,0
Brass/Bass_Tuba/ordinario/BTb-ord-F2-pp-N-T25u_R100u.wav,work/trimmed/Brass/Bass_Tuba/ordinario/BTb-ord-F2-pp-N-T25u_R100u.wav,tuba,train,0
Brass/Bass_Tuba/ordinario/BTb-ord-F3-ff-N-N.wav,work/trimmed/Brass/Bass_Tuba/ordinario/BTb-ord-F3-ff-N-N.wav,tuba,train,0
Brass/Bass_Tuba/ordinario/BTb-ord-F3-mf-N-N.wav,work/trimmed/Brass/Bass_Tuba/ordinario/BTb-ord-F3-mf-N-N.wav,tuba,train,0
Brass/Bass_Tuba/ordinario/BTb-ord-F3-pp-N-N.wav,work/trimmed/Brass/Bass_Tuba/ordinario/BTb-ord-F3-pp-N-N.wav,tuba,train,0
Brass/Bass_Tuba/ordinario/BTb-ord-F4-ff-N-N.wav,work/trimmed/Brass/Bass_Tuba/ordinario/BTb-ord-F4-ff-N-N.wav,tuba,val,0
Brass/Bass_Tuba/ordinario/BTb-ord-F4-mf-N-N.wav,work/trimmed/Brass/Bass_Tuba/ordinario/BTb-ord-F4-mf-N-N.wav,tuba,val,0
Brass/Bass_Tuba/ordinario/BTb-ord-F4-pp-N-N.wav,work/trimmed/Brass/Bass_Tuba/ordinario/BTb-ord-F4-pp-N-N.wav,tuba,val,0
Brass/Bass_Tuba/ordinario/BTb-ord-G#1-ff-N-T12u.wav,work/trimmed/Brass/Bass_Tuba/ordinario/BTb-ord-G#1-ff-N-T12u.wav,tuba,train,0
Brass/Bass_Tuba/ordinario/BTb-ord-G#1-mf-N-T18u.wav,work/trimmed/Brass/Bass_Tuba/ordinario/BTb-ord-G#1-mf-N-T18u.wav,tuba,train,0
Brass/Bass_Tuba/ordinario/BTb-ord-G#1-pp-N-T16u.wav,work/trimmed/Brass/Bass_Tuba/ordinario/BTb-ord-G#1-pp-N-T16u.wav,tuba,train,0
Brass/Bass_Tuba/ordinario/BTb-ord-G#2-ff-N-N.wav,work/trimmed/Brass/Bass_Tuba/ordinario/BTb-ord-G#2-ff-N-N.wav,tuba,test,0
Brass/Bass_Tuba/ordinario/BTb-ord-G#2-mf-N-T26u.wav,work/trimmed/Brass/Bass_Tuba/ordinario/BTb-ord-G#2-mf-N-T26u.wav,tuba,test,0
Brass/Bass_Tuba/ordinario/BTb-ord-G#2-pp-N-T16u.wav,work/trimmed/Brass/Bass_Tuba/ordinario/BTb-ord-G#2-pp-N-T16u.wav,tuba,test,0
Brass/Bass_Tuba/ordinario/BTb-ord-G#3-ff-N-N.wav,work/trimmed/Brass/Bass_Tuba/ordinario/BTb-ord-G#3-ff-N-N.wav,tuba,train,0
Brass/Bass_Tuba/ordinario/BTb-ord-G#3-mf-N-T11u.wav,work/trimmed/Brass/Bass_Tuba/ordinario/BTb-ord-G#3-mf-N-T11u.wav,tuba,train,0
Brass/Bass_Tuba/ordinario/BTb-ord-G#3-pp-N-N.wav,work/trimmed/Brass/Bass_Tuba/ordinario/BTb-ord-G#3-pp-N-N.wav,tuba,train,0
Brass/Bass_Tuba/ordinario/BTb-ord-G1-ff-N-T15d.wav,work/trimmed/Brass/Bass_Tuba/ordinario/BTb-ord-G1-ff-N-T15d.wav,tuba,train,0
Brass/Bass_Tuba/ordinario/BTb-ord-G1-mf-N-N.wav,work/trimmed/Brass/Bass_Tuba/ordinario/BTb-ord-G1-mf-N-N.wav,tuba,train,0
Brass/Bass_Tuba/ordinario/BTb-ord-G1-pp-N-R100u.wav,work/trimmed/Brass/Bass_Tuba/ordinario/BTb-ord-G1-pp-N-R100u.wav,tuba,train,0
Brass/Bass_Tuba/ordinario/BTb-ord-G2-ff-N-N.wav,work/trimmed/Brass/Bass_Tuba/ordinario/BTb-ord-G2-ff-N-N.wav,tuba,test,0
Brass/Bass_Tuba/ordinario/BTb-ord-G2-mf-N-T15u.wav,work/trimmed/Brass/Bass_Tuba/ordinario/BTb-ord-G2-mf-N-T15u.wav,tuba,test,0
Brass/Bass_Tuba/ordinario/BTb-ord-G2-pp-N-N.wav,work/trimmed/Brass/Bass_Tuba/ordinario/BTb-ord-G2-pp-N-N.wav,tuba,test,0
Brass/Bass_Tuba/ordinario/BTb-ord-G3-ff-N-T14u.wav,work/trimmed/Brass/Bass_Tuba/ordinario/BTb-ord-G3-ff-N-T14u.wav,tuba,val,0
Brass/Bass_Tuba/ordinario/BTb-ord-G3-mf-N-T14u.wav,work/trimmed/Brass/Bass_Tuba/ordinario/BTb-ord-G3-mf-N-T14u.wav,tuba,val,0
Brass/Bass_Tuba/ordinario/BTb-ord-G3-pp-N-T14d.wav,work/trimmed/Brass/Bass_Tuba/ordinario/BTb-ord-G3-pp-N-T14d.wav,tuba,val,0
Brass/Horn/ordinario/Hn-ord-A#1-mf-N-T17d.wav,work/trimmed/Brass/Horn/ordinario/Hn-ord-A#1-mf-N-T17d.wav,french-horn,val,0
Brass/Horn/ordinario/Hn-ord-A#1-pp-N-N.wav,work/trimmed/Brass/Horn/ordinario/Hn-ord-A#1-pp-N-N.wav,french-horn,val,0
Brass/Horn/ordinario/Hn-ord-A#2-ff-N-N.wav,work/trimmed/Brass/Horn/ordinario/Hn-ord-A#2-ff-N-N.wav,french-horn,train,0
Brass/Horn/ordinario/Hn-ord-A#2-mf-N-N.wav,work/trimmed/Brass/Horn/ordinario/Hn-ord-A#2-mf-N-N.wav,french-horn,train,0
Brass/Horn/ordinario/Hn-ord-A#2-pp-N-R100d.wav,work/trimmed/Brass/Horn/ordinario/Hn-ord-A#2-pp-N-R100d.wav,french-horn,train,0
Brass/Horn/ordinario/Hn-ord-A#3-ff-N-N.wav,work/trimmed/Brass/Horn/ordinario/Hn-ord-A#3-ff-N-N.wav,french-horn,train,0
Brass/Horn/ordinario/Hn-ord-A#3-mf-N-N.wav,work/trimmed/Brass/Horn/ordinario/Hn-ord-A#3-mf-N-N.wav,french-horn,train,0
Brass/Horn/ordinario/Hn-ord-A#3-pp-N-N.wav,work/trimmed/Brass/Horn/ordinario/Hn-ord-A#3-pp-N-N.wav,french-horn,train,0
Brass/Horn/ordinario/Hn-ord-A#4-ff-N-N.wav,work/trimmed/Brass/Horn/ordinario/Hn-ord-A#4-ff-N-N.wav,french-horn,train,0
Brass/Horn/ordinario/Hn-ord-A#4-mf-N-N.wav,work/trimmed/Brass/Horn/ordinario/Hn-ord-A#4-mf-N-N.wav,french-horn,train,0
Brass/Horn/ordinario/Hn-ord-A#4-pp-N-N.wav,work/trimmed/Brass/Horn/ordinario/Hn-ord-A#4-pp-N-N.wav,french-horn,train,0
Brass/Horn/ordinario/Hn-ord-A1-mf-N-N.wav,work/trimmed/Brass/Horn/ordinario/Hn-ord-A1-mf-N-N.wav,french-horn,test,0
Brass/Horn/ordinario/Hn-ord-A2-ff-N-N.wav,work/trimmed/Brass/Horn/ordinario/Hn-ord-A2-ff-N-N.wav,french-horn,test,0
Brass/Horn/ordinario/Hn-ord-A2-mf-N-N.wav,work/trimmed/Brass/Horn/ordinario/Hn-ord-A2-mf-N-N.wav,french-horn,test,0
Brass/Horn/ordinario/Hn-ord-A2-pp-N-R100u.wav,work/trimmed/Brass/Horn/ordinario/Hn-ord-A2-pp-N-R100u.wav,french-horn,test,0
Brass/Horn/ordinario/Hn-ord-A3-ff-N-N.wav,work/trimmed/Brass/Horn/ordinario/Hn-ord-A3-ff-N-N.wav,french-horn,train,0
Brass/Horn/ordinario/Hn-ord-A3-mf-N-N.wav,work/trimmed/Brass/Horn/ordinario/Hn-ord-A3-mf-N-N.wav,french-horn,train,0
Brass/Horn/ordinario/Hn-ord-A3-pp-N-N.wav,work/trimmed/Brass/Horn/ordinario/Hn-ord-A3-pp-N-N.wav,french-horn,train,0
Brass/Horn/ordinario/Hn-ord-A4-ff-N-N.wav,work/trimmed/Brass/Horn/ordinario/Hn-ord-A4-ff-N-N.wav,french-horn,val,0
Brass/Horn/ordinario/Hn-ord-A4-mf-N-N.wav,work/trimmed/Brass/Horn/ordinario/Hn-ord-A4-mf-N-N.wav,french-horn,val,0
Brass/Horn/ordinario/Hn-ord-A4-pp-N-N.wav,work/trimmed/Brass/Horn/ordinario/Hn-ord-A4-pp-N-N.wav,french-horn,val,0
Brass/Horn/ordinario/Hn-ord-B1-ff-N-N.wav,work/trimmed/Brass/Horn/ordinario/Hn-ord-B1-ff-N-N.wav,french-horn,train,0
Brass/Horn/ordinario/Hn-ord-B1-mf-N-N.wav,work/trimmed/Brass/Horn/ordinario/Hn-ord-B1-mf-N-N.wav,french-horn,train,0
Brass/Horn/ordinario/Hn-ord-B1-pp-N-T15d.wav,work/trimmed/Brass/Horn/ordinario/Hn-ord-B1-pp-N-T15d.wav,french-horn,train,0
Brass/Horn/ordinario/Hn-ord-B2-ff-N-N.wav,work/trimmed/Brass/Horn/ordinario/Hn-ord-B2-ff-N-N.wav,french-horn,train,0
Brass/Horn/ordinario/Hn-ord-B2-mf-N-N.wav,work/trimmed/Brass/Horn/ordinario/Hn-ord-B2-mf-N-N.wav,french-horn,train,0
Brass/Horn/ordinario/Hn-ord-B2-pp-N-N.wav,work/trimmed/Brass/Horn/ordinario/Hn-ord-B2-pp-N-N.wav,french-horn,train,0
Brass/Horn/ordinario/Hn-ord-B3-ff-N-N.wav,work/trimmed/Brass/Horn/ordinario/Hn-ord-B3-ff-N-N.wav,french-horn,train,0
Brass/Horn/ordinario/Hn-ord-B3-mf-N-N.wav,work/trimmed/Brass/Horn/ordinario/Hn-ord-B3-mf-N-N.wav,french-horn,train,0
Brass/Horn/ordinario/Hn-ord-B3-pp-N-N.wav,work/trimmed/Brass/Horn/ordinario/Hn-ord-B3-pp-N-N.wav,french-horn,train,0
Brass/Horn/ordinario/Hn-ord-B4-ff-N-N.wav,work/trimmed/Brass/Horn/ordinario/Hn-ord-B4-ff-N-N.wav,french-horn,train,0
Brass/Horn/ordinario/Hn-ord-B4-mf-N-N.wav,work/trimmed/Brass/Horn/ordinario/Hn-ord-B4-mf-N-N.wav,french-horn,train,0
Brass/Horn/ordinario/Hn-ord-B4-pp-N-N.wav,work/trimmed/Brass/Horn/ordinario/Hn-ord-B4-pp-N-N.wav,french-horn,train,0
Brass/Horn/ordinario/Hn-ord-C#2-ff-N-N.wav,work/trimmed/Brass/Horn/ordinario/Hn-ord-C#2-ff-N-N.wav,french-horn,val,0
Brass/Horn/ordinario/Hn-ord-C#2-mf-N-N.wav,work/trimmed/Brass/Horn/ordinario/Hn-ord-C#2-mf-N-N.wav,french-horn,val,0
Brass/Horn/ordinario/Hn-ord-C#2-pp-N-N.wav,work/trimmed/Brass/Horn/ordinario/Hn-ord-C#2-pp-N-N.wav,french-horn,val,0
Brass/Horn/ordinario/Hn-ord-C#3-ff-N-N.wav,work/trimmed/Brass/Horn/ordinario/Hn-ord-C#3-ff-N-N.wav,french-horn,train,0
Brass/Horn/ordinario/Hn-ord-C#3-mf-N-N.wav,work/trimmed/Brass/Horn/ordinario/Hn-ord-C#3-mf-N-N.wav,french-horn,train,0
Brass/Horn/ordinario/Hn-ord-C#3-pp-N-N.wav,work/trimmed/Brass/Horn/ordinario/Hn-ord-C#3-pp-N-N.wav,french-horn,train,0
Brass/Horn/ordinario/Hn-ord-C#4-ff-N-N.wav,work/trimmed/Brass/Horn/ordinario/Hn-ord-C#4-ff-N-N.wav,french-horn,val,0
Brass/Horn/ordinario/Hn-ord-C#4-mf-N-T12u.wav,work/trimmed/Brass/Horn/ordinario/Hn-ord-C#4-mf-N-T12u.wav,french-horn,val,0
Brass/Horn/ordinario/Hn-ord-C#4-pp-N-N.wav,work/trimmed/Brass/Horn/ordinario/Hn-ord-C#4-pp-N-N.wav,french-horn,val,0
Brass/Horn/ordinario/Hn-ord-C#5-ff-N-N.wav,work/trimmed/Brass/Horn/ordinario/Hn-ord-C#5-ff-N-N.wav,french-horn,test,0
Brass/Horn/ordinario/Hn-ord-C#5-mf-N-N.wav,work/trimmed/Brass/Horn/ordinario/Hn-ord-C#5-mf-N-N.wav,french-horn,test,0
Brass/Horn/ordinario/Hn-ord-C#5-pp-N-N.wav,work/trimmed/Brass/Horn/ordinario/Hn-ord-C#5-pp-N-N.wav,french-horn,test,0
Brass/Horn/ordinario/Hn-ord-C2-ff-N-N.wav,work/trimmed/Brass/Horn/ordinario/Hn-ord-C2-ff-N-N.wav,french-horn,train,0
Brass/Horn/ordinario/Hn-ord-C2-mf-N-N.wav,work/trimmed/Brass/Horn/ordinario/Hn-ord-C2-mf-N-N.wav,french-horn,train,0
Brass/Horn/ordinario/Hn-ord-C2-pp-N-N.wav,work/trimmed/Brass/Horn/ordinario/Hn-ord-C2-pp-N-N.wav,french-horn,train,0
Brass/Horn/ordinario/Hn-ord-C3-ff-N-N.wav,work/trimmed/Brass/Horn/ordinario/Hn-ord-C3-ff-N-N.wav,french-horn,train,0
Brass/Horn/ordinario/Hn-ord-C3-mf-N-N.wav,work/trimmed/Brass/Horn/ordinario/Hn-ord-C3-mf-N-N.wav,french-horn,train,0
Brass/Horn/ordinario/Hn-ord-C3-pp-N-N.wav,work/trimmed/Brass/Horn/ordinario/Hn-ord-C3-pp-N-N.wav,french-horn,train,0
Brass/Horn/ordinario/Hn-ord-C4-ff-N-N.wav,work/trimmed/Brass/Horn/ordinario/Hn-ord-C4-ff-N-N.wav,french-horn,test,0
Brass/Horn/ordinario/Hn-ord-C4-mf-N-N.wav,work/trimmed/Brass/Horn/ordinario/Hn-ord-C4-mf-N-N.wav,french-horn,test,0
Brass/Horn/ordinario/Hn-ord-C4-pp-N-N.wav,work/trimmed/Brass/Horn/ordinario/Hn-ord-C4-pp-N-N.wav,french-horn,test,0
Brass/Horn/ordinario/Hn-ord-C5-ff-N-N.wav,work/trimmed/Brass/Horn/ordinario/Hn-ord-C5-ff-N-N.wav,french-horn,test,0
Brass/Horn/ordinario/Hn-ord-C5-mf-N-N.wav,work/trimmed/Brass/Horn/ordinario/Hn-ord-C5-mf-N-N.wav,french-horn,test,0
Brass/Horn/ordinario/Hn-ord-C5-pp-N-N.wav,work/trimmed/Brass/Horn/ordinario/Hn-ord-C5-pp-N-N.wav,french-horn,test,0
Brass/Horn/ordinario/Hn-ord-D#2-ff-N-T11u.wav,work/trimmed/Brass/Horn/ordinario/Hn-ord-D#2-ff-N-T11u.wav,french-horn,test,0
Brass/Horn/ordinario/Hn-ord-D#2-mf-N-N.wav,work/trimmed/Brass/Horn/ordinario/Hn-ord-D#2-mf-N-N.wav,french-horn,test,0
Brass/Horn/ordinario/Hn-ord-D#2-pp-N-R100u.wav,work/trimmed/Brass/Horn/ordinario/Hn-ord-D#2-pp-N-R100u.wav,french-horn,test,0
Brass/Horn/ordinario/Hn-ord-D#3-ff-N-N.wav,work/trimmed/Brass/Horn/ordinario/Hn-ord-D#3-ff-N-N.wav,french-horn,train,0
Brass/Horn/ordinario/Hn-ord-D#3-mf-N-N.wav,work/trimmed/Brass/Horn/ordinario/Hn-ord-D#3-mf-N-N.wav,french-horn,train,0
Brass/Horn/ordinario/Hn-ord-D#3-pp-N-N.wav,work/trimmed/Brass/Horn/ordinario/Hn-ord-D#3-pp-N-N.wav,french-horn,train,0
Brass/Horn/ordinario/Hn-ord-D#4-ff-N-N.wav,work/trimmed/Brass/Horn/ordinario/Hn-ord-D#4-ff-N-N.wav,french-horn,train,0
Brass/Horn/ordinario/Hn-ord-D#4-mf-N-N.wav,work/trimmed/Brass/Horn/ordinario/Hn-ord-D#4-mf-N-N.wav,french-horn,train,0
Brass/Horn/ordinario/Hn-ord-D#4-pp-N-N.wav,work/trimmed/Brass/Horn/ordinario/Hn-ord-D#4-pp-N-N.wav,french-horn,train,0
Brass/Horn/ordinario/Hn-ord-D#5-ff-N-T10u.wav,work/trimmed/Brass/Horn/ordinario/Hn-ord-D#5-ff-N-T10u.wav,french-horn,train,0
Brass/Horn/ordinario/Hn-ord-D#5-mf-N-N.wav,work/trimmed/Brass/Horn/ordinario/Hn-ord-D#5-mf-N-N.wav,french-horn,train,0
Brass/Horn/ordinario/Hn-ord-D#5-pp-N-N.wav,work/trimmed/Brass/Horn/ordinario/Hn-ord-D#5-pp-N-N.wav,french-horn,train,0
Brass/Horn/ordinario/Hn-ord-D2-ff-N-N.wav,work/trimmed/Brass/Horn/ordinario/Hn-ord-D2-ff-N-N.wav,french-horn,val,0
Brass/Horn/ordinario/Hn-ord-D2-mf-N-N.wav,work/trimmed/Brass/Horn/ordinario/Hn-ord-D2-mf-N-N.wav,french-horn,val,0
Brass/Horn/ordinario/Hn-ord-D2-pp-N-N.wav,work/trimmed/Brass/Horn/ordinario/Hn-ord-D2-pp-N-N.wav,french-horn,val,0
Brass/Horn/ordinario/Hn-ord-D3-ff-N-N.wav,work/trimmed/Brass/Horn/ordinario/Hn-ord-D3-ff-N-N.wav,french-horn,train,0
Brass/Horn/ordinario/Hn-ord-D3-mf-N-N.wav,work/trimmed/Brass/Horn/ordinario/Hn-ord-D3-mf-N-N.wav,french-horn,train,0
Brass/Horn/ordinario/Hn-ord-D3-pp-N-N.wav,work/trimmed/Brass/Horn/ordinario/Hn-ord-D3-pp-N-N.wav,french-horn,train,0
Brass/Horn/ordinario/Hn-ord-D4-ff-N-N.wav,work/trimmed/Brass/Horn/ordinario/Hn-ord-D4-ff-N-N.wav,french-horn,train,0
Brass/Horn/ordinario/Hn-ord-D4-mf-N-N.wav,work/trimmed/Brass/Horn/ordinario/Hn-ord-D4-mf-N-N.wav,french-horn,train,0
Brass/Horn/ordinario/Hn-ord-D4-pp-N-N.wav,work/trimmed/Brass/Horn/ordinario/Hn-ord-D4-pp-N-N.wav,french-horn,train,0
Brass/Horn/ordinario/Hn-ord-D5-ff-N-N.wav,work/trimmed/Brass/Horn/ordinario/Hn-ord-D5-ff-N-N.wav,french-horn,train,0
Brass/Horn/ordinario/Hn-ord-D5-mf-N-N.wav,work/trimmed/Brass/Horn/ordinario/Hn-ord-D5-mf-N-N.wav,french-horn,train,0
Brass/Horn/ordinario/Hn-ord-D5-pp-N-T10u.wav,work/trimmed/Brass/Horn/ordinario/Hn-ord-D5-pp-N-T10u.wav,french-horn,train,0
Brass/Horn/ordinario/Hn-ord-E2-ff-N-T18u.wav,work/trimmed/Brass/Horn/ordinario/Hn-ord-E2-ff-N-T18u.wav,french-horn,train,0
Brass/Horn/ordinario/Hn-ord-E2-mf-N-N.wav,work/trimmed/Brass/Horn/ordinario/Hn-ord-E2-mf-N-N.wav,french-horn,train,0
Brass/Horn/ordinario/Hn-ord-E2-pp-N-N.wav,work/trimmed/Brass/Horn/ordinario/Hn-ord-E2-pp-N-N.wav,french-horn,train,0
Brass/Horn/ordinario/Hn-ord-E3-ff-N-N.wav,work/trimmed/Brass/Horn/ordinario/Hn-ord-E3-ff-N-N.wav,french-horn,train,0
Brass/Horn/ordinario/Hn-ord-E3-mf-N-N.wav,work/trimmed/Brass/Horn/ordinario/Hn-ord-E3-mf-N-N.wav,french-horn,train,0
Brass/Horn/ordinario/Hn-ord-E3-pp-N-N.wav,work/trimmed/Brass/Horn/ordinario/Hn-ord-E3-pp-N-N.wav,french-horn,train,0
Brass/Horn/ordinario/Hn-ord-E4-ff-N-N.wav,work/trimmed/Brass/Horn/ordinario/Hn-ord-E4-ff-N-N.wav,french-horn,val,0
Brass/Horn/ordinario/Hn-ord-E4-mf-N-N.wav,work/trimmed/Brass/Horn/ordinario/Hn-ord-E4-mf-N-N.wav,french-horn,val,0
Brass/Horn/ordinario/Hn-ord-E4-pp-N-N.wav,work/trimmed/Brass/Horn/ordinario/Hn-ord-E4-pp-N-N.wav,french-horn,val,0
Brass/Horn/ordinario/Hn-ord-E5-ff-N-N.wav,work/trimmed/Brass/Horn/ordinario/Hn-ord-E5-ff-N-N.wav,french-horn,train,0
Brass/Horn/ordinario/Hn-ord-E5-mf-N-T13u.wav,work/trimmed/Brass/Horn/ordinario/Hn-ord-E5-mf-N-T13u.wav,french-horn,train,0
Brass/Horn/ordinario/Hn-ord-E5-pp-N-N.wav,work/trimmed/Brass/Horn/ordinario/Hn-ord-E5-pp-N-N.wav,french-horn,train,0
Brass/Horn/ordinario/Hn-ord-F#2-ff-N-N.wav,work/trimmed/Brass/Horn/ordinario/Hn-ord-F#2-ff-N-N.wav,french-horn,train,0
Brass/Horn/ordinario/Hn-ord-F#2-mf-N-N.wav,work/trimmed/Brass/Horn/ordinario/Hn-ord-F#2-mf-N-N.wav,french-horn,train,0
Brass/Horn/ordinario/Hn-ord-F#2-pp-N-N.wav,work/trimmed/Brass/Horn/ordinario/Hn-ord-F#2-pp-N-N.wav,french-horn,train,0
Brass/Horn/ordinario/Hn-ord-F#3-ff-N-N.wav,work/trimmed/Brass/Horn/ordinario/Hn-ord-F#3-ff-N-N.wav,french-horn,train,0
Brass/Horn/ordinario/Hn-ord-F#3-mf-N-N.wav,work/trimmed/Brass/Horn/ordinario/Hn-ord-F#3-mf-N-N.wav,french-horn,train,0
Brass/Horn/ordinario/Hn-ord-F#3-pp-N-N.wav,work/trimmed/Brass/Horn/ordinario/Hn-ord-F#3-pp-N-N.wav,french-horn,train,0
Brass/Horn/ordinario/Hn-ord-F#4-ff-N-N.wav,work/trimmed/Brass/Horn/ordinario/Hn-ord-F#4-ff-N-N.wav,french-horn,test,0
Brass/Horn/ordinario/Hn-ord-F#4-mf-N-N.wav,work/trimmed/Brass/Horn/ordinario/Hn-ord-F#4-mf-N-N.wav,french-horn,test,0
Brass/Horn/ordinario/Hn-ord-F#4-pp-N-T10u.wav,work/trimmed/Brass/Horn/ordinario/Hn-ord-F#4-pp-N-T10u.wav,french-horn,test,0
Brass/Horn/ordinario/Hn-ord-F2-ff-N-T11u.wav,work/trimmed/Brass/Horn/ordinario/Hn-ord-F2-ff-N-T11u.wav,french-horn,train,0
Brass/Horn/ordinario/Hn-ord-F2-mf-N-N.wav,work/trimmed/Brass/Horn/ordinario/Hn-ord-F2-mf-N-N.wav,french-horn,train,0
Brass/Horn/ordinario/Hn-ord-F2-pp-N-N.wav,work/trimmed/Brass/Horn/ordinario/Hn-ord-F2-pp-N-N.wav,french-horn,train,0
Brass/Horn/ordinario/Hn-ord-F3-ff-N-N.wav,work/trimmed/Brass/Horn/ordinario/Hn-ord-F3-ff-N-N.wav,french-horn,train,0
Brass/Horn/ordinario/Hn-ord-F3-mf-N-N.wav,work/trimmed/Brass/Horn/ordinario/Hn-ord-F3-mf-N-N.wav,french-horn,train,0
Brass/Horn/ordinario/Hn-ord-F3-pp-N-N.wav,work/trimmed/Brass/Horn/ordinario/Hn-ord-F3-pp-N-N.wav,french-horn,train,0
Brass/Horn/ordinario/Hn-ord-F4-ff-N-N.wav,work/trimmed/Brass/Horn/ordinario/Hn-ord-F4-ff-N-N.wav,french-horn,val,0
Brass/Horn/ordinario/Hn-ord-F4-mf-N-N.wav,work/trimmed/Brass/Horn/ordinario/Hn-ord-F4-mf-N-N.wav,french-horn,val,0
Brass/Horn/ordinario/Hn-ord-F4-pp-N-N.wav,work/trimmed/Brass/Horn/ordinario/Hn-ord-F4-pp-N-N.wav,french-horn,val,0
Brass/Horn/ordinario/Hn-ord-F5-ff-N-N.wav,work/trimmed/Brass/Horn/ordinario/Hn-ord-F5-ff-N-N.wav,french-horn,train,0
Brass/Horn/ordinario/Hn-ord-F5-mf-N-N.wav,work/trimmed/Brass/Horn/ordinario/Hn-ord-F5-mf-N-N.wav,french-horn,train,0
Brass/Horn/ordinario/Hn-ord-F5-pp-N-T11u.wav,work/trimmed/Brass/Horn/ordinario/Hn-ord-F5-pp-N-T11u.wav,french-horn,train,0
Brass/Horn/ordinario/Hn-ord-G#1-mf-N-N.wav,work/trimmed/Brass/Horn/ordinario/Hn-ord-G#1-mf-N-N.wav,french-horn,train,0
Brass/Horn/ordinario/Hn-ord-G#2-ff-N-N.wav,work/trimmed/Brass/Horn/ordinario/Hn-ord-G#2-ff-N-N.wav,french-horn,train,0
Brass/Horn/ordinario/Hn-ord-G#2-mf-N-N.wav,work/trimmed/Brass/Horn/ordinario/Hn-ord-G#2-mf-N-N.wav,french-horn,train,0
Brass/Horn/ordinario/Hn-ord-G#2-pp-N-N.wav,work/trimmed/Brass/Horn/ordinario/Hn-ord-G#2-pp-N-N.wav,french-horn,train,0
Brass/Horn/ordinario/Hn-ord-G#3-ff-N-N.wav,work/trimmed/Brass/Horn/ordinario/Hn-ord-G#3-ff-N-N.wav,french-horn,train,0
Brass/Horn/ordinario/Hn-ord-G#3-mf-N-N.wav,work/trimmed/Brass/Horn/ordinario/Hn-ord-G#3-mf-N-N.wav,french-horn,train,0
Brass/Horn/ordinario/Hn-ord-G#3-pp-N-N.wav,work/trimmed/Brass/Horn/ordinario/Hn-ord-G#3-pp-N-N.wav,french-horn,train,0
Brass/Horn/ordinario/Hn-ord-G#4-ff-N-N.wav,work/trimmed/Brass/Horn/ordinario/Hn-ord-G#4-ff-N-N.wav,french-horn,train,0
Brass/Horn/ordinario/Hn-ord-G#4-mf-N-N.wav,work/trimmed/Brass/Horn/ordinario/Hn-ord-G#4-mf-N-N.wav,french-horn,train,0
Brass/Horn/ordinario/Hn-ord-G#4-pp-N-T10u.wav,work/trimmed/Brass/Horn/ordinario/Hn-ord-G#4-pp-N-T10u.wav,french-horn,train,0
Brass/Horn/ordinario/Hn-ord-G1-mf-N-T40d.wav,work/trimmed/Brass/Horn/ordinario/Hn-ord-G1-mf-N-T40d.wav,french-horn,test,0
Brass/Horn/ordinario/Hn-ord-G2-ff-N-R100u.wav,work/trimmed/Brass/Horn/ordinario/Hn-ord-G2-ff-N-R100u.wav,french-horn,train,0
Brass/Horn/ordinario/Hn-ord-G2-mf-N-N.wav,work/trimmed/Brass/Horn/ordinario/Hn-ord-G2-mf-N-N.wav,french-horn,train,0
Brass/Horn/ordinario/Hn-ord-G2-pp-N-N.wav,work/trimmed/Brass/Horn/ordinario/Hn-ord-G2-pp-N-N.wav,french-horn,train,0
Brass/Horn/ordinario/Hn-ord-G3-ff-N-N.wav,work/trimmed/Brass/Horn/ordinario/Hn-ord-G3-ff-N-N.wav,french-horn,train,0
Brass/Horn/ordinario/Hn-ord-G3-mf-N-N.wav,work/trimmed/Brass/Horn/ordinario/Hn-ord-G3-mf-N-N.wav,french-horn,train,0
Brass/Horn/ordinario/Hn-ord-G3-pp-N-N.wav,work/trimmed/Brass/Horn/ordinario/Hn-ord-G3-pp-N-N.wav,french-horn,train,0
Brass/Horn/ordinario/Hn-ord-G4-ff-N-N.wav,work/trimmed/Brass/Horn/ordinario/Hn-ord-G4-ff-N-N.wav,french-horn,train,0
Brass/Horn/ordinario/Hn-ord-G4-mf-N-N.wav,work/trimmed/Brass/Horn/ordinario/Hn-ord-G4-mf-N-N.wav,french-horn,train,0
Brass/Horn/ordinario/Hn-ord-G4-pp-N-N.wav,work/trimmed/Brass/Horn/ordinario/Hn-ord-G4-pp-N-N.wav,french-horn,train,0
Brass/Trombone/ordinario/Tbn-ord-A#1-ff-N-T14d.wav,work/trimmed/Brass/Trombone/ordinario/Tbn-ord-A#1-ff-N-T14d.wav,trombone,val,0
Brass/Trombone/ordinario/Tbn-ord-A#1-mf-N-N.wav,work/trimmed/Brass/Trombone/ordinario/Tbn-ord-A#1-mf-N-N.wav,trombone,val,0
Brass/Trombone/ordinario/Tbn-ord-A#1-pp-N-N.wav,work/trimmed/Brass/Trombone/ordinario/Tbn-ord-A#1-pp-N-N.wav,trombone,val,0
Brass/Trombone/ordinario/Tbn-ord-A#2-ff-N-N.wav,work/trimmed/Brass/Trombone/ordinario/Tbn-ord-A#2-ff-N-N.wav,trombone,train,0
Brass/Trombone/ordinario/Tbn-ord-A#2-mf-N-N.wav,work/trimmed/Brass/Trombone/ordinario/Tbn-ord-A#2-mf-N-N.wav,trombone,train,0
Brass/Trombone/ordinario/Tbn-ord-A#2-pp-N-N.wav,work/trimmed/Brass/Trombone/ordinario/Tbn-ord-A#2-pp-N-N.wav,trombone,train,0
Brass/Trombone/ordinario/Tbn-ord-A#3-ff-N-N.wav,work/trimmed/Brass/Trombone/ordinario/Tbn-ord-A#3-ff-N-N.wav,trombone,train,0
Brass/Trombone/ordinario/Tbn-ord-A#3-mf-N-N.wav,work/trimmed/Brass/Trombone/ordinario/Tbn-ord-A#3-mf-N-N.wav,trombone,train,0
Brass/Trombone/ordinario/Tbn-ord-A#3-pp-N-N.wav,work/trimmed/Brass/Trombone/ordinario/Tbn-ord-A#3-pp-N-N.wav,trombone,train,0
Brass/Trombone/ordinario/Tbn-ord-A#4-ff-N-N.wav,work/trimmed/Brass/Trombone/ordinario/Tbn-ord-A#4-ff-N-N.wav,trombone,train,0
Brass/Trombone/ordinario/Tbn-ord-A#4-mf-N-N.wav,work/trimmed/Brass/Trombone/ordinario/Tbn-ord-A#4-mf-N-N.wav,trombone,train,0
Brass/Trombone/ordinario/Tbn-ord-A#4-pp-N-N.wav,work/trimmed/Brass/Trombone/ordinario/Tbn-ord-A#4-pp-N-N.wav,trombone,train,0
Brass/Trombone/ordinario/Tbn-ord-A2-ff-N-N.wav,work/trimmed/Brass/Trombone/ordinario/Tbn-ord-A2-ff-N-N.wav,trombone,train,0
Brass/Trombone/ordinario/Tbn-ord-A2-mf-N-N.wav,work/trimmed/Brass/Trombone/ordinario/Tbn-ord-A2-mf-N-N.wav,trombone,train,0
Brass/Trombone/ordinario/Tbn-ord-A2-pp-N-N.wav,work/trimmed/Brass/Trombone/ordinario/Tbn-ord-A2-pp-N-N.wav,trombone,train,0
Brass/Trombone/ordinario/Tbn-ord-A3-ff-N-N.wav,work/trimmed/Brass/Trombone/ordinario/Tbn-ord-A3-ff-N-N.wav,trombone,train,0
Brass/Trombone/ordinario/Tbn-ord-A3-mf-N-N.wav,work/trimmed/Brass/Trombone/ordinario/Tbn-ord-A3-mf-N-N.wav,trombone,train,0
Brass/Trombone/ordinario/Tbn-ord-A3-pp-N-T14u.wav,work/trimmed/Brass/Trombone/ordinario/Tbn-ord-A3-pp-N-T14u.wav,trombone,train,0
Brass/Trombone/ordinario/Tbn-ord-A4-ff-N-N.wav,work/trimmed/Brass/Trombone/ordinario/Tbn-ord-A4-ff-N-N.wav,trombone,val,0
Brass/Trombone/ordinario/Tbn-ord-A4-mf-N-N.wav,work/trimmed/Brass/Trombone/ordinario/Tbn-ord-A4-mf-N-N.wav,trombone,val,0
Brass/Trombone/ordinario/Tbn-ord-A4-pp-N-N.wav,work/trimmed/Brass/Trombone/ordinario/Tbn-ord-A4-pp-N-N.wav,trombone,val,0
Brass/Trombone/ordinario/Tbn-ord-B1-ff-N-T27d.wav,work/trimmed/Brass/Trombone/ordinario/Tbn-ord-B1-ff-N-T27d.wav,trombone,val,0
Brass/Trombone/ordinario/Tbn-ord-B1-mf-N-T14d.wav,work/trimmed/Brass/Trombone/ordinario/Tbn-ord-B1-mf-N-T14d.wav,trombone,val,0
Brass/Trombone/ordinario/Tbn-ord-B1-pp-N-N.wav,work/trimmed/Brass/Trombone/ordinario/Tbn-ord-B1-pp-N-N.wav,trombone,val,0
Brass/Trombone/ordinario/Tbn-ord-B2-ff-N-T26d.wav,work/trimmed/Brass/Trombone/ordinario/Tbn-ord-B2-ff-N-T26d.wav,trombone,test,0
Brass/Trombone/ordinario/Tbn-ord-B2-mf-N-T26d.wav,work/trimmed/Brass/Trombone/ordinario/Tbn-ord-B2-mf-N-T26d.wav,trombone,test,0
Brass/Trombone/ordinario/Tbn-ord-B2-pp-N-T19d.wav,work/trimmed/Brass/Trombone/ordinario/Tbn-ord-B2-pp-N-T19d.wav,trombone,test,0
Brass/Trombone/ordinario/Tbn-ord-B3-ff-N-N.wav,work/trimmed/Brass/Trombone/ordinario/Tbn-ord-B3-ff-N-N.wav,trombone,val,0
Brass/Trombone/ordinario/Tbn-ord-B3-mf-N-N.wav,work/trimmed/Brass/Trombone/ordinario/Tbn-ord-B3-mf-N-N.wav,trombone,val,0
Brass/Trombone/ordinario/Tbn-ord-B3-pp-N-N.wav,work/trimmed/Brass/Trombone/ordinario/Tbn-ord-B3-pp-N-N.wav,trombone,val,0
Brass/Trombone/ordinario/Tbn-ord-B4-ff-N-N.wav,work/trimmed/Brass/Trombone/ordinario/Tbn-ord-B4-ff-N-N.wav,trombone,train,0
Brass/Trombone/ordinario/Tbn-ord-B4-mf-N-N.wav,work/trimmed/Brass/Trombone/ordinario/Tbn-ord-B4-mf-N-N.wav,trombone,train,0
Brass/Trombone/ordinario/Tbn-ord-B4-pp-N-N.wav,work/trimmed/Brass/Trombone/ordinario/Tbn-ord-B4-pp-N-N.wav,trombone,train,0
Brass/Trombone/ordinario/Tbn-ord-C#2-ff-N-T21d.wav,work/trimmed/Brass/Trombone/ordinario/Tbn-ord-C#2-ff-N-T21d.wav,trombone,train,0
Brass/Trombone/ordinario/Tbn-ord-C#2-mf-N-T33d.wav,work/trimmed/Brass/Trombone/ordinario/Tbn-ord-C#2-mf-N-T33d.wav,trombone,train,0
Brass/Trombone/ordinario/Tbn-ord-C#2-pp-N-N.wav,work/trimmed/Brass/Trombone/ordinario/Tbn-ord-C#2-pp-N-N.wav,trombone,train,0
Brass/Trombone/ordinario/Tbn-ord-C#3-ff-N-N.wav,work/trimmed/Brass/Trombone/ordinario/Tbn-ord-C#3-ff-N-N.wav,trombone,train,0
Brass/Trombone/ordinario/Tbn-ord-C#3-mf-N-N.wav,work/trimmed/Brass/Trombone/ordinario/Tbn-ord-C#3-mf-N-N.wav,trombone,train,0
Brass/Trombone/ordinario/Tbn-ord-C#3-pp-N-N.wav,work/trimmed/Brass/Trombone/ordinario/Tbn-ord-C#3-pp-N-N.wav,trombone,train,0
Brass/Trombone/ordinario/Tbn-ord-C#4-ff-N-N.wav,work/trimmed/Brass/Trombone/ordinario/Tbn-ord-C#4-ff-N-N.wav,trombone,train,0
Brass/Trombone/ordinario/Tbn-ord-C#4-mf-N-T13d.wav,work/trimmed/Brass/Trombone/ordinario/Tbn-ord-C#4-mf-N-T13d.wav,trombone,train,0
Brass/Trombone/ordinario/Tbn-ord-C#4-pp-N-N.wav,work/trimmed/Brass/Trombone/ordinario/Tbn-ord-C#4-pp-N-N.wav,trombone,train,0
Brass/Trombone/ordinario/Tbn-ord-C2-ff-N-T58d.wav,work/trimmed/Brass/Trombone/ordinario/Tbn-ord-C2-ff-N-T58d.wav,trombone,train,0
Brass/Trombone/ordinario/Tbn-ord-C2-mf-N-T44d.wav,work/trimmed/Brass/Trombone/ordinario/Tbn-ord-C2-mf-N-T44d.wav,trombone,train,0
Brass/Trombone/ordinario/Tbn-ord-C2-pp-N-T23d.wav,work/trimmed/Brass/Trombone/ordinario/Tbn-ord-C2-pp-N-T23d.wav,trombone,train,0
Brass/Trombone/ordinario/Tbn-ord-C3-ff-N-T25d.wav,work/trimmed/Brass/Trombone/ordinario/Tbn-ord-C3-ff-N-T25d.wav,trombone,train,0
Brass/Trombone/ordinario/Tbn-ord-C3-mf-N-T18d.wav,work/trimmed/Brass/Trombone/ordinario/Tbn-ord-C3-mf-N-T18d.wav,trombone,train,0
Brass/Trombone/ordinario/Tbn-ord-C3-pp-N-T25d.wav,work/trimmed/Brass/Trombone/ordinario/Tbn-ord-C3-pp-N-T25d.wav,trombone,train,0
Brass/Trombone/ordinario/Tbn-ord-C4-ff-N-N.wav,work/trimmed/Brass/Trombone/ordinario/Tbn-ord-C4-ff-N-N.wav,trombone,train,0
Brass/Trombone/ordinario/Tbn-ord-C4-mf-N-N.wav,work/trimmed/Brass/Trombone/ordinario/Tbn-ord-C4-mf-N-N.wav,trombone,train,0
Brass/Trombone/ordinario/Tbn-ord-C4-pp-N-N.wav,work/trimmed/Brass/Trombone/ordinario/Tbn-ord-C4-pp-N-N.wav,trombone,train,0
Brass/Trombone/ordinario/Tbn-ord-C5-ff-N-T24u.wav,work/trimmed/Brass/Trombone/ordinario/Tbn-ord-C5-ff-N-T24u.wav,trombone,val,0
Brass/Trombone/ordinario/Tbn-ord-C5-mf-N-T23u.wav,work/trimmed/Brass/Trombone/ordinario/Tbn-ord-C5-mf-N-T23u.wav,trombone,val,0
Brass/Trombone/ordinario/Tbn-ord-C5-pp-N-N.wav,work/trimmed/Brass/Trombone/ordinario/Tbn-ord-C5-pp-N-N.wav,trombone,val,0
Brass/Trombone/ordinario/Tbn-ord-D#2-ff-N-N.wav,work/trimmed/Brass/Trombone/ordinario/Tbn-ord-D#2-ff-N-N.wav,trombone,train,0
Brass/Trombone/ordinario/Tbn-ord-D#2-mf-N-N.wav,work/trimmed/Brass/Trombone/ordinario/Tbn-ord-D#2-mf-N-N.wav,trombone,train,0
Brass/Trombone/ordinario/Tbn-ord-D#2-pp-N-T14u.wav,work/trimmed/Brass/Trombone/ordinario/Tbn-ord-D#2-pp-N-T14u.wav,trombone,train,0
Brass/Trombone/ordinario/Tbn-ord-D#3-ff-N-N.wav,work/trimmed/Brass/Trombone/ordinario/Tbn-ord-D#3-ff-N-N.wav,trombone,train,0
Brass/Trombone/ordinario/Tbn-ord-D#3-mf-N-N.wav,work/trimmed/Brass/Trombone/ordinario/Tbn-ord-D#3-mf-N-N.wav,trombone,train,0
Brass/Trombone/ordinario/Tbn-ord-D#3-pp-N-N.wav,work/trimmed/Brass/Trombone/ordinario/Tbn-ord-D#3-pp-N-N.wav,trombone,train,0
Brass/Trombone/ordinario/Tbn-ord-D#4-ff-N-N.wav,work/trimmed/Brass/Trombone/ordinario/Tbn-ord-D#4-ff-N-N.wav,trombone,train,0
Brass/Trombone/ordinario/Tbn-ord-D#4-mf-N-N.wav,work/trimmed/Brass/Trombone/ordinario/Tbn-ord-D#4-mf-N-N.wav,trombone,train,0
Brass/Trombone/ordinario/Tbn-ord-D#4-pp-N-T13u.wav,work/trimmed/Brass/Trombone/ordinario/Tbn-ord-D#4-pp-N-T13u.wav,trombone,train,0
Brass/Trombone/ordinario/Tbn-ord-D2-ff-N-T37d.wav,work/trimmed/Brass/Trombone/ordinario/Tbn-ord-D2-ff-N-T37d.wav,trombone,train,0
Brass/Trombone/ordinario/Tbn-ord-D2-mf-N-T26d.wav,work/trimmed/Brass/Trombone/ordinario/Tbn-ord-D2-mf-N-T26d.wav,trombone,train,0
Brass/Trombone/ordinario/Tbn-ord-D2-pp-N-T12d.wav,work/trimmed/Brass/Trombone/ordinario/Tbn-ord-D2-pp-N-T12d.wav,trombone,train,0
Brass/Trombone/ordinario/Tbn-ord-D3-ff-N-N.wav,work/trimmed/Brass/Trombone/ordinario/Tbn-ord-D3-ff-N-N.wav,trombone,train,0
Brass/Trombone/ordinario/Tbn-ord-D3-mf-N-N.wav,work/trimmed/Brass/Trombone/ordinario/Tbn-ord-D3-mf-N-N.wav,trombone,train,0
Brass/Trombone/ordinario/Tbn-ord-D3-pp-N-T11u.wav,work/trimmed/Brass/Trombone/ordinario/Tbn-ord-D3-pp-N-T11u.wav,trombone,train,0
Brass/Trombone/ordinario/Tbn-ord-D4-ff-N-N.wav,work/trimmed/Brass/Trombone/ordinario/Tbn-ord-D4-ff-N-N.wav,trombone,train,0
Brass/Trombone/ordinario/Tbn-ord-D4-mf-N-N.wav,work/trimmed/Brass/Trombone/ordinario/Tbn-ord-D4-mf-N-N.wav,trombone,train,0
Brass/Trombone/ordinario/Tbn-ord-D4-pp-N-N.wav,work/trimmed/Brass/Trombone/ordinario/Tbn-ord-D4-pp-N-N.wav,trombone,train,0
Brass/Trombone/ordinario/Tbn-ord-E2-ff-N-T12d.wav,work/trimmed/Brass/Trombone/ordinario/Tbn-ord-E2-ff-N-T12d.wav,trombone,train,0
Brass/Trombone/ordinario/Tbn-ord-E2-mf-N-N.wav,work/trimmed/Brass/Trombone/ordinario/Tbn-ord-E2-mf-N-N.wav,trombone,train,0
Brass/Trombone/ordinario/Tbn-ord-E2-pp-N-T21u.wav,work/trimmed/Brass/Trombone/ordinario/Tbn-ord-E2-pp-N-T21u.wav,trombone,train,0
Brass/Trombone/ordinario/Tbn-ord-E3-ff-N-N.wav,work/trimmed/Brass/Trombone/ordinario/Tbn-ord-E3-ff-N-N.wav,trombone,train,0
Brass/Trombone/ordinario/Tbn-ord-E3-mf-N-N.wav,work/trimmed/Brass/Trombone/ordinario/Tbn-ord-E3-mf-N-N.wav,trombone,train,0
Brass/Trombone/ordinario/Tbn-ord-E3-pp-N-N.wav,work/trimmed/Brass/Trombone/ordinario/Tbn-ord-E3-pp-N-N.wav,trombone,train,0
Brass/Trombone/ordinario/Tbn-ord-E4-ff-N-N.wav,work/trimmed/Brass/Trombone/ordinario/Tbn-ord-E4-ff-N-N.wav,trombone,train,0
Brass/Trombone/ordinario/Tbn-ord-E4-mf-N-T10u.wav,work/trimmed/Brass/Trombone/ordinario/Tbn-ord-E4-mf-N-T10u.wav,trombone,train,0
Brass/Trombone/ordinario/Tbn-ord-E4-pp-N-N.wav,work/trimmed/Brass/Trombone/ordinario/Tbn-ord-E4-pp-N-N.wav,trombone,train,0
Brass/Trombone/ordinario/Tbn-ord-F#2-ff-N-T24d.wav,work/trimmed/Brass/Trombone/ordinario/Tbn-ord-F#2-ff-N-T24d.wav,trombone,test,0
Brass/Trombone/ordinario/Tbn-ord-F#2-mf-N-T28d.wav,work/trimmed/Brass/Trombone/ordinario/Tbn-ord-F#2-mf-N-T28d.wav,trombone,test,0
Brass/Trombone/ordinario/Tbn-ord-F#2-pp-N-T20d.wav,work/trimmed/Brass/Trombone/ordinario/Tbn-ord-F#2-pp-N-T20d.wav,trombone,test,0
Brass/Trombone/ordinario/Tbn-ord-F#3-ff-N-N.wav,work/trimmed/Brass/Trombone/ordinario/Tbn-ord-F#3-ff-N-N.wav,trombone,test,0
Brass/Trombone/ordinario/Tbn-ord-F#3-mf-N-N.wav,work/trimmed/Brass/Trombone/ordinario/Tbn-ord-F#3-mf-N-N.wav,trombone,test,0
Brass/Trombone/ordinario/Tbn-ord-F#3-pp-N-N.wav,work/trimmed/Brass/Trombone/ordinario/Tbn-ord-F#3-pp-N-N.wav,trombone,test,0
Brass/Trombone/ordinario/Tbn-ord-F#4-ff-N-T10u.wav,work/trimmed/Brass/Trombone/ordinario/Tbn-ord-F#4-ff-N-T10u.wav,trombone,test,0
Brass/Trombone/ordinario/Tbn-ord-F#4-mf-N-T10u.wav,work/trimmed/Brass/Trombone/ordinario/Tbn-ord-F#4-mf-N-T10u.wav,trombone,test,0
Brass/Trombone/ordinario/Tbn-ord-F#4-pp-N-T10u.wav,work/trimmed/Brass/Trombone/ordinario/Tbn-ord-F#4-pp-N-T10u.wav,trombone,test,0
Brass/Trombone/ordinario/Tbn-ord-F2-ff-N-N.wav,work/trimmed/Brass/Trombone/ordinario/Tbn-ord-F2-ff-N-N.wav,trombone,test,0
Brass/Trombone/ordinario/Tbn-ord-F2-mf-N-N.wav,work/trimmed/Brass/Trombone/ordinario/Tbn-ord-F2-mf-N-N.wav,trombone,test,0
Brass/Trombone/ordinario/Tbn-ord-F2-pp-N-N.wav,work/trimmed/Brass/Trombone/ordinario/Tbn-ord-F2-pp-N-N.wav,trombone,test,0
Brass/Trombone/ordinario/Tbn-ord-F3-ff-N-N.wav,work/trimmed/Brass/Trombone/ordinario/Tbn-ord-F3-ff-N-N.wav,trombone,train,0
Brass/Trombone/ordinario/Tbn-ord-F3-mf-N-N.wav,work/trimmed/Brass/Trombone/ordinario/Tbn-ord-F3-mf-N-N.wav,trombone,train,0
Brass/Trombone/ordinario/Tbn-ord-F3-pp-N-N.wav,work/trimmed/Brass/Trombone/ordinario/Tbn-ord-F3-pp-N-N.wav,trombone,train,0
Brass/Trombone/ordinario/Tbn-ord-F4-ff-N-N.wav,work/trimmed/Brass/Trombone/ordinario/Tbn-ord-F4-ff-N-N.wav,trombone,train,0
Brass/Trombone/ordinario/Tbn-ord-F4-mf-N-N.wav,work/trimmed/Brass/Trombone/ordinario/Tbn-ord-F4-mf-N-N.wav,trombone,train,0
Brass/Trombone/ordinario/Tbn-ord-F4-pp-N-N.wav,work/trimmed/Brass/Trombone/ordinario/Tbn-ord-F4-pp-N-N.wav,trombone,train,0
Brass/Trombone/ordinario/Tbn-ord-G#2-ff-N-T15u.wav,work/trimmed/Brass/Trombone/ordinario/Tbn-ord-G#2-ff-N-T15u.wav,trombone,val,0
Brass/Trombone/ordinario/Tbn-ord-G#2-mf-N-N.wav,work/trimmed/Brass/Trombone/ordinario/Tbn-ord-G#2-mf-N-N.wav,trombone,val,0
Brass/Trombone/ordinario/Tbn-ord-G#2-pp-N-T27u.wav,work/trimmed/Brass/Trombone/ordinario/Tbn-ord-G#2-pp-N-T27u.wav,trombone,val,0
Brass/Trombone/ordinario/Tbn-ord-G#3-ff-N-T10u.wav,work/trimmed/Brass/Trombone/ordinario/Tbn-ord-G#3-ff-N-T10u.wav,trombone,train,0
Brass/Trombone/ordinario/Tbn-ord-G#3-mf-N-N.wav,work/trimmed/Brass/Trombone/ordinario/Tbn-ord-G#3-mf-N-N.wav,trombone,train,0
Brass/Trombone/ordinario/Tbn-ord-G#3-pp-N-N.wav,work/trimmed/Brass/Trombone/ordinario/Tbn-ord-G#3-pp-N-N.wav,trombone,train,0
Brass/Trombone/ordinario/Tbn-ord-G#4-ff-N-N.wav,work/trimmed/Brass/Trombone/ordinario/Tbn-ord-G#4-ff-N-N.wav,trombone,train,0
Brass/Trombone/ordinario/Tbn-ord-G#4-mf-N-N.wav,work/trimmed/Brass/Trombone/ordinario/Tbn-ord-G#4-mf-N-N.wav,trombone,train,0
Brass/Trombone/ordinario/Tbn-ord-G#4-pp-N-N.wav,work/trimmed/Brass/Trombone/ordinario/Tbn-ord-G#4-pp-N-N.wav,trombone,train,0
Brass/Trombone/ordinario/Tbn-ord-G2-ff-N-N.wav,work/trimmed/Brass/Trombone/ordinario/Tbn-ord-G2-ff-N-N.wav,trombone,train,0
Brass/Trombone/ordinario/Tbn-ord-G2-mf-N-N.wav,work/trimmed/Brass/Trombone/ordinario/Tbn-ord-G2-mf-N-N.wav,trombone,train,0
Brass/Trombone/ordinario/Tbn-ord-G2-pp-N-N.wav,work/trimmed/Brass/Trombone/ordinario/Tbn-ord-G2-pp-N-N.wav,trombone,train,0
Brass/Trombone/ordinario/Tbn-ord-G3-ff-N-N.wav,work/trimmed/Brass/Trombone/ordinario/Tbn-ord-G3-ff-N-N.wav,trombone,test,0
Brass/Trombone/ordinario/Tbn-ord-G3-mf-N-T18d.wav,work/trimmed/Brass/Trombone/ordinario/Tbn-ord-G3-mf-N-T18d.wav,trombone,test,0
Brass/Trombone/ordinario/Tbn-ord-G3-pp-N-N.wav,work/trimmed/Brass/Trombone/ordinario/Tbn-ord-G3-pp-N-N.wav,trombone,test,0
Brass/Trombone/ordinario/Tbn-ord-G4-ff-N-N.wav,work/trimmed/Brass/Trombone/ordinario/Tbn-ord-G4-ff-N-N.wav,trombone,train,0
Brass/Trombone/ordinario/Tbn-ord-G4-mf-N-N.wav,work/trimmed/Brass/Trombone/ordinario/Tbn-ord-G4-mf-N-N.wav,trombone,train,0
Brass/Trombone/ordinario/Tbn-ord-G4-pp-N-N.wav,work/trimmed/Brass/Trombone/ordinario/Tbn-ord-G4-pp-N-N.wav,trombone,train,0
Brass/Trumpet_C/ordinario/TpC-ord-A#3-ff-N-T23u_R100u.wav,work/trimmed/Brass/Trumpet_C/ordinario/TpC-ord-A#3-ff-N-T23u_R100u.wav,trumpet,train,0
Brass/Trumpet_C/ordinario/TpC-ord-A#3-mf-N-N.wav,work/trimmed/Brass/Trumpet_C/ordinario/TpC-ord-A#3-mf-N-N.wav,trumpet,train,0
Brass/Trumpet_C/ordinario/TpC-ord-A#3-pp-N-N.wav,work/trimmed/Brass/Trumpet_C/ordinario/TpC-ord-A#3-pp-N-N.wav,trumpet,train,0
Brass/Trumpet_C/ordinario/TpC-ord-A#4-ff-N-N.wav,work/trimmed/Brass/Trumpet_C/ordinario/TpC-ord-A#4-ff-N-N.wav,trumpet,train,0
Brass/Trumpet_C/ordinario/TpC-ord-A#4-mf-N-N.wav,work/trimmed/Brass/Trumpet_C/ordinario/TpC-ord-A#4-mf-N-N.wav,trumpet,train,0
Brass/Trumpet_C/ordinario/TpC-ord-A#4-pp-N-N.wav,work/trimmed/Brass/Trumpet_C/ordinario/TpC-ord-A#4-pp-N-N.wav,trumpet,train,0
Brass/Trumpet_C/ordinario/TpC-ord-A#5-ff-N-N.wav,work/trimmed/Brass/Trumpet_C/ordinario/TpC-ord-A#5-ff-N-N.wav,trumpet,train,0
Brass/Trumpet_C/ordinario/TpC-ord-A#5-mf-N-N.wav,work/trimmed/Brass/Trumpet_C/ordinario/TpC-ord-A#5-mf-N-N.wav,trumpet,train,0
Brass/Trumpet_C/ordinario/TpC-ord-A#5-pp-N-N.wav,work/trimmed/Brass/Trumpet_C/ordinario/TpC-ord-A#5-pp-N-N.wav,trumpet,train,0
Brass/Trumpet_C/ordinario/TpC-ord-A3-ff-N-T23u.wav,work/trimmed/Brass/Trumpet_C/ordinario/TpC-ord-A3-ff-N-T23u.wav,trumpet,train,0
Brass/Trumpet_C/ordinario/TpC-ord-A3-mf-N-N.wav,work/trimmed/Brass/Trumpet_C/ordinario/TpC-ord-A3-mf-N-N.wav,trumpet,train,0
Brass/Trumpet_C/ordinario/TpC-ord-A3-pp-N-T10d.wav,work/trimmed/Brass/Trumpet_C/ordinario/TpC-ord-A3-pp-N-T10d.wav,trumpet,train,0
Brass/Trumpet_C/ordinario/TpC-ord-A4-ff-N-T22u.wav,work/trimmed/Brass/Trumpet_C/ordinario/TpC-ord-A4-ff-N-T22u.wav,trumpet,test,0
Brass/Trumpet_C/ordinario/TpC-ord-A4-mf-N-T19u.wav,work/trimmed/Brass/Trumpet_C/ordinario/TpC-ord-A4-mf-N-T19u.wav,trumpet,test,0
Brass/Trumpet_C/ordinario/TpC-ord-A4-pp-N-N.wav,work/trimmed/Brass/Trumpet_C/ordinario/TpC-ord-A4-pp-N-N.wav,trumpet,test,0
Brass/Trumpet_C/ordinario/TpC-ord-A5-ff-N-T13u.wav,work/trimmed/Brass/Trumpet_C/ordinario/TpC-ord-A5-ff-N-T13u.wav,trumpet,train,0
Brass/Trumpet_C/ordinario/TpC-ord-A5-mf-N-N.wav,work/trimmed/Brass/Trumpet_C/ordinario/TpC-ord-A5-mf-N-N.wav,trumpet,train,0
Brass/Trumpet_C/ordinario/TpC-ord-A5-pp-N-T26d.wav,work/trimmed/Brass/Trumpet_C/ordinario/TpC-ord-A5-pp-N-T26d.wav,trumpet,train,0
Brass/Trumpet_C/ordinario/TpC-ord-B3-ff-N-R100d.wav,work/trimmed/Brass/Trumpet_C/ordinario/TpC-ord-B3-ff-N-R100d.wav,trumpet,train,0
Brass/Trumpet_C/ordinario/TpC-ord-B3-mf-N-N.wav,work/trimmed/Brass/Trumpet_C/ordinario/TpC-ord-B3-mf-N-N.wav,trumpet,train,0
Brass/Trumpet_C/ordinario/TpC-ord-B3-pp-N-N.wav,work/trimmed/Brass/Trumpet_C/ordinario/TpC-ord-B3-pp-N-N.wav,trumpet,train,0
Brass/Trumpet_C/ordinario/TpC-ord-B4-ff-N-N.wav,work/trimmed/Brass/Trumpet_C/ordinario/TpC-ord-B4-ff-N-N.wav,trumpet,train,0
Brass/Trumpet_C/ordinario/TpC-ord-B4-mf-N-N.wav,work/trimmed/Brass/Trumpet_C/ordinario/TpC-ord-B4-mf-N-N.wav,trumpet,train,0
Brass/Trumpet_C/ordinario/TpC-ord-B4-pp-N-N.wav,work/trimmed/Brass/Trumpet_C/ordinario/TpC-ord-B4-pp-N-N.wav,trumpet,train,0
Brass/Trumpet_C/ordinario/TpC-ord-B5-ff-N-N.wav,work/trimmed/Brass/Trumpet_C/ordinario/TpC-ord-B5-ff-N-N.wav,trumpet,val,0
Brass/Trumpet_C/ordinario/TpC-ord-B5-mf-N-T13u.wav,work/trimmed/Brass/Trumpet_C/ordinario/TpC-ord-B5-mf-N-T13u.wav,trumpet,val,0
Brass/Trumpet_C/ordinario/TpC-ord-B5-pp-N-N.wav,work/trimmed/Brass/Trumpet_C/ordinario/TpC-ord-B5-pp-N-N.wav,trumpet,val,0
Brass/Trumpet_C/ordinario/TpC-ord-C#4-ff-N-T39u.wav,work/trimmed/Brass/Trumpet_C/ordinario/TpC-ord-C#4-ff-N-T39u.wav,trumpet,train,0
Brass/Trumpet_C/ordinario/TpC-ord-C#4-mf-N-T17u.wav,work/trimmed/Brass/Trumpet_C/ordinario/TpC-ord-C#4-mf-N-T17u.wav,trumpet,train,0
Brass/Trumpet_C/ordinario/TpC-ord-C#4-pp-N-T11u.wav,work/trimmed/Brass/Trumpet_C/ordinario/TpC-ord-C#4-pp-N-T11u.wav,trumpet,train,0
Brass/Trumpet_C/ordinario/TpC-ord-C#5-ff-N-N.wav,work/trimmed/Brass/Trumpet_C/ordinario/TpC-ord-C#5-ff-N-N.wav,trumpet,train,0
Brass/Trumpet_C/ordinario/TpC-ord-C#5-mf-N-T17u.wav,work/trimmed/Brass/Trumpet_C/ordinario/TpC-ord-C#5-mf-N-T17u.wav,trumpet,train,0
Brass/Trumpet_C/ordinario/TpC-ord-C#5-pp-N-N.wav,work/trimmed/Brass/Trumpet_C/ordinario/TpC-ord-C#5-pp-N-N.wav,trumpet,train,0
Brass/Trumpet_C/ordinario/TpC-ord-C#6-mf-N-T10u.wav,work/trimmed/Brass/Trumpet_C/ordinario/TpC-ord-C#6-mf-N-T10u.wav,trumpet,test,0
Brass/Trumpet_C/ordinario/TpC-ord-C#6-pp-N-N.wav,work/trimmed/Brass/Trumpet_C/ordinario/TpC-ord-C#6-pp-N-N.wav,trumpet,test,0
Brass/Trumpet_C/ordinario/TpC-ord-C4-ff-N-N.wav,work/trimmed/Brass/Trumpet_C/ordinario/TpC-ord-C4-ff-N-N.wav,trumpet,test,0
Brass/Trumpet_C/ordinario/TpC-ord-C4-mf-N-N.wav,work/trimmed/Brass/Trumpet_C/ordinario/TpC-ord-C4-mf-N-N.wav,trumpet,test,0
Brass/Trumpet_C/ordinario/TpC-ord-C4-pp-N-T10d.wav,work/trimmed/Brass/Trumpet_C/ordinario/TpC-ord-C4-pp-N-T10d.wav,trumpet,test,0
Brass/Trumpet_C/ordinario/TpC-ord-C5-ff-N-N.wav,work/trimmed/Brass/Trumpet_C/ordinario/TpC-ord-C5-ff-N-N.wav,trumpet,train,0
Brass/Trumpet_C/ordinario/TpC-ord-C5-mf-N-N.wav,work/trimmed/Brass/Trumpet_C/ordinario/TpC-ord-C5-mf-N-N.wav,trumpet,train,0
Brass/Trumpet_C/ordinario/TpC-ord-C5-pp-N-T11d.wav,work/trimmed/Brass/Trumpet_C/ordinario/TpC-ord-C5-pp-N-T11d.wav,trumpet,train,0
Brass/Trumpet_C/ordinario/TpC-ord-C6-ff-N-T17u.wav,work/trimmed/Brass/Trumpet_C/ordinario/TpC-ord-C6-ff-N-T17u.wav,trumpet,train,0
Brass/Trumpet_C/ordinario/TpC-ord-C6-mf-N-T11u.wav,work/trimmed/Brass/Trumpet_C/ordinario/TpC-ord-C6-mf-N-T11u.wav,trumpet,train,0
Brass/Trumpet_C/ordinario/TpC-ord-C6-pp-N-N.wav,work/trimmed/Brass/Trumpet_C/ordinario/TpC-ord-C6-pp-N-N.wav,trumpet,train,0
Brass/Trumpet_C/ordinario/TpC-ord-D#4-ff-N-N.wav,work/trimmed/Brass/Trumpet_C/ordinario/TpC-ord-D#4-ff-N-N.wav,trumpet,train,0
Brass/Trumpet_C/ordinario/TpC-ord-D#4-mf-N-T16u.wav,work/trimmed/Brass/Trumpet_C/ordinario/TpC-ord-D#4-mf-N-T16u.wav,trumpet,train,0
Brass/Trumpet_C/ordinario/TpC-ord-D#4-pp-N-N.wav,work/trimmed/Brass/Trumpet_C/ordinario/TpC-ord-D#4-pp-N-N.wav,trumpet,train,0
Brass/Trumpet_C/ordinario/TpC-ord-D#5-ff-N-N.wav,work/trimmed/Brass/Trumpet_C/ordinario/TpC-ord-D#5-ff-N-N.wav,trumpet,train,0
Brass/Trumpet_C/ordinario/TpC-ord-D#5-mf-N-N.wav,work/trimmed/Brass/Trumpet_C/ordinario/TpC-ord-D#5-mf-N-N.wav,trumpet,train,0
Brass/Trumpet_C/ordinario/TpC-ord-D#5-pp-N-N.wav,work/trimmed/Brass/Trumpet_C/ordinario/TpC-ord-D#5-pp-N-N.wav,trumpet,train,0
Brass/Trumpet_C/ordinario/TpC-ord-D4-ff-N-T27u.wav,work/trimmed/Brass/Trumpet_C/ordinario/TpC-ord-D4-ff-N-T27u.wav,trumpet,val,0
Brass/Trumpet_C/ordinario/TpC-ord-D4-mf-N-T13u.wav,work/trimmed/Brass/Trumpet_C/ordinario/TpC-ord-D4-mf-N-T13u.wav,trumpet,val,0
Brass/Trumpet_C/ordinario/TpC-ord-D4-pp-N-T18u.wav,work/trimmed/Brass/Trumpet_C/ordinario/TpC-ord-D4-pp-N-T18u.wav,trumpet,val,0
Brass/Trumpet_C/ordinario/TpC-ord-D5-ff-N-N.wav,work/trimmed/Brass/Trumpet_C/ordinario/TpC-ord-D5-ff-N-N.wav,trumpet,val,0
Brass/Trumpet_C/ordinario/TpC-ord-D5-mf-N-T14u.wav,work/trimmed/Brass/Trumpet_C/ordinario/TpC-ord-D5-mf-N-T14u.wav,trumpet,val,0
Brass/Trumpet_C/ordinario/TpC-ord-D5-pp-N-N.wav,work/trimmed/Brass/Trumpet_C/ordinario/TpC-ord-D5-pp-N-N.wav,trumpet,val,0
Brass/Trumpet_C/ordinario/TpC-ord-D6-mf-N-N.wav,work/trimmed/Brass/Trumpet_C/ordinario/TpC-ord-D6-mf-N-N.wav,trumpet,train,0
Brass/Trumpet_C/ordinario/TpC-ord-D6-pp-N-N.wav,work/trimmed/Brass/Trumpet_C/ordinario/TpC-ord-D6-pp-N-N.wav,trumpet,train,0
Brass/Trumpet_C/ordinario/TpC-ord-E4-ff-N-N.wav,work/trimmed/Brass/Trumpet_C/ordinario/TpC-ord-E4-ff-N-N.wav,trumpet,train,0
Brass/Trumpet_C/ordinario/TpC-ord-E4-mf-N-T11u.wav,work/trimmed/Brass/Trumpet_C/ordinario/TpC-ord-E4-mf-N-T11u.wav,trumpet,train,0
Brass/Trumpet_C/ordinario/TpC-ord-E4-pp-N-N.wav,work/trimmed/Brass/Trumpet_C/ordinario/TpC-ord-E4-pp-N-N.wav,trumpet,train,0
Brass/Trumpet_C/ordinario/TpC-ord-E5-ff-N-N.wav,work/trimmed/Brass/Trumpet_C/ordinario/TpC-ord-E5-ff-N-N.wav,trumpet,test,0
Brass/Trumpet_C/ordinario/TpC-ord-E5-mf-N-R100u.wav,work/trimmed/Brass/Trumpet_C/ordinario/TpC-ord-E5-mf-N-R100u.wav,trumpet,test,0
Brass/Trumpet_C/ordinario/TpC-ord-E5-pp-N-T31d.wav,work/trimmed/Brass/Trumpet_C/ordinario/TpC-ord-E5-pp-N-T31d.wav,trumpet,test,0
Brass/Trumpet_C/ordinario/TpC-ord-F#3-mf-N-T23u.wav,work/trimmed/Brass/Trumpet_C/ordinario/TpC-ord-F#3-mf-N-T23u.wav,trumpet,val,0
Brass/Trumpet_C/ordinario/TpC-ord-F#3-pp-N-N.wav,work/trimmed/Brass/Trumpet_C/ordinario/TpC-ord-F#3-pp-N-N.wav,trumpet,val,0
Brass/Trumpet_C/ordinario/TpC-ord-F#4-ff-N-T14u.wav,work/trimmed/Brass/Trumpet_C/ordinario/TpC-ord-F#4-ff-N-T14u.wav,trumpet,train,0
Brass/Trumpet_C/ordinario/TpC-ord-F#4-mf-N-T16u.wav,work/trimmed/Brass/Trumpet_C/ordinario/TpC-ord-F#4-mf-N-T16u.wav,trumpet,train,0
Brass/Trumpet_C/ordinario/TpC-ord-F#4-pp-N-T12u.wav,work/trimmed/Brass/Trumpet_C/ordinario/TpC-ord-F#4-pp-N-T12u.wav,trumpet,train,0
Brass/Trumpet_C/ordinario/TpC-ord-F#5-ff-N-N.wav,work/trimmed/Brass/Trumpet_C/ordinario/TpC-ord-F#5-ff-N-N.wav,trumpet,val,0
Brass/Trumpet_C/ordinario/TpC-ord-F#5-mf-N-T10d.wav,work/trimmed/Brass/Trumpet_C/ordinario/TpC-ord-F#5-mf-N-T10d.wav,trumpet,val,0
Brass/Trumpet_C/ordinario/TpC-ord-F#5-pp-N-T22d.wav,work/trimmed/Brass/Trumpet_C/ordinario/TpC-ord-F#5-pp-N-T22d.wav,trumpet,val,0
Brass/Trumpet_C/ordinario/TpC-ord-F4-ff-N-T17u.wav,work/trimmed/Brass/Trumpet_C/ordinario/TpC-ord-F4-ff-N-T17u.wav,trumpet,train,0
Brass/Trumpet_C/ordinario/TpC-ord-F4-mf-N-T25u.wav,work/trimmed/Brass/Trumpet_C/ordinario/TpC-ord-F4-mf-N-T25u.wav,trumpet,train,0
Brass/Trumpet_C/ordinario/TpC-ord-F4-pp-N-T12u.wav,work/trimmed/Brass/Trumpet_C/ordinario/TpC-ord-F4-pp-N-T12u.wav,trumpet,train,0
Brass/Trumpet_C/ordinario/TpC-ord-F5-ff-N-N.wav,work/trimmed/Brass/Trumpet_C/ordinario/TpC-ord-F5-ff-N-N.wav,trumpet,train,0
Brass/Trumpet_C/ordinario/TpC-ord-F5-mf-N-T11d.wav,work/trimmed/Brass/Trumpet_C/ordinario/TpC-ord-F5-mf-N-T11d.wav,trumpet,train,0
Brass/Trumpet_C/ordinario/TpC-ord-F5-pp-N-T12d.wav,work/trimmed/Brass/Trumpet_C/ordinario/TpC-ord-F5-pp-N-T12d.wav,trumpet,train,0
Brass/Trumpet_C/ordinario/TpC-ord-G#3-ff-N-T23u_R100d.wav,work/trimmed/Brass/Trumpet_C/ordinario/TpC-ord-G#3-ff-N-T23u_R100d.wav,trumpet,train,0
Brass/Trumpet_C/ordinario/TpC-ord-G#3-mf-N-N.wav,work/trimmed/Brass/Trumpet_C/ordinario/TpC-ord-G#3-mf-N-N.wav,trumpet,train,0
Brass/Trumpet_C/ordinario/TpC-ord-G#3-pp-N-N.wav,work/trimmed/Brass/Trumpet_C/ordinario/TpC-ord-G#3-pp-N-N.wav,trumpet,train,0
Brass/Trumpet_C/ordinario/TpC-ord-G#4-ff-N-N.wav,work/trimmed/Brass/Trumpet_C/ordinario/TpC-ord-G#4-ff-N-N.wav,trumpet,test,0
Brass/Trumpet_C/ordinario/TpC-ord-G#4-mf-N-N.wav,work/trimmed/Brass/Trumpet_C/ordinario/TpC-ord-G#4-mf-N-N.wav,trumpet,test,0
Brass/Trumpet_C/ordinario/TpC-ord-G#4-pp-N-N.wav,work/trimmed/Brass/Trumpet_C/ordinario/TpC-ord-G#4-pp-N-N.wav,trumpet,test,0
Brass/Trumpet_C/ordinario/TpC-ord-G#5-ff-N-N.wav,work/trimmed/Brass/Trumpet_C/ordinario/TpC-ord-G#5-ff-N-N.wav,trumpet,train,0
Brass/Trumpet_C/ordinario/TpC-ord-G#5-mf-N-N.wav,work/trimmed/Brass/Trumpet_C/ordinario/TpC-ord-G#5-mf-N-N.wav,trumpet,train,0
Brass/Trumpet_C/ordinario/TpC-ord-G#5-pp-N-T23d.wav,work/trimmed/Brass/Trumpet_C/ordinario/TpC-ord-G#5-pp-N-T23d.wav,trumpet,train,0
Brass/Trumpet_C/ordinario/TpC-ord-G3-ff-N-T21u.wav,work/trimmed/Brass/Trumpet_C/ordinario/TpC-ord-G3-ff-N-T21u.wav,trumpet,train,0
Brass/Trumpet_C/ordinario/TpC-ord-G3-mf-N-T12u.wav,work/trimmed/Brass/Trumpet_C/ordinario/TpC-ord-G3-mf-N-T12u.wav,trumpet,train,0
Brass/Trumpet_C/ordinario/TpC-ord-G3-pp-N-N.wav,work/trimmed/Brass/Trumpet_C/ordinario/TpC-ord-G3-pp-N-N.wav,trumpet,train,0
Brass/Trumpet_C/ordinario/TpC-ord-G4-ff-N-N.wav,work/trimmed/Brass/Trumpet_C/ordinario/TpC-ord-G4-ff-N-N.wav,trumpet,train,0
Brass/Trumpet_C/ordinario/TpC-ord-G4-mf-N-T15u.wav,work/trimmed/Brass/Trumpet_C/ordinario/TpC-ord-G4-mf-N-T15u.wav,trumpet,train,0
Brass/Trumpet_C/ordinario/TpC-ord-G4-pp-N-N.wav,work/trimmed/Brass/Trumpet_C/ordinario/TpC-ord-G4-pp-N-N.wav,trumpet,train,0
Brass/Trumpet_C/ordinario/TpC-ord-G5-ff-N-N.wav,work/trimmed/Brass/Trumpet_C/ordinario/TpC-ord-G5-ff-N-N.wav,trumpet,train,0
Brass/Trumpet_C/ordinario/TpC-ord-G5-mf-N-N.wav,work/trimmed/Brass/Trumpet_C/ordinario/TpC-ord-G5-mf-N-N.wav,trumpet,train,0
Brass/Trumpet_C/ordinario/TpC-ord-G5-pp-N-T25d.wav,work/trimmed/Brass/Trumpet_C/ordinario/TpC-ord-G5-pp-N-T25d.wav,trumpet,train,0
Strings/Contrabass/ordinario/Cb-ord-A#1-ff-3c-N.wav,work/trimmed/Strings/Contrabass/ordinario/Cb-ord-A#1-ff-3c-N.wav,double-bass,train,0
Strings/Contrabass/ordinario/Cb-ord-A#1-ff-4c-N.wav,work/trimmed/Strings/Contrabass/ordinario/Cb-ord-A#1-ff-4c-N.wav,double-bass,train,0
Strings/Contrabass/ordinario/Cb-ord-A#1-mf-3c-N.wav,work/trimmed/Strings/Contrabass/ordinario/Cb-ord-A#1-mf-3c-N.wav,double-bass,train,0
Strings/Contrabass/ordinario/Cb-ord-A#1-mf-4c-N.wav,work/trimmed/Strings/Contrabass/ordinario/Cb-ord-A#1-mf-4c-N.wav,double-bass,train,0
Strings/Contrabass/ordinario/Cb-ord-A#1-pp-3c-N.wav,work/trimmed/Strings/Contrabass/ordinario/Cb-ord-A#1-pp-3c-N.wav,double-bass,train,0
Strings/Contrabass/ordinario/Cb-ord-A#1-pp-4c-N.wav,work/trimmed/Strings/Contrabass/ordinario/Cb-ord-A#1-pp-4c-N.wav,double-bass,train,0
Strings/Contrabass/ordinario/Cb-ord-A#2-ff-1c-N.wav,work/trimmed/Strings/Contrabass/ordinario/Cb-ord-A#2-ff-1c-N.wav,double-bass,train,0
Strings/Contrabass/ordinario/Cb-ord-A#2-ff-2c-T14u.wav,work/trimmed/Strings/Contrabass/ordinario/Cb-ord-A#2-ff-2c-T14u.wav,double-bass,train,0
Strings/Contrabass/ordinario/Cb-ord-A#2-ff-3c-T13u.wav,work/trimmed/Strings/Contrabass/ordinario/Cb-ord-A#2-ff-3c-T13u.wav,double-bass,train,0
Strings/Contrabass/ordinario/Cb-ord-A#2-ff-4c-T21u.wav,work/trimmed/Strings/Contrabass/ordinario/Cb-ord-A#2-ff-4c-T21u.wav,double-bass,train,0
Strings/Contrabass/ordinario/Cb-ord-A#2-mf-1c-N.wav,work/trimmed/Strings/Contrabass/ordinario/Cb-ord-A#2-mf-1c-N.wav,double-bass,train,0
Strings/Contrabass/ordinario/Cb-ord-A#2-mf-2c-T13u.wav,work/trimmed/Strings/Contrabass/ordinario/Cb-ord-A#2-mf-2c-T13u.wav,double-bass,train,0
Strings/Contrabass/ordinario/Cb-ord-A#2-mf-3c-N.wav,work/trimmed/Strings/Contrabass/ordinario/Cb-ord-A#2-mf-3c-N.wav,double-bass,train,0
Strings/Contrabass/ordinario/Cb-ord-A#2-mf-4c-N.wav,work/trimmed/Strings/Contrabass/ordinario/Cb-ord-A#2-mf-4c-N.wav,double-bass,train,0
Strings/Contrabass/ordinario/Cb-ord-A#2-pp-1c-N.wav,work/trimmed/Strings/Contrabass/ordinario/Cb-ord-A#2-pp-1c-N.wav,double-bass,train,0
Strings/Contrabass/ordinario/Cb-ord-A#2-pp-2c-N.wav,work/trimmed/Strings/Contrabass/ordinario/Cb-ord-A#2-pp-2c-N.wav,double-bass,train,0
Strings/Contrabass/ordinario/Cb-ord-A#2-pp-3c-N.wav,work/trimmed/Strings/Contrabass/ordinario/Cb-ord-A#2-pp-3c-N.wav,double-bass,train,0
Strings/Contrabass/ordinario/Cb-ord-A#2-pp-4c-N.wav,work/trimmed/Strings/Contrabass/ordinario/Cb-ord-A#2-pp-4c-N.wav,double-bass,train,0
Strings/Contrabass/ordinario/Cb-ord-A#3-ff-1c-N.wav,work/trimmed/Strings/Contrabass/ordinario/Cb-ord-A#3-ff-1c-N.wav,double-bass,train,0
Strings/Contrabass/ordinario/Cb-ord-A#3-ff-2c-N.wav,work/trimmed/Strings/Contrabass/ordinario/Cb-ord-A#3-ff-2c-N.wav,double-bass,train,0
Strings/Contrabass/ordinario/Cb-ord-A#3-mf-1c-N.wav,work/trimmed/Strings/Contrabass/ordinario/Cb-ord-A#3-mf-1c-N.wav,double-bass,train,0
Strings/Contrabass/ordinario/Cb-ord-A#3-mf-2c-N.wav,work/trimmed/Strings/Contrabass/ordinario/Cb-ord-A#3-mf-2c-N.wav,double-bass,train,0
Strings/Contrabass/ordinario/Cb-ord-A#3-pp-1c-N.wav,work/trimmed/Strings/Contrabass/ordinario/Cb-ord-A#3-pp-1c-N.wav,double-bass,train,0
Strings/Contrabass/ordinario/Cb-ord-A#3-pp-2c-N.wav,work/trimmed/Strings/Contrabass/ordinario/Cb-ord-A#3-pp-2c-N.wav,double-bass,train,0
Strings/Contrabass/ordinario/Cb-ord-A#4-ff-1c-N.wav,work/trimmed/Strings/Contrabass/ordinario/Cb-ord-A#4-ff-1c-N.wav,double-bass,val,0
Strings/Contrabass/ordinario/Cb-ord-A#4-mf-1c-T20u.wav,work/trimmed/Strings/Contrabass/ordinario/Cb-ord-A#4-mf-1c-T20u.wav,double-bass,val,0
Strings/Contrabass/ordinario/Cb-ord-A#4-pp-1c-T13u.wav,work/trimmed/Strings/Contrabass/ordinario/Cb-ord-A#4-pp-1c-T13u.wav,double-bass,val,0
Strings/Contrabass/ordinario/Cb-ord-A1-ff-3c-N.wav,work/trimmed/Strings/Contrabass/ordinario/Cb-ord-A1-ff-3c-N.wav,double-bass,test,0
Strings/Contrabass/ordinario/Cb-ord-A1-ff-4c-N.wav,work/trimmed/Strings/Contrabass/ordinario/Cb-ord-A1-ff-4c-N.wav,double-bass,test,0
Strings/Contrabass/ordinario/Cb-ord-A1-mf-3c-N.wav,work/trimmed/Strings/Contrabass/ordinario/Cb-ord-A1-mf-3c-N.wav,double-bass,test,0
Strings/Contrabass/ordinario/Cb-ord-A1-mf-4c-N.wav,work/trimmed/Strings/Contrabass/ordinario/Cb-ord-A1-mf-4c-N.wav,double-bass,test,0
Strings/Contrabass/ordinario/Cb-ord-A1-pp-3c-N.wav,work/trimmed/Strings/Contrabass/ordinario/Cb-ord-A1-pp-3c-N.wav,double-bass,test,0
Strings/Contrabass/ordinario/Cb-ord-A1-pp-4c-N.wav,work/trimmed/Strings/Contrabass/ordinario/Cb-ord-A1-pp-4c-N.wav,double-bass,test,0
Strings/Contrabass/ordinario/Cb-ord-A2-ff-1c-R100d.wav,work/trimmed/Strings/Contrabass/ordinario/Cb-ord-A2-ff-1c-R100d.wav,double-bass,train,0
Strings/Contrabass/ordinario/Cb-ord-A2-ff-2c-N.wav,work/trimmed/Strings/Contrabass/ordinario/Cb-ord-A2-ff-2c-N.wav,double-bass,train,0
Strings/Contrabass/ordinario/Cb-ord-A2-ff-3c-N.wav,work/trimmed/Strings/Contrabass/ordinario/Cb-ord-A2-ff-3c-N.wav,double-bass,train,0
Strings/Contrabass/ordinario/Cb-ord-A2-ff-4c-T17u.wav,work/trimmed/Strings/Contrabass/ordinario/Cb-ord-A2-ff-4c-T17u.wav,double-bass,train,0
Strings/Contrabass/ordinario/Cb-ord-A2-mf-1c-N.wav,work/trimmed/Strings/Contrabass/ordinario/Cb-ord-A2-mf-1c-N.wav,double-bass,train,0
Strings/Contrabass/ordinario/Cb-ord-A2-mf-2c-N.wav,work/trimmed/Strings/Contrabass/ordinario/Cb-ord-A2-mf-2c-N.wav,double-bass,train,0
Strings/Contrabass/ordinario/Cb-ord-A2-mf-3c-R100d.wav,work/trimmed/Strings/Contrabass/ordinario/Cb-ord-A2-mf-3c-R100d.wav,double-bass,train,0
Strings/Contrabass/ordinario/Cb-ord-A2-mf-4c-N.wav,work/trimmed/Strings/Contrabass/ordinario/Cb-ord-A2-mf-4c-N.wav,double-bass,train,0
Strings/Contrabass/ordinario/Cb-ord-A2-pp-1c-N.wav,work/trimmed/Strings/Contrabass/ordinario/Cb-ord-A2-pp-1c-N.wav,double-bass,train,0
Strings/Contrabass/ordinario/Cb-ord-A2-pp-2c-T12d.wav,work/trimmed/Strings/Contrabass/ordinario/Cb-ord-A2-pp-2c-T12d.wav,double-bass,train,0
Strings/Contrabass/ordinario/Cb-ord-A2-pp-3c-T12d.wav,work/trimmed/Strings/Contrabass/ordinario/Cb-ord-A2-pp-3c-T12d.wav,double-bass,train,0
Strings/Contrabass/ordinario/Cb-ord-A2-pp-4c-N.wav,work/trimmed/Strings/Contrabass/ordinario/Cb-ord-A2-pp-4c-N.wav,double-bass,train,0
Strings/Contrabass/ordinario/Cb-ord-A3-ff-1c-N.wav,work/trimmed/Strings/Contrabass/ordinario/Cb-ord-A3-ff-1c-N.wav,double-bass,test,0
Strings/Contrabass/ordinario/Cb-ord-A3-ff-2c-N.wav,work/trimmed/Strings/Contrabass/ordinario/Cb-ord-A3-ff-2c-N.wav,double-bass,test,0
Strings/Contrabass/ordinario/Cb-ord-A3-mf-1c-N.wav,work/trimmed/Strings/Contrabass/ordinario/Cb-ord-A3-mf-1c-N.wav,double-bass,test,0
Strings/Contrabass/ordinario/Cb-ord-A3-mf-2c-N.wav,work/trimmed/Strings/Contrabass/ordinario/Cb-ord-A3-mf-2c-N.wav,double-bass,test,0
Strings/Contrabass/ordinario/Cb-ord-A3-pp-1c-N.wav,work/trimmed/Strings/Contrabass/ordinario/Cb-ord-A3-pp-1c-N.wav,double-bass,test,0
Strings/Contrabass/ordinario/Cb-ord-A3-pp-2c-N.wav,work/trimmed/Strings/Contrabass/ordinario/Cb-ord-A3-pp-2c-N.wav,double-bass,test,0
Strings/Contrabass/ordinario/Cb-ord-A4-ff-1c-N.wav,work/trimmed/Strings/Contrabass/ordinario/Cb-ord-A4-ff-1c-N.wav,double-bass,test,0
Strings/Contrabass/ordinario/Cb-ord-A4-mf-1c-T10u.wav,work/trimmed/Strings/Contrabass/ordinario/Cb-ord-A4-mf-1c-T10u.wav,double-bass,test,0
Strings/Contrabass/ordinario/Cb-ord-A4-pp-1c-N.wav,work/trimmed/Strings/Contrabass/ordinario/Cb-ord-A4-pp-1c-N.wav,double-bass,test,0
Strings/Contrabass/ordinario/Cb-ord-B1-ff-3c-N.wav,work/trimmed/Strings/Contrabass/ordinario/Cb-ord-B1-ff-3c-N.wav,double-bass,val,0
Strings/Contrabass/ordinario/Cb-ord-B1-ff-4c-N.wav,work/trimmed/Strings/Contrabass/ordinario/Cb-ord-B1-ff-4c-N.wav,double-bass,val,0
Strings/Contrabass/ordinario/Cb-ord-B1-mf-3c-R100u.wav,work/trimmed/Strings/Contrabass/ordinario/Cb-ord-B1-mf-3c-R100u.wav,double-bass,val,0
Strings/Contrabass/ordinario/Cb-ord-B1-mf-4c-N.wav,work/trimmed/Strings/Contrabass/ordinario/Cb-ord-B1-mf-4c-N.wav,double-bass,val,0
Strings/Contrabass/ordinario/Cb-ord-B1-pp-3c-N.wav,work/trimmed/Strings/Contrabass/ordinario/Cb-ord-B1-pp-3c-N.wav,double-bass,val,0
Strings/Contrabass/ordinario/Cb-ord-B1-pp-4c-N.wav,work/trimmed/Strings/Contrabass/ordinario/Cb-ord-B1-pp-4c-N.wav,double-bass,val,0
Strings/Contrabass/ordinario/Cb-ord-B2-ff-1c-N.wav,work/trimmed/Strings/Contrabass/ordinario/Cb-ord-B2-ff-1c-N.wav,double-bass,train,0
Strings/Contrabass/ordinario/Cb-ord-B2-ff-2c-N.wav,work/trimmed/Strings/Contrabass/ordinario/Cb-ord-B2-ff-2c-N.wav,double-bass,train,0
Strings/Contrabass/ordinario/Cb-ord-B2-ff-3c-T17u.wav,work/trimmed/Strings/Contrabass/ordinario/Cb-ord-B2-ff-3c-T17u.wav,double-bass,train,0
Strings/Contrabass/ordinario/Cb-ord-B2-ff-4c-T25u.wav,work/trimmed/Strings/Contrabass/ordinario/Cb-ord-B2-ff-4c-T25u.wav,double-bass,train,0
Strings/Contrabass/ordinario/Cb-ord-B2-mf-1c-N.wav,work/trimmed/Strings/Contrabass/ordinario/Cb-ord-B2-mf-1c-N.wav,double-bass,train,0
Strings/Contrabass/ordinario/Cb-ord-B2-mf-2c-N.wav,work/trimmed/Strings/Contrabass/ordinario/Cb-ord-B2-mf-2c-N.wav,double-bass,train,0
Strings/Contrabass/ordinario/Cb-ord-B2-mf-3c-T10u.wav,work/trimmed/Strings/Contrabass/ordinario/Cb-ord-B2-mf-3c-T10u.wav,double-bass,train,0
Strings/Contrabass/ordinario/Cb-ord-B2-mf-4c-N.wav,work/trimmed/Strings/Contrabass/ordinario/Cb-ord-B2-mf-4c-N.wav,double-bass,train,0
Strings/Contrabass/ordinario/Cb-ord-B2-pp-1c-N.wav,work/trimmed/Strings/Contrabass/ordinario/Cb-ord-B2-pp-1c-N.wav,double-bass,train,0
Strings/Contrabass/ordinario/Cb-ord-B2-pp-2c-N.wav,work/trimmed/Strings/Contrabass/ordinario/Cb-ord-B2-pp-2c-N.wav,double-bass,train,0
Strings/Contrabass/ordinario/Cb-ord-B2-pp-3c-N.wav,work/trimmed/Strings/Contrabass/ordinario/Cb-ord-B2-pp-3c-N.wav,double-bass,train,0
Strings/Contrabass/ordinario/Cb-ord-B2-pp-4c-N.wav,work/trimmed/Strings/Contrabass/ordinario/Cb-ord-B2-pp-4c-N.wav,double-bass,train,0
Strings/Contrabass/ordinario/Cb-ord-B3-ff-1c-N.wav,work/trimmed/Strings/Contrabass/ordinario/Cb-ord-B3-ff-1c-N.wav,double-bass,train,0
Strings/Contrabass/ordinario/Cb-ord-B3-ff-2c-N.wav,work/trimmed/Strings/Contrabass/ordinario/Cb-ord-B3-ff-2c-N.wav,double-bass,train,0
Strings/Contrabass/ordinario/Cb-ord-B3-mf-1c-N.wav,work/trimmed/Strings/Contrabass/ordinario/Cb-ord-B3-mf-1c-N.wav,double-bass,train,0
Strings/Contrabass/ordinario/Cb-ord-B3-mf-2c-N.wav,work/trimmed/Strings/Contrabass/ordinario/Cb-ord-B3-mf-2c-N.wav,double-bass,train,0
Strings/Contrabass/ordinario/Cb-ord-B3-pp-1c-N.wav,work/trimmed/Strings/Contrabass/ordinario/Cb-ord-B3-pp-1c-N.wav,double-bass,train,0
Strings/Contrabass/ordinario/Cb-ord-B3-pp-2c-N.wav,work/trimmed/Strings/Contrabass/ordinario/Cb-ord-B3-pp-2c-N.wav,double-bass,train,0
Strings/Contrabass/ordinario/Cb-ord-B4-ff-1c-T15d.wav,work/trimmed/Strings/Contrabass/ordinario/Cb-ord-B4-ff-1c-T15d.wav,double-bass,train,0
Strings/Contrabass/ordinario/Cb-ord-B4-mf-1c-N.wav,work/trimmed/Strings/Contrabass/ordinario/Cb-ord-B4-mf-1c-N.wav,double-bass,train,0
Strings/Contrabass/ordinario/Cb-ord-B4-pp-1c-N.wav,work/trimmed/Strings/Contrabass/ordinario/Cb-ord-B4-pp-1c-N.wav,double-bass,train,0
Strings/Contrabass/ordinario/Cb-ord-C#2-ff-3c-T11u.wav,work/trimmed/Strings/Contrabass/ordinario/Cb-ord-C#2-ff-3c-T11u.wav,double-bass,val,0
Strings/Contrabass/ordinario/Cb-ord-C#2-ff-4c-T27u.wav,work/trimmed/Strings/Contrabass/ordinario/Cb-ord-C#2-ff-4c-T27u.wav,double-bass,val,0
Strings/Contrabass/ordinario/Cb-ord-C#2-mf-3c-N.wav,work/trimmed/Strings/Contrabass/ordinario/Cb-ord-C#2-mf-3c-N.wav,double-bass,val,0
Strings/Contrabass/ordinario/Cb-ord-C#2-mf-4c-N.wav,work/trimmed/Strings/Contrabass/ordinario/Cb-ord-C#2-mf-4c-N.wav,double-bass,val,0
Strings/Contrabass/ordinario/Cb-ord-C#2-pp-3c-N.wav,work/trimmed/Strings/Contrabass/ordinario/Cb-ord-C#2-pp-3c-N.wav,double-bass,val,0
Strings/Contrabass/ordinario/Cb-ord-C#2-pp-4c-R100u.wav,work/trimmed/Strings/Contrabass/ordinario/Cb-ord-C#2-pp-4c-R100u.wav,double-bass,val,0
Strings/Contrabass/ordinario/Cb-ord-C#3-ff-1c-N.wav,work/trimmed/Strings/Contrabass/ordinario/Cb-ord-C#3-ff-1c-N.wav,double-bass,train,0
Strings/Contrabass/ordinario/Cb-ord-C#3-ff-2c-N.wav,work/trimmed/Strings/Contrabass/ordinario/Cb-ord-C#3-ff-2c-N.wav,double-bass,train,0
Strings/Contrabass/ordinario/Cb-ord-C#3-ff-3c-T20u.wav,work/trimmed/Strings/Contrabass/ordinario/Cb-ord-C#3-ff-3c-T20u.wav,double-bass,train,0
Strings/Contrabass/ordinario/Cb-ord-C#3-ff-4c-N.wav,work/trimmed/Strings/Contrabass/ordinario/Cb-ord-C#3-ff-4c-N.wav,double-bass,train,0
Strings/Contrabass/ordinario/Cb-ord-C#3-mf-1c-T11u.wav,work/trimmed/Strings/Contrabass/ordinario/Cb-ord-C#3-mf-1c-T11u.wav,double-bass,train,0
Strings/Contrabass/ordinario/Cb-ord-C#3-mf-2c-T17u.wav,work/trimmed/Strings/Contrabass/ordinario/Cb-ord-C#3-mf-2c-T17u.wav,double-bass,train,0
Strings/Contrabass/ordinario/Cb-ord-C#3-mf-3c-N.wav,work/trimmed/Strings/Contrabass/ordinario/Cb-ord-C#3-mf-3c-N.wav,double-bass,train,0
Strings/Contrabass/ordinario/Cb-ord-C#3-mf-4c-N.wav,work/trimmed/Strings/Contrabass/ordinario/Cb-ord-C#3-mf-4c-N.wav,double-bass,train,0
Strings/Contrabass/ordinario/Cb-ord-C#3-pp-1c-N.wav,work/trimmed/Strings/Contrabass/ordinario/Cb-ord-C#3-pp-1c-N.wav,double-bass,train,0
Strings/Contrabass/ordinario/Cb-ord-C#3-pp-2c-N.wav,work/trimmed/Strings/Contrabass/ordinario/Cb-ord-C#3-pp-2c-N.wav,double-bass,train,0
Strings/Contrabass/ordinario/Cb-ord-C#3-pp-3c-T10u.wav,work/trimmed/Strings/Contrabass/ordinario/Cb-ord-C#3-pp-3c-T10u.wav,double-bass,train,0
Strings/Contrabass/ordinario/Cb-ord-C#3-pp-4c-T16d.wav,work/trimmed/Strings/Contrabass/ordinario/Cb-ord-C#3-pp-4c-T16d.wav,double-bass,train,0
Strings/Contrabass/ordinario/Cb-ord-C#4-ff-1c-T22u.wav,work/trimmed/Strings/Contrabass/ordinario/Cb-ord-C#4-ff-1c-T22u.wav,double-bass,val,0
Strings/Contrabass/ordinario/Cb-ord-C#4-ff-2c-T13u.wav,work/trimmed/Strings/Contrabass/ordinario/Cb-ord-C#4-ff-2c-T13u.wav,double-bass,val,0
Strings/Contrabass/ordinario/Cb-ord-C#4-mf-1c-T29u.wav,work/trimmed/Strings/Contrabass/ordinario/Cb-ord-C#4-mf-1c-T29u.wav,double-bass,val,0
Strings/Contrabass/ordinario/Cb-ord-C#4-mf-2c-T12u.wav,work/trimmed/Strings/Contrabass/ordinario/Cb-ord-C#4-mf-2c-T12u.wav,double-bass,val,0
Strings/Contrabass/ordinario/Cb-ord-C#4-pp-1c-T10u.wav,work/trimmed/Strings/Contrabass/ordinario/Cb-ord-C#4-pp-1c-T10u.wav,double-bass,val,0
Strings/Contrabass/ordinario/Cb-ord-C#4-pp-2c-T10u.wav,work/trimmed/Strings/Contrabass/ordinario/Cb-ord-C#4-pp-2c-T10u.wav,double-bass,val,0
Strings/Contrabass/ordinario/Cb-ord-C2-ff-3c-N.wav,work/trimmed/Strings/Contrabass/ordinario/Cb-ord-C2-ff-3c-N.wav,double-bass,test,0
Strings/Contrabass/ordinario/Cb-ord-C2-ff-4c-N.wav,work/trimmed/Strings/Contrabass/ordinario/Cb-ord-C2-ff-4c-N.wav,double-bass,test,0
Strings/Contrabass/ordinario/Cb-ord-C2-mf-3c-N.wav,work/trimmed/Strings/Contrabass/ordinario/Cb-ord-C2-mf-3c-N.wav,double-bass,test,0
Strings/Contrabass/ordinario/Cb-ord-C2-mf-4c-N.wav,work/trimmed/Strings/Contrabass/ordinario/Cb-ord-C2-mf-4c-N.wav,double-bass,test,0
Strings/Contrabass/ordinario/Cb-ord-C2-pp-3c-N.wav,work/trimmed/Strings/Contrabass/ordinario/Cb-ord-C2-pp-3c-N.wav,double-bass,test,0
Strings/Contrabass/ordinario/Cb-ord-C2-pp-4c-N.wav,work/trimmed/Strings/Contrabass/ordinario/Cb-ord-C2-pp-4c-N.wav,double-bass,test,0
Strings/Contrabass/ordinario/Cb-ord-C3-ff-1c-N.wav,work/trimmed/Strings/Contrabass/ordinario/Cb-ord-C3-ff-1c-N.wav,double-bass,train,0
Strings/Contrabass/ordinario/Cb-ord-C3-ff-2c-T13u.wav,work/trimmed/Strings/Contrabass/ordinario/Cb-ord-C3-ff-2c-T13u.wav,double-bass,train,0
Strings/Contrabass/ordinario/Cb-ord-C3-ff-3c-N.wav,work/trimmed/Strings/Contrabass/ordinario/Cb-ord-C3-ff-3c-N.wav,double-bass,train,0
Strings/Contrabass/ordinario/Cb-ord-C3-ff-4c-T14u.wav,work/trimmed/Strings/Contrabass/ordinario/Cb-ord-C3-ff-4c-T14u.wav,double-bass,train,0
Strings/Contrabass/ordinario/Cb-ord-C3-mf-1c-N.wav,work/trimmed/Strings/Contrabass/ordinario/Cb-ord-C3-mf-1c-N.wav,double-bass,train,0
Strings/Contrabass/ordinario/Cb-ord-C3-mf-2c-T12u.wav,work/trimmed/Strings/Contrabass/ordinario/Cb-ord-C3-mf-2c-T12u.wav,double-bass,train,0
Strings/Contrabass/ordinario/Cb-ord-C3-mf-3c-N.wav,work/trimmed/Strings/Contrabass/ordinario/Cb-ord-C3-mf-3c-N.wav,double-bass,train,0
Strings/Contrabass/ordinario/Cb-ord-C3-mf-4c-N.wav,work/trimmed/Strings/Contrabass/ordinario/Cb-ord-C3-mf-4c-N.wav,double-bass,train,0
Strings/Contrabass/ordinario/Cb-ord-C3-pp-1c-N.wav,work/trimmed/Strings/Contrabass/ordinario/Cb-ord-C3-pp-1c-N.wav,double-bass,train,0
Strings/Contrabass/ordinario/Cb-ord-C3-pp-2c-N.wav,work/trimmed/Strings/Contrabass/ordinario/Cb-ord-C3-pp-2c-N.wav,double-bass,train,0
Strings/Contrabass/ordinario/Cb-ord-C3-pp-3c-N.wav,work/trimmed/Strings/Contrabass/ordinario/Cb-ord-C3-pp-3c-N.wav,double-bass,train,0
Strings/Contrabass/ordinario/Cb-ord-C3-pp-4c-N.wav,work/trimmed/Strings/Contrabass/ordinario/Cb-ord-C3-pp-4c-N.wav,double-bass,train,0
Strings/Contrabass/ordinario/Cb-ord-C4-ff-1c-N.wav,work/trimmed/Strings/Contrabass/ordinario/Cb-ord-C4-ff-1c-N.wav,double-bass,test,0
Strings/Contrabass/ordinario/Cb-ord-C4-ff-2c-T20u.wav,work/trimmed/Strings/Contrabass/ordinario/Cb-ord-C4-ff-2c-T20u.wav,double-bass,test,0
Strings/Contrabass/ordinario/Cb-ord-C4-mf-1c-N.wav,work/trimmed/Strings/Contrabass/ordinario/Cb-ord-C4-mf-1c-N.wav,double-bass,test,0
Strings/Contrabass/ordinario/Cb-ord-C4-mf-2c-T13u.wav,work/trimmed/Strings/Contrabass/ordinario/Cb-ord-C4-mf-2c-T13u.wav,double-bass,test,0
Strings/Contrabass/ordinario/Cb-ord-C4-pp-1c-N.wav,work/trimmed/Strings/Contrabass/ordinario/Cb-ord-C4-pp-1c-N.wav,double-bass,test,0
Strings/Contrabass/ordinario/Cb-ord-C4-pp-2c-T13u.wav,work/trimmed/Strings/Contrabass/ordinario/Cb-ord-C4-pp-2c-T13u.wav,double-bass,test,0
Strings/Contrabass/ordinario/Cb-ord-C5-ff-1c-N.wav,work/trimmed/Strings/Contrabass/ordinario/Cb-ord-C5-ff-1c-N.wav,double-bass,train,0
Strings/Contrabass/ordinario/Cb-ord-C5-mf-1c-N.wav,work/trimmed/Strings/Contrabass/ordinario/Cb-ord-C5-mf-1c-N.wav,double-bass,train,0
Strings/Contrabass/ordinario/Cb-ord-C5-pp-1c-N.wav,work/trimmed/Strings/Contrabass/ordinario/Cb-ord-C5-pp-1c-N.wav,double-bass,train,0
Strings/Contrabass/ordinario/Cb-ord-D#2-ff-2c-N.wav,work/trimmed/Strings/Contrabass/ordinario/Cb-ord-D#2-ff-2c-N.wav,double-bass,train,0
Strings/Contrabass/ordinario/Cb-ord-D#2-ff-3c-N.wav,work/trimmed/Strings/Contrabass/ordinario/Cb-ord-D#2-ff-3c-N.wav,double-bass,train,0
Strings/Contrabass/ordinario/Cb-ord-D#2-ff-4c-T16u.wav,work/trimmed/Strings/Contrabass/ordinario/Cb-ord-D#2-ff-4c-T16u.wav,double-bass,train,0
Strings/Contrabass/ordinario/Cb-ord-D#2-mf-2c-N.wav,work/trimmed/Strings/Contrabass/ordinario/Cb-ord-D#2-mf-2c-N.wav,double-bass,train,0
Strings/Contrabass/ordinario/Cb-ord-D#2-mf-3c-N.wav,work/trimmed/Strings/Contrabass/ordinario/Cb-ord-D#2-mf-3c-N.wav,double-bass,train,0
Strings/Contrabass/ordinario/Cb-ord-D#2-mf-4c-T12u.wav,work/trimmed/Strings/Contrabass/ordinario/Cb-ord-D#2-mf-4c-T12u.wav,double-bass,train,0
Strings/Contrabass/ordinario/Cb-ord-D#2-pp-2c-N.wav,work/trimmed/Strings/Contrabass/ordinario/Cb-ord-D#2-pp-2c-N.wav,double-bass,train,0
Strings/Contrabass/ordinario/Cb-ord-D#2-pp-3c-N.wav,work/trimmed/Strings/Contrabass/ordinario/Cb-ord-D#2-pp-3c-N.wav,double-bass,train,0
Strings/Contrabass/ordinario/Cb-ord-D#2-pp-4c-N.wav,work/trimmed/Strings/Contrabass/ordinario/Cb-ord-D#2-pp-4c-N.wav,double-bass,train,0
Strings/Contrabass/ordinario/Cb-ord-D#3-ff-1c-T11u.wav,work/trimmed/Strings/Contrabass/ordinario/Cb-ord-D#3-ff-1c-T11u.wav,double-bass,train,0
Strings/Contrabass/ordinario/Cb-ord-D#3-ff-2c-N.wav,work/trimmed/Strings/Contrabass/ordinario/Cb-ord-D#3-ff-2c-N.wav,double-bass,train,0
Strings/Contrabass/ordinario/Cb-ord-D#3-ff-3c-N.wav,work/trimmed/Strings/Contrabass/ordinario/Cb-ord-D#3-ff-3c-N.wav,double-bass,train,0
Strings/Contrabass/ordinario/Cb-ord-D#3-ff-4c-T31u.wav,work/trimmed/Strings/Contrabass/ordinario/Cb-ord-D#3-ff-4c-T31u.wav,double-bass,train,0
Strings/Contrabass/ordinario/Cb-ord-D#3-mf-1c-N.wav,work/trimmed/Strings/Contrabass/ordinario/Cb-ord-D#3-mf-1c-N.wav,double-bass,train,0
Strings/Contrabass/ordinario/Cb-ord-D#3-mf-2c-N.wav,work/trimmed/Strings/Contrabass/ordinario/Cb-ord-D#3-mf-2c-N.wav,double-bass,train,0
Strings/Contrabass/ordinario/Cb-ord-D#3-mf-3c-T24d.wav,work/trimmed/Strings/Contrabass/ordinario/Cb-ord-D#3-mf-3c-T24d.wav,double-bass,train,0
Strings/Contrabass/ordinario/Cb-ord-D#3-mf-4c-T11u.wav,work/trimmed/Strings/Contrabass/ordinario/Cb-ord-D#3-mf-4c-T11u.wav,double-bass,train,0
Strings/Contrabass/ordinario/Cb-ord-D#3-pp-1c-N.wav,work/trimmed/Strings/Contrabass/ordinario/Cb-ord-D#3-pp-1c-N.wav,double-bass,train,0
Strings/Contrabass/ordinario/Cb-ord-D#3-pp-2c-N.wav,work/trimmed/Strings/Contrabass/ordinario/Cb-ord-D#3-pp-2c-N.wav,double-bass,train,0
Strings/Contrabass/ordinario/Cb-ord-D#3-pp-3c-T18d.wav,work/trimmed/Strings/Contrabass/ordinario/Cb-ord-D#3-pp-3c-T18d.wav,double-bass,train,0
Strings/Contrabass/ordinario/Cb-ord-D#3-pp-4c-N.wav,work/trimmed/Strings/Contrabass/ordinario/Cb-ord-D#3-pp-4c-N.wav,double-bass,train,0
Strings/Contrabass/ordinario/Cb-ord-D#4-ff-1c-T20u.wav,work/trimmed/Strings/Contrabass/ordinario/Cb-ord-D#4-ff-1c-T20u.wav,double-bass,test,0
Strings/Contrabass/ordinario/Cb-ord-D#4-mf-1c-T18u.wav,work/trimmed/Strings/Contrabass/ordinario/Cb-ord-D#4-mf-1c-T18u.wav,double-bass,test,0
Strings/Contrabass/ordinario/Cb-ord-D#4-pp-1c-T10u.wav,work/trimmed/Strings/Contrabass/ordinario/Cb-ord-D#4-pp-1c-T10u.wav,double-bass,test,0
Strings/Contrabass/ordinario/Cb-ord-D2-ff-2c-N.wav,work/trimmed/Strings/Contrabass/ordinario/Cb-ord-D2-ff-2c-N.wav,double-bass,train,0
Strings/Contrabass/ordinario/Cb-ord-D2-ff-3c-N.wav,work/trimmed/Strings/Contrabass/ordinario/Cb-ord-D2-ff-3c-N.wav,double-bass,train,0
Strings/Contrabass/ordinario/Cb-ord-D2-ff-4c-T24u.wav,work/trimmed/Strings/Contrabass/ordinario/Cb-ord-D2-ff-4c-T24u.wav,double-bass,train,0
Strings/Contrabass/ordinario/Cb-ord-D2-mf-2c-N.wav,work/trimmed/Strings/Contrabass/ordinario/Cb-ord-D2-mf-2c-N.wav,double-bass,train,0
Strings/Contrabass/ordinario/Cb-ord-D2-mf-3c-N.wav,work/trimmed/Strings/Contrabass/ordinario/Cb-ord-D2-mf-3c-N.wav,double-bass,train,0
Strings/Contrabass/ordinario/Cb-ord-D2-mf-4c-T14u.wav,work/trimmed/Strings/Contrabass/ordinario/Cb-ord-D2-mf-4c-T14u.wav,double-bass,train,0
Strings/Contrabass/ordinario/Cb-ord-D2-pp-2c-N.wav,work/trimmed/Strings/Contrabass/ordinario/Cb-ord-D2-pp-2c-N.wav,double-bass,train,0
Strings/Contrabass/ordinario/Cb-ord-D2-pp-3c-T14d.wav,work/trimmed/Strings/Contrabass/ordinario/Cb-ord-D2-pp-3c-T14d.wav,double-bass,train,0
Strings/Contrabass/ordinario/Cb-ord-D2-pp-4c-N.wav,work/trimmed/Strings/Contrabass/ordinario/Cb-ord-D2-pp-4c-N.wav,double-bass,train,0
Strings/Contrabass/ordinario/Cb-ord-D3-ff-1c-N.wav,work/trimmed/Strings/Contrabass/ordinario/Cb-ord-D3-ff-1c-N.wav,double-bass,train,0
Strings/Contrabass/ordinario/Cb-ord-D3-ff-2c-N.wav,work/trimmed/Strings/Contrabass/ordinario/Cb-ord-D3-ff-2c-N.wav,double-bass,train,0
Strings/Contrabass/ordinario/Cb-ord-D3-ff-3c-N.wav,work/trimmed/Strings/Contrabass/ordinario/Cb-ord-D3-ff-3c-N.wav,double-bass,train,0
Strings/Contrabass/ordinario/Cb-ord-D3-ff-4c-T31u.wav,work/trimmed/Strings/Contrabass/ordinario/Cb-ord-D3-ff-4c-T31u.wav,double-bass,train,0
Strings/Contrabass/ordinario/Cb-ord-D3-mf-1c-N.wav,work/trimmed/Strings/Contrabass/ordinario/Cb-ord-D3-mf-1c-N.wav,double-bass,train,0
Strings/Contrabass/ordinario/Cb-ord-D3-mf-2c-N.wav,work/trimmed/Strings/Contrabass/ordinario/Cb-ord-D3-mf-2c-N.wav,double-bass,train,0
Strings/Contrabass/ordinario/Cb-ord-D3-mf-3c-N.wav,work/trimmed/Strings/Contrabass/ordinario/Cb-ord-D3-mf-3c-N.wav,double-bass,train,0
Strings/Contrabass/ordinario/Cb-ord-D3-mf-4c-T19u.wav,work/trimmed/Strings/Contrabass/ordinario/Cb-ord-D3-mf-4c-T19u.wav,double-bass,train,0
Strings/Contrabass/ordinario/Cb-ord-D3-pp-1c-N.wav,work/trimmed/Strings/Contrabass/ordinario/Cb-ord-D3-pp-1c-N.wav,double-bass,train,0
Strings/Contrabass/ordinario/Cb-ord-D3-pp-2c-N.wav,work/trimmed/Strings/Contrabass/ordinario/Cb-ord-D3-pp-2c-N.wav,double-bass,train,0
Strings/Contrabass/ordinario/Cb-ord-D3-pp-3c-T27d.wav,work/trimmed/Strings/Contrabass/ordinario/Cb-ord-D3-pp-3c-T27d.wav,double-bass,train,0
Strings/Contrabass/ordinario/Cb-ord-D3-pp-4c-T15u.wav,work/trimmed/Strings/Contrabass/ordinario/Cb-ord-D3-pp-4c-T15u.wav,double-bass,train,0
Strings/Contrabass/ordinario/Cb-ord-D4-ff-1c-T17d.wav,work/trimmed/Strings/Contrabass/ordinario/Cb-ord-D4-ff-1c-T17d.wav,double-bass,val,0
Strings/Contrabass/ordinario/Cb-ord-D4-ff-2c-N.wav,work/trimmed/Strings/Contrabass/ordinario/Cb-ord-D4-ff-2c-N.wav,double-bass,val,0
Strings/Contrabass/ordinario/Cb-ord-D4-mf-1c-T13d.wav,work/trimmed/Strings/Contrabass/ordinario/Cb-ord-D4-mf-1c-T13d.wav,double-bass,val,0
Strings/Contrabass/ordinario/Cb-ord-D4-mf-2c-N.wav,work/trimmed/Strings/Contrabass/ordinario/Cb-ord-D4-mf-2c-N.wav,double-bass,val,0
Strings/Contrabass/ordinario/Cb-ord-D4-pp-1c-T12d.wav,work/trimmed/Strings/Contrabass/ordinario/Cb-ord-D4-pp-1c-T12d.wav,double-bass,val,0
Strings/Contrabass/ordinario/Cb-ord-D4-pp-2c-N.wav,work/trimmed/Strings/Contrabass/ordinario/Cb-ord-D4-pp-2c-N.wav,double-bass,val,0
Strings/Contrabass/ordinario/Cb-ord-E1-ff-4c-N.wav,work/trimmed/Strings/Contrabass/ordinario/Cb-ord-E1-ff-4c-N.wav,double-bass,val,0
Strings/Contrabass/ordinario/Cb-ord-E1-mf-4c-N.wav,work/trimmed/Strings/Contrabass/ordinario/Cb-ord-E1-mf-4c-N.wav,double-bass,val,0
Strings/Contrabass/ordinario/Cb-ord-E1-pp-4c-N.wav,work/trimmed/Strings/Contrabass/ordinario/Cb-ord-E1-pp-4c-N.wav,double-bass,val,0
Strings/Contrabass/ordinario/Cb-ord-E2-ff-2c-N.wav,work/trimmed/Strings/Contrabass/ordinario/Cb-ord-E2-ff-2c-N.wav,double-bass,val,0
Strings/Contrabass/ordinario/Cb-ord-E2-ff-3c-N.wav,work/trimmed/Strings/Contrabass/ordinario/Cb-ord-E2-ff-3c-N.wav,double-bass,val,0
Strings/Contrabass/ordinario/Cb-ord-E2-ff-4c-N.wav,work/trimmed/Strings/Contrabass/ordinario/Cb-ord-E2-ff-4c-N.wav,double-bass,val,0
Strings/Contrabass/ordinario/Cb-ord-E2-mf-2c-N.wav,work/trimmed/Strings/Contrabass/ordinario/Cb-ord-E2-mf-2c-N.wav,double-bass,val,0
Strings/Contrabass/ordinario/Cb-ord-E2-mf-3c-N.wav,work/trimmed/Strings/Contrabass/ordinario/Cb-ord-E2-mf-3c-N.wav,double-bass,val,0
Strings/Contrabass/ordinario/Cb-ord-E2-mf-4c-N.wav,work/trimmed/Strings/Contrabass/ordinario/Cb-ord-E2-mf-4c-N.wav,double-bass,val,0
Strings/Contrabass/ordinario/Cb-ord-E2-pp-2c-N.wav,work/trimmed/Strings/Contrabass/ordinario/Cb-ord-E2-pp-2c-N.wav,double-bass,val,0
Strings/Contrabass/ordinario/Cb-ord-E2-pp-3c-N.wav,work/trimmed/Strings/Contrabass/ordinario/Cb-ord-E2-pp-3c-N.wav,double-bass,val,0
Strings/Contrabass/ordinario/Cb-ord-E2-pp-4c-N.wav,work/trimmed/Strings/Contrabass/ordinario/Cb-ord-E2-pp-4c-N.wav,double-bass,val,0
Strings/Contrabass/ordinario/Cb-ord-E3-ff-1c-T12u.wav,work/trimmed/Strings/Contrabass/ordinario/Cb-ord-E3-ff-1c-T12u.wav,double-bass,train,0
Strings/Contrabass/ordinario/Cb-ord-E3-ff-2c-T16u.wav,work/trimmed/Strings/Contrabass/ordinario/Cb-ord-E3-ff-2c-T16u.wav,double-bass,train,0
Strings/Contrabass/ordinario/Cb-ord-E3-ff-3c-T17d.wav,work/trimmed/Strings/Contrabass/ordinario/Cb-ord-E3-ff-3c-T17d.wav,double-bass,train,0
Strings/Contrabass/ordinario/Cb-ord-E3-mf-1c-N.wav,work/trimmed/Strings/Contrabass/ordinario/Cb-ord-E3-mf-1c-N.wav,double-bass,train,0
Strings/Contrabass/ordinario/Cb-ord-E3-mf-2c-N.wav,work/trimmed/Strings/Contrabass/ordinario/Cb-ord-E3-mf-2c-N.wav,double-bass,train,0
Strings/Contrabass/ordinario/Cb-ord-E3-mf-3c-T14d.wav,work/trimmed/Strings/Contrabass/ordinario/Cb-ord-E3-mf-3c-T14d.wav,double-bass,train,0
Strings/Contrabass/ordinario/Cb-ord-E3-pp-1c-N.wav,work/trimmed/Strings/Contrabass/ordinario/Cb-ord-E3-pp-1c-N.wav,double-bass,train,0
Strings/Contrabass/ordinario/Cb-ord-E3-pp-2c-N.wav,work/trimmed/Strings/Contrabass/ordinario/Cb-ord-E3-pp-2c-N.wav,double-bass,train,0
Strings/Contrabass/ordinario/Cb-ord-E3-pp-3c-T24d.wav,work/trimmed/Strings/Contrabass/ordinario/Cb-ord-E3-pp-3c-T24d.wav,double-bass,train,0
Strings/Contrabass/ordinario/Cb-ord-E4-ff-1c-N.wav,work/trimmed/Strings/Contrabass/ordinario/Cb-ord-E4-ff-1c-N.wav,double-bass,val,0
Strings/Contrabass/ordinario/Cb-ord-E4-mf-1c-N.wav,work/trimmed/Strings/Contrabass/ordinario/Cb-ord-E4-mf-1c-N.wav,double-bass,val,0
Strings/Contrabass/ordinario/Cb-ord-E4-pp-1c-N.wav,work/trimmed/Strings/Contrabass/ordinario/Cb-ord-E4-pp-1c-N.wav,double-bass,val,0
Strings/Contrabass/ordinario/Cb-ord-F#1-ff-4c-N.wav,work/trimmed/Strings/Contrabass/ordinario/Cb-ord-F#1-ff-4c-N.wav,double-bass,val,0
Strings/Contrabass/ordinario/Cb-ord-F#1-mf-4c-N.wav,work/trimmed/Strings/Contrabass/ordinario/Cb-ord-F#1-mf-4c-N.wav,double-bass,val,0
Strings/Contrabass/ordinario/Cb-ord-F#1-pp-4c-N.wav,work/trimmed/Strings/Contrabass/ordinario/Cb-ord-F#1-pp-4c-N.wav,double-bass,val,0
Strings/Contrabass/ordinario/Cb-ord-F#2-ff-2c-N.wav,work/trimmed/Strings/Contrabass/ordinario/Cb-ord-F#2-ff-2c-N.wav,double-bass,train,0
Strings/Contrabass/ordinario/Cb-ord-F#2-ff-3c-N.wav,work/trimmed/Strings/Contrabass/ordinario/Cb-ord-F#2-ff-3c-N.wav,double-bass,train,0
Strings/Contrabass/ordinario/Cb-ord-F#2-ff-4c-T31u.wav,work/trimmed/Strings/Contrabass/ordinario/Cb-ord-F#2-ff-4c-T31u.wav,double-bass,train,0
Strings/Contrabass/ordinario/Cb-ord-F#2-mf-2c-N.wav,work/trimmed/Strings/Contrabass/ordinario/Cb-ord-F#2-mf-2c-N.wav,double-bass,train,0
Strings/Contrabass/ordinario/Cb-ord-F#2-mf-3c-T12u.wav,work/trimmed/Strings/Contrabass/ordinario/Cb-ord-F#2-mf-3c-T12u.wav,double-bass,train,0
Strings/Contrabass/ordinario/Cb-ord-F#2-mf-4c-T10u.wav,work/trimmed/Strings/Contrabass/ordinario/Cb-ord-F#2-mf-4c-T10u.wav,double-bass,train,0
Strings/Contrabass/ordinario/Cb-ord-F#2-pp-2c-N.wav,work/trimmed/Strings/Contrabass/ordinario/Cb-ord-F#2-pp-2c-N.wav,double-bass,train,0
Strings/Contrabass/ordinario/Cb-ord-F#2-pp-3c-N.wav,work/trimmed/Strings/Contrabass/ordinario/Cb-ord-F#2-pp-3c-N.wav,double-bass,train,0
Strings/Contrabass/ordinario/Cb-ord-F#2-pp-4c-T15u.wav,work/trimmed/Strings/Contrabass/ordinario/Cb-ord-F#2-pp-4c-T15u.wav,double-bass,train,0
Strings/Contrabass/ordinario/Cb-ord-F#3-ff-1c-N.wav,work/trimmed/Strings/Contrabass/ordinario/Cb-ord-F#3-ff-1c-N.wav,double-bass,train,0
Strings/Contrabass/ordinario/Cb-ord-F#3-ff-2c-T19u.wav,work/trimmed/Strings/Contrabass/ordinario/Cb-ord-F#3-ff-2c-T19u.wav,double-bass,train,0
Strings/Contrabass/ordinario/Cb-ord-F#3-ff-3c-T10u.wav,work/trimmed/Strings/Contrabass/ordinario/Cb-ord-F#3-ff-3c-T10u.wav,double-bass,train,0
Strings/Contrabass/ordinario/Cb-ord-F#3-mf-1c-N.wav,work/trimmed/Strings/Contrabass/ordinario/Cb-ord-F#3-mf-1c-N.wav,double-bass,train,0
Strings/Contrabass/ordinario/Cb-ord-F#3-mf-2c-T14u.wav,work/trimmed/Strings/Contrabass/ordinario/Cb-ord-F#3-mf-2c-T14u.wav,double-bass,train,0
Strings/Contrabass/ordinario/Cb-ord-F#3-mf-3c-T15u.wav,work/trimmed/Strings/Contrabass/ordinario/Cb-ord-F#3-mf-3c-T15u.wav,double-bass,train,0
Strings/Contrabass/ordinario/Cb-ord-F#3-pp-1c-N.wav,work/trimmed/Strings/Contrabass/ordinario/Cb-ord-F#3-pp-1c-N.wav,double-bass,train,0
Strings/Contrabass/ordinario/Cb-ord-F#3-pp-2c-N.wav,work/trimmed/Strings/Contrabass/ordinario/Cb-ord-F#3-pp-2c-N.wav,double-bass,train,0
Strings/Contrabass/ordinario/Cb-ord-F#3-pp-3c-N.wav,work/trimmed/Strings/Contrabass/ordinario/Cb-ord-F#3-pp-3c-N.wav,double-bass,train,0
Strings/Contrabass/ordinario/Cb-ord-F#4-ff-1c-N.wav,work/trimmed/Strings/Contrabass/ordinario/Cb-ord-F#4-ff-1c-N.wav,double-bass,train,0
Strings/Contrabass/ordinario/Cb-ord-F#4-mf-1c-N.wav,work/trimmed/Strings/Contrabass/ordinario/Cb-ord-F#4-mf-1c-N.wav,double-bass,train,0
Strings/Contrabass/ordinario/Cb-ord-F#4-pp-1c-N.wav,work/trimmed/Strings/Contrabass/ordinario/Cb-ord-F#4-pp-1c-N.wav,double-bass,train,0
Strings/Contrabass/ordinario/Cb-ord-F1-ff-4c-N.wav,work/trimmed/Strings/Contrabass/ordinario/Cb-ord-F1-ff-4c-N.wav,double-bass,train,0
Strings/Contrabass/ordinario/Cb-ord-F1-mf-4c-N.wav,work/trimmed/Strings/Contrabass/ordinario/Cb-ord-F1-mf-4c-N.wav,double-bass,train,0
Strings/Contrabass/ordinario/Cb-ord-F1-pp-4c-N.wav,work/trimmed/Strings/Contrabass/ordinario/Cb-ord-F1-pp-4c-N.wav,double-bass,train,0
Strings/Contrabass/ordinario/Cb-ord-F2-ff-2c-N.wav,work/trimmed/Strings/Contrabass/ordinario/Cb-ord-F2-ff-2c-N.wav,double-bass,train,0
Strings/Contrabass/ordinario/Cb-ord-F2-ff-3c-N.wav,work/trimmed/Strings/Contrabass/ordinario/Cb-ord-F2-ff-3c-N.wav,double-bass,train,0
Strings/Contrabass/ordinario/Cb-ord-F2-ff-4c-T12u.wav,work/trimmed/Strings/Contrabass/ordinario/Cb-ord-F2-ff-4c-T12u.wav,double-bass,train,0
Strings/Contrabass/ordinario/Cb-ord-F2-mf-2c-N.wav,work/trimmed/Strings/Contrabass/ordinario/Cb-ord-F2-mf-2c-N.wav,double-bass,train,0
Strings/Contrabass/ordinario/Cb-ord-F2-mf-3c-N.wav,work/trimmed/Strings/Contrabass/ordinario/Cb-ord-F2-mf-3c-N.wav,double-bass,train,0
Strings/Contrabass/ordinario/Cb-ord-F2-mf-4c-N.wav,work/trimmed/Strings/Contrabass/ordinario/Cb-ord-F2-mf-4c-N.wav,double-bass,train,0
Strings/Contrabass/ordinario/Cb-ord-F2-pp-2c-N.wav,work/trimmed/Strings/Contrabass/ordinario/Cb-ord-F2-pp-2c-N.wav,double-bass,train,0
Strings/Contrabass/ordinario/Cb-ord-F2-pp-3c-N.wav,work/trimmed/Strings/Contrabass/ordinario/Cb-ord-F2-pp-3c-N.wav,double-bass,train,0
Strings/Contrabass/ordinario/Cb-ord-F2-pp-4c-N.wav,work/trimmed/Strings/Contrabass/ordinario/Cb-ord-F2-pp-4c-N.wav,double-bass,train,0
Strings/Contrabass/ordinario/Cb-ord-F3-ff-1c-N.wav,work/trimmed/Strings/Contrabass/ordinario/Cb-ord-F3-ff-1c-N.wav,double-bass,test,0
Strings/Contrabass/ordinario/Cb-ord-F3-ff-2c-T12u.wav,work/trimmed/Strings/Contrabass/ordinario/Cb-ord-F3-ff-2c-T12u.wav,double-bass,test,0
Strings/Contrabass/ordinario/Cb-ord-F3-ff-3c-N.wav,work/trimmed/Strings/Contrabass/ordinario/Cb-ord-F3-ff-3c-N.wav,double-bass,test,0
Strings/Contrabass/ordinario/Cb-ord-F3-mf-1c-N.wav,work/trimmed/Strings/Contrabass/ordinario/Cb-ord-F3-mf-1c-N.wav,double-bass,test,0
Strings/Contrabass/ordinario/Cb-ord-F3-mf-2c-N.wav,work/trimmed/Strings/Contrabass/ordinario/Cb-ord-F3-mf-2c-N.wav,double-bass,test,0
Strings/Contrabass/ordinario/Cb-ord-F3-mf-3c-N.wav,work/trimmed/Strings/Contrabass/ordinario/Cb-ord-F3-mf-3c-N.wav,double-bass,test,0
Strings/Contrabass/ordinario/Cb-ord-F3-pp-1c-N.wav,work/trimmed/Strings/Contrabass/ordinario/Cb-ord-F3-pp-1c-N.wav,double-bass,test,0
Strings/Contrabass/ordinario/Cb-ord-F3-pp-2c-N.wav,work/trimmed/Strings/Contrabass/ordinario/Cb-ord-F3-pp-2c-N.wav,double-bass,test,0
Strings/Contrabass/ordinario/Cb-ord-F3-pp-3c-T35d.wav,work/trimmed/Strings/Contrabass/ordinario/Cb-ord-F3-pp-3c-T35d.wav,double-bass,test,0
Strings/Contrabass/ordinario/Cb-ord-F4-ff-1c-N.wav,work/trimmed/Strings/Contrabass/ordinario/Cb-ord-F4-ff-1c-N.wav,double-bass,train,0
Strings/Contrabass/ordinario/Cb-ord-F4-mf-1c-T16u.wav,work/trimmed/Strings/Contrabass/ordinario/Cb-ord-F4-mf-1c-T16u.wav,double-bass,train,0
Strings/Contrabass/ordinario/Cb-ord-F4-pp-1c-N.wav,work/trimmed/Strings/Contrabass/ordinario/Cb-ord-F4-pp-1c-N.wav,double-bass,train,0
Strings/Contrabass/ordinario/Cb-ord-G#1-ff-4c-N.wav,work/trimmed/Strings/Contrabass/ordinario/Cb-ord-G#1-ff-4c-N.wav,double-bass,val,0
Strings/Contrabass/ordinario/Cb-ord-G#1-mf-4c-N.wav,work/trimmed/Strings/Contrabass/ordinario/Cb-ord-G#1-mf-4c-N.wav,double-bass,val,0
Strings/Contrabass/ordinario/Cb-ord-G#1-pp-4c-N.wav,work/trimmed/Strings/Contrabass/ordinario/Cb-ord-G#1-pp-4c-N.wav,double-bass,val,0
Strings/Contrabass/ordinario/Cb-ord-G#2-ff-1c-N.wav,work/trimmed/Strings/Contrabass/ordinario/Cb-ord-G#2-ff-1c-N.wav,double-bass,train,0
Strings/Contrabass/ordinario/Cb-ord-G#2-ff-2c-N.wav,work/trimmed/Strings/Contrabass/ordinario/Cb-ord-G#2-ff-2c-N.wav,double-bass,train,0
Strings/Contrabass/ordinario/Cb-ord-G#2-ff-3c-T30u.wav,work/trimmed/Strings/Contrabass/ordinario/Cb-ord-G#2-ff-3c-T30u.wav,double-bass,train,0
Strings/Contrabass/ordinario/Cb-ord-G#2-ff-4c-T28u.wav,work/trimmed/Strings/Contrabass/ordinario/Cb-ord-G#2-ff-4c-T28u.wav,double-bass,train,0
Strings/Contrabass/ordinario/Cb-ord-G#2-mf-1c-N.wav,work/trimmed/Strings/Contrabass/ordinario/Cb-ord-G#2-mf-1c-N.wav,double-bass,train,0
Strings/Contrabass/ordinario/Cb-ord-G#2-mf-2c-N.wav,work/trimmed/Strings/Contrabass/ordinario/Cb-ord-G#2-mf-2c-N.wav,double-bass,train,0
Strings/Contrabass/ordinario/Cb-ord-G#2-mf-3c-T10u.wav,work/trimmed/Strings/Contrabass/ordinario/Cb-ord-G#2-mf-3c-T10u.wav,double-bass,train,0
Strings/Contrabass/ordinario/Cb-ord-G#2-mf-4c-T12u.wav,work/trimmed/Strings/Contrabass/ordinario/Cb-ord-G#2-mf-4c-T12u.wav,double-bass,train,0
Strings/Contrabass/ordinario/Cb-ord-G#2-pp-1c-N.wav,work/trimmed/Strings/Contrabass/ordinario/Cb-ord-G#2-pp-1c-N.wav,double-bass,train,0
Strings/Contrabass/ordinario/Cb-ord-G#2-pp-2c-N.wav,work/trimmed/Strings/Contrabass/ordinario/Cb-ord-G#2-pp-2c-N.wav,double-bass,train,0
Strings/Contrabass/ordinario/Cb-ord-G#2-pp-3c-N.wav,work/trimmed/Strings/Contrabass/ordinario/Cb-ord-G#2-pp-3c-N.wav,double-bass,train,0
Strings/Contrabass/ordinario/Cb-ord-G#2-pp-4c-T21u.wav,work/trimmed/Strings/Contrabass/ordinario/Cb-ord-G#2-pp-4c-T21u.wav,double-bass,train,0
Strings/Contrabass/ordinario/Cb-ord-G#3-ff-1c-T11u.wav,work/trimmed/Strings/Contrabass/ordinario/Cb-ord-G#3-ff-1c-T11u.wav,double-bass,train,0
Strings/Contrabass/ordinario/Cb-ord-G#3-ff-2c-T13u.wav,work/trimmed/Strings/Contrabass/ordinario/Cb-ord-G#3-ff-2c-T13u.wav,double-bass,train,0
Strings/Contrabass/ordinario/Cb-ord-G#3-ff-3c-N.wav,work/trimmed/Strings/Contrabass/ordinario/Cb-ord-G#3-ff-3c-N.wav,double-bass,train,0
Strings/Contrabass/ordinario/Cb-ord-G#3-mf-1c-T13u.wav,work/trimmed/Strings/Contrabass/ordinario/Cb-ord-G#3-mf-1c-T13u.wav,double-bass,train,0
Strings/Contrabass/ordinario/Cb-ord-G#3-mf-2c-T12u.wav,work/trimmed/Strings/Contrabass/ordinario/Cb-ord-G#3-mf-2c-T12u.wav,double-bass,train,0
Strings/Contrabass/ordinario/Cb-ord-G#3-mf-3c-N.wav,work/trimmed/Strings/Contrabass/ordinario/Cb-ord-G#3-mf-3c-N.wav,double-bass,train,0
Strings/Contrabass/ordinario/Cb-ord-G#3-pp-1c-N.wav,work/trimmed/Strings/Contrabass/ordinario/Cb-ord-G#3-pp-1c-N.wav,double-bass,train,0
Strings/Contrabass/ordinario/Cb-ord-G#3-pp-2c-N.wav,work/trimmed/Strings/Contrabass/ordinario/Cb-ord-G#3-pp-2c-N.wav,double-bass,train,0
Strings/Contrabass/ordinario/Cb-ord-G#3-pp-3c-N.wav,work/trimmed/Strings/Contrabass/ordinario/Cb-ord-G#3-pp-3c-N.wav,double-bass,train,0
Strings/Contrabass/ordinario/Cb-ord-G#4-ff-1c-N.wav,work/trimmed/Strings/Contrabass/ordinario/Cb-ord-G#4-ff-1c-N.wav,double-bass,train,0
Strings/Contrabass/ordinario/Cb-ord-G#4-mf-1c-N.wav,work/trimmed/Strings/Contrabass/ordinario/Cb-ord-G#4-mf-1c-N.wav,double-bass,train,0
Strings/Contrabass/ordinario/Cb-ord-G#4-pp-1c-T22u.wav,work/trimmed/Strings/Contrabass/ordinario/Cb-ord-G#4-pp-1c-T22u.wav,double-bass,train,0
Strings/Contrabass/ordinario/Cb-ord-G1-ff-4c-T12u.wav,work/trimmed/Strings/Contrabass/ordinario/Cb-ord-G1-ff-4c-T12u.wav,double-bass,test,0
Strings/Contrabass/ordinario/Cb-ord-G1-mf-4c-R100u.wav,work/trimmed/Strings/Contrabass/ordinario/Cb-ord-G1-mf-4c-R100u.wav,double-bass,test,0
Strings/Contrabass/ordinario/Cb-ord-G1-pp-4c-T10u.wav,work/trimmed/Strings/Contrabass/ordinario/Cb-ord-G1-pp-4c-T10u.wav,double-bass,test,0
Strings/Contrabass/ordinario/Cb-ord-G2-ff-1c-N.wav,work/trimmed/Strings/Contrabass/ordinario/Cb-ord-G2-ff-1c-N.wav,double-bass,train,0
Strings/Contrabass/ordinario/Cb-ord-G2-ff-2c-N.wav,work/trimmed/Strings/Contrabass/ordinario/Cb-ord-G2-ff-2c-N.wav,double-bass,train,0
Strings/Contrabass/ordinario/Cb-ord-G2-ff-3c-N.wav,work/trimmed/Strings/Contrabass/ordinario/Cb-ord-G2-ff-3c-N.wav,double-bass,train,0
Strings/Contrabass/ordinario/Cb-ord-G2-ff-4c-N.wav,work/trimmed/Strings/Contrabass/ordinario/Cb-ord-G2-ff-4c-N.wav,double-bass,train,0
Strings/Contrabass/ordinario/Cb-ord-G2-mf-1c-N.wav,work/trimmed/Strings/Contrabass/ordinario/Cb-ord-G2-mf-1c-N.wav,double-bass,train,0
Strings/Contrabass/ordinario/Cb-ord-G2-mf-2c-T11d.wav,work/trimmed/Strings/Contrabass/ordinario/Cb-ord-G2-mf-2c-T11d.wav,double-bass,train,0
Strings/Contrabass/ordinario/Cb-ord-G2-mf-3c-N.wav,work/trimmed/Strings/Contrabass/ordinario/Cb-ord-G2-mf-3c-N.wav,double-bass,train,0
Strings/Contrabass/ordinario/Cb-ord-G2-mf-4c-T10u_R100u.wav,work/trimmed/Strings/Contrabass/ordinario/Cb-ord-G2-mf-4c-T10u_R100u.wav,double-bass,train,0
Strings/Contrabass/ordinario/Cb-ord-G2-pp-1c-N.wav,work/trimmed/Strings/Contrabass/ordinario/Cb-ord-G2-pp-1c-N.wav,double-bass,train,0
Strings/Contrabass/ordinario/Cb-ord-G2-pp-2c-N.wav,work/trimmed/Strings/Contrabass/ordinario/Cb-ord-G2-pp-2c-N.wav,double-bass,train,0
Strings/Contrabass/ordinario/Cb-ord-G2-pp-3c-N.wav,work/trimmed/Strings/Contrabass/ordinario/Cb-ord-G2-pp-3c-N.wav,double-bass,train,0
Strings/Contrabass/ordinario/Cb-ord-G2-pp-4c-T13u.wav,work/trimmed/Strings/Contrabass/ordinario/Cb-ord-G2-pp-4c-T13u.wav,double-bass,train,0
Strings/Contrabass/ordinario/Cb-ord-G3-ff-1c-N.wav,work/trimmed/Strings/Contrabass/ordinario/Cb-ord-G3-ff-1c-N.wav,double-bass,train,0
Strings/Contrabass/ordinario/Cb-ord-G3-ff-2c-T22u.wav,work/trimmed/Strings/Contrabass/ordinario/Cb-ord-G3-ff-2c-T22u.wav,double-bass,train,0
Strings/Contrabass/ordinario/Cb-ord-G3-ff-3c-T16u.wav,work/trimmed/Strings/Contrabass/ordinario/Cb-ord-G3-ff-3c-T16u.wav,double-bass,train,0
Strings/Contrabass/ordinario/Cb-ord-G3-mf-1c-N.wav,work/trimmed/Strings/Contrabass/ordinario/Cb-ord-G3-mf-1c-N.wav,double-bass,train,0
Strings/Contrabass/ordinario/Cb-ord-G3-mf-2c-N.wav,work/trimmed/Strings/Contrabass/ordinario/Cb-ord-G3-mf-2c-N.wav,double-bass,train,0
Strings/Contrabass/ordinario/Cb-ord-G3-mf-3c-N.wav,work/trimmed/Strings/Contrabass/ordinario/Cb-ord-G3-mf-3c-N.wav,double-bass,train,0
Strings/Contrabass/ordinario/Cb-ord-G3-pp-1c-T11d.wav,work/trimmed/Strings/Contrabass/ordinario/Cb-ord-G3-pp-1c-T11d.wav,double-bass,train,0
Strings/Contrabass/ordinario/Cb-ord-G3-pp-2c-T13d.wav,work/trimmed/Strings/Contrabass/ordinario/Cb-ord-G3-pp-2c-T13d.wav,double-bass,train,0
Strings/Contrabass/ordinario/Cb-ord-G3-pp-3c-N.wav,work/trimmed/Strings/Contrabass/ordinario/Cb-ord-G3-pp-3c-N.wav,double-bass,train,0
Strings/Contrabass/ordinario/Cb-ord-G4-ff-1c-N.wav,work/trimmed/Strings/Contrabass/ordinario/Cb-ord-G4-ff-1c-N.wav,double-bass,test,0
Strings/Contrabass/ordinario/Cb-ord-G4-mf-1c-N.wav,work/trimmed/Strings/Contrabass/ordinario/Cb-ord-G4-mf-1c-N.wav,double-bass,test,0
Strings/Contrabass/ordinario/Cb-ord-G4-pp-1c-T12d.wav,work/trimmed/Strings/Contrabass/ordinario/Cb-ord-G4-pp-1c-T12d.wav,double-bass,test,0
Strings/Viola/ordinario/Va-ord-A#3-ff-3c-N.wav,work/trimmed/Strings/Viola/ordinario/Va-ord-A#3-ff-3c-N.wav,viola,val,0
Strings/Viola/ordinario/Va-ord-A#3-ff-4c-N.wav,work/trimmed/Strings/Viola/ordinario/Va-ord-A#3-ff-4c-N.wav,viola,val,0
Strings/Viola/ordinario/Va-ord-A#3-mf-3c-N.wav,work/trimmed/Strings/Viola/ordinario/Va-ord-A#3-mf-3c-N.wav,viola,val,0
Strings/Viola/ordinario/Va-ord-A#3-mf-4c-N.wav,work/trimmed/Strings/Viola/ordinario/Va-ord-A#3-mf-4c-N.wav,viola,val,0
Strings/Viola/ordinario/Va-ord-A#3-pp-3c-N.wav,work/trimmed/Strings/Viola/ordinario/Va-ord-A#3-pp-3c-N.wav,viola,val,0
Strings/Viola/ordinario/Va-ord-A#3-pp-4c-N.wav,work/trimmed/Strings/Viola/ordinario/Va-ord-A#3-pp-4c-N.wav,viola,val,0
Strings/Viola/ordinario/Va-ord-A#4-ff-1c-T12u.wav,work/trimmed/Strings/Viola/ordinario/Va-ord-A#4-ff-1c-T12u.wav,viola,train,0
Strings/Viola/ordinario/Va-ord-A#4-ff-2c-N.wav,work/trimmed/Strings/Viola/ordinario/Va-ord-A#4-ff-2c-N.wav,viola,train,0
Strings/Viola/ordinario/Va-ord-A#4-ff-3c-N.wav,work/trimmed/Strings/Viola/ordinario/Va-ord-A#4-ff-3c-N.wav,viola,train,0
Strings/Viola/ordinario/Va-ord-A#4-ff-4c-N.wav,work/trimmed/Strings/Viola/ordinario/Va-ord-A#4-ff-4c-N.wav,viola,train,0
Strings/Viola/ordinario/Va-ord-A#4-mf-1c-N.wav,work/trimmed/Strings/Viola/ordinario/Va-ord-A#4-mf-1c-N.wav,viola,train,0
Strings/Viola/ordinario/Va-ord-A#4-mf-2c-N.wav,work/trimmed/Strings/Viola/ordinario/Va-ord-A#4-mf-2c-N.wav,viola,train,0
Strings/Viola/ordinario/Va-ord-A#4-mf-3c-T11d.wav,work/trimmed/Strings/Viola/ordinario/Va-ord-A#4-mf-3c-T11d.wav,viola,train,0
Strings/Viola/ordinario/Va-ord-A#4-mf-4c-N.wav,work/trimmed/Strings/Viola/ordinario/Va-ord-A#4-mf-4c-N.wav,viola,train,0
Strings/Viola/ordinario/Va-ord-A#4-pp-1c-N.wav,work/trimmed/Strings/Viola/ordinario/Va-ord-A#4-pp-1c-N.wav,viola,train,0
Strings/Viola/ordinario/Va-ord-A#4-pp-2c-N.wav,work/trimmed/Strings/Viola/ordinario/Va-ord-A#4-pp-2c-N.wav,viola,train,0
Strings/Viola/ordinario/Va-ord-A#4-pp-3c-N.wav,work/trimmed/Strings/Viola/ordinario/Va-ord-A#4-pp-3c-N.wav,viola,train,0
Strings/Viola/ordinario/Va-ord-A#4-pp-4c-N.wav,work/trimmed/Strings/Viola/ordinario/Va-ord-A#4-pp-4c-N.wav,viola,train,0
Strings/Viola/ordinario/Va-ord-A#5-ff-1c-T15u.wav,work/trimmed/Strings/Viola/ordinario/Va-ord-A#5-ff-1c-T15u.wav,viola,train,0
Strings/Viola/ordinario/Va-ord-A#5-ff-2c-N.wav,work/trimmed/Strings/Viola/ordinario/Va-ord-A#5-ff-2c-N.wav,viola,train,0
Strings/Viola/ordinario/Va-ord-A#5-mf-1c-T16u.wav,work/trimmed/Strings/Viola/ordinario/Va-ord-A#5-mf-1c-T16u.wav,viola,train,0
Strings/Viola/ordinario/Va-ord-A#5-mf-2c-N.wav,work/trimmed/Strings/Viola/ordinario/Va-ord-A#5-mf-2c-N.wav,viola,train,0
Strings/Viola/ordinario/Va-ord-A#5-pp-1c-N.wav,work/trimmed/Strings/Viola/ordinario/Va-ord-A#5-pp-1c-N.wav,viola,train,0
Strings/Viola/ordinario/Va-ord-A#5-pp-2c-N.wav,work/trimmed/Strings/Viola/ordinario/Va-ord-A#5-pp-2c-N.wav,viola,train,0
Strings/Viola/ordinario/Va-ord-A#6-ff-1c-N.wav,work/trimmed/Strings/Viola/ordinario/Va-ord-A#6-ff-1c-N.wav,viola,test,0
Strings/Viola/ordinario/Va-ord-A#6-mf-1c-N.wav,work/trimmed/Strings/Viola/ordinario/Va-ord-A#6-mf-1c-N.wav,viola,test,0
Strings/Viola/ordinario/Va-ord-A#6-pp-1c-N.wav,work/trimmed/Strings/Viola/ordinario/Va-ord-A#6-pp-1c-N.wav,viola,test,0
Strings/Viola/ordinario/Va-ord-A3-ff-3c-N.wav,work/trimmed/Strings/Viola/ordinario/Va-ord-A3-ff-3c-N.wav,viola,val,0
Strings/Viola/ordinario/Va-ord-A3-ff-4c-T16u.wav,work/trimmed/Strings/Viola/ordinario/Va-ord-A3-ff-4c-T16u.wav,viola,val,0
Strings/Viola/ordinario/Va-ord-A3-mf-3c-R100d.wav,work/trimmed/Strings/Viola/ordinario/Va-ord-A3-mf-3c-R100d.wav,viola,val,0
Strings/Viola/ordinario/Va-ord-A3-mf-4c-T10u.wav,work/trimmed/Strings/Viola/ordinario/Va-ord-A3-mf-4c-T10u.wav,viola,val,0
Strings/Viola/ordinario/Va-ord-A3-pp-3c-N.wav,work/trimmed/Strings/Viola/ordinario/Va-ord-A3-pp-3c-N.wav,viola,val,0
Strings/Viola/ordinario/Va-ord-A3-pp-4c-T14u.wav,work/trimmed/Strings/Viola/ordinario/Va-ord-A3-pp-4c-T14u.wav,viola,val,0
Strings/Viola/ordinario/Va-ord-A4-ff-1c-N.wav,work/trimmed/Strings/Viola/ordinario/Va-ord-A4-ff-1c-N.wav,viola,train,0
Strings/Viola/ordinario/Va-ord-A4-ff-2c-N.wav,work/trimmed/Strings/Viola/ordinario/Va-ord-A4-ff-2c-N.wav,viola,train,0
Strings/Viola/ordinario/Va-ord-A4-ff-3c-R100d.wav,work/trimmed/Strings/Viola/ordinario/Va-ord-A4-ff-3c-R100d.wav,viola,train,0
Strings/Viola/ordinario/Va-ord-A4-ff-4c-N.wav,work/trimmed/Strings/Viola/ordinario/Va-ord-A4-ff-4c-N.wav,viola,train,0
Strings/Viola/ordinario/Va-ord-A4-mf-1c-N.wav,work/trimmed/Strings/Viola/ordinario/Va-ord-A4-mf-1c-N.wav,viola,train,0
Strings/Viola/ordinario/Va-ord-A4-mf-2c-N.wav,work/trimmed/Strings/Viola/ordinario/Va-ord-A4-mf-2c-N.wav,viola,train,0
Strings/Viola/ordinario/Va-ord-A4-mf-3c-N.wav,work/trimmed/Strings/Viola/ordinario/Va-ord-A4-mf-3c-N.wav,viola,train,0
Strings/Viola/ordinario/Va-ord-A4-mf-4c-N.wav,work/trimmed/Strings/Viola/ordinario/Va-ord-A4-mf-4c-N.wav,viola,train,0
Strings/Viola/ordinario/Va-ord-A4-pp-1c-N.wav,work/trimmed/Strings/Viola/ordinario/Va-ord-A4-pp-1c-N.wav,viola,train,0
Strings/Viola/ordinario/Va-ord-A4-pp-2c-N.wav,work/trimmed/Strings/Viola/ordinario/Va-ord-A4-pp-2c-N.wav,viola,train,0
Strings/Viola/ordinario/Va-ord-A4-pp-3c-N.wav,work/trimmed/Strings/Viola/ordinario/Va-ord-A4-pp-3c-N.wav,viola,train,0
Strings/Viola/ordinario/Va-ord-A4-pp-4c-N.wav,work/trimmed/Strings/Viola/ordinario/Va-ord-A4-pp-4c-N.wav,viola,train,0
Strings/Viola/ordinario/Va-ord-A5-ff-1c-N.wav,work/trimmed/Strings/Viola/ordinario/Va-ord-A5-ff-1c-N.wav,viola,test,0
Strings/Viola/ordinario/Va-ord-A5-ff-2c-N.wav,work/trimmed/Strings/Viola/ordinario/Va-ord-A5-ff-2c-N.wav,viola,test,0
Strings/Viola/ordinario/Va-ord-A5-mf-1c-N.wav,work/trimmed/Strings/Viola/ordinario/Va-ord-A5-mf-1c-N.wav,viola,test,0
Strings/Viola/ordinario/Va-ord-A5-mf-2c-N.wav,work/trimmed/Strings/Viola/ordinario/Va-ord-A5-mf-2c-N.wav,viola,test,0
Strings/Viola/ordinario/Va-ord-A5-pp-1c-N.wav,work/trimmed/Strings/Viola/ordinario/Va-ord-A5-pp-1c-N.wav,viola,test,0
Strings/Viola/ordinario/Va-ord-A5-pp-2c-T11u.wav,work/trimmed/Strings/Viola/ordinario/Va-ord-A5-pp-2c-T11u.wav,viola,test,0
Strings/Viola/ordinario/Va-ord-A6-ff-1c-T11u.wav,work/trimmed/Strings/Viola/ordinario/Va-ord-A6-ff-1c-T11u.wav,viola,test,0
Strings/Viola/ordinario/Va-ord-A6-mf-1c-N.wav,work/trimmed/Strings/Viola/ordinario/Va-ord-A6-mf-1c-N.wav,viola,test,0
Strings/Viola/ordinario/Va-ord-A6-pp-1c-N.wav,work/trimmed/Strings/Viola/ordinario/Va-ord-A6-pp-1c-N.wav,viola,test,0
Strings/Viola/ordinario/Va-ord-B3-ff-3c-T18u.wav,work/trimmed/Strings/Viola/ordinario/Va-ord-B3-ff-3c-T18u.wav,viola,train,0
Strings/Viola/ordinario/Va-ord-B3-ff-4c-N.wav,work/trimmed/Strings/Viola/ordinario/Va-ord-B3-ff-4c-N.wav,viola,train,0
Strings/Viola/ordinario/Va-ord-B3-mf-3c-T16u.wav,work/trimmed/Strings/Viola/ordinario/Va-ord-B3-mf-3c-T16u.wav,viola,train,0
Strings/Viola/ordinario/Va-ord-B3-mf-4c-N.wav,work/trimmed/Strings/Viola/ordinario/Va-ord-B3-mf-4c-N.wav,viola,train,0
Strings/Viola/ordinario/Va-ord-B3-pp-3c-T12u.wav,work/trimmed/Strings/Viola/ordinario/Va-ord-B3-pp-3c-T12u.wav,viola,train,0
Strings/Viola/ordinario/Va-ord-B3-pp-4c-N.wav,work/trimmed/Strings/Viola/ordinario/Va-ord-B3-pp-4c-N.wav,viola,train,0
Strings/Viola/ordinario/Va-ord-B4-ff-1c-T10u.wav,work/trimmed/Strings/Viola/ordinario/Va-ord-B4-ff-1c-T10u.wav,viola,train,0
Strings/Viola/ordinario/Va-ord-B4-ff-2c-T11u.wav,work/trimmed/Strings/Viola/ordinario/Va-ord-B4-ff-2c-T11u.wav,viola,train,0
Strings/Viola/ordinario/Va-ord-B4-ff-3c-N.wav,work/trimmed/Strings/Viola/ordinario/Va-ord-B4-ff-3c-N.wav,viola,train,0
Strings/Viola/ordinario/Va-ord-B4-ff-4c-N.wav,work/trimmed/Strings/Viola/ordinario/Va-ord-B4-ff-4c-N.wav,viola,train,0
Strings/Viola/ordinario/Va-ord-B4-mf-1c-N.wav,work/trimmed/Strings/Viola/ordinario/Va-ord-B4-mf-1c-N.wav,viola,train,0
Strings/Viola/ordinario/Va-ord-B4-mf-2c-N.wav,work/trimmed/Strings/Viola/ordinario/Va-ord-B4-mf-2c-N.wav,viola,train,0
Strings/Viola/ordinario/Va-ord-B4-mf-3c-N.wav,work/trimmed/Strings/Viola/ordinario/Va-ord-B4-mf-3c-N.wav,viola,train,0
Strings/Viola/ordinario/Va-ord-B4-mf-4c-N.wav,work/trimmed/Strings/Viola/ordinario/Va-ord-B4-mf-4c-N.wav,viola,train,0
Strings/Viola/ordinario/Va-ord-B4-pp-1c-N.wav,work/trimmed/Strings/Viola/ordinario/Va-ord-B4-pp-1c-N.wav,viola,train,0
Strings/Viola/ordinario/Va-ord-B4-pp-2c-N.wav,work/trimmed/Strings/Viola/ordinario/Va-ord-B4-pp-2c-N.wav,viola,train,0
Strings/Viola/ordinario/Va-ord-B4-pp-3c-T11d.wav,work/trimmed/Strings/Viola/ordinario/Va-ord-B4-pp-3c-T11d.wav,viola,train,0
Strings/Viola/ordinario/Va-ord-B4-pp-4c-N.wav,work/trimmed/Strings/Viola/ordinario/Va-ord-B4-pp-4c-N.wav,viola,train,0
Strings/Viola/ordinario/Va-ord-B5-ff-1c-T18u.wav,work/trimmed/Strings/Viola/ordinario/Va-ord-B5-ff-1c-T18u.wav,viola,test,0
Strings/Viola/ordinario/Va-ord-B5-ff-2c-N.wav,work/trimmed/Strings/Viola/ordinario/Va-ord-B5-ff-2c-N.wav,viola,test,0
Strings/Viola/ordinario/Va-ord-B5-mf-1c-T15u.wav,work/trimmed/Strings/Viola/ordinario/Va-ord-B5-mf-1c-T15u.wav,viola,test,0
Strings/Viola/ordinario/Va-ord-B5-mf-2c-N.wav,work/trimmed/Strings/Viola/ordinario/Va-ord-B5-mf-2c-N.wav,viola,test,0
Strings/Viola/ordinario/Va-ord-B5-pp-1c-T14u.wav,work/trimmed/Strings/Viola/ordinario/Va-ord-B5-pp-1c-T14u.wav,viola,test,0
Strings/Viola/ordinario/Va-ord-B5-pp-2c-T20u.wav,work/trimmed/Strings/Viola/ordinario/Va-ord-B5-pp-2c-T20u.wav,viola,test,0
Strings/Viola/ordinario/Va-ord-B6-ff-1c-T13u.wav,work/trimmed/Strings/Viola/ordinario/Va-ord-B6-ff-1c-T13u.wav,viola,val,0
Strings/Viola/ordinario/Va-ord-B6-mf-1c-T17u.wav,work/trimmed/Strings/Viola/ordinario/Va-ord-B6-mf-1c-T17u.wav,viola,val,0
Strings/Viola/ordinario/Va-ord-B6-pp-1c-N.wav,work/trimmed/Strings/Viola/ordinario/Va-ord-B6-pp-1c-N.wav,viola,val,0
Strings/Viola/ordinario/Va-ord-C#3-ff-4c-T26u.wav,work/trimmed/Strings/Viola/ordinario/Va-ord-C#3-ff-4c-T26u.wav,viola,train,0
Strings/Viola/ordinario/Va-ord-C#3-mf-4c-T24u.wav,work/trimmed/Strings/Viola/ordinario/Va-ord-C#3-mf-4c-T24u.wav,viola,train,0
Strings/Viola/ordinario/Va-ord-C#3-pp-4c-T22u.wav,work/trimmed/Strings/Viola/ordinario/Va-ord-C#3-pp-4c-T22u.wav,viola,train,0
Strings/Viola/ordinario/Va-ord-C#4-ff-3c-N.wav,work/trimmed/Strings/Viola/ordinario/Va-ord-C#4-ff-3c-N.wav,viola,train,0
Strings/Viola/ordinario/Va-ord-C#4-ff-4c-T10u.wav,work/trimmed/Strings/Viola/ordinario/Va-ord-C#4-ff-4c-T10u.wav,viola,train,0
Strings/Viola/ordinario/Va-ord-C#4-mf-3c-N.wav,work/trimmed/Strings/Viola/ordinario/Va-ord-C#4-mf-3c-N.wav,viola,train,0
Strings/Viola/ordinario/Va-ord-C#4-mf-4c-N.wav,work/trimmed/Strings/Viola/ordinario/Va-ord-C#4-mf-4c-N.wav,viola,train,0
Strings/Viola/ordinario/Va-ord-C#4-pp-3c-N.wav,work/trimmed/Strings/Viola/ordinario/Va-ord-C#4-pp-3c-N.wav,viola,train,0
Strings/Viola/ordinario/Va-ord-C#4-pp-4c-N.wav,work/trimmed/Strings/Viola/ordinario/Va-ord-C#4-pp-4c-N.wav,viola,train,0
Strings/Viola/ordinario/Va-ord-C#5-ff-1c-R100u.wav,work/trimmed/Strings/Viola/ordinario/Va-ord-C#5-ff-1c-R100u.wav,viola,train,0
Strings/Viola/ordinario/Va-ord-C#5-ff-2c-N.wav,work/trimmed/Strings/Viola/ordinario/Va-ord-C#5-ff-2c-N.wav,viola,train,0
Strings/Viola/ordinario/Va-ord-C#5-ff-3c-N.wav,work/trimmed/Strings/Viola/ordinario/Va-ord-C#5-ff-3c-N.wav,viola,train,0
Strings/Viola/ordinario/Va-ord-C#5-mf-1c-N.wav,work/trimmed/Strings/Viola/ordinario/Va-ord-C#5-mf-1c-N.wav,viola,train,0
Strings/Viola/ordinario/Va-ord-C#5-mf-2c-N.wav,work/trimmed/Strings/Viola/ordinario/Va-ord-C#5-mf-2c-N.wav,viola,train,0
Strings/Viola/ordinario/Va-ord-C#5-mf-3c-N.wav,work/trimmed/Strings/Viola/ordinario/Va-ord-C#5-mf-3c-N.wav,viola,train,0
Strings/Viola/ordinario/Va-ord-C#5-pp-1c-N.wav,work/trimmed/Strings/Viola/ordinario/Va-ord-C#5-pp-1c-N.wav,viola,train,0
Strings/Viola/ordinario/Va-ord-C#5-pp-2c-N.wav,work/trimmed/Strings/Viola/ordinario/Va-ord-C#5-pp-2c-N.wav,viola,train,0
Strings/Viola/ordinario/Va-ord-C#5-pp-3c-N.wav,work/trimmed/Strings/Viola/ordinario/Va-ord-C#5-pp-3c-N.wav,viola,train,0
Strings/Viola/ordinario/Va-ord-C#6-ff-1c-T10u.wav,work/trimmed/Strings/Viola/ordinario/Va-ord-C#6-ff-1c-T10u.wav,viola,val,0
Strings/Viola/ordinario/Va-ord-C#6-ff-2c-N.wav,work/trimmed/Strings/Viola/ordinario/Va-ord-C#6-ff-2c-N.wav,viola,val,0
Strings/Viola/ordinario/Va-ord-C#6-mf-1c-N.wav,work/trimmed/Strings/Viola/ordinario/Va-ord-C#6-mf-1c-N.wav,viola,val,0
Strings/Viola/ordinario/Va-ord-C#6-mf-2c-N.wav,work/trimmed/Strings/Viola/ordinario/Va-ord-C#6-mf-2c-N.wav,viola,val,0
Strings/Viola/ordinario/Va-ord-C#6-pp-1c-N.wav,work/trimmed/Strings/Viola/ordinario/Va-ord-C#6-pp-1c-N.wav,viola,val,0
Strings/Viola/ordinario/Va-ord-C#6-pp-2c-T11u.wav,work/trimmed/Strings/Viola/ordinario/Va-ord-C#6-pp-2c-T11u.wav,viola,val,0
Strings/Viola/ordinario/Va-ord-C3-ff-4c-N.wav,work/trimmed/Strings/Viola/ordinario/Va-ord-C3-ff-4c-N.wav,viola,train,0
Strings/Viola/ordinario/Va-ord-C3-mf-4c-N.wav,work/trimmed/Strings/Viola/ordinario/Va-ord-C3-mf-4c-N.wav,viola,train,0
Strings/Viola/ordinario/Va-ord-C3-pp-4c-N.wav,work/trimmed/Strings/Viola/ordinario/Va-ord-C3-pp-4c-N.wav,viola,train,0
Strings/Viola/ordinario/Va-ord-C4-ff-3c-N.wav,work/trimmed/Strings/Viola/ordinario/Va-ord-C4-ff-3c-N.wav,viola,test,0
Strings/Viola/ordinario/Va-ord-C4-ff-4c-N.wav,work/trimmed/Strings/Viola/ordinario/Va-ord-C4-ff-4c-N.wav,viola,test,0
Strings/Viola/ordinario/Va-ord-C4-mf-3c-N.wav,work/trimmed/Strings/Viola/ordinario/Va-ord-C4-mf-3c-N.wav,viola,test,0
Strings/Viola/ordinario/Va-ord-C4-mf-4c-N.wav,work/trimmed/Strings/Viola/ordinario/Va-ord-C4-mf-4c-N.wav,viola,test,0
Strings/Viola/ordinario/Va-ord-C4-pp-3c-N.wav,work/trimmed/Strings/Viola/ordinario/Va-ord-C4-pp-3c-N.wav,viola,test,0
Strings/Viola/ordinario/Va-ord-C4-pp-4c-N.wav,work/trimmed/Strings/Viola/ordinario/Va-ord-C4-pp-4c-N.wav,viola,test,0
Strings/Viola/ordinario/Va-ord-C5-ff-1c-N.wav,work/trimmed/Strings/Viola/ordinario/Va-ord-C5-ff-1c-N.wav,viola,train,0
Strings/Viola/ordinario/Va-ord-C5-ff-2c-N.wav,work/trimmed/Strings/Viola/ordinario/Va-ord-C5-ff-2c-N.wav,viola,train,0
Strings/Viola/ordinario/Va-ord-C5-ff-3c-N.wav,work/trimmed/Strings/Viola/ordinario/Va-ord-C5-ff-3c-N.wav,viola,train,0
Strings/Viola/ordinario/Va-ord-C5-ff-4c-T17u.wav,work/trimmed/Strings/Viola/ordinario/Va-ord-C5-ff-4c-T17u.wav,viola,train,0
Strings/Viola/ordinario/Va-ord-C5-mf-1c-N.wav,work/trimmed/Strings/Viola/ordinario/Va-ord-C5-mf-1c-N.wav,viola,train,0
Strings/Viola/ordinario/Va-ord-C5-mf-2c-N.wav,work/trimmed/Strings/Viola/ordinario/Va-ord-C5-mf-2c-N.wav,viola,train,0
Strings/Viola/ordinario/Va-ord-C5-mf-3c-N.wav,work/trimmed/Strings/Viola/ordinario/Va-ord-C5-mf-3c-N.wav,viola,train,0
Strings/Viola/ordinario/Va-ord-C5-mf-4c-T21u.wav,work/trimmed/Strings/Viola/ordinario/Va-ord-C5-mf-4c-T21u.wav,viola,train,0
Strings/Viola/ordinario/Va-ord-C5-pp-1c-N.wav,work/trimmed/Strings/Viola/ordinario/Va-ord-C5-pp-1c-N.wav,viola,train,0
Strings/Viola/ordinario/Va-ord-C5-pp-2c-N.wav,work/trimmed/Strings/Viola/ordinario/Va-ord-C5-pp-2c-N.wav,viola,train,0
Strings/Viola/ordinario/Va-ord-C5-pp-3c-N.wav,work/trimmed/Strings/Viola/ordinario/Va-ord-C5-pp-3c-N.wav,viola,train,0
Strings/Viola/ordinario/Va-ord-C5-pp-4c-T20u.wav,work/trimmed/Strings/Viola/ordinario/Va-ord-C5-pp-4c-T20u.wav,viola,train,0
Strings/Viola/ordinario/Va-ord-C6-ff-1c-T17u.wav,work/trimmed/Strings/Viola/ordinario/Va-ord-C6-ff-1c-T17u.wav,viola,test,0
Strings/Viola/ordinario/Va-ord-C6-ff-2c-N.wav,work/trimmed/Strings/Viola/ordinario/Va-ord-C6-ff-2c-N.wav,viola,test,0
Strings/Viola/ordinario/Va-ord-C6-mf-1c-T12u.wav,work/trimmed/Strings/Viola/ordinario/Va-ord-C6-mf-1c-T12u.wav,viola,test,0
Strings/Viola/ordinario/Va-ord-C6-mf-2c-N.wav,work/trimmed/Strings/Viola/ordinario/Va-ord-C6-mf-2c-N.wav,viola,test,0
Strings/Viola/ordinario/Va-ord-C6-pp-1c-N.wav,work/trimmed/Strings/Viola/ordinario/Va-ord-C6-pp-1c-N.wav,viola,test,0
Strings/Viola/ordinario/Va-ord-C6-pp-2c-N.wav,work/trimmed/Strings/Viola/ordinario/Va-ord-C6-pp-2c-N.wav,viola,test,0
Strings/Viola/ordinario/Va-ord-C7-ff-1c-T16u.wav,work/trimmed/Strings/Viola/ordinario/Va-ord-C7-ff-1c-T16u.wav,viola,train,0
Strings/Viola/ordinario/Va-ord-C7-mf-1c-T10u.wav,work/trimmed/Strings/Viola/ordinario/Va-ord-C7-mf-1c-T10u.wav,viola,train,0
Strings/Viola/ordinario/Va-ord-C7-pp-1c-N.wav,work/trimmed/Strings/Viola/ordinario/Va-ord-C7-pp-1c-N.wav,viola,train,0
Strings/Viola/ordinario/Va-ord-D#3-ff-4c-T20u.wav,work/trimmed/Strings/Viola/ordinario/Va-ord-D#3-ff-4c-T20u.wav,viola,train,0
Strings/Viola/ordinario/Va-ord-D#3-mf-4c-T22u.wav,work/trimmed/Strings/Viola/ordinario/Va-ord-D#3-mf-4c-T22u.wav,viola,train,0
Strings/Viola/ordinario/Va-ord-D#3-pp-4c-T17u.wav,work/trimmed/Strings/Viola/ordinario/Va-ord-D#3-pp-4c-T17u.wav,viola,train,0
Strings/Viola/ordinario/Va-ord-D#4-ff-2c-N.wav,work/trimmed/Strings/Viola/ordinario/Va-ord-D#4-ff-2c-N.wav,viola,train,0
Strings/Viola/ordinario/Va-ord-D#4-ff-3c-N.wav,work/trimmed/Strings/Viola/ordinario/Va-ord-D#4-ff-3c-N.wav,viola,train,0
Strings/Viola/ordinario/Va-ord-D#4-ff-4c-N.wav,work/trimmed/Strings/Viola/ordinario/Va-ord-D#4-ff-4c-N.wav,viola,train,0
Strings/Viola/ordinario/Va-ord-D#4-mf-2c-N.wav,work/trimmed/Strings/Viola/ordinario/Va-ord-D#4-mf-2c-N.wav,viola,train,0
Strings/Viola/ordinario/Va-ord-D#4-mf-3c-N.wav,work/trimmed/Strings/Viola/ordinario/Va-ord-D#4-mf-3c-N.wav,viola,train,0
Strings/Viola/ordinario/Va-ord-D#4-mf-4c-N.wav,work/trimmed/Strings/Viola/ordinario/Va-ord-D#4-mf-4c-N.wav,viola,train,0
Strings/Viola/ordinario/Va-ord-D#4-pp-2c-N.wav,work/trimmed/Strings/Viola/ordinario/Va-ord-D#4-pp-2c-N.wav,viola,train,0
Strings/Viola/ordinario/Va-ord-D#4-pp-3c-N.wav,work/trimmed/Strings/Viola/ordinario/Va-ord-D#4-pp-3c-N.wav,viola,train,0
Strings/Viola/ordinario/Va-ord-D#4-pp-4c-N.wav,work/trimmed/Strings/Viola/ordinario/Va-ord-D#4-pp-4c-N.wav,viola,train,0
Strings/Viola/ordinario/Va-ord-D#5-ff-1c-T12u.wav,work/trimmed/Strings/Viola/ordinario/Va-ord-D#5-ff-1c-T12u.wav,viola,train,0
Strings/Viola/ordinario/Va-ord-D#5-ff-2c-N.wav,work/trimmed/Strings/Viola/ordinario/Va-ord-D#5-ff-2c-N.wav,viola,train,0
Strings/Viola/ordinario/Va-ord-D#5-ff-3c-N.wav,work/trimmed/Strings/Viola/ordinario/Va-ord-D#5-ff-3c-N.wav,viola,train,0
Strings/Viola/ordinario/Va-ord-D#5-mf-1c-T11u.wav,work/trimmed/Strings/Viola/ordinario/Va-ord-D#5-mf-1c-T11u.wav,viola,train,0
Strings/Viola/ordinario/Va-ord-D#5-mf-2c-N.wav,work/trimmed/Strings/Viola/ordinario/Va-ord-D#5-mf-2c-N.wav,viola,train,0
Strings/Viola/ordinario/Va-ord-D#5-mf-3c-T11u.wav,work/trimmed/Strings/Viola/ordinario/Va-ord-D#5-mf-3c-T11u.wav,viola,train,0
Strings/Viola/ordinario/Va-ord-D#5-pp-1c-N.wav,work/trimmed/Strings/Viola/ordinario/Va-ord-D#5-pp-1c-N.wav,viola,train,0
Strings/Viola/ordinario/Va-ord-D#5-pp-2c-N.wav,work/trimmed/Strings/Viola/ordinario/Va-ord-D#5-pp-2c-N.wav,viola,train,0
Strings/Viola/ordinario/Va-ord-D#5-pp-3c-N.wav,work/trimmed/Strings/Viola/ordinario/Va-ord-D#5-pp-3c-N.wav,viola,train,0
Strings/Viola/ordinario/Va-ord-D#6-ff-1c-T14u.wav,work/trimmed/Strings/Viola/ordinario/Va-ord-D#6-ff-1c-T14u.wav,viola,val,0
Strings/Viola/ordinario/Va-ord-D#6-mf-1c-T13u.wav,work/trimmed/Strings/Viola/ordinario/Va-ord-D#6-mf-1c-T13u.wav,viola,val,0
Strings/Viola/ordinario/Va-ord-D#6-pp-1c-T12u.wav,work/trimmed/Strings/Viola/ordinario/Va-ord-D#6-pp-1c-T12u.wav,viola,val,0
Strings/Viola/ordinario/Va-ord-D3-ff-4c-N.wav,work/trimmed/Strings/Viola/ordinario/Va-ord-D3-ff-4c-N.wav,viola,train,0
Strings/Viola/ordinario/Va-ord-D3-mf-4c-N.wav,work/trimmed/Strings/Viola/ordinario/Va-ord-D3-mf-4c-N.wav,viola,train,0
Strings/Viola/ordinario/Va-ord-D3-pp-4c-N.wav,work/trimmed/Strings/Viola/ordinario/Va-ord-D3-pp-4c-N.wav,viola,train,0
Strings/Viola/ordinario/Va-ord-D4-ff-2c-N.wav,work/trimmed/Strings/Viola/ordinario/Va-ord-D4-ff-2c-N.wav,viola,train,0
Strings/Viola/ordinario/Va-ord-D4-ff-3c-N.wav,work/trimmed/Strings/Viola/ordinario/Va-ord-D4-ff-3c-N.wav,viola,train,0
Strings/Viola/ordinario/Va-ord-D4-ff-4c-N.wav,work/trimmed/Strings/Viola/ordinario/Va-ord-D4-ff-4c-N.wav,viola,train,0
Strings/Viola/ordinario/Va-ord-D4-mf-2c-N.wav,work/trimmed/Strings/Viola/ordinario/Va-ord-D4-mf-2c-N.wav,viola,train,0
Strings/Viola/ordinario/Va-ord-D4-mf-3c-N.wav,work/trimmed/Strings/Viola/ordinario/Va-ord-D4-mf-3c-N.wav,viola,train,0
Strings/Viola/ordinario/Va-ord-D4-mf-4c-N.wav,work/trimmed/Strings/Viola/ordinario/Va-ord-D4-mf-4c-N.wav,viola,train,0
Strings/Viola/ordinario/Va-ord-D4-pp-2c-N.wav,work/trimmed/Strings/Viola/ordinario/Va-ord-D4-pp-2c-N.wav,viola,train,0
Strings/Viola/ordinario/Va-ord-D4-pp-3c-N.wav,work/trimmed/Strings/Viola/ordinario/Va-ord-D4-pp-3c-N.wav,viola,train,0
Strings/Viola/ordinario/Va-ord-D4-pp-4c-N.wav,work/trimmed/Strings/Viola/ordinario/Va-ord-D4-pp-4c-N.wav,viola,train,0
Strings/Viola/ordinario/Va-ord-D5-ff-1c-N.wav,work/trimmed/Strings/Viola/ordinario/Va-ord-D5-ff-1c-N.wav,viola,train,0
Strings/Viola/ordinario/Va-ord-D5-ff-2c-N.wav,work/trimmed/Strings/Viola/ordinario/Va-ord-D5-ff-2c-N.wav,viola,train,0
Strings/Viola/ordinario/Va-ord-D5-ff-3c-N.wav,work/trimmed/Strings/Viola/ordinario/Va-ord-D5-ff-3c-N.wav,viola,train,0
Strings/Viola/ordinario/Va-ord-D5-mf-1c-N.wav,work/trimmed/Strings/Viola/ordinario/Va-ord-D5-mf-1c-N.wav,viola,train,0
Strings/Viola/ordinario/Va-ord-D5-mf-2c-N.wav,work/trimmed/Strings/Viola/ordinario/Va-ord-D5-mf-2c-N.wav,viola,train,0
Strings/Viola/ordinario/Va-ord-D5-mf-3c-T10d.wav,work/trimmed/Strings/Viola/ordinario/Va-ord-D5-mf-3c-T10d.wav,viola,train,0
Strings/Viola/ordinario/Va-ord-D5-pp-1c-N.wav,work/trimmed/Strings/Viola/ordinario/Va-ord-D5-pp-1c-N.wav,viola,train,0
Strings/Viola/ordinario/Va-ord-D5-pp-2c-N.wav,work/trimmed/Strings/Viola/ordinario/Va-ord-D5-pp-2c-N.wav,viola,train,0
Strings/Viola/ordinario/Va-ord-D5-pp-3c-N.wav,work/trimmed/Strings/Viola/ordinario/Va-ord-D5-pp-3c-N.wav,viola,train,0
Strings/Viola/ordinario/Va-ord-D6-ff-1c-T18u.wav,work/trimmed/Strings/Viola/ordinario/Va-ord-D6-ff-1c-T18u.wav,viola,train,0
Strings/Viola/ordinario/Va-ord-D6-ff-2c-N.wav,work/trimmed/Strings/Viola/ordinario/Va-ord-D6-ff-2c-N.wav,viola,train,0
Strings/Viola/ordinario/Va-ord-D6-mf-1c-T15u.wav,work/trimmed/Strings/Viola/ordinario/Va-ord-D6-mf-1c-T15u.wav,viola,train,0
Strings/Viola/ordinario/Va-ord-D6-mf-2c-N.wav,work/trimmed/Strings/Viola/ordinario/Va-ord-D6-mf-2c-N.wav,viola,train,0
Strings/Viola/ordinario/Va-ord-D6-pp-1c-T11u.wav,work/trimmed/Strings/Viola/ordinario/Va-ord-D6-pp-1c-T11u.wav,viola,train,0
Strings/Viola/ordinario/Va-ord-D6-pp-2c-N.wav,work/trimmed/Strings/Viola/ordinario/Va-ord-D6-pp-2c-N.wav,viola,train,0
Strings/Viola/ordinario/Va-ord-E3-ff-4c-T23u.wav,work/trimmed/Strings/Viola/ordinario/Va-ord-E3-ff-4c-T23u.wav,viola,test,0
Strings/Viola/ordinario/Va-ord-E3-mf-4c-T19u.wav,work/trimmed/Strings/Viola/ordinario/Va-ord-E3-mf-4c-T19u.wav,viola,test,0
Strings/Viola/ordinario/Va-ord-E3-pp-4c-T17u.wav,work/trimmed/Strings/Viola/ordinario/Va-ord-E3-pp-4c-T17u.wav,viola,test,0
Strings/Viola/ordinario/Va-ord-E4-ff-2c-N.wav,work/trimmed/Strings/Viola/ordinario/Va-ord-E4-ff-2c-N.wav,viola,train,0
Strings/Viola/ordinario/Va-ord-E4-ff-3c-N.wav,work/trimmed/Strings/Viola/ordinario/Va-ord-E4-ff-3c-N.wav,viola,train,0
Strings/Viola/ordinario/Va-ord-E4-ff-4c-N.wav,work/trimmed/Strings/Viola/ordinario/Va-ord-E4-ff-4c-N.wav,viola,train,0
Strings/Viola/ordinario/Va-ord-E4-mf-2c-N.wav,work/trimmed/Strings/Viola/ordinario/Va-ord-E4-mf-2c-N.wav,viola,train,0
Strings/Viola/ordinario/Va-ord-E4-mf-3c-N.wav,work/trimmed/Strings/Viola/ordinario/Va-ord-E4-mf-3c-N.wav,viola,train,0
Strings/Viola/ordinario/Va-ord-E4-mf-4c-N.wav,work/trimmed/Strings/Viola/ordinario/Va-ord-E4-mf-4c-N.wav,viola,train,0
Strings/Viola/ordinario/Va-ord-E4-pp-2c-N.wav,work/trimmed/Strings/Viola/ordinario/Va-ord-E4-pp-2c-N.wav,viola,train,0
Strings/Viola/ordinario/Va-ord-E4-pp-3c-N.wav,work/trimmed/Strings/Viola/ordinario/Va-ord-E4-pp-3c-N.wav,viola,train,0
Strings/Viola/ordinario/Va-ord-E4-pp-4c-N.wav,work/trimmed/Strings/Viola/ordinario/Va-ord-E4-pp-4c-N.wav,viola,train,0
Strings/Viola/ordinario/Va-ord-E5-ff-1c-T13u.wav,work/trimmed/Strings/Viola/ordinario/Va-ord-E5-ff-1c-T13u.wav,viola,train,0
Strings/Viola/ordinario/Va-ord-E5-ff-2c-T16u.wav,work/trimmed/Strings/Viola/ordinario/Va-ord-E5-ff-2c-T16u.wav,viola,train,0
Strings/Viola/ordinario/Va-ord-E5-ff-3c-N.wav,work/trimmed/Strings/Viola/ordinario/Va-ord-E5-ff-3c-N.wav,viola,train,0
Strings/Viola/ordinario/Va-ord-E5-mf-1c-T16u.wav,work/trimmed/Strings/Viola/ordinario/Va-ord-E5-mf-1c-T16u.wav,viola,train,0
Strings/Viola/ordinario/Va-ord-E5-mf-2c-T11u.wav,work/trimmed/Strings/Viola/ordinario/Va-ord-E5-mf-2c-T11u.wav,viola,train,0
Strings/Viola/ordinario/Va-ord-E5-mf-3c-N.wav,work/trimmed/Strings/Viola/ordinario/Va-ord-E5-mf-3c-N.wav,viola,train,0
Strings/Viola/ordinario/Va-ord-E5-pp-1c-T18u.wav,work/trimmed/Strings/Viola/ordinario/Va-ord-E5-pp-1c-T18u.wav,viola,train,0
Strings/Viola/ordinario/Va-ord-E5-pp-2c-T11u.wav,work/trimmed/Strings/Viola/ordinario/Va-ord-E5-pp-2c-T11u.wav,viola,train,0
Strings/Viola/ordinario/Va-ord-E5-pp-3c-T13u.wav,work/trimmed/Strings/Viola/ordinario/Va-ord-E5-pp-3c-T13u.wav,viola,train,0
Strings/Viola/ordinario/Va-ord-E6-ff-1c-N.wav,work/trimmed/Strings/Viola/ordinario/Va-ord-E6-ff-1c-N.wav,viola,test,0
Strings/Viola/ordinario/Va-ord-E6-mf-1c-N.wav,work/trimmed/Strings/Viola/ordinario/Va-ord-E6-mf-1c-N.wav,viola,test,0
Strings/Viola/ordinario/Va-ord-E6-pp-1c-N.wav,work/trimmed/Strings/Viola/ordinario/Va-ord-E6-pp-1c-N.wav,viola,test,0
Strings/Viola/ordinario/Va-ord-F#3-ff-4c-T17u.wav,work/trimmed/Strings/Viola/ordinario/Va-ord-F#3-ff-4c-T17u.wav,viola,val,0
Strings/Viola/ordinario/Va-ord-F#3-mf-4c-T12u.wav,work/trimmed/Strings/Viola/ordinario/Va-ord-F#3-mf-4c-T12u.wav,viola,val,0
Strings/Viola/ordinario/Va-ord-F#3-pp-4c-T11u.wav,work/trimmed/Strings/Viola/ordinario/Va-ord-F#3-pp-4c-T11u.wav,viola,val,0
Strings/Viola/ordinario/Va-ord-F#4-ff-2c-N.wav,work/trimmed/Strings/Viola/ordinario/Va-ord-F#4-ff-2c-N.wav,viola,train,0
Strings/Viola/ordinario/Va-ord-F#4-ff-3c-N.wav,work/trimmed/Strings/Viola/ordinario/Va-ord-F#4-ff-3c-N.wav,viola,train,0
Strings/Viola/ordinario/Va-ord-F#4-ff-4c-T29u.wav,work/trimmed/Strings/Viola/ordinario/Va-ord-F#4-ff-4c-T29u.wav,viola,train,0
Strings/Viola/ordinario/Va-ord-F#4-mf-2c-N.wav,work/trimmed/Strings/Viola/ordinario/Va-ord-F#4-mf-2c-N.wav,viola,train,0
Strings/Viola/ordinario/Va-ord-F#4-mf-3c-N.wav,work/trimmed/Strings/Viola/ordinario/Va-ord-F#4-mf-3c-N.wav,viola,train,0
Strings/Viola/ordinario/Va-ord-F#4-mf-4c-T26u.wav,work/trimmed/Strings/Viola/ordinario/Va-ord-F#4-mf-4c-T26u.wav,viola,train,0
Strings/Viola/ordinario/Va-ord-F#4-pp-2c-N.wav,work/trimmed/Strings/Viola/ordinario/Va-ord-F#4-pp-2c-N.wav,viola,train,0
Strings/Viola/ordinario/Va-ord-F#4-pp-3c-N.wav,work/trimmed/Strings/Viola/ordinario/Va-ord-F#4-pp-3c-N.wav,viola,train,0
Strings/Viola/ordinario/Va-ord-F#4-pp-4c-N.wav,work/trimmed/Strings/Viola/ordinario/Va-ord-F#4-pp-4c-N.wav,viola,train,0
Strings/Viola/ordinario/Va-ord-F#5-ff-1c-N.wav,work/trimmed/Strings/Viola/ordinario/Va-ord-F#5-ff-1c-N.wav,viola,train,0
Strings/Viola/ordinario/Va-ord-F#5-ff-2c-N.wav,work/trimmed/Strings/Viola/ordinario/Va-ord-F#5-ff-2c-N.wav,viola,train,0
Strings/Viola/ordinario/Va-ord-F#5-ff-3c-N.wav,work/trimmed/Strings/Viola/ordinario/Va-ord-F#5-ff-3c-N.wav,viola,train,0
Strings/Viola/ordinario/Va-ord-F#5-mf-1c-N.wav,work/trimmed/Strings/Viola/ordinario/Va-ord-F#5-mf-1c-N.wav,viola,train,0
Strings/Viola/ordinario/Va-ord-F#5-mf-2c-N.wav,work/trimmed/Strings/Viola/ordinario/Va-ord-F#5-mf-2c-N.wav,viola,train,0
Strings/Viola/ordinario/Va-ord-F#5-mf-3c-N.wav,work/trimmed/Strings/Viola/ordinario/Va-ord-F#5-mf-3c-N.wav,viola,train,0
Strings/Viola/ordinario/Va-ord-F#5-pp-1c-N.wav,work/trimmed/Strings/Viola/ordinario/Va-ord-F#5-pp-1c-N.wav,viola,train,0
Strings/Viola/ordinario/Va-ord-F#5-pp-2c-R100u.wav,work/trimmed/Strings/Viola/ordinario/Va-ord-F#5-pp-2c-R100u.wav,viola,train,0
Strings/Viola/ordinario/Va-ord-F#5-pp-3c-N.wav,work/trimmed/Strings/Viola/ordinario/Va-ord-F#5-pp-3c-N.wav,viola,train,0
Strings/Viola/ordinario/Va-ord-F#6-ff-1c-N.wav,work/trimmed/Strings/Viola/ordinario/Va-ord-F#6-ff-1c-N.wav,viola,val,0
Strings/Viola/ordinario/Va-ord-F#6-mf-1c-N.wav,work/trimmed/Strings/Viola/ordinario/Va-ord-F#6-mf-1c-N.wav,viola,val,0
Strings/Viola/ordinario/Va-ord-F#6-pp-1c-N.wav,work/trimmed/Strings/Viola/ordinario/Va-ord-F#6-pp-1c-N.wav,viola,val,0
Strings/Viola/ordinario/Va-ord-F3-ff-4c-T23u_R100u.wav,work/trimmed/Strings/Viola/ordinario/Va-ord-F3-ff-4c-T23u_R100u.wav,viola,val,0
Strings/Viola/ordinario/Va-ord-F3-mf-4c-N.wav,work/trimmed/Strings/Viola/ordinario/Va-ord-F3-mf-4c-N.wav,viola,val,0
Strings/Viola/ordinario/Va-ord-F3-pp-4c-N.wav,work/trimmed/Strings/Viola/ordinario/Va-ord-F3-pp-4c-N.wav,viola,val,0
Strings/Viola/ordinario/Va-ord-F4-ff-2c-T10u.wav,work/trimmed/Strings/Viola/ordinario/Va-ord-F4-ff-2c-T10u.wav,viola,train,0
Strings/Viola/ordinario/Va-ord-F4-ff-3c-N.wav,work/trimmed/Strings/Viola/ordinario/Va-ord-F4-ff-3c-N.wav,viola,train,0
Strings/Viola/ordinario/Va-ord-F4-ff-4c-N.wav,work/trimmed/Strings/Viola/ordinario/Va-ord-F4-ff-4c-N.wav,viola,train,0
Strings/Viola/ordinario/Va-ord-F4-mf-2c-N.wav,work/trimmed/Strings/Viola/ordinario/Va-ord-F4-mf-2c-N.wav,viola,train,0
Strings/Viola/ordinario/Va-ord-F4-mf-3c-N.wav,work/trimmed/Strings/Viola/ordinario/Va-ord-F4-mf-3c-N.wav,viola,train,0
Strings/Viola/ordinario/Va-ord-F4-mf-4c-N.wav,work/trimmed/Strings/Viola/ordinario/Va-ord-F4-mf-4c-N.wav,viola,train,0
Strings/Viola/ordinario/Va-ord-F4-pp-2c-N.wav,work/trimmed/Strings/Viola/ordinario/Va-ord-F4-pp-2c-N.wav,viola,train,0
Strings/Viola/ordinario/Va-ord-F4-pp-3c-N.wav,work/trimmed/Strings/Viola/ordinario/Va-ord-F4-pp-3c-N.wav,viola,train,0
Strings/Viola/ordinario/Va-ord-F4-pp-4c-N.wav,work/trimmed/Strings/Viola/ordinario/Va-ord-F4-pp-4c-N.wav,viola,train,0
Strings/Viola/ordinario/Va-ord-F5-ff-1c-N.wav,work/trimmed/Strings/Viola/ordinario/Va-ord-F5-ff-1c-N.wav,viola,train,0
Strings/Viola/ordinario/Va-ord-F5-ff-2c-T11u.wav,work/trimmed/Strings/Viola/ordinario/Va-ord-F5-ff-2c-T11u.wav,viola,train,0
Strings/Viola/ordinario/Va-ord-F5-ff-3c-N.wav,work/trimmed/Strings/Viola/ordinario/Va-ord-F5-ff-3c-N.wav,viola,train,0
Strings/Viola/ordinario/Va-ord-F5-mf-1c-N.wav,work/trimmed/Strings/Viola/ordinario/Va-ord-F5-mf-1c-N.wav,viola,train,0
Strings/Viola/ordinario/Va-ord-F5-mf-2c-T12u.wav,work/trimmed/Strings/Viola/ordinario/Va-ord-F5-mf-2c-T12u.wav,viola,train,0
Strings/Viola/ordinario/Va-ord-F5-mf-3c-N.wav,work/trimmed/Strings/Viola/ordinario/Va-ord-F5-mf-3c-N.wav,viola,train,0
Strings/Viola/ordinario/Va-ord-F5-pp-1c-N.wav,work/trimmed/Strings/Viola/ordinario/Va-ord-F5-pp-1c-N.wav,viola,train,0
Strings/Viola/ordinario/Va-ord-F5-pp-2c-N.wav,work/trimmed/Strings/Viola/ordinario/Va-ord-F5-pp-2c-N.wav,viola,train,0
Strings/Viola/ordinario/Va-ord-F5-pp-3c-N.wav,work/trimmed/Strings/Viola/ordinario/Va-ord-F5-pp-3c-N.wav,viola,train,0
Strings/Viola/ordinario/Va-ord-F6-ff-1c-N.wav,work/trimmed/Strings/Viola/ordinario/Va-ord-F6-ff-1c-N.wav,viola,train,0
Strings/Viola/ordinario/Va-ord-F6-mf-1c-N.wav,work/trimmed/Strings/Viola/ordinario/Va-ord-F6-mf-1c-N.wav,viola,train,0
Strings/Viola/ordinario/Va-ord-F6-pp-1c-N.wav,work/trimmed/Strings/Viola/ordinario/Va-ord-F6-pp-1c-N.wav,viola,train,0
Strings/Viola/ordinario/Va-ord-G#3-ff-3c-N.wav,work/trimmed/Strings/Viola/ordinario/Va-ord-G#3-ff-3c-N.wav,viola,val,0
Strings/Viola/ordinario/Va-ord-G#3-ff-4c-T24u.wav,work/trimmed/Strings/Viola/ordinario/Va-ord-G#3-ff-4c-T24u.wav,viola,val,0
Strings/Viola/ordinario/Va-ord-G#3-mf-3c-N.wav,work/trimmed/Strings/Viola/ordinario/Va-ord-G#3-mf-3c-N.wav,viola,val,0
Strings/Viola/ordinario/Va-ord-G#3-mf-4c-T23u.wav,work/trimmed/Strings/Viola/ordinario/Va-ord-G#3-mf-4c-T23u.wav,viola,val,0
Strings/Viola/ordinario/Va-ord-G#3-pp-3c-N.wav,work/trimmed/Strings/Viola/ordinario/Va-ord-G#3-pp-3c-N.wav,viola,val,0
Strings/Viola/ordinario/Va-ord-G#3-pp-4c-T18u.wav,work/trimmed/Strings/Viola/ordinario/Va-ord-G#3-pp-4c-T18u.wav,viola,val,0
Strings/Viola/ordinario/Va-ord-G#4-ff-2c-N.wav,work/trimmed/Strings/Viola/ordinario/Va-ord-G#4-ff-2c-N.wav,viola,train,0
Strings/Viola/ordinario/Va-ord-G#4-ff-3c-N.wav,work/trimmed/Strings/Viola/ordinario/Va-ord-G#4-ff-3c-N.wav,viola,train,0
Strings/Viola/ordinario/Va-ord-G#4-ff-4c-T10u.wav,work/trimmed/Strings/Viola/ordinario/Va-ord-G#4-ff-4c-T10u.wav,viola,train,0
Strings/Viola/ordinario/Va-ord-G#4-mf-2c-T10d.wav,work/trimmed/Strings/Viola/ordinario/Va-ord-G#4-mf-2c-T10d.wav,viola,train,0
Strings/Viola/ordinario/Va-ord-G#4-mf-3c-N.wav,work/trimmed/Strings/Viola/ordinario/Va-ord-G#4-mf-3c-N.wav,viola,train,0
Strings/Viola/ordinario/Va-ord-G#4-mf-4c-T11u.wav,work/trimmed/Strings/Viola/ordinario/Va-ord-G#4-mf-4c-T11u.wav,viola,train,0
Strings/Viola/ordinario/Va-ord-G#4-pp-2c-N.wav,work/trimmed/Strings/Viola/ordinario/Va-ord-G#4-pp-2c-N.wav,viola,train,0
Strings/Viola/ordinario/Va-ord-G#4-pp-3c-T10d.wav,work/trimmed/Strings/Viola/ordinario/Va-ord-G#4-pp-3c-T10d.wav,viola,train,0
Strings/Viola/ordinario/Va-ord-G#4-pp-4c-T10u.wav,work/trimmed/Strings/Viola/ordinario/Va-ord-G#4-pp-4c-T10u.wav,viola,train,0
Strings/Viola/ordinario/Va-ord-G#5-ff-1c-T15u.wav,work/trimmed/Strings/Viola/ordinario/Va-ord-G#5-ff-1c-T15u.wav,viola,val,0
Strings/Viola/ordinario/Va-ord-G#5-ff-2c-N.wav,work/trimmed/Strings/Viola/ordinario/Va-ord-G#5-ff-2c-N.wav,viola,val,0
Strings/Viola/ordinario/Va-ord-G#5-mf-1c-T13u.wav,work/trimmed/Strings/Viola/ordinario/Va-ord-G#5-mf-1c-T13u.wav,viola,val,0
Strings/Viola/ordinario/Va-ord-G#5-mf-2c-N.wav,work/trimmed/Strings/Viola/ordinario/Va-ord-G#5-mf-2c-N.wav,viola,val,0
Strings/Viola/ordinario/Va-ord-G#5-pp-1c-T13u.wav,work/trimmed/Strings/Viola/ordinario/Va-ord-G#5-pp-1c-T13u.wav,viola,val,0
Strings/Viola/ordinario/Va-ord-G#5-pp-2c-N.wav,work/trimmed/Strings/Viola/ordinario/Va-ord-G#5-pp-2c-N.wav,viola,val,0
Strings/Viola/ordinario/Va-ord-G#6-ff-1c-N.wav,work/trimmed/Strings/Viola/ordinario/Va-ord-G#6-ff-1c-N.wav,viola,val,0
Strings/Viola/ordinario/Va-ord-G#6-mf-1c-N.wav,work/trimmed/Strings/Viola/ordinario/Va-ord-G#6-mf-1c-N.wav,viola,val,0
Strings/Viola/ordinario/Va-ord-G#6-pp-1c-N.wav,work/trimmed/Strings/Viola/ordinario/Va-ord-G#6-pp-1c-N.wav,viola,val,0
Strings/Viola/ordinario/Va-ord-G3-ff-3c-N.wav,work/trimmed/Strings/Viola/ordinario/Va-ord-G3-ff-3c-N.wav,viola,test,0
Strings/Viola/ordinario/Va-ord-G3-ff-4c-T22u.wav,work/trimmed/Strings/Viola/ordinario/Va-ord-G3-ff-4c-T22u.wav,viola,test,0
Strings/Viola/ordinario/Va-ord-G3-mf-3c-N.wav,work/trimmed/Strings/Viola/ordinario/Va-ord-G3-mf-3c-N.wav,viola,test,0
Strings/Viola/ordinario/Va-ord-G3-mf-4c-T21u.wav,work/trimmed/Strings/Viola/ordinario/Va-ord-G3-mf-4c-T21u.wav,viola,test,0
Strings/Viola/ordinario/Va-ord-G3-pp-3c-N.wav,work/trimmed/Strings/Viola/ordinario/Va-ord-G3-pp-3c-N.wav,viola,test,0
Strings/Viola/ordinario/Va-ord-G3-pp-4c-T19u.wav,work/trimmed/Strings/Viola/ordinario/Va-ord-G3-pp-4c-T19u.wav,viola,test,0
Strings/Viola/ordinario/Va-ord-G4-ff-2c-N.wav,work/trimmed/Strings/Viola/ordinario/Va-ord-G4-ff-2c-N.wav,viola,train,0
Strings/Viola/ordinario/Va-ord-G4-ff-3c-N.wav,work/trimmed/Strings/Viola/ordinario/Va-ord-G4-ff-3c-N.wav,viola,train,0
Strings/Viola/ordinario/Va-ord-G4-ff-4c-N.wav,work/trimmed/Strings/Viola/ordinario/Va-ord-G4-ff-4c-N.wav,viola,train,0
Strings/Viola/ordinario/Va-ord-G4-mf-2c-N.wav,work/trimmed/Strings/Viola/ordinario/Va-ord-G4-mf-2c-N.wav,viola,train,0
Strings/Viola/ordinario/Va-ord-G4-mf-3c-N.wav,work/trimmed/Strings/Viola/ordinario/Va-ord-G4-mf-3c-N.wav,viola,train,0
Strings/Viola/ordinario/Va-ord-G4-mf-4c-N.wav,work/trimmed/Strings/Viola/ordinario/Va-ord-G4-mf-4c-N.wav,viola,train,0
Strings/Viola/ordinario/Va-ord-G4-pp-2c-N.wav,work/trimmed/Strings/Viola/ordinario/Va-ord-G4-pp-2c-N.wav,viola,train,0
Strings/Viola/ordinario/Va-ord-G4-pp-3c-N.wav,work/trimmed/Strings/Viola/ordinario/Va-ord-G4-pp-3c-N.wav,viola,train,0
Strings/Viola/ordinario/Va-ord-G4-pp-4c-N.wav,work/trimmed/Strings/Viola/ordinario/Va-ord-G4-pp-4c-N.wav,viola,train,0
Strings/Viola/ordinario/Va-ord-G5-ff-1c-N.wav,work/trimmed/Strings/Viola/ordinario/Va-ord-G5-ff-1c-N.wav,viola,train,0
Strings/Viola/ordinario/Va-ord-G5-ff-2c-N.wav,work/trimmed/Strings/Viola/ordinario/Va-ord-G5-ff-2c-N.wav,viola,train,0
Strings/Viola/ordinario/Va-ord-G5-ff-3c-N.wav,work/trimmed/Strings/Viola/ordinario/Va-ord-G5-ff-3c-N.wav,viola,train,0
Strings/Viola/ordinario/Va-ord-G5-mf-1c-N.wav,work/trimmed/Strings/Viola/ordinario/Va-ord-G5-mf-1c-N.wav,viola,train,0
Strings/Viola/ordinario/Va-ord-G5-mf-2c-N.wav,work/trimmed/Strings/Viola/ordinario/Va-ord-G5-mf-2c-N.wav,viola,train,0
Strings/Viola/ordinario/Va-ord-G5-mf-3c-N.wav,work/trimmed/Strings/Viola/ordinario/Va-ord-G5-mf-3c-N.wav,viola,train,0
Strings/Viola/ordinario/Va-ord-G5-pp-1c-N.wav,work/trimmed/Strings/Viola/ordinario/Va-ord-G5-pp-1c-N.wav,viola,train,0
Strings/Viola/ordinario/Va-ord-G5-pp-2c-N.wav,work/trimmed/Strings/Viola/ordinario/Va-ord-G5-pp-2c-N.wav,viola,train,0
Strings/Viola/ordinario/Va-ord-G5-pp-3c-T15u.wav,work/trimmed/Strings/Viola/ordinario/Va-ord-G5-pp-3c-T15u.wav,viola,train,0
Strings/Viola/ordinario/Va-ord-G6-ff-1c-N.wav,work/trimmed/Strings/Viola/ordinario/Va-ord-G6-ff-1c-N.wav,viola,test,0
Strings/Viola/ordinario/Va-ord-G6-mf-1c-N.wav,work/trimmed/Strings/Viola/ordinario/Va-ord-G6-mf-1c-N.wav,viola,test,0
Strings/Viola/ordinario/Va-ord-G6-pp-1c-N.wav,work/trimmed/Strings/Viola/ordinario/Va-ord-G6-pp-1c-N.wav,viola,test,0
Strings/Violin/ordinario/Vn-ord-A#3-ff-4c-T15u.wav,work/trimmed/Strings/Violin/ordinario/Vn-ord-A#3-ff-4c-T15u.wav,violin,test,0
Strings/Violin/ordinario/Vn-ord-A#3-mf-4c-N.wav,work/trimmed/Strings/Violin/ordinario/Vn-ord-A#3-mf-4c-N.wav,violin,test,0
Strings/Violin/ordinario/Vn-ord-A#3-pp-4c-N.wav,work/trimmed/Strings/Violin/ordinario/Vn-ord-A#3-pp-4c-N.wav,violin,test,0
Strings/Violin/ordinario/Vn-ord-A#4-ff-2c-N.wav,work/trimmed/Strings/Violin/ordinario/Vn-ord-A#4-ff-2c-N.wav,violin,train,0
Strings/Violin/ordinario/Vn-ord-A#4-ff-3c-N.wav,work/trimmed/Strings/Violin/ordinario/Vn-ord-A#4-ff-3c-N.wav,violin,train,0
Strings/Violin/ordinario/Vn-ord-A#4-ff-4c-N.wav,work/trimmed/Strings/Violin/ordinario/Vn-ord-A#4-ff-4c-N.wav,violin,train,0
Strings/Violin/ordinario/Vn-ord-A#4-mf-2c-N.wav,work/trimmed/Strings/Violin/ordinario/Vn-ord-A#4-mf-2c-N.wav,violin,train,0
Strings/Violin/ordinario/Vn-ord-A#4-mf-3c-N.wav,work/trimmed/Strings/Violin/ordinario/Vn-ord-A#4-mf-3c-N.wav,violin,train,0
Strings/Violin/ordinario/Vn-ord-A#4-mf-4c-N.wav,work/trimmed/Strings/Violin/ordinario/Vn-ord-A#4-mf-4c-N.wav,violin,train,0
Strings/Violin/ordinario/Vn-ord-A#4-pp-2c-N.wav,work/trimmed/Strings/Violin/ordinario/Vn-ord-A#4-pp-2c-N.wav,violin,train,0
Strings/Violin/ordinario/Vn-ord-A#4-pp-3c-N.wav,work/trimmed/Strings/Violin/ordinario/Vn-ord-A#4-pp-3c-N.wav,violin,train,0
Strings/Violin/ordinario/Vn-ord-A#4-pp-4c-N.wav,work/trimmed/Strings/Violin/ordinario/Vn-ord-A#4-pp-4c-N.wav,violin,train,0
Strings/Violin/ordinario/Vn-ord-A#5-ff-1c-T13u.wav,work/trimmed/Strings/Violin/ordinario/Vn-ord-A#5-ff-1c-T13u.wav,violin,train,0
Strings/Violin/ordinario/Vn-ord-A#5-ff-2c-T10u.wav,work/trimmed/Strings/Violin/ordinario/Vn-ord-A#5-ff-2c-T10u.wav,violin,train,0
Strings/Violin/ordinario/Vn-ord-A#5-ff-3c-R100u.wav,work/trimmed/Strings/Violin/ordinario/Vn-ord-A#5-ff-3c-R100u.wav,violin,train,0
Strings/Violin/ordinario/Vn-ord-A#5-mf-1c-N.wav,work/trimmed/Strings/Violin/ordinario/Vn-ord-A#5-mf-1c-N.wav,violin,train,0
Strings/Violin/ordinario/Vn-ord-A#5-mf-2c-N.wav,work/trimmed/Strings/Violin/ordinario/Vn-ord-A#5-mf-2c-N.wav,violin,train,0
Strings/Violin/ordinario/Vn-ord-A#5-mf-3c-N.wav,work/trimmed/Strings/Violin/ordinario/Vn-ord-A#5-mf-3c-N.wav,violin,train,0
Strings/Violin/ordinario/Vn-ord-A#5-pp-1c-N.wav,work/trimmed/Strings/Violin/ordinario/Vn-ord-A#5-pp-1c-N.wav,violin,train,0
Strings/Violin/ordinario/Vn-ord-A#5-pp-2c-N.wav,work/trimmed/Strings/Violin/ordinario/Vn-ord-A#5-pp-2c-N.wav,violin,train,0
Strings/Violin/ordinario/Vn-ord-A#5-pp-3c-T10u.wav,work/trimmed/Strings/Violin/ordinario/Vn-ord-A#5-pp-3c-T10u.wav,violin,train,0
Strings/Violin/ordinario/Vn-ord-A#6-ff-1c-N.wav,work/trimmed/Strings/Violin/ordinario/Vn-ord-A#6-ff-1c-N.wav,violin,train,0
Strings/Violin/ordinario/Vn-ord-A#6-mf-1c-N.wav,work/trimmed/Strings/Violin/ordinario/Vn-ord-A#6-mf-1c-N.wav,violin,train,0
Strings/Violin/ordinario/Vn-ord-A#6-pp-1c-N.wav,work/trimmed/Strings/Violin/ordinario/Vn-ord-A#6-pp-1c-N.wav,violin,train,0
Strings/Violin/ordinario/Vn-ord-A3-ff-4c-N.wav,work/trimmed/Strings/Violin/ordinario/Vn-ord-A3-ff-4c-N.wav,violin,test,0
Strings/Violin/ordinario/Vn-ord-A3-mf-4c-N.wav,work/trimmed/Strings/Violin/ordinario/Vn-ord-A3-mf-4c-N.wav,violin,test,0
Strings/Violin/ordinario/Vn-ord-A3-pp-4c-N.wav,work/trimmed/Strings/Violin/ordinario/Vn-ord-A3-pp-4c-N.wav,violin,test,0
Strings/Violin/ordinario/Vn-ord-A4-ff-2c-N.wav,work/trimmed/Strings/Violin/ordinario/Vn-ord-A4-ff-2c-N.wav,violin,train,0
Strings/Violin/ordinario/Vn-ord-A4-ff-3c-N.wav,work/trimmed/Strings/Violin/ordinario/Vn-ord-A4-ff-3c-N.wav,violin,train,0
Strings/Violin/ordinario/Vn-ord-A4-ff-4c-N.wav,work/trimmed/Strings/Violin/ordinario/Vn-ord-A4-ff-4c-N.wav,violin,train,0
Strings/Violin/ordinario/Vn-ord-A4-mf-2c-N.wav,work/trimmed/Strings/Violin/ordinario/Vn-ord-A4-mf-2c-N.wav,violin,train,0
Strings/Violin/ordinario/Vn-ord-A4-mf-3c-N.wav,work/trimmed/Strings/Violin/ordinario/Vn-ord-A4-mf-3c-N.wav,violin,train,0
Strings/Violin/ordinario/Vn-ord-A4-mf-4c-N.wav,work/trimmed/Strings/Violin/ordinario/Vn-ord-A4-mf-4c-N.wav,violin,train,0
Strings/Violin/ordinario/Vn-ord-A4-pp-2c-N.wav,work/trimmed/Strings/Violin/ordinario/Vn-ord-A4-pp-2c-N.wav,violin,train,0
Strings/Violin/ordinario/Vn-ord-A4-pp-3c-N.wav,work/trimmed/Strings/Violin/ordinario/Vn-ord-A4-pp-3c-N.wav,violin,train,0
Strings/Violin/ordinario/Vn-ord-A4-pp-4c-N.wav,work/trimmed/Strings/Violin/ordinario/Vn-ord-A4-pp-4c-N.wav,violin,train,0
Strings/Violin/ordinario/Vn-ord-A5-ff-1c-N.wav,work/trimmed/Strings/Violin/ordinario/Vn-ord-A5-ff-1c-N.wav,violin,train,0
Strings/Violin/ordinario/Vn-ord-A5-ff-2c-N.wav,work/trimmed/Strings/Violin/ordinario/Vn-ord-A5-ff-2c-N.wav,violin,train,0
Strings/Violin/ordinario/Vn-ord-A5-ff-3c-N.wav,work/trimmed/Strings/Violin/ordinario/Vn-ord-A5-ff-3c-N.wav,violin,train,0
Strings/Violin/ordinario/Vn-ord-A5-mf-1c-N.wav,work/trimmed/Strings/Violin/ordinario/Vn-ord-A5-mf-1c-N.wav,violin,train,0
Strings/Violin/ordinario/Vn-ord-A5-mf-2c-N.wav,work/trimmed/Strings/Violin/ordinario/Vn-ord-A5-mf-2c-N.wav,violin,train,0
Strings/Violin/ordinario/Vn-ord-A5-mf-3c-N.wav,work/trimmed/Strings/Violin/ordinario/Vn-ord-A5-mf-3c-N.wav,violin,train,0
Strings/Violin/ordinario/Vn-ord-A5-pp-1c-N.wav,work/trimmed/Strings/Violin/ordinario/Vn-ord-A5-pp-1c-N.wav,violin,train,0
Strings/Violin/ordinario/Vn-ord-A5-pp-2c-N.wav,work/trimmed/Strings/Violin/ordinario/Vn-ord-A5-pp-2c-N.wav,violin,train,0
Strings/Violin/ordinario/Vn-ord-A5-pp-3c-N.wav,work/trimmed/Strings/Violin/ordinario/Vn-ord-A5-pp-3c-N.wav,violin,train,0
Strings/Violin/ordinario/Vn-ord-A6-ff-1c-T11d.wav,work/trimmed/Strings/Violin/ordinario/Vn-ord-A6-ff-1c-T11d.wav,violin,test,0
Strings/Violin/ordinario/Vn-ord-A6-mf-1c-T11d.wav,work/trimmed/Strings/Violin/ordinario/Vn-ord-A6-mf-1c-T11d.wav,violin,test,0
Strings/Violin/ordinario/Vn-ord-A6-mf-2c-N.wav,work/trimmed/Strings/Violin/ordinario/Vn-ord-A6-mf-2c-N.wav,violin,test,0
Strings/Violin/ordinario/Vn-ord-A6-pp-1c-N.wav,work/trimmed/Strings/Violin/ordinario/Vn-ord-A6-pp-1c-N.wav,violin,test,0
Strings/Violin/ordinario/Vn-ord-A6-pp-2c-N.wav,work/trimmed/Strings/Violin/ordinario/Vn-ord-A6-pp-2c-N.wav,violin,test,0
Strings/Violin/ordinario/Vn-ord-B3-ff-4c-T17u.wav,work/trimmed/Strings/Violin/ordinario/Vn-ord-B3-ff-4c-T17u.wav,violin,val,0
Strings/Violin/ordinario/Vn-ord-B3-mf-4c-T15u.wav,work/trimmed/Strings/Violin/ordinario/Vn-ord-B3-mf-4c-T15u.wav,violin,val,0
Strings/Violin/ordinario/Vn-ord-B3-pp-4c-T10u.wav,work/trimmed/Strings/Violin/ordinario/Vn-ord-B3-pp-4c-T10u.wav,violin,val,0
Strings/Violin/ordinario/Vn-ord-B4-ff-2c-T10u.wav,work/trimmed/Strings/Violin/ordinario/Vn-ord-B4-ff-2c-T10u.wav,violin,train,0
Strings/Violin/ordinario/Vn-ord-B4-ff-3c-N.wav,work/trimmed/Strings/Violin/ordinario/Vn-ord-B4-ff-3c-N.wav,violin,train,0
Strings/Violin/ordinario/Vn-ord-B4-ff-4c-T12u.wav,work/trimmed/Strings/Violin/ordinario/Vn-ord-B4-ff-4c-T12u.wav,violin,train,0
Strings/Violin/ordinario/Vn-ord-B4-mf-2c-N.wav,work/trimmed/Strings/Violin/ordinario/Vn-ord-B4-mf-2c-N.wav,violin,train,0
Strings/Violin/ordinario/Vn-ord-B4-mf-3c-N.wav,work/trimmed/Strings/Violin/ordinario/Vn-ord-B4-mf-3c-N.wav,violin,train,0
Strings/Violin/ordinario/Vn-ord-B4-mf-4c-N.wav,work/trimmed/Strings/Violin/ordinario/Vn-ord-B4-mf-4c-N.wav,violin,train,0
Strings/Violin/ordinario/Vn-ord-B4-pp-2c-N.wav,work/trimmed/Strings/Violin/ordinario/Vn-ord-B4-pp-2c-N.wav,violin,train,0
Strings/Violin/ordinario/Vn-ord-B4-pp-3c-N.wav,work/trimmed/Strings/Violin/ordinario/Vn-ord-B4-pp-3c-N.wav,violin,train,0
Strings/Violin/ordinario/Vn-ord-B4-pp-4c-N.wav,work/trimmed/Strings/Violin/ordinario/Vn-ord-B4-pp-4c-N.wav,violin,train,0
Strings/Violin/ordinario/Vn-ord-B5-ff-1c-N.wav,work/trimmed/Strings/Violin/ordinario/Vn-ord-B5-ff-1c-N.wav,violin,train,0
Strings/Violin/ordinario/Vn-ord-B5-ff-2c-N.wav,work/trimmed/Strings/Violin/ordinario/Vn-ord-B5-ff-2c-N.wav,violin,train,0
Strings/Violin/ordinario/Vn-ord-B5-ff-3c-N.wav,work/trimmed/Strings/Violin/ordinario/Vn-ord-B5-ff-3c-N.wav,violin,train,0
Strings/Violin/ordinario/Vn-ord-B5-mf-1c-N.wav,work/trimmed/Strings/Violin/ordinario/Vn-ord-B5-mf-1c-N.wav,violin,train,0
Strings/Violin/ordinario/Vn-ord-B5-mf-2c-N.wav,work/trimmed/Strings/Violin/ordinario/Vn-ord-B5-mf-2c-N.wav,violin,train,0
Strings/Violin/ordinario/Vn-ord-B5-mf-3c-N.wav,work/trimmed/Strings/Violin/ordinario/Vn-ord-B5-mf-3c-N.wav,violin,train,0
Strings/Violin/ordinario/Vn-ord-B5-pp-1c-N.wav,work/trimmed/Strings/Violin/ordinario/Vn-ord-B5-pp-1c-N.wav,violin,train,0
Strings/Violin/ordinario/Vn-ord-B5-pp-2c-N.wav,work/trimmed/Strings/Violin/ordinario/Vn-ord-B5-pp-2c-N.wav,violin,train,0
Strings/Violin/ordinario/Vn-ord-B5-pp-3c-N.wav,work/trimmed/Strings/Violin/ordinario/Vn-ord-B5-pp-3c-N.wav,violin,train,0
Strings/Violin/ordinario/Vn-ord-B6-ff-1c-T20d.wav,work/trimmed/Strings/Violin/ordinario/Vn-ord-B6-ff-1c-T20d.wav,violin,train,0
Strings/Violin/ordinario/Vn-ord-B6-mf-1c-T15d.wav,work/trimmed/Strings/Violin/ordinario/Vn-ord-B6-mf-1c-T15d.wav,violin,train,0
Strings/Violin/ordinario/Vn-ord-B6-pp-1c-T12d.wav,work/trimmed/Strings/Violin/ordinario/Vn-ord-B6-pp-1c-T12d.wav,violin,train,0
Strings/Violin/ordinario/Vn-ord-C#4-ff-4c-N.wav,work/trimmed/Strings/Violin/ordinario/Vn-ord-C#4-ff-4c-N.wav,violin,train,0
Strings/Violin/ordinario/Vn-ord-C#4-mf-4c-N.wav,work/trimmed/Strings/Violin/ordinario/Vn-ord-C#4-mf-4c-N.wav,violin,train,0
Strings/Violin/ordinario/Vn-ord-C#4-pp-4c-N.wav,work/trimmed/Strings/Violin/ordinario/Vn-ord-C#4-pp-4c-N.wav,violin,train,0
Strings/Violin/ordinario/Vn-ord-C#5-ff-2c-N.wav,work/trimmed/Strings/Violin/ordinario/Vn-ord-C#5-ff-2c-N.wav,violin,train,0
Strings/Violin/ordinario/Vn-ord-C#5-ff-3c-T13u.wav,work/trimmed/Strings/Violin/ordinario/Vn-ord-C#5-ff-3c-T13u.wav,violin,train,0
Strings/Violin/ordinario/Vn-ord-C#5-ff-4c-T10u.wav,work/trimmed/Strings/Violin/ordinario/Vn-ord-C#5-ff-4c-T10u.wav,violin,train,0
Strings/Violin/ordinario/Vn-ord-C#5-mf-2c-N.wav,work/trimmed/Strings/Violin/ordinario/Vn-ord-C#5-mf-2c-N.wav,violin,train,0
Strings/Violin/ordinario/Vn-ord-C#5-mf-3c-T11u.wav,work/trimmed/Strings/Violin/ordinario/Vn-ord-C#5-mf-3c-T11u.wav,violin,train,0
Strings/Violin/ordinario/Vn-ord-C#5-mf-4c-N.wav,work/trimmed/Strings/Violin/ordinario/Vn-ord-C#5-mf-4c-N.wav,violin,train,0
Strings/Violin/ordinario/Vn-ord-C#5-pp-2c-N.wav,work/trimmed/Strings/Violin/ordinario/Vn-ord-C#5-pp-2c-N.wav,violin,train,0
Strings/Violin/ordinario/Vn-ord-C#5-pp-3c-N.wav,work/trimmed/Strings/Violin/ordinario/Vn-ord-C#5-pp-3c-N.wav,violin,train,0
Strings/Violin/ordinario/Vn-ord-C#5-pp-4c-N.wav,work/trimmed/Strings/Violin/ordinario/Vn-ord-C#5-pp-4c-N.wav,violin,train,0
Strings/Violin/ordinario/Vn-ord-C#6-ff-1c-N.wav,work/trimmed/Strings/Violin/ordinario/Vn-ord-C#6-ff-1c-N.wav,violin,val,0
Strings/Violin/ordinario/Vn-ord-C#6-ff-2c-N.wav,work/trimmed/Strings/Violin/ordinario/Vn-ord-C#6-ff-2c-N.wav,violin,val,0
Strings/Violin/ordinario/Vn-ord-C#6-mf-1c-N.wav,work/trimmed/Strings/Violin/ordinario/Vn-ord-C#6-mf-1c-N.wav,violin,val,0
Strings/Violin/ordinario/Vn-ord-C#6-mf-2c-N.wav,work/trimmed/Strings/Violin/ordinario/Vn-ord-C#6-mf-2c-N.wav,violin,val,0
Strings/Violin/ordinario/Vn-ord-C#6-pp-1c-N.wav,work/trimmed/Strings/Violin/ordinario/Vn-ord-C#6-pp-1c-N.wav,violin,val,0
Strings/Violin/ordinario/Vn-ord-C#6-pp-2c-N.wav,work/trimmed/Strings/Violin/ordinario/Vn-ord-C#6-pp-2c-N.wav,violin,val,0
Strings/Violin/ordinario/Vn-ord-C#7-ff-1c-T26d.wav,work/trimmed/Strings/Violin/ordinario/Vn-ord-C#7-ff-1c-T26d.wav,violin,train,0
Strings/Violin/ordinario/Vn-ord-C#7-mf-1c-T22d.wav,work/trimmed/Strings/Violin/ordinario/Vn-ord-C#7-mf-1c-T22d.wav,violin,train,0
Strings/Violin/ordinario/Vn-ord-C#7-pp-1c-T15d.wav,work/trimmed/Strings/Violin/ordinario/Vn-ord-C#7-pp-1c-T15d.wav,violin,train,0
Strings/Violin/ordinario/Vn-ord-C4-ff-4c-N.wav,work/trimmed/Strings/Violin/ordinario/Vn-ord-C4-ff-4c-N.wav,violin,val,0
Strings/Violin/ordinario/Vn-ord-C4-mf-4c-N.wav,work/trimmed/Strings/Violin/ordinario/Vn-ord-C4-mf-4c-N.wav,violin,val,0
Strings/Violin/ordinario/Vn-ord-C4-pp-4c-N.wav,work/trimmed/Strings/Violin/ordinario/Vn-ord-C4-pp-4c-N.wav,violin,val,0
Strings/Violin/ordinario/Vn-ord-C5-ff-2c-N.wav,work/trimmed/Strings/Violin/ordinario/Vn-ord-C5-ff-2c-N.wav,violin,train,0
Strings/Violin/ordinario/Vn-ord-C5-ff-3c-N.wav,work/trimmed/Strings/Violin/ordinario/Vn-ord-C5-ff-3c-N.wav,violin,train,0
Strings/Violin/ordinario/Vn-ord-C5-ff-4c-N.wav,work/trimmed/Strings/Violin/ordinario/Vn-ord-C5-ff-4c-N.wav,violin,train,0
Strings/Violin/ordinario/Vn-ord-C5-mf-2c-N.wav,work/trimmed/Strings/Violin/ordinario/Vn-ord-C5-mf-2c-N.wav,violin,train,0
Strings/Violin/ordinario/Vn-ord-C5-mf-3c-N.wav,work/trimmed/Strings/Violin/ordinario/Vn-ord-C5-mf-3c-N.wav,violin,train,0
Strings/Violin/ordinario/Vn-ord-C5-mf-4c-N.wav,work/trimmed/Strings/Violin/ordinario/Vn-ord-C5-mf-4c-N.wav,violin,train,0
Strings/Violin/ordinario/Vn-ord-C5-pp-2c-N.wav,work/trimmed/Strings/Violin/ordinario/Vn-ord-C5-pp-2c-N.wav,violin,train,0
Strings/Violin/ordinario/Vn-ord-C5-pp-3c-N.wav,work/trimmed/Strings/Violin/ordinario/Vn-ord-C5-pp-3c-N.wav,violin,train,0
Strings/Violin/ordinario/Vn-ord-C5-pp-4c-N.wav,work/trimmed/Strings/Violin/ordinario/Vn-ord-C5-pp-4c-N.wav,violin,train,0
Strings/Violin/ordinario/Vn-ord-C6-ff-1c-T11d.wav,work/trimmed/Strings/Violin/ordinario/Vn-ord-C6-ff-1c-T11d.wav,violin,train,0
Strings/Violin/ordinario/Vn-ord-C6-ff-2c-T11d.wav,work/trimmed/Strings/Violin/ordinario/Vn-ord-C6-ff-2c-T11d.wav,violin,train,0
Strings/Violin/ordinario/Vn-ord-C6-ff-3c-T18d.wav,work/trimmed/Strings/Violin/ordinario/Vn-ord-C6-ff-3c-T18d.wav,violin,train,0
Strings/Violin/ordinario/Vn-ord-C6-mf-1c-T12d.wav,work/trimmed/Strings/Violin/ordinario/Vn-ord-C6-mf-1c-T12d.wav,violin,train,0
Strings/Violin/ordinario/Vn-ord-C6-mf-2c-N.wav,work/trimmed/Strings/Violin/ordinario/Vn-ord-C6-mf-2c-N.wav,violin,train,0
Strings/Violin/ordinario/Vn-ord-C6-mf-3c-T13d.wav,work/trimmed/Strings/Violin/ordinario/Vn-ord-C6-mf-3c-T13d.wav,violin,train,0
Strings/Violin/ordinario/Vn-ord-C6-pp-1c-T11d.wav,work/trimmed/Strings/Violin/ordinario/Vn-ord-C6-pp-1c-T11d.wav,violin,train,0
Strings/Violin/ordinario/Vn-ord-C6-pp-2c-N.wav,work/trimmed/Strings/Violin/ordinario/Vn-ord-C6-pp-2c-N.wav,violin,train,0
Strings/Violin/ordinario/Vn-ord-C6-pp-3c-T14d.wav,work/trimmed/Strings/Violin/ordinario/Vn-ord-C6-pp-3c-T14d.wav,violin,train,0
Strings/Violin/ordinario/Vn-ord-C7-ff-1c-T30d.wav,work/trimmed/Strings/Violin/ordinario/Vn-ord-C7-ff-1c-T30d.wav,violin,train,0
Strings/Violin/ordinario/Vn-ord-C7-mf-1c-T27d.wav,work/trimmed/Strings/Violin/ordinario/Vn-ord-C7-mf-1c-T27d.wav,violin,train,0
Strings/Violin/ordinario/Vn-ord-C7-pp-1c-T28d.wav,work/trimmed/Strings/Violin/ordinario/Vn-ord-C7-pp-1c-T28d.wav,violin,train,0
Strings/Violin/ordinario/Vn-ord-D#4-ff-3c-N.wav,work/trimmed/Strings/Violin/ordinario/Vn-ord-D#4-ff-3c-N.wav,violin,train,0
Strings/Violin/ordinario/Vn-ord-D#4-ff-4c-T10u.wav,work/trimmed/Strings/Violin/ordinario/Vn-ord-D#4-ff-4c-T10u.wav,violin,train,0
Strings/Violin/ordinario/Vn-ord-D#4-mf-3c-N.wav,work/trimmed/Strings/Violin/ordinario/Vn-ord-D#4-mf-3c-N.wav,violin,train,0
Strings/Violin/ordinario/Vn-ord-D#4-mf-4c-N.wav,work/trimmed/Strings/Violin/ordinario/Vn-ord-D#4-mf-4c-N.wav,violin,train,0
Strings/Violin/ordinario/Vn-ord-D#4-pp-3c-N.wav,work/trimmed/Strings/Violin/ordinario/Vn-ord-D#4-pp-3c-N.wav,violin,train,0
Strings/Violin/ordinario/Vn-ord-D#4-pp-4c-N.wav,work/trimmed/Strings/Violin/ordinario/Vn-ord-D#4-pp-4c-N.wav,violin,train,0
Strings/Violin/ordinario/Vn-ord-D#5-ff-2c-N.wav,work/trimmed/Strings/Violin/ordinario/Vn-ord-D#5-ff-2c-N.wav,violin,train,0
Strings/Violin/ordinario/Vn-ord-D#5-ff-3c-N.wav,work/trimmed/Strings/Violin/ordinario/Vn-ord-D#5-ff-3c-N.wav,violin,train,0
Strings/Violin/ordinario/Vn-ord-D#5-ff-4c-N.wav,work/trimmed/Strings/Violin/ordinario/Vn-ord-D#5-ff-4c-N.wav,violin,train,0
Strings/Violin/ordinario/Vn-ord-D#5-mf-2c-N.wav,work/trimmed/Strings/Violin/ordinario/Vn-ord-D#5-mf-2c-N.wav,violin,train,0
Strings/Violin/ordinario/Vn-ord-D#5-mf-3c-N.wav,work/trimmed/Strings/Violin/ordinario/Vn-ord-D#5-mf-3c-N.wav,violin,train,0
Strings/Violin/ordinario/Vn-ord-D#5-mf-4c-N.wav,work/trimmed/Strings/Violin/ordinario/Vn-ord-D#5-mf-4c-N.wav,violin,train,0
Strings/Violin/ordinario/Vn-ord-D#5-pp-2c-N.wav,work/trimmed/Strings/Violin/ordinario/Vn-ord-D#5-pp-2c-N.wav,violin,train,0
Strings/Violin/ordinario/Vn-ord-D#5-pp-3c-N.wav,work/trimmed/Strings/Violin/ordinario/Vn-ord-D#5-pp-3c-N.wav,violin,train,0
Strings/Violin/ordinario/Vn-ord-D#5-pp-4c-N.wav,work/trimmed/Strings/Violin/ordinario/Vn-ord-D#5-pp-4c-N.wav,violin,train,0
Strings/Violin/ordinario/Vn-ord-D#6-ff-1c-N.wav,work/trimmed/Strings/Violin/ordinario/Vn-ord-D#6-ff-1c-N.wav,violin,val,0
Strings/Violin/ordinario/Vn-ord-D#6-ff-2c-N.wav,work/trimmed/Strings/Violin/ordinario/Vn-ord-D#6-ff-2c-N.wav,violin,val,0
Strings/Violin/ordinario/Vn-ord-D#6-mf-1c-N.wav,work/trimmed/Strings/Violin/ordinario/Vn-ord-D#6-mf-1c-N.wav,violin,val,0
Strings/Violin/ordinario/Vn-ord-D#6-mf-2c-N.wav,work/trimmed/Strings/Violin/ordinario/Vn-ord-D#6-mf-2c-N.wav,violin,val,0
Strings/Violin/ordinario/Vn-ord-D#6-pp-1c-N.wav,work/trimmed/Strings/Violin/ordinario/Vn-ord-D#6-pp-1c-N.wav,violin,val,0
Strings/Violin/ordinario/Vn-ord-D#6-pp-2c-N.wav,work/trimmed/Strings/Violin/ordinario/Vn-ord-D#6-pp-2c-N.wav,violin,val,0
Strings/Violin/ordinario/Vn-ord-D#7-ff-1c-T23d_R100u.wav,work/trimmed/Strings/Violin/ordinario/Vn-ord-D#7-ff-1c-T23d_R100u.wav,violin,val,0
Strings/Violin/ordinario/Vn-ord-D#7-mf-1c-T22d_R100u.wav,work/trimmed/Strings/Violin/ordinario/Vn-ord-D#7-mf-1c-T22d_R100u.wav,violin,val,0
Strings/Violin/ordinario/Vn-ord-D#7-pp-1c-T16d.wav,work/trimmed/Strings/Violin/ordinario/Vn-ord-D#7-pp-1c-T16d.wav,violin,val,0
Strings/Violin/ordinario/Vn-ord-D4-ff-3c-N.wav,work/trimmed/Strings/Violin/ordinario/Vn-ord-D4-ff-3c-N.wav,violin,train,0
Strings/Violin/ordinario/Vn-ord-D4-ff-4c-N.wav,work/trimmed/Strings/Violin/ordinario/Vn-ord-D4-ff-4c-N.wav,violin,train,0
Strings/Violin/ordinario/Vn-ord-D4-mf-3c-N.wav,work/trimmed/Strings/Violin/ordinario/Vn-ord-D4-mf-3c-N.wav,violin,train,0
Strings/Violin/ordinario/Vn-ord-D4-mf-4c-N.wav,work/trimmed/Strings/Violin/ordinario/Vn-ord-D4-mf-4c-N.wav,violin,train,0
Strings/Violin/ordinario/Vn-ord-D4-pp-3c-N.wav,work/trimmed/Strings/Violin/ordinario/Vn-ord-D4-pp-3c-N.wav,violin,train,0
Strings/Violin/ordinario/Vn-ord-D4-pp-4c-N.wav,work/trimmed/Strings/Violin/ordinario/Vn-ord-D4-pp-4c-N.wav,violin,train,0
Strings/Violin/ordinario/Vn-ord-D5-ff-2c-N.wav,work/trimmed/Strings/Violin/ordinario/Vn-ord-D5-ff-2c-N.wav,violin,train,0
Strings/Violin/ordinario/Vn-ord-D5-ff-3c-N.wav,work/trimmed/Strings/Violin/ordinario/Vn-ord-D5-ff-3c-N.wav,violin,train,0
Strings/Violin/ordinario/Vn-ord-D5-ff-4c-N.wav,work/trimmed/Strings/Violin/ordinario/Vn-ord-D5-ff-4c-N.wav,violin,train,0
Strings/Violin/ordinario/Vn-ord-D5-mf-2c-N.wav,work/trimmed/Strings/Violin/ordinario/Vn-ord-D5-mf-2c-N.wav,violin,train,0
Strings/Violin/ordinario/Vn-ord-D5-mf-3c-N.wav,work/trimmed/Strings/Violin/ordinario/Vn-ord-D5-mf-3c-N.wav,violin,train,0
Strings/Violin/ordinario/Vn-ord-D5-mf-4c-N.wav,work/trimmed/Strings/Violin/ordinario/Vn-ord-D5-mf-4c-N.wav,violin,train,0
Strings/Violin/ordinario/Vn-ord-D5-pp-2c-N.wav,work/trimmed/Strings/Violin/ordinario/Vn-ord-D5-pp-2c-N.wav,violin,train,0
Strings/Violin/ordinario/Vn-ord-D5-pp-3c-N.wav,work/trimmed/Strings/Violin/ordinario/Vn-ord-D5-pp-3c-N.wav,violin,train,0
Strings/Violin/ordinario/Vn-ord-D5-pp-4c-N.wav,work/trimmed/Strings/Violin/ordinario/Vn-ord-D5-pp-4c-N.wav,violin,train,0
Strings/Violin/ordinario/Vn-ord-D6-ff-1c-T11d.wav,work/trimmed/Strings/Violin/ordinario/Vn-ord-D6-ff-1c-T11d.wav,violin,val,0
Strings/Violin/ordinario/Vn-ord-D6-ff-2c-N.wav,work/trimmed/Strings/Violin/ordinario/Vn-ord-D6-ff-2c-N.wav,violin,val,0
Strings/Violin/ordinario/Vn-ord-D6-mf-1c-T12d.wav,work/trimmed/Strings/Violin/ordinario/Vn-ord-D6-mf-1c-T12d.wav,violin,val,0
Strings/Violin/ordinario/Vn-ord-D6-mf-2c-T12d.wav,work/trimmed/Strings/Violin/ordinario/Vn-ord-D6-mf-2c-T12d.wav,violin,val,0
Strings/Violin/ordinario/Vn-ord-D6-pp-1c-N.wav,work/trimmed/Strings/Violin/ordinario/Vn-ord-D6-pp-1c-N.wav,violin,val,0
Strings/Violin/ordinario/Vn-ord-D6-pp-2c-N.wav,work/trimmed/Strings/Violin/ordinario/Vn-ord-D6-pp-2c-N.wav,violin,val,0
Strings/Violin/ordinario/Vn-ord-D7-ff-1c-T23d.wav,work/trimmed/Strings/Violin/ordinario/Vn-ord-D7-ff-1c-T23d.wav,violin,test,0
Strings/Violin/ordinario/Vn-ord-D7-mf-1c-T22d.wav,work/trimmed/Strings/Violin/ordinario/Vn-ord-D7-mf-1c-T22d.wav,violin,test,0
Strings/Violin/ordinario/Vn-ord-D7-pp-1c-T17d.wav,work/trimmed/Strings/Violin/ordinario/Vn-ord-D7-pp-1c-T17d.wav,violin,test,0
Strings/Violin/ordinario/Vn-ord-E4-ff-3c-N.wav,work/trimmed/Strings/Violin/ordinario/Vn-ord-E4-ff-3c-N.wav,violin,train,0
Strings/Violin/ordinario/Vn-ord-E4-ff-4c-N.wav,work/trimmed/Strings/Violin/ordinario/Vn-ord-E4-ff-4c-N.wav,violin,train,0
Strings/Violin/ordinario/Vn-ord-E4-mf-3c-N.wav,work/trimmed/Strings/Violin/ordinario/Vn-ord-E4-mf-3c-N.wav,violin,train,0
Strings/Violin/ordinario/Vn-ord-E4-mf-4c-N.wav,work/trimmed/Strings/Violin/ordinario/Vn-ord-E4-mf-4c-N.wav,violin,train,0
Strings/Violin/ordinario/Vn-ord-E4-pp-3c-N.wav,work/trimmed/Strings/Violin/ordinario/Vn-ord-E4-pp-3c-N.wav,violin,train,0
Strings/Violin/ordinario/Vn-ord-E4-pp-4c-N.wav,work/trimmed/Strings/Violin/ordinario/Vn-ord-E4-pp-4c-N.wav,violin,train,0
Strings/Violin/ordinario/Vn-ord-E5-ff-1c-N.wav,work/trimmed/Strings/Violin/ordinario/Vn-ord-E5-ff-1c-N.wav,violin,train,0
Strings/Violin/ordinario/Vn-ord-E5-ff-2c-N.wav,work/trimmed/Strings/Violin/ordinario/Vn-ord-E5-ff-2c-N.wav,violin,train,0
Strings/Violin/ordinario/Vn-ord-E5-ff-3c-N.wav,work/trimmed/Strings/Violin/ordinario/Vn-ord-E5-ff-3c-N.wav,violin,train,0
Strings/Violin/ordinario/Vn-ord-E5-ff-4c-N.wav,work/trimmed/Strings/Violin/ordinario/Vn-ord-E5-ff-4c-N.wav,violin,train,0
Strings/Violin/ordinario/Vn-ord-E5-mf-1c-N.wav,work/trimmed/Strings/Violin/ordinario/Vn-ord-E5-mf-1c-N.wav,violin,train,0
Strings/Violin/ordinario/Vn-ord-E5-mf-2c-N.wav,work/trimmed/Strings/Violin/ordinario/Vn-ord-E5-mf-2c-N.wav,violin,train,0
Strings/Violin/ordinario/Vn-ord-E5-mf-3c-N.wav,work/trimmed/Strings/Violin/ordinario/Vn-ord-E5-mf-3c-N.wav,violin,train,0
Strings/Violin/ordinario/Vn-ord-E5-mf-4c-N.wav,work/trimmed/Strings/Violin/ordinario/Vn-ord-E5-mf-4c-N.wav,violin,train,0
Strings/Violin/ordinario/Vn-ord-E5-pp-1c-N.wav,work/trimmed/Strings/Violin/ordinario/Vn-ord-E5-pp-1c-N.wav,violin,train,0
Strings/Violin/ordinario/Vn-ord-E5-pp-2c-N.wav,work/trimmed/Strings/Violin/ordinario/Vn-ord-E5-pp-2c-N.wav,violin,train,0
Strings/Violin/ordinario/Vn-ord-E5-pp-3c-N.wav,work/trimmed/Strings/Violin/ordinario/Vn-ord-E5-pp-3c-N.wav,violin,train,0
Strings/Violin/ordinario/Vn-ord-E5-pp-4c-N.wav,work/trimmed/Strings/Violin/ordinario/Vn-ord-E5-pp-4c-N.wav,violin,train,0
Strings/Violin/ordinario/Vn-ord-E6-ff-1c-N.wav,work/trimmed/Strings/Violin/ordinario/Vn-ord-E6-ff-1c-N.wav,violin,test,0
Strings/Violin/ordinario/Vn-ord-E6-ff-2c-N.wav,work/trimmed/Strings/Violin/ordinario/Vn-ord-E6-ff-2c-N.wav,violin,test,0
Strings/Violin/ordinario/Vn-ord-E6-mf-1c-N.wav,work/trimmed/Strings/Violin/ordinario/Vn-ord-E6-mf-1c-N.wav,violin,test,0
Strings/Violin/ordinario/Vn-ord-E6-mf-2c-N.wav,work/trimmed/Strings/Violin/ordinario/Vn-ord-E6-mf-2c-N.wav,violin,test,0
Strings/Violin/ordinario/Vn-ord-E6-pp-1c-N.wav,work/trimmed/Strings/Violin/ordinario/Vn-ord-E6-pp-1c-N.wav,violin,test,0
Strings/Violin/ordinario/Vn-ord-E6-pp-2c-N.wav,work/trimmed/Strings/Violin/ordinario/Vn-ord-E6-pp-2c-N.wav,violin,test,0
Strings/Violin/ordinario/Vn-ord-E7-ff-1c-N.wav,work/trimmed/Strings/Violin/ordinario/Vn-ord-E7-ff-1c-N.wav,violin,test,0
Strings/Violin/ordinario/Vn-ord-E7-mf-1c-T22d.wav,work/trimmed/Strings/Violin/ordinario/Vn-ord-E7-mf-1c-T22d.wav,violin,test,0
Strings/Violin/ordinario/Vn-ord-E7-pp-1c-T21d.wav,work/trimmed/Strings/Violin/ordinario/Vn-ord-E7-pp-1c-T21d.wav,violin,test,0
Strings/Violin/ordinario/Vn-ord-F#4-ff-3c-T10u.wav,work/trimmed/Strings/Violin/ordinario/Vn-ord-F#4-ff-3c-T10u.wav,violin,test,0
Strings/Violin/ordinario/Vn-ord-F#4-ff-4c-N.wav,work/trimmed/Strings/Violin/ordinario/Vn-ord-F#4-ff-4c-N.wav,violin,test,0
Strings/Violin/ordinario/Vn-ord-F#4-mf-3c-N.wav,work/trimmed/Strings/Violin/ordinario/Vn-ord-F#4-mf-3c-N.wav,violin,test,0
Strings/Violin/ordinario/Vn-ord-F#4-mf-4c-N.wav,work/trimmed/Strings/Violin/ordinario/Vn-ord-F#4-mf-4c-N.wav,violin,test,0
Strings/Violin/ordinario/Vn-ord-F#4-pp-3c-N.wav,work/trimmed/Strings/Violin/ordinario/Vn-ord-F#4-pp-3c-N.wav,violin,test,0
Strings/Violin/ordinario/Vn-ord-F#4-pp-4c-N.wav,work/trimmed/Strings/Violin/ordinario/Vn-ord-F#4-pp-4c-N.wav,violin,test,0
Strings/Violin/ordinario/Vn-ord-F#5-ff-1c-N.wav,work/trimmed/Strings/Violin/ordinario/Vn-ord-F#5-ff-1c-N.wav,violin,train,0
Strings/Violin/ordinario/Vn-ord-F#5-ff-2c-N.wav,work/trimmed/Strings/Violin/ordinario/Vn-ord-F#5-ff-2c-N.wav,violin,train,0
Strings/Violin/ordinario/Vn-ord-F#5-ff-3c-N.wav,work/trimmed/Strings/Violin/ordinario/Vn-ord-F#5-ff-3c-N.wav,violin,train,0
Strings/Violin/ordinario/Vn-ord-F#5-mf-1c-N.wav,work/trimmed/Strings/Violin/ordinario/Vn-ord-F#5-mf-1c-N.wav,violin,train,0
Strings/Violin/ordinario/Vn-ord-F#5-mf-2c-N.wav,work/trimmed/Strings/Violin/ordinario/Vn-ord-F#5-mf-2c-N.wav,violin,train,0
Strings/Violin/ordinario/Vn-ord-F#5-mf-3c-N.wav,work/trimmed/Strings/Violin/ordinario/Vn-ord-F#5-mf-3c-N.wav,violin,train,0
Strings/Violin/ordinario/Vn-ord-F#5-pp-1c-N.wav,work/trimmed/Strings/Violin/ordinario/Vn-ord-F#5-pp-1c-N.wav,violin,train,0
Strings/Violin/ordinario/Vn-ord-F#5-pp-2c-N.wav,work/trimmed/Strings/Violin/ordinario/Vn-ord-F#5-pp-2c-N.wav,violin,train,0
Strings/Violin/ordinario/Vn-ord-F#5-pp-3c-N.wav,work/trimmed/Strings/Violin/ordinario/Vn-ord-F#5-pp-3c-N.wav,violin,train,0
Strings/Violin/ordinario/Vn-ord-F#6-ff-1c-T12d.wav,work/trimmed/Strings/Violin/ordinario/Vn-ord-F#6-ff-1c-T12d.wav,violin,train,0
Strings/Violin/ordinario/Vn-ord-F#6-ff-2c-T16d.wav,work/trimmed/Strings/Violin/ordinario/Vn-ord-F#6-ff-2c-T16d.wav,violin,train,0
Strings/Violin/ordinario/Vn-ord-F#6-mf-1c-T10d.wav,work/trimmed/Strings/Violin/ordinario/Vn-ord-F#6-mf-1c-T10d.wav,violin,train,0
Strings/Violin/ordinario/Vn-ord-F#6-mf-2c-T11d.wav,work/trimmed/Strings/Violin/ordinario/Vn-ord-F#6-mf-2c-T11d.wav,violin,train,0
Strings/Violin/ordinario/Vn-ord-F#6-pp-1c-T12d.wav,work/trimmed/Strings/Violin/ordinario/Vn-ord-F#6-pp-1c-T12d.wav,violin,train,0
Strings/Violin/ordinario/Vn-ord-F#6-pp-2c-N.wav,work/trimmed/Strings/Violin/ordinario/Vn-ord-F#6-pp-2c-N.wav,violin,train,0
Strings/Violin/ordinario/Vn-ord-F4-ff-3c-N.wav,work/trimmed/Strings/Violin/ordinario/Vn-ord-F4-ff-3c-N.wav,violin,test,0
Strings/Violin/ordinario/Vn-ord-F4-ff-4c-T11u.wav,work/trimmed/Strings/Violin/ordinario/Vn-ord-F4-ff-4c-T11u.wav,violin,test,0
Strings/Violin/ordinario/Vn-ord-F4-mf-3c-N.wav,work/trimmed/Strings/Violin/ordinario/Vn-ord-F4-mf-3c-N.wav,violin,test,0
Strings/Violin/ordinario/Vn-ord-F4-mf-4c-N.wav,work/trimmed/Strings/Violin/ordinario/Vn-ord-F4-mf-4c-N.wav,violin,test,0
Strings/Violin/ordinario/Vn-ord-F4-pp-3c-N.wav,work/trimmed/Strings/Violin/ordinario/Vn-ord-F4-pp-3c-N.wav,violin,test,0
Strings/Violin/ordinario/Vn-ord-F4-pp-4c-N.wav,work/trimmed/Strings/Violin/ordinario/Vn-ord-F4-pp-4c-N.wav,violin,test,0
Strings/Violin/ordinario/Vn-ord-F5-ff-1c-N.wav,work/trimmed/Strings/Violin/ordinario/Vn-ord-F5-ff-1c-N.wav,violin,train,0
Strings/Violin/ordinario/Vn-ord-F5-ff-2c-N.wav,work/trimmed/Strings/Violin/ordinario/Vn-ord-F5-ff-2c-N.wav,violin,train,0
Strings/Violin/ordinario/Vn-ord-F5-ff-3c-T15u.wav,work/trimmed/Strings/Violin/ordinario/Vn-ord-F5-ff-3c-T15u.wav,violin,train,0
Strings/Violin/ordinario/Vn-ord-F5-mf-1c-N.wav,work/trimmed/Strings/Violin/ordinario/Vn-ord-F5-mf-1c-N.wav,violin,train,0
Strings/Violin/ordinario/Vn-ord-F5-mf-2c-N.wav,work/trimmed/Strings/Violin/ordinario/Vn-ord-F5-mf-2c-N.wav,violin,train,0
Strings/Violin/ordinario/Vn-ord-F5-mf-3c-N.wav,work/trimmed/Strings/Violin/ordinario/Vn-ord-F5-mf-3c-N.wav,violin,train,0
Strings/Violin/ordinario/Vn-ord-F5-pp-1c-N.wav,work/trimmed/Strings/Violin/ordinario/Vn-ord-F5-pp-1c-N.wav,violin,train,0
Strings/Violin/ordinario/Vn-ord-F5-pp-2c-N.wav,work/trimmed/Strings/Violin/ordinario/Vn-ord-F5-pp-2c-N.wav,violin,train,0
Strings/Violin/ordinario/Vn-ord-F5-pp-3c-N.wav,work/trimmed/Strings/Violin/ordinario/Vn-ord-F5-pp-3c-N.wav,violin,train,0
Strings/Violin/ordinario/Vn-ord-F6-ff-1c-N.wav,work/trimmed/Strings/Violin/ordinario/Vn-ord-F6-ff-1c-N.wav,violin,val,0
Strings/Violin/ordinario/Vn-ord-F6-ff-2c-T20d.wav,work/trimmed/Strings/Violin/ordinario/Vn-ord-F6-ff-2c-T20d.wav,violin,val,0
Strings/Violin/ordinario/Vn-ord-F6-mf-1c-N.wav,work/trimmed/Strings/Violin/ordinario/Vn-ord-F6-mf-1c-N.wav,violin,val,0
Strings/Violin/ordinario/Vn-ord-F6-mf-2c-T17d.wav,work/trimmed/Strings/Violin/ordinario/Vn-ord-F6-mf-2c-T17d.wav,violin,val,0
Strings/Violin/ordinario/Vn-ord-F6-pp-1c-N.wav,work/trimmed/Strings/Violin/ordinario/Vn-ord-F6-pp-1c-N.wav,violin,val,0
Strings/Violin/ordinario/Vn-ord-F6-pp-2c-N.wav,work/trimmed/Strings/Violin/ordinario/Vn-ord-F6-pp-2c-N.wav,violin,val,0
Strings/Violin/ordinario/Vn-ord-G#3-ff-4c-T16u.wav,work/trimmed/Strings/Violin/ordinario/Vn-ord-G#3-ff-4c-T16u.wav,violin,test,0
Strings/Violin/ordinario/Vn-ord-G#3-mf-4c-T13u.wav,work/trimmed/Strings/Violin/ordinario/Vn-ord-G#3-mf-4c-T13u.wav,violin,test,0
Strings/Violin/ordinario/Vn-ord-G#3-pp-4c-T15u.wav,work/trimmed/Strings/Violin/ordinario/Vn-ord-G#3-pp-4c-T15u.wav,violin,test,0
Strings/Violin/ordinario/Vn-ord-G#4-ff-3c-N.wav,work/trimmed/Strings/Violin/ordinario/Vn-ord-G#4-ff-3c-N.wav,violin,test,0
Strings/Violin/ordinario/Vn-ord-G#4-ff-4c-N.wav,work/trimmed/Strings/Violin/ordinario/Vn-ord-G#4-ff-4c-N.wav,violin,test,0
Strings/Violin/ordinario/Vn-ord-G#4-mf-3c-N.wav,work/trimmed/Strings/Violin/ordinario/Vn-ord-G#4-mf-3c-N.wav,violin,test,0
Strings/Violin/ordinario/Vn-ord-G#4-mf-4c-N.wav,work/trimmed/Strings/Violin/ordinario/Vn-ord-G#4-mf-4c-N.wav,violin,test,0
Strings/Violin/ordinario/Vn-ord-G#4-pp-3c-N.wav,work/trimmed/Strings/Violin/ordinario/Vn-ord-G#4-pp-3c-N.wav,violin,test,0
Strings/Violin/ordinario/Vn-ord-G#4-pp-4c-N.wav,work/trimmed/Strings/Violin/ordinario/Vn-ord-G#4-pp-4c-N.wav,violin,test,0
Strings/Violin/ordinario/Vn-ord-G#5-ff-1c-N.wav,work/trimmed/Strings/Violin/ordinario/Vn-ord-G#5-ff-1c-N.wav,violin,train,0
Strings/Violin/ordinario/Vn-ord-G#5-ff-2c-N.wav,work/trimmed/Strings/Violin/ordinario/Vn-ord-G#5-ff-2c-N.wav,violin,train,0
Strings/Violin/ordinario/Vn-ord-G#5-ff-3c-N.wav,work/trimmed/Strings/Violin/ordinario/Vn-ord-G#5-ff-3c-N.wav,violin,train,0
Strings/Violin/ordinario/Vn-ord-G#5-mf-1c-N.wav,work/trimmed/Strings/Violin/ordinario/Vn-ord-G#5-mf-1c-N.wav,violin,train,0
Strings/Violin/ordinario/Vn-ord-G#5-mf-2c-N.wav,work/trimmed/Strings/Violin/ordinario/Vn-ord-G#5-mf-2c-N.wav,violin,train,0
Strings/Violin/ordinario/Vn-ord-G#5-mf-3c-N.wav,work/trimmed/Strings/Violin/ordinario/Vn-ord-G#5-mf-3c-N.wav,violin,train,0
Strings/Violin/ordinario/Vn-ord-G#5-pp-1c-N.wav,work/trimmed/Strings/Violin/ordinario/Vn-ord-G#5-pp-1c-N.wav,violin,train,0
Strings/Violin/ordinario/Vn-ord-G#5-pp-2c-N.wav,work/trimmed/Strings/Violin/ordinario/Vn-ord-G#5-pp-2c-N.wav,violin,train,0
Strings/Violin/ordinario/Vn-ord-G#5-pp-3c-N.wav,work/trimmed/Strings/Violin/ordinario/Vn-ord-G#5-pp-3c-N.wav,violin,train,0
Strings/Violin/ordinario/Vn-ord-G#6-ff-1c-T24d.wav,work/trimmed/Strings/Violin/ordinario/Vn-ord-G#6-ff-1c-T24d.wav,violin,train,0
Strings/Violin/ordinario/Vn-ord-G#6-ff-2c-T14d.wav,work/trimmed/Strings/Violin/ordinario/Vn-ord-G#6-ff-2c-T14d.wav,violin,train,0
Strings/Violin/ordinario/Vn-ord-G#6-mf-1c-T11d_R100d.wav,work/trimmed/Strings/Violin/ordinario/Vn-ord-G#6-mf-1c-T11d_R100d.wav,violin,train,0
Strings/Violin/ordinario/Vn-ord-G#6-mf-2c-T21d.wav,work/trimmed/Strings/Violin/ordinario/Vn-ord-G#6-mf-2c-T21d.wav,violin,train,0
Strings/Violin/ordinario/Vn-ord-G#6-pp-1c-N.wav,work/trimmed/Strings/Violin/ordinario/Vn-ord-G#6-pp-1c-N.wav,violin,train,0
Strings/Violin/ordinario/Vn-ord-G#6-pp-2c-N.wav,work/trimmed/Strings/Violin/ordinario/Vn-ord-G#6-pp-2c-N.wav,violin,train,0
Strings/Violin/ordinario/Vn-ord-G3-ff-4c-N.wav,work/trimmed/Strings/Violin/ordinario/Vn-ord-G3-ff-4c-N.wav,violin,val,0
Strings/Violin/ordinario/Vn-ord-G3-mf-4c-N.wav,work/trimmed/Strings/Violin/ordinario/Vn-ord-G3-mf-4c-N.wav,violin,val,0
Strings/Violin/ordinario/Vn-ord-G3-pp-4c-N.wav,work/trimmed/Strings/Violin/ordinario/Vn-ord-G3-pp-4c-N.wav,violin,val,0
Strings/Violin/ordinario/Vn-ord-G4-ff-3c-N.wav,work/trimmed/Strings/Violin/ordinario/Vn-ord-G4-ff-3c-N.wav,violin,train,0
Strings/Violin/ordinario/Vn-ord-G4-ff-4c-N.wav,work/trimmed/Strings/Violin/ordinario/Vn-ord-G4-ff-4c-N.wav,violin,train,0
Strings/Violin/ordinario/Vn-ord-G4-mf-3c-N.wav,work/trimmed/Strings/Violin/ordinario/Vn-ord-G4-mf-3c-N.wav,violin,train,0
Strings/Violin/ordinario/Vn-ord-G4-mf-4c-N.wav,work/trimmed/Strings/Violin/ordinario/Vn-ord-G4-mf-4c-N.wav,violin,train,0
Strings/Violin/ordinario/Vn-ord-G4-pp-3c-N.wav,work/trimmed/Strings/Violin/ordinario/Vn-ord-G4-pp-3c-N.wav,violin,train,0
Strings/Violin/ordinario/Vn-ord-G4-pp-4c-N.wav,work/trimmed/Strings/Violin/ordinario/Vn-ord-G4-pp-4c-N.wav,violin,train,0
Strings/Violin/ordinario/Vn-ord-G5-ff-1c-T11d.wav,work/trimmed/Strings/Violin/ordinario/Vn-ord-G5-ff-1c-T11d.wav,violin,train,0
Strings/Violin/ordinario/Vn-ord-G5-ff-2c-N.wav,work/trimmed/Strings/Violin/ordinario/Vn-ord-G5-ff-2c-N.wav,violin,train,0
Strings/Violin/ordinario/Vn-ord-G5-ff-3c-N.wav,work/trimmed/Strings/Violin/ordinario/Vn-ord-G5-ff-3c-N.wav,violin,train,0
Strings/Violin/ordinario/Vn-ord-G5-mf-1c-N.wav,work/trimmed/Strings/Violin/ordinario/Vn-ord-G5-mf-1c-N.wav,violin,train,0
Strings/Violin/ordinario/Vn-ord-G5-mf-2c-N.wav,work/trimmed/Strings/Violin/ordinario/Vn-ord-G5-mf-2c-N.wav,violin,train,0
Strings/Violin/ordinario/Vn-ord-G5-mf-3c-N.wav,work/trimmed/Strings/Violin/ordinario/Vn-ord-G5-mf-3c-N.wav,violin,train,0
Strings/Violin/ordinario/Vn-ord-G5-pp-1c-N.wav,work/trimmed/Strings/Violin/ordinario/Vn-ord-G5-pp-1c-N.wav,violin,train,0
Strings/Violin/ordinario/Vn-ord-G5-pp-2c-N.wav,work/trimmed/Strings/Violin/ordinario/Vn-ord-G5-pp-2c-N.wav,violin,train,0
Strings/Violin/ordinario/Vn-ord-G5-pp-3c-N.wav,work/trimmed/Strings/Violin/ordinario/Vn-ord-G5-pp-3c-N.wav,violin,train,0
Strings/Violin/ordinario/Vn-ord-G6-ff-1c-T12d_R100u.wav,work/trimmed/Strings/Violin/ordinario/Vn-ord-G6-ff-1c-T12d_R100u.wav,violin,val,0
Strings/Violin/ordinario/Vn-ord-G6-ff-2c-T12d.wav,work/trimmed/Strings/Violin/ordinario/Vn-ord-G6-ff-2c-T12d.wav,violin,val,0
Strings/Violin/ordinario/Vn-ord-G6-mf-1c-T15d.wav,work/trimmed/Strings/Violin/ordinario/Vn-ord-G6-mf-1c-T15d.wav,violin,val,0
Strings/Violin/ordinario/Vn-ord-G6-mf-2c-T12d.wav,work/trimmed/Strings/Violin/ordinario/Vn-ord-G6-mf-2c-T12d.wav,violin,val,0
Strings/Violin/ordinario/Vn-ord-G6-pp-1c-T12d.wav,work/trimmed/Strings/Violin/ordinario/Vn-ord-G6-pp-1c-T12d.wav,violin,val,0
Strings/Violin/ordinario/Vn-ord-G6-pp-2c-N.wav,work/trimmed/Strings/Violin/ordinario/Vn-ord-G6-pp-2c-N.wav,violin,val,0
Strings/Violoncello/ordinario/Vc-ord-A#2-ff-3c-N.wav,work/trimmed/Strings/Violoncello/ordinario/Vc-ord-A#2-ff-3c-N.wav,cello,test,0
Strings/Violoncello/ordinario/Vc-ord-A#2-ff-4c-N.wav,work/trimmed/Strings/Violoncello/ordinario/Vc-ord-A#2-ff-4c-N.wav,cello,test,0
Strings/Violoncello/ordinario/Vc-ord-A#2-mf-3c-T13u.wav,work/trimmed/Strings/Violoncello/ordinario/Vc-ord-A#2-mf-3c-T13u.wav,cello,test,0
Strings/Violoncello/ordinario/Vc-ord-A#2-mf-4c-N.wav,work/trimmed/Strings/Violoncello/ordinario/Vc-ord-A#2-mf-4c-N.wav,cello,test,0
Strings/Violoncello/ordinario/Vc-ord-A#2-pp-3c-N.wav,work/trimmed/Strings/Violoncello/ordinario/Vc-ord-A#2-pp-3c-N.wav,cello,test,0
Strings/Violoncello/ordinario/Vc-ord-A#2-pp-4c-N.wav,work/trimmed/Strings/Violoncello/ordinario/Vc-ord-A#2-pp-4c-N.wav,cello,test,0
Strings/Violoncello/ordinario/Vc-ord-A#3-ff-1c-N.wav,work/trimmed/Strings/Violoncello/ordinario/Vc-ord-A#3-ff-1c-N.wav,cello,train,0
Strings/Violoncello/ordinario/Vc-ord-A#3-ff-2c-T12u.wav,work/trimmed/Strings/Violoncello/ordinario/Vc-ord-A#3-ff-2c-T12u.wav,cello,train,0
Strings/Violoncello/ordinario/Vc-ord-A#3-ff-3c-N.wav,work/trimmed/Strings/Violoncello/ordinario/Vc-ord-A#3-ff-3c-N.wav,cello,train,0
Strings/Violoncello/ordinario/Vc-ord-A#3-ff-4c-N.wav,work/trimmed/Strings/Violoncello/ordinario/Vc-ord-A#3-ff-4c-N.wav,cello,train,0
Strings/Violoncello/ordinario/Vc-ord-A#3-mf-1c-N.wav,work/trimmed/Strings/Violoncello/ordinario/Vc-ord-A#3-mf-1c-N.wav,cello,train,0
Strings/Violoncello/ordinario/Vc-ord-A#3-mf-2c-T12u.wav,work/trimmed/Strings/Violoncello/ordinario/Vc-ord-A#3-mf-2c-T12u.wav,cello,train,0
Strings/Violoncello/ordinario/Vc-ord-A#3-mf-3c-T16d_R100u.wav,work/trimmed/Strings/Violoncello/ordinario/Vc-ord-A#3-mf-3c-T16d_R100u.wav,cello,train,0
Strings/Violoncello/ordinario/Vc-ord-A#3-mf-4c-N.wav,work/trimmed/Strings/Violoncello/ordinario/Vc-ord-A#3-mf-4c-N.wav,cello,train,0
Strings/Violoncello/ordinario/Vc-ord-A#3-pp-1c-N.wav,work/trimmed/Strings/Violoncello/ordinario/Vc-ord-A#3-pp-1c-N.wav,cello,train,0
Strings/Violoncello/ordinario/Vc-ord-A#3-pp-2c-T12u.wav,work/trimmed/Strings/Violoncello/ordinario/Vc-ord-A#3-pp-2c-T12u.wav,cello,train,0
Strings/Violoncello/ordinario/Vc-ord-A#3-pp-3c-N.wav,work/trimmed/Strings/Violoncello/ordinario/Vc-ord-A#3-pp-3c-N.wav,cello,train,0
Strings/Violoncello/ordinario/Vc-ord-A#3-pp-4c-N.wav,work/trimmed/Strings/Violoncello/ordinario/Vc-ord-A#3-pp-4c-N.wav,cello,train,0
Strings/Violoncello/ordinario/Vc-ord-A#4-ff-1c-N.wav,work/trimmed/Strings/Violoncello/ordinario/Vc-ord-A#4-ff-1c-N.wav,cello,train,0
Strings/Violoncello/ordinario/Vc-ord-A#4-ff-2c-N.wav,work/trimmed/Strings/Violoncello/ordinario/Vc-ord-A#4-ff-2c-N.wav,cello,train,0
Strings/Violoncello/ordinario/Vc-ord-A#4-mf-1c-N.wav,work/trimmed/Strings/Violoncello/ordinario/Vc-ord-A#4-mf-1c-N.wav,cello,train,0
Strings/Violoncello/ordinario/Vc-ord-A#4-mf-2c-N.wav,work/trimmed/Strings/Violoncello/ordinario/Vc-ord-A#4-mf-2c-N.wav,cello,train,0
Strings/Violoncello/ordinario/Vc-ord-A#4-pp-1c-N.wav,work/trimmed/Strings/Violoncello/ordinario/Vc-ord-A#4-pp-1c-N.wav,cello,train,0
Strings/Violoncello/ordinario/Vc-ord-A#4-pp-2c-N.wav,work/trimmed/Strings/Violoncello/ordinario/Vc-ord-A#4-pp-2c-N.wav,cello,train,0
Strings/Violoncello/ordinario/Vc-ord-A#5-ff-1c-N.wav,work/trimmed/Strings/Violoncello/ordinario/Vc-ord-A#5-ff-1c-N.wav,cello,val,0
Strings/Violoncello/ordinario/Vc-ord-A#5-mf-1c-N.wav,work/trimmed/Strings/Violoncello/ordinario/Vc-ord-A#5-mf-1c-N.wav,cello,val,0
Strings/Violoncello/ordinario/Vc-ord-A#5-pp-1c-N.wav,work/trimmed/Strings/Violoncello/ordinario/Vc-ord-A#5-pp-1c-N.wav,cello,val,0
Strings/Violoncello/ordinario/Vc-ord-A2-ff-3c-T19d.wav,work/trimmed/Strings/Violoncello/ordinario/Vc-ord-A2-ff-3c-T19d.wav,cello,val,0
Strings/Violoncello/ordinario/Vc-ord-A2-ff-4c-N.wav,work/trimmed/Strings/Violoncello/ordinario/Vc-ord-A2-ff-4c-N.wav,cello,val,0
Strings/Violoncello/ordinario/Vc-ord-A2-mf-3c-N.wav,work/trimmed/Strings/Violoncello/ordinario/Vc-ord-A2-mf-3c-N.wav,cello,val,0
Strings/Violoncello/ordinario/Vc-ord-A2-mf-4c-N.wav,work/trimmed/Strings/Violoncello/ordinario/Vc-ord-A2-mf-4c-N.wav,cello,val,0
Strings/Violoncello/ordinario/Vc-ord-A2-pp-3c-N.wav,work/trimmed/Strings/Violoncello/ordinario/Vc-ord-A2-pp-3c-N.wav,cello,val,0
Strings/Violoncello/ordinario/Vc-ord-A2-pp-4c-N.wav,work/trimmed/Strings/Violoncello/ordinario/Vc-ord-A2-pp-4c-N.wav,cello,val,0
Strings/Violoncello/ordinario/Vc-ord-A3-ff-1c-N.wav,work/trimmed/Strings/Violoncello/ordinario/Vc-ord-A3-ff-1c-N.wav,cello,train,0
Strings/Violoncello/ordinario/Vc-ord-A3-ff-2c-N.wav,work/trimmed/Strings/Violoncello/ordinario/Vc-ord-A3-ff-2c-N.wav,cello,train,0
Strings/Violoncello/ordinario/Vc-ord-A3-ff-3c-T21d.wav,work/trimmed/Strings/Violoncello/ordinario/Vc-ord-A3-ff-3c-T21d.wav,cello,train,0
Strings/Violoncello/ordinario/Vc-ord-A3-ff-4c-N.wav,work/trimmed/Strings/Violoncello/ordinario/Vc-ord-A3-ff-4c-N.wav,cello,train,0
Strings/Violoncello/ordinario/Vc-ord-A3-mf-1c-N.wav,work/trimmed/Strings/Violoncello/ordinario/Vc-ord-A3-mf-1c-N.wav,cello,train,0
Strings/Violoncello/ordinario/Vc-ord-A3-mf-2c-N.wav,work/trimmed/Strings/Violoncello/ordinario/Vc-ord-A3-mf-2c-N.wav,cello,train,0
Strings/Violoncello/ordinario/Vc-ord-A3-mf-3c-T16d.wav,work/trimmed/Strings/Violoncello/ordinario/Vc-ord-A3-mf-3c-T16d.wav,cello,train,0
Strings/Violoncello/ordinario/Vc-ord-A3-mf-4c-N.wav,work/trimmed/Strings/Violoncello/ordinario/Vc-ord-A3-mf-4c-N.wav,cello,train,0
Strings/Violoncello/ordinario/Vc-ord-A3-pp-1c-N.wav,work/trimmed/Strings/Violoncello/ordinario/Vc-ord-A3-pp-1c-N.wav,cello,train,0
Strings/Violoncello/ordinario/Vc-ord-A3-pp-2c-N.wav,work/trimmed/Strings/Violoncello/ordinario/Vc-ord-A3-pp-2c-N.wav,cello,train,0
Strings/Violoncello/ordinario/Vc-ord-A3-pp-3c-N.wav,work/trimmed/Strings/Violoncello/ordinario/Vc-ord-A3-pp-3c-N.wav,cello,train,0
Strings/Violoncello/ordinario/Vc-ord-A3-pp-4c-N.wav,work/trimmed/Strings/Violoncello/ordinario/Vc-ord-A3-pp-4c-N.wav,cello,train,0
Strings/Violoncello/ordinario/Vc-ord-A4-ff-1c-N.wav,work/trimmed/Strings/Violoncello/ordinario/Vc-ord-A4-ff-1c-N.wav,cello,val,0
Strings/Violoncello/ordinario/Vc-ord-A4-ff-2c-N.wav,work/trimmed/Strings/Violoncello/ordinario/Vc-ord-A4-ff-2c-N.wav,cello,val,0
Strings/Violoncello/ordinario/Vc-ord-A4-mf-1c-N.wav,work/trimmed/Strings/Violoncello/ordinario/Vc-ord-A4-mf-1c-N.wav,cello,val,0
Strings/Violoncello/ordinario/Vc-ord-A4-mf-2c-N.wav,work/trimmed/Strings/Violoncello/ordinario/Vc-ord-A4-mf-2c-N.wav,cello,val,0
Strings/Violoncello/ordinario/Vc-ord-A4-pp-1c-N.wav,work/trimmed/Strings/Violoncello/ordinario/Vc-ord-A4-pp-1c-N.wav,cello,val,0
Strings/Violoncello/ordinario/Vc-ord-A4-pp-2c-N.wav,work/trimmed/Strings/Violoncello/ordinario/Vc-ord-A4-pp-2c-N.wav,cello,val,0
Strings/Violoncello/ordinario/Vc-ord-A5-ff-1c-T13d.wav,work/trimmed/Strings/Violoncello/ordinario/Vc-ord-A5-ff-1c-T13d.wav,cello,val,0
Strings/Violoncello/ordinario/Vc-ord-A5-mf-1c-N.wav,work/trimmed/Strings/Violoncello/ordinario/Vc-ord-A5-mf-1c-N.wav,cello,val,0
Strings/Violoncello/ordinario/Vc-ord-A5-pp-1c-N.wav,work/trimmed/Strings/Violoncello/ordinario/Vc-ord-A5-pp-1c-N.wav,cello,val,0
Strings/Violoncello/ordinario/Vc-ord-B2-ff-3c-N.wav,work/trimmed/Strings/Violoncello/ordinario/Vc-ord-B2-ff-3c-N.wav,cello,train,0
Strings/Violoncello/ordinario/Vc-ord-B2-ff-4c-T11u.wav,work/trimmed/Strings/Violoncello/ordinario/Vc-ord-B2-ff-4c-T11u.wav,cello,train,0
Strings/Violoncello/ordinario/Vc-ord-B2-mf-3c-N.wav,work/trimmed/Strings/Violoncello/ordinario/Vc-ord-B2-mf-3c-N.wav,cello,train,0
Strings/Violoncello/ordinario/Vc-ord-B2-mf-4c-T20u.wav,work/trimmed/Strings/Violoncello/ordinario/Vc-ord-B2-mf-4c-T20u.wav,cello,train,0
Strings/Violoncello/ordinario/Vc-ord-B2-pp-3c-N.wav,work/trimmed/Strings/Violoncello/ordinario/Vc-ord-B2-pp-3c-N.wav,cello,train,0
Strings/Violoncello/ordinario/Vc-ord-B2-pp-4c-T16u.wav,work/trimmed/Strings/Violoncello/ordinario/Vc-ord-B2-pp-4c-T16u.wav,cello,train,0
Strings/Violoncello/ordinario/Vc-ord-B3-ff-1c-T11u.wav,work/trimmed/Strings/Violoncello/ordinario/Vc-ord-B3-ff-1c-T11u.wav,cello,train,0
Strings/Violoncello/ordinario/Vc-ord-B3-ff-2c-N.wav,work/trimmed/Strings/Violoncello/ordinario/Vc-ord-B3-ff-2c-N.wav,cello,train,0
Strings/Violoncello/ordinario/Vc-ord-B3-ff-3c-T11u.wav,work/trimmed/Strings/Violoncello/ordinario/Vc-ord-B3-ff-3c-T11u.wav,cello,train,0
Strings/Violoncello/ordinario/Vc-ord-B3-mf-1c-N.wav,work/trimmed/Strings/Violoncello/ordinario/Vc-ord-B3-mf-1c-N.wav,cello,train,0
Strings/Violoncello/ordinario/Vc-ord-B3-mf-2c-N.wav,work/trimmed/Strings/Violoncello/ordinario/Vc-ord-B3-mf-2c-N.wav,cello,train,0
Strings/Violoncello/ordinario/Vc-ord-B3-mf-3c-N.wav,work/trimmed/Strings/Violoncello/ordinario/Vc-ord-B3-mf-3c-N.wav,cello,train,0
Strings/Violoncello/ordinario/Vc-ord-B3-pp-1c-N.wav,work/trimmed/Strings/Violoncello/ordinario/Vc-ord-B3-pp-1c-N.wav,cello,train,0
Strings/Violoncello/ordinario/Vc-ord-B3-pp-2c-N.wav,work/trimmed/Strings/Violoncello/ordinario/Vc-ord-B3-pp-2c-N.wav,cello,train,0
Strings/Violoncello/ordinario/Vc-ord-B3-pp-3c-N.wav,work/trimmed/Strings/Violoncello/ordinario/Vc-ord-B3-pp-3c-N.wav,cello,train,0
Strings/Violoncello/ordinario/Vc-ord-B4-ff-1c-N.wav,work/trimmed/Strings/Violoncello/ordinario/Vc-ord-B4-ff-1c-N.wav,cello,test,0
Strings/Violoncello/ordinario/Vc-ord-B4-ff-2c-N.wav,work/trimmed/Strings/Violoncello/ordinario/Vc-ord-B4-ff-2c-N.wav,cello,test,0
Strings/Violoncello/ordinario/Vc-ord-B4-mf-1c-N.wav,work/trimmed/Strings/Violoncello/ordinario/Vc-ord-B4-mf-1c-N.wav,cello,test,0
Strings/Violoncello/ordinario/Vc-ord-B4-mf-2c-N.wav,work/trimmed/Strings/Violoncello/ordinario/Vc-ord-B4-mf-2c-N.wav,cello,test,0
Strings/Violoncello/ordinario/Vc-ord-B4-pp-1c-N.wav,work/trimmed/Strings/Violoncello/ordinario/Vc-ord-B4-pp-1c-N.wav,cello,test,0
Strings/Violoncello/ordinario/Vc-ord-B4-pp-2c-N.wav,work/trimmed/Strings/Violoncello/ordinario/Vc-ord-B4-pp-2c-N.wav,cello,test,0
Strings/Violoncello/ordinario/Vc-ord-B5-ff-1c-N.wav,work/trimmed/Strings/Violoncello/ordinario/Vc-ord-B5-ff-1c-N.wav,cello,val,0
Strings/Violoncello/ordinario/Vc-ord-B5-mf-1c-N.wav,work/trimmed/Strings/Violoncello/ordinario/Vc-ord-B5-mf-1c-N.wav,cello,val,0
Strings/Violoncello/ordinario/Vc-ord-B5-pp-1c-N.wav,work/trimmed/Strings/Violoncello/ordinario/Vc-ord-B5-pp-1c-N.wav,cello,val,0
Strings/Violoncello/ordinario/Vc-ord-C#2-ff-4c-N.wav,work/trimmed/Strings/Violoncello/ordinario/Vc-ord-C#2-ff-4c-N.wav,cello,test,0
Strings/Violoncello/ordinario/Vc-ord-C#2-mf-4c-N.wav,work/trimmed/Strings/Violoncello/ordinario/Vc-ord-C#2-mf-4c-N.wav,cello,test,0
Strings/Violoncello/ordinario/Vc-ord-C#2-pp-4c-N.wav,work/trimmed/Strings/Violoncello/ordinario/Vc-ord-C#2-pp-4c-N.wav,cello,test,0
Strings/Violoncello/ordinario/Vc-ord-C#3-ff-3c-N.wav,work/trimmed/Strings/Violoncello/ordinario/Vc-ord-C#3-ff-3c-N.wav,cello,test,0
Strings/Violoncello/ordinario/Vc-ord-C#3-ff-4c-N.wav,work/trimmed/Strings/Violoncello/ordinario/Vc-ord-C#3-ff-4c-N.wav,cello,test,0
Strings/Violoncello/ordinario/Vc-ord-C#3-mf-3c-N.wav,work/trimmed/Strings/Violoncello/ordinario/Vc-ord-C#3-mf-3c-N.wav,cello,test,0
Strings/Violoncello/ordinario/Vc-ord-C#3-mf-4c-N.wav,work/trimmed/Strings/Violoncello/ordinario/Vc-ord-C#3-mf-4c-N.wav,cello,test,0
Strings/Violoncello/ordinario/Vc-ord-C#3-pp-3c-N.wav,work/trimmed/Strings/Violoncello/ordinario/Vc-ord-C#3-pp-3c-N.wav,cello,test,0
Strings/Violoncello/ordinario/Vc-ord-C#3-pp-4c-N.wav,work/trimmed/Strings/Violoncello/ordinario/Vc-ord-C#3-pp-4c-N.wav,cello,test,0
Strings/Violoncello/ordinario/Vc-ord-C#4-ff-1c-N.wav,work/trimmed/Strings/Violoncello/ordinario/Vc-ord-C#4-ff-1c-N.wav,cello,train,0
Strings/Violoncello/ordinario/Vc-ord-C#4-ff-2c-N.wav,work/trimmed/Strings/Violoncello/ordinario/Vc-ord-C#4-ff-2c-N.wav,cello,train,0
Strings/Violoncello/ordinario/Vc-ord-C#4-ff-3c-N.wav,work/trimmed/Strings/Violoncello/ordinario/Vc-ord-C#4-ff-3c-N.wav,cello,train,0
Strings/Violoncello/ordinario/Vc-ord-C#4-mf-1c-N.wav,work/trimmed/Strings/Violoncello/ordinario/Vc-ord-C#4-mf-1c-N.wav,cello,train,0
Strings/Violoncello/ordinario/Vc-ord-C#4-mf-2c-N.wav,work/trimmed/Strings/Violoncello/ordinario/Vc-ord-C#4-mf-2c-N.wav,cello,train,0
Strings/Violoncello/ordinario/Vc-ord-C#4-mf-3c-N.wav,work/trimmed/Strings/Violoncello/ordinario/Vc-ord-C#4-mf-3c-N.wav,cello,train,0
Strings/Violoncello/ordinario/Vc-ord-C#4-pp-1c-N.wav,work/trimmed/Strings/Violoncello/ordinario/Vc-ord-C#4-pp-1c-N.wav,cello,train,0
Strings/Violoncello/ordinario/Vc-ord-C#4-pp-2c-N.wav,work/trimmed/Strings/Violoncello/ordinario/Vc-ord-C#4-pp-2c-N.wav,cello,train,0
Strings/Violoncello/ordinario/Vc-ord-C#4-pp-3c-N.wav,work/trimmed/Strings/Violoncello/ordinario/Vc-ord-C#4-pp-3c-N.wav,cello,train,0
Strings/Violoncello/ordinario/Vc-ord-C#5-ff-1c-N.wav,work/trimmed/Strings/Violoncello/ordinario/Vc-ord-C#5-ff-1c-N.wav,cello,val,0
Strings/Violoncello/ordinario/Vc-ord-C#5-mf-1c-N.wav,work/trimmed/Strings/Violoncello/ordinario/Vc-ord-C#5-mf-1c-N.wav,cello,val,0
Strings/Violoncello/ordinario/Vc-ord-C#5-pp-1c-N.wav,work/trimmed/Strings/Violoncello/ordinario/Vc-ord-C#5-pp-1c-N.wav,cello,val,0
Strings/Violoncello/ordinario/Vc-ord-C2-ff-4c-N.wav,work/trimmed/Strings/Violoncello/ordinario/Vc-ord-C2-ff-4c-N.wav,cello,train,0
Strings/Violoncello/ordinario/Vc-ord-C2-mf-4c-N.wav,work/trimmed/Strings/Violoncello/ordinario/Vc-ord-C2-mf-4c-N.wav,cello,train,0
Strings/Violoncello/ordinario/Vc-ord-C2-pp-4c-N.wav,work/trimmed/Strings/Violoncello/ordinario/Vc-ord-C2-pp-4c-N.wav,cello,train,0
Strings/Violoncello/ordinario/Vc-ord-C3-ff-3c-N.wav,work/trimmed/Strings/Violoncello/ordinario/Vc-ord-C3-ff-3c-N.wav,cello,val,0
Strings/Violoncello/ordinario/Vc-ord-C3-ff-4c-N.wav,work/trimmed/Strings/Violoncello/ordinario/Vc-ord-C3-ff-4c-N.wav,cello,val,0
Strings/Violoncello/ordinario/Vc-ord-C3-mf-3c-N.wav,work/trimmed/Strings/Violoncello/ordinario/Vc-ord-C3-mf-3c-N.wav,cello,val,0
Strings/Violoncello/ordinario/Vc-ord-C3-mf-4c-N.wav,work/trimmed/Strings/Violoncello/ordinario/Vc-ord-C3-mf-4c-N.wav,cello,val,0
Strings/Violoncello/ordinario/Vc-ord-C3-pp-3c-N.wav,work/trimmed/Strings/Violoncello/ordinario/Vc-ord-C3-pp-3c-N.wav,cello,val,0
Strings/Violoncello/ordinario/Vc-ord-C3-pp-4c-N.wav,work/trimmed/Strings/Violoncello/ordinario/Vc-ord-C3-pp-4c-N.wav,cello,val,0
Strings/Violoncello/ordinario/Vc-ord-C4-ff-1c-N.wav,work/trimmed/Strings/Violoncello/ordinario/Vc-ord-C4-ff-1c-N.wav,cello,train,0
Strings/Violoncello/ordinario/Vc-ord-C4-ff-2c-N.wav,work/trimmed/Strings/Violoncello/ordinario/Vc-ord-C4-ff-2c-N.wav,cello,train,0
Strings/Violoncello/ordinario/Vc-ord-C4-ff-3c-N.wav,work/trimmed/Strings/Violoncello/ordinario/Vc-ord-C4-ff-3c-N.wav,cello,train,0
Strings/Violoncello/ordinario/Vc-ord-C4-mf-1c-N.wav,work/trimmed/Strings/Violoncello/ordinario/Vc-ord-C4-mf-1c-N.wav,cello,train,0
Strings/Violoncello/ordinario/Vc-ord-C4-mf-2c-N.wav,work/trimmed/Strings/Violoncello/ordinario/Vc-ord-C4-mf-2c-N.wav,cello,train,0
Strings/Violoncello/ordinario/Vc-ord-C4-mf-3c-N.wav,work/trimmed/Strings/Violoncello/ordinario/Vc-ord-C4-mf-3c-N.wav,cello,train,0
Strings/Violoncello/ordinario/Vc-ord-C4-pp-1c-N.wav,work/trimmed/Strings/Violoncello/ordinario/Vc-ord-C4-pp-1c-N.wav,cello,train,0
Strings/Violoncello/ordinario/Vc-ord-C4-pp-2c-N.wav,work/trimmed/Strings/Violoncello/ordinario/Vc-ord-C4-pp-2c-N.wav,cello,train,0
Strings/Violoncello/ordinario/Vc-ord-C4-pp-3c-N.wav,work/trimmed/Strings/Violoncello/ordinario/Vc-ord-C4-pp-3c-N.wav,cello,train,0
Strings/Violoncello/ordinario/Vc-ord-C5-ff-1c-T16u.wav,work/trimmed/Strings/Violoncello/ordinario/Vc-ord-C5-ff-1c-T16u.wav,cello,train,0
Strings/Violoncello/ordinario/Vc-ord-C5-ff-2c-N.wav,work/trimmed/Strings/Violoncello/ordinario/Vc-ord-C5-ff-2c-N.wav,cello,train,0
Strings/Violoncello/ordinario/Vc-ord-C5-mf-1c-T11u.wav,work/trimmed/Strings/Violoncello/ordinario/Vc-ord-C5-mf-1c-T11u.wav,cello,train,0
Strings/Violoncello/ordinario/Vc-ord-C5-mf-2c-T11u.wav,work/trimmed/Strings/Violoncello/ordinario/Vc-ord-C5-mf-2c-T11u.wav,cello,train,0
Strings/Violoncello/ordinario/Vc-ord-C5-pp-1c-N.wav,work/trimmed/Strings/Violoncello/ordinario/Vc-ord-C5-pp-1c-N.wav,cello,train,0
Strings/Violoncello/ordinario/Vc-ord-C5-pp-2c-T12u.wav,work/trimmed/Strings/Violoncello/ordinario/Vc-ord-C5-pp-2c-T12u.wav,cello,train,0
Strings/Violoncello/ordinario/Vc-ord-C6-ff-1c-N.wav,work/trimmed/Strings/Violoncello/ordinario/Vc-ord-C6-ff-1c-N.wav,cello,train,0
Strings/Violoncello/ordinario/Vc-ord-C6-mf-1c-N.wav,work/trimmed/Strings/Violoncello/ordinario/Vc-ord-C6-mf-1c-N.wav,cello,train,0
Strings/Violoncello/ordinario/Vc-ord-C6-pp-1c-N.wav,work/trimmed/Strings/Violoncello/ordinario/Vc-ord-C6-pp-1c-N.wav,cello,train,0
Strings/Violoncello/ordinario/Vc-ord-D#2-ff-4c-N.wav,work/trimmed/Strings/Violoncello/ordinario/Vc-ord-D#2-ff-4c-N.wav,cello,test,0
Strings/Violoncello/ordinario/Vc-ord-D#2-mf-4c-N.wav,work/trimmed/Strings/Violoncello/ordinario/Vc-ord-D#2-mf-4c-N.wav,cello,test,0
Strings/Violoncello/ordinario/Vc-ord-D#2-pp-4c-N.wav,work/trimmed/Strings/Violoncello/ordinario/Vc-ord-D#2-pp-4c-N.wav,cello,test,0
Strings/Violoncello/ordinario/Vc-ord-D#3-ff-2c-T16d.wav,work/trimmed/Strings/Violoncello/ordinario/Vc-ord-D#3-ff-2c-T16d.wav,cello,train,0
Strings/Violoncello/ordinario/Vc-ord-D#3-ff-3c-T12u.wav,work/trimmed/Strings/Violoncello/ordinario/Vc-ord-D#3-ff-3c-T12u.wav,cello,train,0
Strings/Violoncello/ordinario/Vc-ord-D#3-ff-4c-T16u.wav,work/trimmed/Strings/Violoncello/ordinario/Vc-ord-D#3-ff-4c-T16u.wav,cello,train,0
Strings/Violoncello/ordinario/Vc-ord-D#3-mf-2c-N.wav,work/trimmed/Strings/Violoncello/ordinario/Vc-ord-D#3-mf-2c-N.wav,cello,train,0
Strings/Violoncello/ordinario/Vc-ord-D#3-mf-3c-N.wav,work/trimmed/Strings/Violoncello/ordinario/Vc-ord-D#3-mf-3c-N.wav,cello,train,0
Strings/Violoncello/ordinario/Vc-ord-D#3-mf-4c-T13u.wav,work/trimmed/Strings/Violoncello/ordinario/Vc-ord-D#3-mf-4c-T13u.wav,cello,train,0
Strings/Violoncello/ordinario/Vc-ord-D#3-pp-2c-N.wav,work/trimmed/Strings/Violoncello/ordinario/Vc-ord-D#3-pp-2c-N.wav,cello,train,0
Strings/Violoncello/ordinario/Vc-ord-D#3-pp-3c-N.wav,work/trimmed/Strings/Violoncello/ordinario/Vc-ord-D#3-pp-3c-N.wav,cello,train,0
Strings/Violoncello/ordinario/Vc-ord-D#3-pp-4c-T11u.wav,work/trimmed/Strings/Violoncello/ordinario/Vc-ord-D#3-pp-4c-T11u.wav,cello,train,0
Strings/Violoncello/ordinario/Vc-ord-D#4-ff-1c-T22u.wav,work/trimmed/Strings/Violoncello/ordinario/Vc-ord-D#4-ff-1c-T22u.wav,cello,train,0
Strings/Violoncello/ordinario/Vc-ord-D#4-ff-2c-T12u.wav,work/trimmed/Strings/Violoncello/ordinario/Vc-ord-D#4-ff-2c-T12u.wav,cello,train,0
Strings/Violoncello/ordinario/Vc-ord-D#4-ff-3c-N.wav,work/trimmed/Strings/Violoncello/ordinario/Vc-ord-D#4-ff-3c-N.wav,cello,train,0
Strings/Violoncello/ordinario/Vc-ord-D#4-mf-1c-N.wav,work/trimmed/Strings/Violoncello/ordinario/Vc-ord-D#4-mf-1c-N.wav,cello,train,0
Strings/Violoncello/ordinario/Vc-ord-D#4-mf-2c-T12u.wav,work/trimmed/Strings/Violoncello/ordinario/Vc-ord-D#4-mf-2c-T12u.wav,cello,train,0
Strings/Violoncello/ordinario/Vc-ord-D#4-mf-3c-N.wav,work/trimmed/Strings/Violoncello/ordinario/Vc-ord-D#4-mf-3c-N.wav,cello,train,0
Strings/Violoncello/ordinario/Vc-ord-D#4-pp-1c-N.wav,work/trimmed/Strings/Violoncello/ordinario/Vc-ord-D#4-pp-1c-N.wav,cello,train,0
Strings/Violoncello/ordinario/Vc-ord-D#4-pp-2c-N.wav,work/trimmed/Strings/Violoncello/ordinario/Vc-ord-D#4-pp-2c-N.wav,cello,train,0
Strings/Violoncello/ordinario/Vc-ord-D#4-pp-3c-N.wav,work/trimmed/Strings/Violoncello/ordinario/Vc-ord-D#4-pp-3c-N.wav,cello,train,0
Strings/Violoncello/ordinario/Vc-ord-D#5-ff-1c-N.wav,work/trimmed/Strings/Violoncello/ordinario/Vc-ord-D#5-ff-1c-N.wav,cello,test,0
Strings/Violoncello/ordinario/Vc-ord-D#5-mf-1c-N.wav,work/trimmed/Strings/Violoncello/ordinario/Vc-ord-D#5-mf-1c-N.wav,cello,test,0
Strings/Violoncello/ordinario/Vc-ord-D#5-pp-1c-T10d.wav,work/trimmed/Strings/Violoncello/ordinario/Vc-ord-D#5-pp-1c-T10d.wav,cello,test,0
Strings/Violoncello/ordinario/Vc-ord-D2-ff-4c-N.wav,work/trimmed/Strings/Violoncello/ordinario/Vc-ord-D2-ff-4c-N.wav,cello,val,0
Strings/Violoncello/ordinario/Vc-ord-D2-mf-4c-N.wav,work/trimmed/Strings/Violoncello/ordinario/Vc-ord-D2-mf-4c-N.wav,cello,val,0
Strings/Violoncello/ordinario/Vc-ord-D2-pp-4c-N.wav,work/trimmed/Strings/Violoncello/ordinario/Vc-ord-D2-pp-4c-N.wav,cello,val,0
Strings/Violoncello/ordinario/Vc-ord-D3-ff-2c-N.wav,work/trimmed/Strings/Violoncello/ordinario/Vc-ord-D3-ff-2c-N.wav,cello,train,0
Strings/Violoncello/ordinario/Vc-ord-D3-ff-3c-N.wav,work/trimmed/Strings/Violoncello/ordinario/Vc-ord-D3-ff-3c-N.wav,cello,train,0
Strings/Violoncello/ordinario/Vc-ord-D3-ff-4c-T10d.wav,work/trimmed/Strings/Violoncello/ordinario/Vc-ord-D3-ff-4c-T10d.wav,cello,train,0
Strings/Violoncello/ordinario/Vc-ord-D3-mf-2c-N.wav,work/trimmed/Strings/Violoncello/ordinario/Vc-ord-D3-mf-2c-N.wav,cello,train,0
Strings/Violoncello/ordinario/Vc-ord-D3-mf-3c-N.wav,work/trimmed/Strings/Violoncello/ordinario/Vc-ord-D3-mf-3c-N.wav,cello,train,0
Strings/Violoncello/ordinario/Vc-ord-D3-mf-4c-N.wav,work/trimmed/Strings/Violoncello/ordinario/Vc-ord-D3-mf-4c-N.wav,cello,train,0
Strings/Violoncello/ordinario/Vc-ord-D3-pp-2c-N.wav,work/trimmed/Strings/Violoncello/ordinario/Vc-ord-D3-pp-2c-N.wav,cello,train,0
Strings/Violoncello/ordinario/Vc-ord-D3-pp-3c-N.wav,work/trimmed/Strings/Violoncello/ordinario/Vc-ord-D3-pp-3c-N.wav,cello,train,0
Strings/Violoncello/ordinario/Vc-ord-D3-pp-4c-N.wav,work/trimmed/Strings/Violoncello/ordinario/Vc-ord-D3-pp-4c-N.wav,cello,train,0
Strings/Violoncello/ordinario/Vc-ord-D4-ff-1c-N.wav,work/trimmed/Strings/Violoncello/ordinario/Vc-ord-D4-ff-1c-N.wav,cello,train,0
Strings/Violoncello/ordinario/Vc-ord-D4-ff-2c-N.wav,work/trimmed/Strings/Violoncello/ordinario/Vc-ord-D4-ff-2c-N.wav,cello,train,0
Strings/Violoncello/ordinario/Vc-ord-D4-ff-3c-N.wav,work/trimmed/Strings/Violoncello/ordinario/Vc-ord-D4-ff-3c-N.wav,cello,train,0
Strings/Violoncello/ordinario/Vc-ord-D4-mf-1c-N.wav,work/trimmed/Strings/Violoncello/ordinario/Vc-ord-D4-mf-1c-N.wav,cello,train,0
Strings/Violoncello/ordinario/Vc-ord-D4-mf-2c-N.wav,work/trimmed/Strings/Violoncello/ordinario/Vc-ord-D4-mf-2c-N.wav,cello,train,0
Strings/Violoncello/ordinario/Vc-ord-D4-mf-3c-N.wav,work/trimmed/Strings/Violoncello/ordinario/Vc-ord-D4-mf-3c-N.wav,cello,train,0
Strings/Violoncello/ordinario/Vc-ord-D4-pp-1c-N.wav,work/trimmed/Strings/Violoncello/ordinario/Vc-ord-D4-pp-1c-N.wav,cello,train,0
Strings/Violoncello/ordinario/Vc-ord-D4-pp-2c-N.wav,work/trimmed/Strings/Violoncello/ordinario/Vc-ord-D4-pp-2c-N.wav,cello,train,0
Strings/Violoncello/ordinario/Vc-ord-D4-pp-3c-N.wav,work/trimmed/Strings/Violoncello/ordinario/Vc-ord-D4-pp-3c-N.wav,cello,train,0
Strings/Violoncello/ordinario/Vc-ord-D5-ff-1c-N.wav,work/trimmed/Strings/Violoncello/ordinario/Vc-ord-D5-ff-1c-N.wav,cello,val,0
Strings/Violoncello/ordinario/Vc-ord-D5-mf-1c-N.wav,work/trimmed/Strings/Violoncello/ordinario/Vc-ord-D5-mf-1c-N.wav,cello,val,0
Strings/Violoncello/ordinario/Vc-ord-D5-pp-1c-N.wav,work/trimmed/Strings/Violoncello/ordinario/Vc-ord-D5-pp-1c-N.wav,cello,val,0
Strings/Violoncello/ordinario/Vc-ord-E2-ff-4c-N.wav,work/trimmed/Strings/Violoncello/ordinario/Vc-ord-E2-ff-4c-N.wav,cello,test,0
Strings/Violoncello/ordinario/Vc-ord-E2-mf-4c-N.wav,work/trimmed/Strings/Violoncello/ordinario/Vc-ord-E2-mf-4c-N.wav,cello,test,0
Strings/Violoncello/ordinario/Vc-ord-E2-pp-4c-N.wav,work/trimmed/Strings/Violoncello/ordinario/Vc-ord-E2-pp-4c-N.wav,cello,test,0
Strings/Violoncello/ordinario/Vc-ord-E3-ff-2c-N.wav,work/trimmed/Strings/Violoncello/ordinario/Vc-ord-E3-ff-2c-N.wav,cello,train,0
Strings/Violoncello/ordinario/Vc-ord-E3-ff-3c-T11d.wav,work/trimmed/Strings/Violoncello/ordinario/Vc-ord-E3-ff-3c-T11d.wav,cello,train,0
Strings/Violoncello/ordinario/Vc-ord-E3-ff-4c-N.wav,work/trimmed/Strings/Violoncello/ordinario/Vc-ord-E3-ff-4c-N.wav,cello,train,0
Strings/Violoncello/ordinario/Vc-ord-E3-mf-2c-N.wav,work/trimmed/Strings/Violoncello/ordinario/Vc-ord-E3-mf-2c-N.wav,cello,train,0
Strings/Violoncello/ordinario/Vc-ord-E3-mf-3c-N.wav,work/trimmed/Strings/Violoncello/ordinario/Vc-ord-E3-mf-3c-N.wav,cello,train,0
Strings/Violoncello/ordinario/Vc-ord-E3-mf-4c-T11u.wav,work/trimmed/Strings/Violoncello/ordinario/Vc-ord-E3-mf-4c-T11u.wav,cello,train,0
Strings/Violoncello/ordinario/Vc-ord-E3-pp-2c-N.wav,work/trimmed/Strings/Violoncello/ordinario/Vc-ord-E3-pp-2c-N.wav,cello,train,0
Strings/Violoncello/ordinario/Vc-ord-E3-pp-3c-N.wav,work/trimmed/Strings/Violoncello/ordinario/Vc-ord-E3-pp-3c-N.wav,cello,train,0
Strings/Violoncello/ordinario/Vc-ord-E3-pp-4c-N.wav,work/trimmed/Strings/Violoncello/ordinario/Vc-ord-E3-pp-4c-N.wav,cello,train,0
Strings/Violoncello/ordinario/Vc-ord-E4-ff-1c-N.wav,work/trimmed/Strings/Violoncello/ordinario/Vc-ord-E4-ff-1c-N.wav,cello,train,0
Strings/Violoncello/ordinario/Vc-ord-E4-ff-2c-N.wav,work/trimmed/Strings/Violoncello/ordinario/Vc-ord-E4-ff-2c-N.wav,cello,train,0
Strings/Violoncello/ordinario/Vc-ord-E4-ff-3c-T10u.wav,work/trimmed/Strings/Violoncello/ordinario/Vc-ord-E4-ff-3c-T10u.wav,cello,train,0
Strings/Violoncello/ordinario/Vc-ord-E4-mf-1c-N.wav,work/trimmed/Strings/Violoncello/ordinario/Vc-ord-E4-mf-1c-N.wav,cello,train,0
Strings/Violoncello/ordinario/Vc-ord-E4-mf-2c-N.wav,work/trimmed/Strings/Violoncello/ordinario/Vc-ord-E4-mf-2c-N.wav,cello,train,0
Strings/Violoncello/ordinario/Vc-ord-E4-mf-3c-N.wav,work/trimmed/Strings/Violoncello/ordinario/Vc-ord-E4-mf-3c-N.wav,cello,train,0
Strings/Violoncello/ordinario/Vc-ord-E4-pp-1c-N.wav,work/trimmed/Strings/Violoncello/ordinario/Vc-ord-E4-pp-1c-N.wav,cello,train,0
Strings/Violoncello/ordinario/Vc-ord-E4-pp-2c-N.wav,work/trimmed/Strings/Violoncello/ordinario/Vc-ord-E4-pp-2c-N.wav,cello,train,0
Strings/Violoncello/ordinario/Vc-ord-E4-pp-3c-N.wav,work/trimmed/Strings/Violoncello/ordinario/Vc-ord-E4-pp-3c-N.wav,cello,train,0
Strings/Violoncello/ordinario/Vc-ord-E5-ff-1c-N.wav,work/trimmed/Strings/Violoncello/ordinario/Vc-ord-E5-ff-1c-N.wav,cello,train,0
Strings/Violoncello/ordinario/Vc-ord-E5-mf-1c-N.wav,work/trimmed/Strings/Violoncello/ordinario/Vc-ord-E5-mf-1c-N.wav,cello,train,0
Strings/Violoncello/ordinario/Vc-ord-E5-pp-1c-N.wav,work/trimmed/Strings/Violoncello/ordinario/Vc-ord-E5-pp-1c-N.wav,cello,train,0
Strings/Violoncello/ordinario/Vc-ord-F#2-ff-4c-N.wav,work/trimmed/Strings/Violoncello/ordinario/Vc-ord-F#2-ff-4c-N.wav,cello,test,0
Strings/Violoncello/ordinario/Vc-ord-F#2-mf-4c-N.wav,work/trimmed/Strings/Violoncello/ordinario/Vc-ord-F#2-mf-4c-N.wav,cello,test,0
Strings/Violoncello/ordinario/Vc-ord-F#2-pp-4c-N.wav,work/trimmed/Strings/Violoncello/ordinario/Vc-ord-F#2-pp-4c-N.wav,cello,test,0
Strings/Violoncello/ordinario/Vc-ord-F#3-ff-2c-N.wav,work/trimmed/Strings/Violoncello/ordinario/Vc-ord-F#3-ff-2c-N.wav,cello,train,0
Strings/Violoncello/ordinario/Vc-ord-F#3-ff-3c-N.wav,work/trimmed/Strings/Violoncello/ordinario/Vc-ord-F#3-ff-3c-N.wav,cello,train,0
Strings/Violoncello/ordinario/Vc-ord-F#3-ff-4c-T14u.wav,work/trimmed/Strings/Violoncello/ordinario/Vc-ord-F#3-ff-4c-T14u.wav,cello,train,0
Strings/Violoncello/ordinario/Vc-ord-F#3-mf-2c-N.wav,work/trimmed/Strings/Violoncello/ordinario/Vc-ord-F#3-mf-2c-N.wav,cello,train,0
Strings/Violoncello/ordinario/Vc-ord-F#3-mf-3c-N.wav,work/trimmed/Strings/Violoncello/ordinario/Vc-ord-F#3-mf-3c-N.wav,cello,train,0
Strings/Violoncello/ordinario/Vc-ord-F#3-mf-4c-T15u.wav,work/trimmed/Strings/Violoncello/ordinario/Vc-ord-F#3-mf-4c-T15u.wav,cello,train,0
Strings/Violoncello/ordinario/Vc-ord-F#3-pp-2c-N.wav,work/trimmed/Strings/Violoncello/ordinario/Vc-ord-F#3-pp-2c-N.wav,cello,train,0
Strings/Violoncello/ordinario/Vc-ord-F#3-pp-3c-N.wav,work/trimmed/Strings/Violoncello/ordinario/Vc-ord-F#3-pp-3c-N.wav,cello,train,0
Strings/Violoncello/ordinario/Vc-ord-F#3-pp-4c-N.wav,work/trimmed/Strings/Violoncello/ordinario/Vc-ord-F#3-pp-4c-N.wav,cello,train,0
Strings/Violoncello/ordinario/Vc-ord-F#4-ff-1c-N.wav,work/trimmed/Strings/Violoncello/ordinario/Vc-ord-F#4-ff-1c-N.wav,cello,train,0
Strings/Violoncello/ordinario/Vc-ord-F#4-ff-2c-N.wav,work/trimmed/Strings/Violoncello/ordinario/Vc-ord-F#4-ff-2c-N.wav,cello,train,0
Strings/Violoncello/ordinario/Vc-ord-F#4-mf-1c-N.wav,work/trimmed/Strings/Violoncello/ordinario/Vc-ord-F#4-mf-1c-N.wav,cello,train,0
Strings/Violoncello/ordinario/Vc-ord-F#4-mf-2c-N.wav,work/trimmed/Strings/Violoncello/ordinario/Vc-ord-F#4-mf-2c-N.wav,cello,train,0
Strings/Violoncello/ordinario/Vc-ord-F#4-pp-1c-N.wav,work/trimmed/Strings/Violoncello/ordinario/Vc-ord-F#4-pp-1c-N.wav,cello,train,0
Strings/Violoncello/ordinario/Vc-ord-F#4-pp-2c-N.wav,work/trimmed/Strings/Violoncello/ordinario/Vc-ord-F#4-pp-2c-N.wav,cello,train,0
Strings/Violoncello/ordinario/Vc-ord-F#5-ff-1c-T33u.wav,work/trimmed/Strings/Violoncello/ordinario/Vc-ord-F#5-ff-1c-T33u.wav,cello,test,0
Strings/Violoncello/ordinario/Vc-ord-F#5-mf-1c-T12u.wav,work/trimmed/Strings/Violoncello/ordinario/Vc-ord-F#5-mf-1c-T12u.wav,cello,test,0
Strings/Violoncello/ordinario/Vc-ord-F#5-pp-1c-N.wav,work/trimmed/Strings/Violoncello/ordinario/Vc-ord-F#5-pp-1c-N.wav,cello,test,0
Strings/Violoncello/ordinario/Vc-ord-F2-ff-4c-T17u.wav,work/trimmed/Strings/Violoncello/ordinario/Vc-ord-F2-ff-4c-T17u.wav,cello,val,0
Strings/Violoncello/ordinario/Vc-ord-F2-mf-4c-T17u.wav,work/trimmed/Strings/Violoncello/ordinario/Vc-ord-F2-mf-4c-T17u.wav,cello,val,0
Strings/Violoncello/ordinario/Vc-ord-F2-pp-4c-T19u.wav,work/trimmed/Strings/Violoncello/ordinario/Vc-ord-F2-pp-4c-T19u.wav,cello,val,0
Strings/Violoncello/ordinario/Vc-ord-F3-ff-2c-T17d.wav,work/trimmed/Strings/Violoncello/ordinario/Vc-ord-F3-ff-2c-T17d.wav,cello,train,0
Strings/Violoncello/ordinario/Vc-ord-F3-ff-3c-T17d.wav,work/trimmed/Strings/Violoncello/ordinario/Vc-ord-F3-ff-3c-T17d.wav,cello,train,0
Strings/Violoncello/ordinario/Vc-ord-F3-ff-4c-T14u.wav,work/trimmed/Strings/Violoncello/ordinario/Vc-ord-F3-ff-4c-T14u.wav,cello,train,0
Strings/Violoncello/ordinario/Vc-ord-F3-mf-2c-N.wav,work/trimmed/Strings/Violoncello/ordinario/Vc-ord-F3-mf-2c-N.wav,cello,train,0
Strings/Violoncello/ordinario/Vc-ord-F3-mf-3c-T11d.wav,work/trimmed/Strings/Violoncello/ordinario/Vc-ord-F3-mf-3c-T11d.wav,cello,train,0
Strings/Violoncello/ordinario/Vc-ord-F3-mf-4c-T17u.wav,work/trimmed/Strings/Violoncello/ordinario/Vc-ord-F3-mf-4c-T17u.wav,cello,train,0
Strings/Violoncello/ordinario/Vc-ord-F3-pp-2c-N.wav,work/trimmed/Strings/Violoncello/ordinario/Vc-ord-F3-pp-2c-N.wav,cello,train,0
Strings/Violoncello/ordinario/Vc-ord-F3-pp-3c-N.wav,work/trimmed/Strings/Violoncello/ordinario/Vc-ord-F3-pp-3c-N.wav,cello,train,0
Strings/Violoncello/ordinario/Vc-ord-F3-pp-4c-N.wav,work/trimmed/Strings/Violoncello/ordinario/Vc-ord-F3-pp-4c-N.wav,cello,train,0
Strings/Violoncello/ordinario/Vc-ord-F4-ff-1c-N.wav,work/trimmed/Strings/Violoncello/ordinario/Vc-ord-F4-ff-1c-N.wav,cello,train,0
Strings/Violoncello/ordinario/Vc-ord-F4-ff-2c-N.wav,work/trimmed/Strings/Violoncello/ordinario/Vc-ord-F4-ff-2c-N.wav,cello,train,0
Strings/Violoncello/ordinario/Vc-ord-F4-ff-3c-T14u.wav,work/trimmed/Strings/Violoncello/ordinario/Vc-ord-F4-ff-3c-T14u.wav,cello,train,0
Strings/Violoncello/ordinario/Vc-ord-F4-mf-1c-N.wav,work/trimmed/Strings/Violoncello/ordinario/Vc-ord-F4-mf-1c-N.wav,cello,train,0
Strings/Violoncello/ordinario/Vc-ord-F4-mf-2c-N.wav,work/trimmed/Strings/Violoncello/ordinario/Vc-ord-F4-mf-2c-N.wav,cello,train,0
Strings/Violoncello/ordinario/Vc-ord-F4-mf-3c-T11u.wav,work/trimmed/Strings/Violoncello/ordinario/Vc-ord-F4-mf-3c-T11u.wav,cello,train,0
Strings/Violoncello/ordinario/Vc-ord-F4-pp-1c-N.wav,work/trimmed/Strings/Violoncello/ordinario/Vc-ord-F4-pp-1c-N.wav,cello,train,0
Strings/Violoncello/ordinario/Vc-ord-F4-pp-2c-N.wav,work/trimmed/Strings/Violoncello/ordinario/Vc-ord-F4-pp-2c-N.wav,cello,train,0
Strings/Violoncello/ordinario/Vc-ord-F4-pp-3c-T18u.wav,work/trimmed/Strings/Violoncello/ordinario/Vc-ord-F4-pp-3c-T18u.wav,cello,train,0
Strings/Violoncello/ordinario/Vc-ord-F5-ff-1c-N.wav,work/trimmed/Strings/Violoncello/ordinario/Vc-ord-F5-ff-1c-N.wav,cello,train,0
Strings/Violoncello/ordinario/Vc-ord-F5-mf-1c-N.wav,work/trimmed/Strings/Violoncello/ordinario/Vc-ord-F5-mf-1c-N.wav,cello,train,0
Strings/Violoncello/ordinario/Vc-ord-F5-pp-1c-N.wav,work/trimmed/Strings/Violoncello/ordinario/Vc-ord-F5-pp-1c-N.wav,cello,train,0
Strings/Violoncello/ordinario/Vc-ord-G#2-ff-3c-T10d.wav,work/trimmed/Strings/Violoncello/ordinario/Vc-ord-G#2-ff-3c-T10d.wav,cello,val,0
Strings/Violoncello/ordinario/Vc-ord-G#2-ff-4c-T12u.wav,work/trimmed/Strings/Violoncello/ordinario/Vc-ord-G#2-ff-4c-T12u.wav,cello,val,0
Strings/Violoncello/ordinario/Vc-ord-G#2-mf-3c-N.wav,work/trimmed/Strings/Violoncello/ordinario/Vc-ord-G#2-mf-3c-N.wav,cello,val,0
Strings/Violoncello/ordinario/Vc-ord-G#2-mf-4c-N.wav,work/trimmed/Strings/Violoncello/ordinario/Vc-ord-G#2-mf-4c-N.wav,cello,val,0
Strings/Violoncello/ordinario/Vc-ord-G#2-pp-3c-N.wav,work/trimmed/Strings/Violoncello/ordinario/Vc-ord-G#2-pp-3c-N.wav,cello,val,0
Strings/Violoncello/ordinario/Vc-ord-G#2-pp-4c-N.wav,work/trimmed/Strings/Violoncello/ordinario/Vc-ord-G#2-pp-4c-N.wav,cello,val,0
Strings/Violoncello/ordinario/Vc-ord-G#3-ff-2c-N.wav,work/trimmed/Strings/Violoncello/ordinario/Vc-ord-G#3-ff-2c-N.wav,cello,train,0
Strings/Violoncello/ordinario/Vc-ord-G#3-ff-3c-N.wav,work/trimmed/Strings/Violoncello/ordinario/Vc-ord-G#3-ff-3c-N.wav,cello,train,0
Strings/Violoncello/ordinario/Vc-ord-G#3-ff-4c-T15u.wav,work/trimmed/Strings/Violoncello/ordinario/Vc-ord-G#3-ff-4c-T15u.wav,cello,train,0
Strings/Violoncello/ordinario/Vc-ord-G#3-mf-2c-N.wav,work/trimmed/Strings/Violoncello/ordinario/Vc-ord-G#3-mf-2c-N.wav,cello,train,0
Strings/Violoncello/ordinario/Vc-ord-G#3-mf-3c-N.wav,work/trimmed/Strings/Violoncello/ordinario/Vc-ord-G#3-mf-3c-N.wav,cello,train,0
Strings/Violoncello/ordinario/Vc-ord-G#3-mf-4c-N.wav,work/trimmed/Strings/Violoncello/ordinario/Vc-ord-G#3-mf-4c-N.wav,cello,train,0
Strings/Violoncello/ordinario/Vc-ord-G#3-pp-2c-N.wav,work/trimmed/Strings/Violoncello/ordinario/Vc-ord-G#3-pp-2c-N.wav,cello,train,0
Strings/Violoncello/ordinario/Vc-ord-G#3-pp-3c-N.wav,work/trimmed/Strings/Violoncello/ordinario/Vc-ord-G#3-pp-3c-N.wav,cello,train,0
Strings/Violoncello/ordinario/Vc-ord-G#3-pp-4c-T24u.wav,work/trimmed/Strings/Violoncello/ordinario/Vc-ord-G#3-pp-4c-T24u.wav,cello,train,0
Strings/Violoncello/ordinario/Vc-ord-G#4-ff-1c-T18u.wav,work/trimmed/Strings/Violoncello/ordinario/Vc-ord-G#4-ff-1c-T18u.wav,cello,test,0
Strings/Violoncello/ordinario/Vc-ord-G#4-ff-2c-N.wav,work/trimmed/Strings/Violoncello/ordinario/Vc-ord-G#4-ff-2c-N.wav,cello,test,0
Strings/Violoncello/ordinario/Vc-ord-G#4-mf-1c-N.wav,work/trimmed/Strings/Violoncello/ordinario/Vc-ord-G#4-mf-1c-N.wav,cello,test,0
Strings/Violoncello/ordinario/Vc-ord-G#4-mf-2c-N.wav,work/trimmed/Strings/Violoncello/ordinario/Vc-ord-G#4-mf-2c-N.wav,cello,test,0
Strings/Violoncello/ordinario/Vc-ord-G#4-pp-1c-N.wav,work/trimmed/Strings/Violoncello/ordinario/Vc-ord-G#4-pp-1c-N.wav,cello,test,0
Strings/Violoncello/ordinario/Vc-ord-G#4-pp-2c-T13u.wav,work/trimmed/Strings/Violoncello/ordinario/Vc-ord-G#4-pp-2c-T13u.wav,cello,test,0
Strings/Violoncello/ordinario/Vc-ord-G#5-ff-1c-T10u.wav,work/trimmed/Strings/Violoncello/ordinario/Vc-ord-G#5-ff-1c-T10u.wav,cello,train,0
Strings/Violoncello/ordinario/Vc-ord-G#5-mf-1c-N.wav,work/trimmed/Strings/Violoncello/ordinario/Vc-ord-G#5-mf-1c-N.wav,cello,train,0
Strings/Violoncello/ordinario/Vc-ord-G#5-pp-1c-N.wav,work/trimmed/Strings/Violoncello/ordinario/Vc-ord-G#5-pp-1c-N.wav,cello,train,0
Strings/Violoncello/ordinario/Vc-ord-G2-ff-3c-N.wav,work/trimmed/Strings/Violoncello/ordinario/Vc-ord-G2-ff-3c-N.wav,cello,train,0
Strings/Violoncello/ordinario/Vc-ord-G2-ff-4c-N.wav,work/trimmed/Strings/Violoncello/ordinario/Vc-ord-G2-ff-4c-N.wav,cello,train,0
Strings/Violoncello/ordinario/Vc-ord-G2-mf-3c-N.wav,work/trimmed/Strings/Violoncello/ordinario/Vc-ord-G2-mf-3c-N.wav,cello,train,0
Strings/Violoncello/ordinario/Vc-ord-G2-mf-4c-N.wav,work/trimmed/Strings/Violoncello/ordinario/Vc-ord-G2-mf-4c-N.wav,cello,train,0
Strings/Violoncello/ordinario/Vc-ord-G2-pp-3c-N.wav,work/trimmed/Strings/Violoncello/ordinario/Vc-ord-G2-pp-3c-N.wav,cello,train,0
Strings/Violoncello/ordinario/Vc-ord-G2-pp-4c-N.wav,work/trimmed/Strings/Violoncello/ordinario/Vc-ord-G2-pp-4c-N.wav,cello,train,0
Strings/Violoncello/ordinario/Vc-ord-G3-ff-2c-N.wav,work/trimmed/Strings/Violoncello/ordinario/Vc-ord-G3-ff-2c-N.wav,cello,train,0
Strings/Violoncello/ordinario/Vc-ord-G3-ff-3c-N.wav,work/trimmed/Strings/Violoncello/ordinario/Vc-ord-G3-ff-3c-N.wav,cello,train,0
Strings/Violoncello/ordinario/Vc-ord-G3-ff-4c-N.wav,work/trimmed/Strings/Violoncello/ordinario/Vc-ord-G3-ff-4c-N.wav,cello,train,0
Strings/Violoncello/ordinario/Vc-ord-G3-mf-2c-N.wav,work/trimmed/Strings/Violoncello/ordinario/Vc-ord-G3-mf-2c-N.wav,cello,train,0
Strings/Violoncello/ordinario/Vc-ord-G3-mf-3c-N.wav,work/trimmed/Strings/Violoncello/ordinario/Vc-ord-G3-mf-3c-N.wav,cello,train,0
Strings/Violoncello/ordinario/Vc-ord-G3-mf-4c-N.wav,work/trimmed/Strings/Violoncello/ordinario/Vc-ord-G3-mf-4c-N.wav,cello,train,0
Strings/Violoncello/ordinario/Vc-ord-G3-pp-2c-N.wav,work/trimmed/Strings/Violoncello/ordinario/Vc-ord-G3-pp-2c-N.wav,cello,train,0
Strings/Violoncello/ordinario/Vc-ord-G3-pp-3c-N.wav,work/trimmed/Strings/Violoncello/ordinario/Vc-ord-G3-pp-3c-N.wav,cello,train,0
Strings/Violoncello/ordinario/Vc-ord-G3-pp-4c-N.wav,work/trimmed/Strings/Violoncello/ordinario/Vc-ord-G3-pp-4c-N.wav,cello,train,0
Strings/Violoncello/ordinario/Vc-ord-G4-ff-1c-N.wav,work/trimmed/Strings/Violoncello/ordinario/Vc-ord-G4-ff-1c-N.wav,cello,train,0
Strings/Violoncello/ordinario/Vc-ord-G4-ff-2c-N.wav,work/trimmed/Strings/Violoncello/ordinario/Vc-ord-G4-ff-2c-N.wav,cello,train,0
Strings/Violoncello/ordinario/Vc-ord-G4-mf-1c-N.wav,work/trimmed/Strings/Violoncello/ordinario/Vc-ord-G4-mf-1c-N.wav,cello,train,0
Strings/Violoncello/ordinario/Vc-ord-G4-mf-2c-N.wav,work/trimmed/Strings/Violoncello/ordinario/Vc-ord-G4-mf-2c-N.wav,cello,train,0
Strings/Violoncello/ordinario/Vc-ord-G4-pp-1c-N.wav,work/trimmed/Strings/Violoncello/ordinario/Vc-ord-G4-pp-1c-N.wav,cello,train,0
Strings/Violoncello/ordinario/Vc-ord-G4-pp-2c-N.wav,work/trimmed/Strings/Violoncello/ordinario/Vc-ord-G4-pp-2c-N.wav,cello,train,0
Strings/Violoncello/ordinario/Vc-ord-G5-ff-1c-N.wav,work/trimmed/Strings/Violoncello/ordinario/Vc-ord-G5-ff-1c-N.wav,cello,train,0
Strings/Violoncello/ordinario/Vc-ord-G5-mf-1c-N.wav,work/trimmed/Strings/Violoncello/ordinario/Vc-ord-G5-mf-1c-N.wav,cello,train,0
Strings/Violoncello/ordinario/Vc-ord-G5-pp-1c-N.wav,work/trimmed/Strings/Violoncello/ordinario/Vc-ord-G5-pp-1c-N.wav,cello,train,0
Winds/Bassoon/ordinario/Bn-ord-A#1-ff-N-N.wav,work/trimmed/Winds/Bassoon/ordinario/Bn-ord-A#1-ff-N-N.wav,bassoon,train,0
Winds/Bassoon/ordinario/Bn-ord-A#1-mf-N-N.wav,work/trimmed/Winds/Bassoon/ordinario/Bn-ord-A#1-mf-N-N.wav,bassoon,train,0
Winds/Bassoon/ordinario/Bn-ord-A#1-pp-N-N.wav,work/trimmed/Winds/Bassoon/ordinario/Bn-ord-A#1-pp-N-N.wav,bassoon,train,0
Winds/Bassoon/ordinario/Bn-ord-A#2-ff-N-N.wav,work/trimmed/Winds/Bassoon/ordinario/Bn-ord-A#2-ff-N-N.wav,bassoon,train,0
Winds/Bassoon/ordinario/Bn-ord-A#2-mf-N-T11u.wav,work/trimmed/Winds/Bassoon/ordinario/Bn-ord-A#2-mf-N-T11u.wav,bassoon,train,0
Winds/Bassoon/ordinario/Bn-ord-A#2-pp-N-N.wav,work/trimmed/Winds/Bassoon/ordinario/Bn-ord-A#2-pp-N-N.wav,bassoon,train,0
Winds/Bassoon/ordinario/Bn-ord-A#3-ff-N-N.wav,work/trimmed/Winds/Bassoon/ordinario/Bn-ord-A#3-ff-N-N.wav,bassoon,val,0
Winds/Bassoon/ordinario/Bn-ord-A#3-mf-N-N.wav,work/trimmed/Winds/Bassoon/ordinario/Bn-ord-A#3-mf-N-N.wav,bassoon,val,0
Winds/Bassoon/ordinario/Bn-ord-A#3-pp-N-N.wav,work/trimmed/Winds/Bassoon/ordinario/Bn-ord-A#3-pp-N-N.wav,bassoon,val,0
Winds/Bassoon/ordinario/Bn-ord-A#4-ff-N-T11u.wav,work/trimmed/Winds/Bassoon/ordinario/Bn-ord-A#4-ff-N-T11u.wav,bassoon,test,0
Winds/Bassoon/ordinario/Bn-ord-A#4-mf-N-T14u.wav,work/trimmed/Winds/Bassoon/ordinario/Bn-ord-A#4-mf-N-T14u.wav,bassoon,test,0
Winds/Bassoon/ordinario/Bn-ord-A#4-pp-N-T13u.wav,work/trimmed/Winds/Bassoon/ordinario/Bn-ord-A#4-pp-N-T13u.wav,bassoon,test,0
Winds/Bassoon/ordinario/Bn-ord-A2-ff-N-T11d.wav,work/trimmed/Winds/Bassoon/ordinario/Bn-ord-A2-ff-N-T11d.wav,bassoon,train,0
Winds/Bassoon/ordinario/Bn-ord-A2-mf-N-N.wav,work/trimmed/Winds/Bassoon/ordinario/Bn-ord-A2-mf-N-N.wav,bassoon,train,0
Winds/Bassoon/ordinario/Bn-ord-A2-pp-N-N.wav,work/trimmed/Winds/Bassoon/ordinario/Bn-ord-A2-pp-N-N.wav,bassoon,train,0
Winds/Bassoon/ordinario/Bn-ord-A3-ff-N-T14d.wav,work/trimmed/Winds/Bassoon/ordinario/Bn-ord-A3-ff-N-T14d.wav,bassoon,train,0
Winds/Bassoon/ordinario/Bn-ord-A3-mf-N-N.wav,work/trimmed/Winds/Bassoon/ordinario/Bn-ord-A3-mf-N-N.wav,bassoon,train,0
Winds/Bassoon/ordinario/Bn-ord-A3-pp-N-T11d.wav,work/trimmed/Winds/Bassoon/ordinario/Bn-ord-A3-pp-N-T11d.wav,bassoon,train,0
Winds/Bassoon/ordinario/Bn-ord-A4-ff-N-N.wav,work/trimmed/Winds/Bassoon/ordinario/Bn-ord-A4-ff-N-N.wav,bassoon,train,0
Winds/Bassoon/ordinario/Bn-ord-A4-mf-N-T14u_R100d.wav,work/trimmed/Winds/Bassoon/ordinario/Bn-ord-A4-mf-N-T14u_R100d.wav,bassoon,train,0
Winds/Bassoon/ordinario/Bn-ord-A4-pp-N-N.wav,work/trimmed/Winds/Bassoon/ordinario/Bn-ord-A4-pp-N-N.wav,bassoon,train,0
Winds/Bassoon/ordinario/Bn-ord-B1-ff-N-N.wav,work/trimmed/Winds/Bassoon/ordinario/Bn-ord-B1-ff-N-N.wav,bassoon,train,0
Winds/Bassoon/ordinario/Bn-ord-B1-mf-N-N.wav,work/trimmed/Winds/Bassoon/ordinario/Bn-ord-B1-mf-N-N.wav,bassoon,train,0
Winds/Bassoon/ordinario/Bn-ord-B1-pp-N-T11d.wav,work/trimmed/Winds/Bassoon/ordinario/Bn-ord-B1-pp-N-T11d.wav,bassoon,train,0
Winds/Bassoon/ordinario/Bn-ord-B2-ff-N-N.wav,work/trimmed/Winds/Bassoon/ordinario/Bn-ord-B2-ff-N-N.wav,bassoon,train,0
Winds/Bassoon/ordinario/Bn-ord-B2-mf-N-N.wav,work/trimmed/Winds/Bassoon/ordinario/Bn-ord-B2-mf-N-N.wav,bassoon,train,0
Winds/Bassoon/ordinario/Bn-ord-B2-pp-N-N.wav,work/trimmed/Winds/Bassoon/ordinario/Bn-ord-B2-pp-N-N.wav,bassoon,train,0
Winds/Bassoon/ordinario/Bn-ord-B3-ff-N-N.wav,work/trimmed/Winds/Bassoon/ordinario/Bn-ord-B3-ff-N-N.wav,bassoon,test,0
Winds/Bassoon/ordinario/Bn-ord-B3-mf-N-N.wav,work/trimmed/Winds/Bassoon/ordinario/Bn-ord-B3-mf-N-N.wav,bassoon,test,0
Winds/Bassoon/ordinario/Bn-ord-B3-pp-N-N.wav,work/trimmed/Winds/Bassoon/ordinario/Bn-ord-B3-pp-N-N.wav,bassoon,test,0
Winds/Bassoon/ordinario/Bn-ord-B4-ff-N-N.wav,work/trimmed/Winds/Bassoon/ordinario/Bn-ord-B4-ff-N-N.wav,bassoon,train,0
Winds/Bassoon/ordinario/Bn-ord-B4-mf-N-N.wav,work/trimmed/Winds/Bassoon/ordinario/Bn-ord-B4-mf-N-N.wav,bassoon,train,0
Winds/Bassoon/ordinario/Bn-ord-B4-pp-N-N.wav,work/trimmed/Winds/Bassoon/ordinario/Bn-ord-B4-pp-N-N.wav,bassoon,train,0
Winds/Bassoon/ordinario/Bn-ord-C#2-ff-N-N.wav,work/trimmed/Winds/Bassoon/ordinario/Bn-ord-C#2-ff-N-N.wav,bassoon,train,0
Winds/Bassoon/ordinario/Bn-ord-C#2-mf-N-N.wav,work/trimmed/Winds/Bassoon/ordinario/Bn-ord-C#2-mf-N-N.wav,bassoon,train,0
Winds/Bassoon/ordinario/Bn-ord-C#2-pp-N-N.wav,work/trimmed/Winds/Bassoon/ordinario/Bn-ord-C#2-pp-N-N.wav,bassoon,train,0
Winds/Bassoon/ordinario/Bn-ord-C#3-ff-N-N.wav,work/trimmed/Winds/Bassoon/ordinario/Bn-ord-C#3-ff-N-N.wav,bassoon,train,0
Winds/Bassoon/ordinario/Bn-ord-C#3-mf-N-R100d.wav,work/trimmed/Winds/Bassoon/ordinario/Bn-ord-C#3-mf-N-R100d.wav,bassoon,train,0
Winds/Bassoon/ordinario/Bn-ord-C#3-pp-N-N.wav,work/trimmed/Winds/Bassoon/ordinario/Bn-ord-C#3-pp-N-N.wav,bassoon,train,0
Winds/Bassoon/ordinario/Bn-ord-C#4-ff-N-N.wav,work/trimmed/Winds/Bassoon/ordinario/Bn-ord-C#4-ff-N-N.wav,bassoon,test,0
Winds/Bassoon/ordinario/Bn-ord-C#4-mf-N-N.wav,work/trimmed/Winds/Bassoon/ordinario/Bn-ord-C#4-mf-N-N.wav,bassoon,test,0
Winds/Bassoon/ordinario/Bn-ord-C#4-pp-N-N.wav,work/trimmed/Winds/Bassoon/ordinario/Bn-ord-C#4-pp-N-N.wav,bassoon,test,0
Winds/Bassoon/ordinario/Bn-ord-C#5-ff-N-N.wav,work/trimmed/Winds/Bassoon/ordinario/Bn-ord-C#5-ff-N-N.wav,bassoon,train,0
Winds/Bassoon/ordinario/Bn-ord-C#5-mf-N-N.wav,work/trimmed/Winds/Bassoon/ordinario/Bn-ord-C#5-mf-N-N.wav,bassoon,train,0
Winds/Bassoon/ordinario/Bn-ord-C#5-pp-N-N.wav,work/trimmed/Winds/Bassoon/ordinario/Bn-ord-C#5-pp-N-N.wav,bassoon,train,0
Winds/Bassoon/ordinario/Bn-ord-C2-ff-N-N.wav,work/trimmed/Winds/Bassoon/ordinario/Bn-ord-C2-ff-N-N.wav,bassoon,train,0
Winds/Bassoon/ordinario/Bn-ord-C2-mf-N-N.wav,work/trimmed/Winds/Bassoon/ordinario/Bn-ord-C2-mf-N-N.wav,bassoon,train,0
Winds/Bassoon/ordinario/Bn-ord-C2-pp-N-T11d_R100u.wav,work/trimmed/Winds/Bassoon/ordinario/Bn-ord-C2-pp-N-T11d_R100u.wav,bassoon,train,0
Winds/Bassoon/ordinario/Bn-ord-C3-ff-N-T12d.wav,work/trimmed/Winds/Bassoon/ordinario/Bn-ord-C3-ff-N-T12d.wav,bassoon,train,0
Winds/Bassoon/ordinario/Bn-ord-C3-mf-N-R100u.wav,work/trimmed/Winds/Bassoon/ordinario/Bn-ord-C3-mf-N-R100u.wav,bassoon,train,0
Winds/Bassoon/ordinario/Bn-ord-C3-pp-N-T15d.wav,work/trimmed/Winds/Bassoon/ordinario/Bn-ord-C3-pp-N-T15d.wav,bassoon,train,0
Winds/Bassoon/ordinario/Bn-ord-C4-ff-N-N.wav,work/trimmed/Winds/Bassoon/ordinario/Bn-ord-C4-ff-N-N.wav,bassoon,train,0
Winds/Bassoon/ordinario/Bn-ord-C4-mf-N-N.wav,work/trimmed/Winds/Bassoon/ordinario/Bn-ord-C4-mf-N-N.wav,bassoon,train,0
Winds/Bassoon/ordinario/Bn-ord-C4-pp-N-N.wav,work/trimmed/Winds/Bassoon/ordinario/Bn-ord-C4-pp-N-N.wav,bassoon,train,0
Winds/Bassoon/ordinario/Bn-ord-C5-ff-N-N.wav,work/trimmed/Winds/Bassoon/ordinario/Bn-ord-C5-ff-N-N.wav,bassoon,train,0
Winds/Bassoon/ordinario/Bn-ord-C5-mf-N-N.wav,work/trimmed/Winds/Bassoon/ordinario/Bn-ord-C5-mf-N-N.wav,bassoon,train,0
Winds/Bassoon/ordinario/Bn-ord-C5-pp-N-N.wav,work/trimmed/Winds/Bassoon/ordinario/Bn-ord-C5-pp-N-N.wav,bassoon,train,0
Winds/Bassoon/ordinario/Bn-ord-D#2-ff-N-T17d.wav,work/trimmed/Winds/Bassoon/ordinario/Bn-ord-D#2-ff-N-T17d.wav,bassoon,test,0
Winds/Bassoon/ordinario/Bn-ord-D#2-mf-N-N.wav,work/trimmed/Winds/Bassoon/ordinario/Bn-ord-D#2-mf-N-N.wav,bassoon,test,0
Winds/Bassoon/ordinario/Bn-ord-D#2-pp-N-N.wav,work/trimmed/Winds/Bassoon/ordinario/Bn-ord-D#2-pp-N-N.wav,bassoon,test,0
Winds/Bassoon/ordinario/Bn-ord-D#3-ff-N-N.wav,work/trimmed/Winds/Bassoon/ordinario/Bn-ord-D#3-ff-N-N.wav,bassoon,train,0
Winds/Bassoon/ordinario/Bn-ord-D#3-mf-N-N.wav,work/trimmed/Winds/Bassoon/ordinario/Bn-ord-D#3-mf-N-N.wav,bassoon,train,0
Winds/Bassoon/ordinario/Bn-ord-D#3-pp-N-N.wav,work/trimmed/Winds/Bassoon/ordinario/Bn-ord-D#3-pp-N-N.wav,bassoon,train,0
Winds/Bassoon/ordinario/Bn-ord-D#4-ff-N-N.wav,work/trimmed/Winds/Bassoon/ordinario/Bn-ord-D#4-ff-N-N.wav,bassoon,train,0
Winds/Bassoon/ordinario/Bn-ord-D#4-mf-N-N.wav,work/trimmed/Winds/Bassoon/ordinario/Bn-ord-D#4-mf-N-N.wav,bassoon,train,0
Winds/Bassoon/ordinario/Bn-ord-D#4-pp-N-N.wav,work/trimmed/Winds/Bassoon/ordinario/Bn-ord-D#4-pp-N-N.wav,bassoon,train,0
Winds/Bassoon/ordinario/Bn-ord-D#5-ff-N-T14d.wav,work/trimmed/Winds/Bassoon/ordinario/Bn-ord-D#5-ff-N-T14d.wav,bassoon,train,0
Winds/Bassoon/ordinario/Bn-ord-D#5-mf-N-N.wav,work/trimmed/Winds/Bassoon/ordinario/Bn-ord-D#5-mf-N-N.wav,bassoon,train,0
Winds/Bassoon/ordinario/Bn-ord-D#5-pp-N-N.wav,work/trimmed/Winds/Bassoon/ordinario/Bn-ord-D#5-pp-N-N.wav,bassoon,train,0
Winds/Bassoon/ordinario/Bn-ord-D2-ff-N-N.wav,work/trimmed/Winds/Bassoon/ordinario/Bn-ord-D2-ff-N-N.wav,bassoon,train,0
Winds/Bassoon/ordinario/Bn-ord-D2-mf-N-N.wav,work/trimmed/Winds/Bassoon/ordinario/Bn-ord-D2-mf-N-N.wav,bassoon,train,0
Winds/Bassoon/ordinario/Bn-ord-D2-pp-N-N.wav,work/trimmed/Winds/Bassoon/ordinario/Bn-ord-D2-pp-N-N.wav,bassoon,train,0
Winds/Bassoon/ordinario/Bn-ord-D3-ff-N-T11d.wav,work/trimmed/Winds/Bassoon/ordinario/Bn-ord-D3-ff-N-T11d.wav,bassoon,train,0
Winds/Bassoon/ordinario/Bn-ord-D3-mf-N-N.wav,work/trimmed/Winds/Bassoon/ordinario/Bn-ord-D3-mf-N-N.wav,bassoon,train,0
Winds/Bassoon/ordinario/Bn-ord-D3-pp-N-T13d.wav,work/trimmed/Winds/Bassoon/ordinario/Bn-ord-D3-pp-N-T13d.wav,bassoon,train,0
Winds/Bassoon/ordinario/Bn-ord-D4-ff-N-N.wav,work/trimmed/Winds/Bassoon/ordinario/Bn-ord-D4-ff-N-N.wav,bassoon,train,0
Winds/Bassoon/ordinario/Bn-ord-D4-mf-N-N.wav,work/trimmed/Winds/Bassoon/ordinario/Bn-ord-D4-mf-N-N.wav,bassoon,train,0
Winds/Bassoon/ordinario/Bn-ord-D4-pp-N-N.wav,work/trimmed/Winds/Bassoon/ordinario/Bn-ord-D4-pp-N-N.wav,bassoon,train,0
Winds/Bassoon/ordinario/Bn-ord-D5-ff-N-N.wav,work/trimmed/Winds/Bassoon/ordinario/Bn-ord-D5-ff-N-N.wav,bassoon,test,0
Winds/Bassoon/ordinario/Bn-ord-D5-mf-N-N.wav,work/trimmed/Winds/Bassoon/ordinario/Bn-ord-D5-mf-N-N.wav,bassoon,test,0
Winds/Bassoon/ordinario/Bn-ord-D5-pp-N-N.wav,work/trimmed/Winds/Bassoon/ordinario/Bn-ord-D5-pp-N-N.wav,bassoon,test,0
Winds/Bassoon/ordinario/Bn-ord-E2-ff-N-N.wav,work/trimmed/Winds/Bassoon/ordinario/Bn-ord-E2-ff-N-N.wav,bassoon,train,0
Winds/Bassoon/ordinario/Bn-ord-E2-mf-N-T10u.wav,work/trimmed/Winds/Bassoon/ordinario/Bn-ord-E2-mf-N-T10u.wav,bassoon,train,0
Winds/Bassoon/ordinario/Bn-ord-E2-pp-N-N.wav,work/trimmed/Winds/Bassoon/ordinario/Bn-ord-E2-pp-N-N.wav,bassoon,train,0
Winds/Bassoon/ordinario/Bn-ord-E3-ff-N-R100u.wav,work/trimmed/Winds/Bassoon/ordinario/Bn-ord-E3-ff-N-R100u.wav,bassoon,train,0
Winds/Bassoon/ordinario/Bn-ord-E3-mf-N-T11d.wav,work/trimmed/Winds/Bassoon/ordinario/Bn-ord-E3-mf-N-T11d.wav,bassoon,train,0
Winds/Bassoon/ordinario/Bn-ord-E3-pp-N-T13d.wav,work/trimmed/Winds/Bassoon/ordinario/Bn-ord-E3-pp-N-T13d.wav,bassoon,train,0
Winds/Bassoon/ordinario/Bn-ord-E4-ff-N-N.wav,work/trimmed/Winds/Bassoon/ordinario/Bn-ord-E4-ff-N-N.wav,bassoon,val,0
Winds/Bassoon/ordinario/Bn-ord-E4-mf-N-N.wav,work/trimmed/Winds/Bassoon/ordinario/Bn-ord-E4-mf-N-N.wav,bassoon,val,0
Winds/Bassoon/ordinario/Bn-ord-E4-pp-N-N.wav,work/trimmed/Winds/Bassoon/ordinario/Bn-ord-E4-pp-N-N.wav,bassoon,val,0
Winds/Bassoon/ordinario/Bn-ord-F#2-ff-N-N.wav,work/trimmed/Winds/Bassoon/ordinario/Bn-ord-F#2-ff-N-N.wav,bassoon,val,0
Winds/Bassoon/ordinario/Bn-ord-F#2-mf-N-N.wav,work/trimmed/Winds/Bassoon/ordinario/Bn-ord-F#2-mf-N-N.wav,bassoon,val,0
Winds/Bassoon/ordinario/Bn-ord-F#2-pp-N-T12d.wav,work/trimmed/Winds/Bassoon/ordinario/Bn-ord-F#2-pp-N-T12d.wav,bassoon,val,0
Winds/Bassoon/ordinario/Bn-ord-F#3-ff-N-T13d.wav,work/trimmed/Winds/Bassoon/ordinario/Bn-ord-F#3-ff-N-T13d.wav,bassoon,val,0
Winds/Bassoon/ordinario/Bn-ord-F#3-mf-N-T16d.wav,work/trimmed/Winds/Bassoon/ordinario/Bn-ord-F#3-mf-N-T16d.wav,bassoon,val,0
Winds/Bassoon/ordinario/Bn-ord-F#3-pp-N-T23d.wav,work/trimmed/Winds/Bassoon/ordinario/Bn-ord-F#3-pp-N-T23d.wav,bassoon,val,0
Winds/Bassoon/ordinario/Bn-ord-F#4-ff-N-N.wav,work/trimmed/Winds/Bassoon/ordinario/Bn-ord-F#4-ff-N-N.wav,bassoon,test,0
Winds/Bassoon/ordinario/Bn-ord-F#4-mf-N-N.wav,work/trimmed/Winds/Bassoon/ordinario/Bn-ord-F#4-mf-N-N.wav,bassoon,test,0
Winds/Bassoon/ordinario/Bn-ord-F#4-pp-N-N.wav,work/trimmed/Winds/Bassoon/ordinario/Bn-ord-F#4-pp-N-N.wav,bassoon,test,0
Winds/Bassoon/ordinario/Bn-ord-F2-ff-N-T10d.wav,work/trimmed/Winds/Bassoon/ordinario/Bn-ord-F2-ff-N-T10d.wav,bassoon,train,0
Winds/Bassoon/ordinario/Bn-ord-F2-mf-N-N.wav,work/trimmed/Winds/Bassoon/ordinario/Bn-ord-F2-mf-N-N.wav,bassoon,train,0
Winds/Bassoon/ordinario/Bn-ord-F2-pp-N-T17d.wav,work/trimmed/Winds/Bassoon/ordinario/Bn-ord-F2-pp-N-T17d.wav,bassoon,train,0
Winds/Bassoon/ordinario/Bn-ord-F3-ff-N-T10d.wav,work/trimmed/Winds/Bassoon/ordinario/Bn-ord-F3-ff-N-T10d.wav,bassoon,val,0
Winds/Bassoon/ordinario/Bn-ord-F3-mf-N-N.wav,work/trimmed/Winds/Bassoon/ordinario/Bn-ord-F3-mf-N-N.wav,bassoon,val,0
Winds/Bassoon/ordinario/Bn-ord-F3-pp-N-T15d.wav,work/trimmed/Winds/Bassoon/ordinario/Bn-ord-F3-pp-N-T15d.wav,bassoon,val,0
Winds/Bassoon/ordinario/Bn-ord-F4-ff-N-N.wav,work/trimmed/Winds/Bassoon/ordinario/Bn-ord-F4-ff-N-N.wav,bassoon,train,0
Winds/Bassoon/ordinario/Bn-ord-F4-mf-N-N.wav,work/trimmed/Winds/Bassoon/ordinario/Bn-ord-F4-mf-N-N.wav,bassoon,train,0
Winds/Bassoon/ordinario/Bn-ord-F4-pp-N-N.wav,work/trimmed/Winds/Bassoon/ordinario/Bn-ord-F4-pp-N-N.wav,bassoon,train,0
Winds/Bassoon/ordinario/Bn-ord-G#2-ff-N-N.wav,work/trimmed/Winds/Bassoon/ordinario/Bn-ord-G#2-ff-N-N.wav,bassoon,train,0
Winds/Bassoon/ordinario/Bn-ord-G#2-mf-N-R100d.wav,work/trimmed/Winds/Bassoon/ordinario/Bn-ord-G#2-mf-N-R100d.wav,bassoon,train,0
Winds/Bassoon/ordinario/Bn-ord-G#2-pp-N-T16d.wav,work/trimmed/Winds/Bassoon/ordinario/Bn-ord-G#2-pp-N-T16d.wav,bassoon,train,0
Winds/Bassoon/ordinario/Bn-ord-G#3-ff-N-N.wav,work/trimmed/Winds/Bassoon/ordinario/Bn-ord-G#3-ff-N-N.wav,bassoon,train,0
Winds/Bassoon/ordinario/Bn-ord-G#3-mf-N-N.wav,work/trimmed/Winds/Bassoon/ordinario/Bn-ord-G#3-mf-N-N.wav,bassoon,train,0
Winds/Bassoon/ordinario/Bn-ord-G#3-pp-N-T19d.wav,work/trimmed/Winds/Bassoon/ordinario/Bn-ord-G#3-pp-N-T19d.wav,bassoon,train,0
Winds/Bassoon/ordinario/Bn-ord-G#4-ff-N-N.wav,work/trimmed/Winds/Bassoon/ordinario/Bn-ord-G#4-ff-N-N.wav,bassoon,val,0
Winds/Bassoon/ordinario/Bn-ord-G#4-mf-N-R100u.wav,work/trimmed/Winds/Bassoon/ordinario/Bn-ord-G#4-mf-N-R100u.wav,bassoon,val,0
Winds/Bassoon/ordinario/Bn-ord-G#4-pp-N-N.wav,work/trimmed/Winds/Bassoon/ordinario/Bn-ord-G#4-pp-N-N.wav,bassoon,val,0
Winds/Bassoon/ordinario/Bn-ord-G2-ff-N-N.wav,work/trimmed/Winds/Bassoon/ordinario/Bn-ord-G2-ff-N-N.wav,bassoon,train,0
Winds/Bassoon/ordinario/Bn-ord-G2-mf-N-T10d.wav,work/trimmed/Winds/Bassoon/ordinario/Bn-ord-G2-mf-N-T10d.wav,bassoon,train,0
Winds/Bassoon/ordinario/Bn-ord-G2-pp-N-N.wav,work/trimmed/Winds/Bassoon/ordinario/Bn-ord-G2-pp-N-N.wav,bassoon,train,0
Winds/Bassoon/ordinario/Bn-ord-G3-ff-N-N.wav,work/trimmed/Winds/Bassoon/ordinario/Bn-ord-G3-ff-N-N.wav,bassoon,train,0
Winds/Bassoon/ordinario/Bn-ord-G3-mf-N-N.wav,work/trimmed/Winds/Bassoon/ordinario/Bn-ord-G3-mf-N-N.wav,bassoon,train,0
Winds/Bassoon/ordinario/Bn-ord-G3-pp-N-N.wav,work/trimmed/Winds/Bassoon/ordinario/Bn-ord-G3-pp-N-N.wav,bassoon,train,0
Winds/Bassoon/ordinario/Bn-ord-G4-ff-N-N.wav,work/trimmed/Winds/Bassoon/ordinario/Bn-ord-G4-ff-N-N.wav,bassoon,train,0
Winds/Bassoon/ordinario/Bn-ord-G4-mf-N-N.wav,work/trimmed/Winds/Bassoon/ordinario/Bn-ord-G4-mf-N-N.wav,bassoon,train,0
Winds/Bassoon/ordinario/Bn-ord-G4-pp-N-N.wav,work/trimmed/Winds/Bassoon/ordinario/Bn-ord-G4-pp-N-N.wav,bassoon,train,0
Winds/Clarinet_Bb/ordinario/ClBb-ord-A#3-ff-N-T13u.wav,work/trimmed/Winds/Clarinet_Bb/ordinario/ClBb-ord-A#3-ff-N-T13u.wav,clarinet,train,0
Winds/Clarinet_Bb/ordinario/ClBb-ord-A#3-mf-N-N.wav,work/trimmed/Winds/Clarinet_Bb/ordinario/ClBb-ord-A#3-mf-N-N.wav,clarinet,train,0
Winds/Clarinet_Bb/ordinario/ClBb-ord-A#3-pp-N-N.wav,work/trimmed/Winds/Clarinet_Bb/ordinario/ClBb-ord-A#3-pp-N-N.wav,clarinet,train,0
Winds/Clarinet_Bb/ordinario/ClBb-ord-A#4-ff-N-N.wav,work/trimmed/Winds/Clarinet_Bb/ordinario/ClBb-ord-A#4-ff-N-N.wav,clarinet,train,0
Winds/Clarinet_Bb/ordinario/ClBb-ord-A#4-mf-N-N.wav,work/trimmed/Winds/Clarinet_Bb/ordinario/ClBb-ord-A#4-mf-N-N.wav,clarinet,train,0
Winds/Clarinet_Bb/ordinario/ClBb-ord-A#4-pp-N-T15d.wav,work/trimmed/Winds/Clarinet_Bb/ordinario/ClBb-ord-A#4-pp-N-T15d.wav,clarinet,train,0
Winds/Clarinet_Bb/ordinario/ClBb-ord-A#5-ff-N-N.wav,work/trimmed/Winds/Clarinet_Bb/ordinario/ClBb-ord-A#5-ff-N-N.wav,clarinet,val,0
Winds/Clarinet_Bb/ordinario/ClBb-ord-A#5-mf-N-N.wav,work/trimmed/Winds/Clarinet_Bb/ordinario/ClBb-ord-A#5-mf-N-N.wav,clarinet,val,0
Winds/Clarinet_Bb/ordinario/ClBb-ord-A#5-pp-N-N.wav,work/trimmed/Winds/Clarinet_Bb/ordinario/ClBb-ord-A#5-pp-N-N.wav,clarinet,val,0
Winds/Clarinet_Bb/ordinario/ClBb-ord-A3-ff-N-T22u.wav,work/trimmed/Winds/Clarinet_Bb/ordinario/ClBb-ord-A3-ff-N-T22u.wav,clarinet,train,0
Winds/Clarinet_Bb/ordinario/ClBb-ord-A3-mf-N-N.wav,work/trimmed/Winds/Clarinet_Bb/ordinario/ClBb-ord-A3-mf-N-N.wav,clarinet,train,0
Winds/Clarinet_Bb/ordinario/ClBb-ord-A3-pp-N-N.wav,work/trimmed/Winds/Clarinet_Bb/ordinario/ClBb-ord-A3-pp-N-N.wav,clarinet,train,0
Winds/Clarinet_Bb/ordinario/ClBb-ord-A4-ff-N-N.wav,work/trimmed/Winds/Clarinet_Bb/ordinario/ClBb-ord-A4-ff-N-N.wav,clarinet,test,0
Winds/Clarinet_Bb/ordinario/ClBb-ord-A4-mf-N-N.wav,work/trimmed/Winds/Clarinet_Bb/ordinario/ClBb-ord-A4-mf-N-N.wav,clarinet,test,0
Winds/Clarinet_Bb/ordinario/ClBb-ord-A4-pp-N-T13d.wav,work/trimmed/Winds/Clarinet_Bb/ordinario/ClBb-ord-A4-pp-N-T13d.wav,clarinet,test,0
Winds/Clarinet_Bb/ordinario/ClBb-ord-A5-ff-N-N.wav,work/trimmed/Winds/Clarinet_Bb/ordinario/ClBb-ord-A5-ff-N-N.wav,clarinet,val,0
Winds/Clarinet_Bb/ordinario/ClBb-ord-A5-mf-N-N.wav,work/trimmed/Winds/Clarinet_Bb/ordinario/ClBb-ord-A5-mf-N-N.wav,clarinet,val,0
Winds/Clarinet_Bb/ordinario/ClBb-ord-A5-pp-N-N.wav,work/trimmed/Winds/Clarinet_Bb/ordinario/ClBb-ord-A5-pp-N-N.wav,clarinet,val,0
Winds/Clarinet_Bb/ordinario/ClBb-ord-B3-ff-N-T16u.wav,work/trimmed/Winds/Clarinet_Bb/ordinario/ClBb-ord-B3-ff-N-T16u.wav,clarinet,train,0
Winds/Clarinet_Bb/ordinario/ClBb-ord-B3-mf-N-N.wav,work/trimmed/Winds/Clarinet_Bb/ordinario/ClBb-ord-B3-mf-N-N.wav,clarinet,train,0
Winds/Clarinet_Bb/ordinario/ClBb-ord-B3-pp-N-T12d.wav,work/trimmed/Winds/Clarinet_Bb/ordinario/ClBb-ord-B3-pp-N-T12d.wav,clarinet,train,0
Winds/Clarinet_Bb/ordinario/ClBb-ord-B4-ff-N-T21u.wav,work/trimmed/Winds/Clarinet_Bb/ordinario/ClBb-ord-B4-ff-N-T21u.wav,clarinet,train,0
Winds/Clarinet_Bb/ordinario/ClBb-ord-B4-mf-N-T12u.wav,work/trimmed/Winds/Clarinet_Bb/ordinario/ClBb-ord-B4-mf-N-T12u.wav,clarinet,train,0
Winds/Clarinet_Bb/ordinario/ClBb-ord-B4-pp-N-N.wav,work/trimmed/Winds/Clarinet_Bb/ordinario/ClBb-ord-B4-pp-N-N.wav,clarinet,train,0
Winds/Clarinet_Bb/ordinario/ClBb-ord-B5-ff-N-N.wav,work/trimmed/Winds/Clarinet_Bb/ordinario/ClBb-ord-B5-ff-N-N.wav,clarinet,train,0
Winds/Clarinet_Bb/ordinario/ClBb-ord-B5-mf-N-N.wav,work/trimmed/Winds/Clarinet_Bb/ordinario/ClBb-ord-B5-mf-N-N.wav,clarinet,train,0
Winds/Clarinet_Bb/ordinario/ClBb-ord-B5-pp-N-N.wav,work/trimmed/Winds/Clarinet_Bb/ordinario/ClBb-ord-B5-pp-N-N.wav,clarinet,train,0
Winds/Clarinet_Bb/ordinario/ClBb-ord-C#4-ff-N-T15u.wav,work/trimmed/Winds/Clarinet_Bb/ordinario/ClBb-ord-C#4-ff-N-T15u.wav,clarinet,test,0
Winds/Clarinet_Bb/ordinario/ClBb-ord-C#4-mf-N-N.wav,work/trimmed/Winds/Clarinet_Bb/ordinario/ClBb-ord-C#4-mf-N-N.wav,clarinet,test,0
Winds/Clarinet_Bb/ordinario/ClBb-ord-C#4-pp-N-N.wav,work/trimmed/Winds/Clarinet_Bb/ordinario/ClBb-ord-C#4-pp-N-N.wav,clarinet,test,0
Winds/Clarinet_Bb/ordinario/ClBb-ord-C#5-ff-N-T13u.wav,work/trimmed/Winds/Clarinet_Bb/ordinario/ClBb-ord-C#5-ff-N-T13u.wav,clarinet,train,0
Winds/Clarinet_Bb/ordinario/ClBb-ord-C#5-mf-N-N.wav,work/trimmed/Winds/Clarinet_Bb/ordinario/ClBb-ord-C#5-mf-N-N.wav,clarinet,train,0
Winds/Clarinet_Bb/ordinario/ClBb-ord-C#5-pp-N-N.wav,work/trimmed/Winds/Clarinet_Bb/ordinario/ClBb-ord-C#5-pp-N-N.wav,clarinet,train,0
Winds/Clarinet_Bb/ordinario/ClBb-ord-C#6-ff-N-N.wav,work/trimmed/Winds/Clarinet_Bb/ordinario/ClBb-ord-C#6-ff-N-N.wav,clarinet,train,0
Winds/Clarinet_Bb/ordinario/ClBb-ord-C#6-mf-N-N.wav,work/trimmed/Winds/Clarinet_Bb/ordinario/ClBb-ord-C#6-mf-N-N.wav,clarinet,train,0
Winds/Clarinet_Bb/ordinario/ClBb-ord-C#6-pp-N-N.wav,work/trimmed/Winds/Clarinet_Bb/ordinario/ClBb-ord-C#6-pp-N-N.wav,clarinet,train,0
Winds/Clarinet_Bb/ordinario/ClBb-ord-C4-ff-N-T33u.wav,work/trimmed/Winds/Clarinet_Bb/ordinario/ClBb-ord-C4-ff-N-T33u.wav,clarinet,train,0
Winds/Clarinet_Bb/ordinario/ClBb-ord-C4-mf-N-N.wav,work/trimmed/Winds/Clarinet_Bb/ordinario/ClBb-ord-C4-mf-N-N.wav,clarinet,train,0
Winds/Clarinet_Bb/ordinario/ClBb-ord-C4-pp-N-N.wav,work/trimmed/Winds/Clarinet_Bb/ordinario/ClBb-ord-C4-pp-N-N.wav,clarinet,train,0
Winds/Clarinet_Bb/ordinario/ClBb-ord-C5-ff-N-N.wav,work/trimmed/Winds/Clarinet_Bb/ordinario/ClBb-ord-C5-ff-N-N.wav,clarinet,test,0
Winds/Clarinet_Bb/ordinario/ClBb-ord-C5-mf-N-N.wav,work/trimmed/Winds/Clarinet_Bb/ordinario/ClBb-ord-C5-mf-N-N.wav,clarinet,test,0
Winds/Clarinet_Bb/ordinario/ClBb-ord-C5-pp-N-N.wav,work/trimmed/Winds/Clarinet_Bb/ordinario/ClBb-ord-C5-pp-N-N.wav,clarinet,test,0
Winds/Clarinet_Bb/ordinario/ClBb-ord-C6-ff-N-N.wav,work/trimmed/Winds/Clarinet_Bb/ordinario/ClBb-ord-C6-ff-N-N.wav,clarinet,train,0
Winds/Clarinet_Bb/ordinario/ClBb-ord-C6-mf-N-N.wav,work/trimmed/Winds/Clarinet_Bb/ordinario/ClBb-ord-C6-mf-N-N.wav,clarinet,train,0
Winds/Clarinet_Bb/ordinario/ClBb-ord-C6-pp-N-N.wav,work/trimmed/Winds/Clarinet_Bb/ordinario/ClBb-ord-C6-pp-N-N.wav,clarinet,train,0
Winds/Clarinet_Bb/ordinario/ClBb-ord-D#3-ff-N-T35u.wav,work/trimmed/Winds/Clarinet_Bb/ordinario/ClBb-ord-D#3-ff-N-T35u.wav,clarinet,test,0
Winds/Clarinet_Bb/ordinario/ClBb-ord-D#3-mf-N-N.wav,work/trimmed/Winds/Clarinet_Bb/ordinario/ClBb-ord-D#3-mf-N-N.wav,clarinet,test,0
Winds/Clarinet_Bb/ordinario/ClBb-ord-D#3-pp-N-N.wav,work/trimmed/Winds/Clarinet_Bb/ordinario/ClBb-ord-D#3-pp-N-N.wav,clarinet,test,0
Winds/Clarinet_Bb/ordinario/ClBb-ord-D#4-ff-N-T20u.wav,work/trimmed/Winds/Clarinet_Bb/ordinario/ClBb-ord-D#4-ff-N-T20u.wav,clarinet,train,0
Winds/Clarinet_Bb/ordinario/ClBb-ord-D#4-mf-N-N.wav,work/trimmed/Winds/Clarinet_Bb/ordinario/ClBb-ord-D#4-mf-N-N.wav,clarinet,train,0
Winds/Clarinet_Bb/ordinario/ClBb-ord-D#4-pp-N-T12d.wav,work/trimmed/Winds/Clarinet_Bb/ordinario/ClBb-ord-D#4-pp-N-T12d.wav,clarinet,train,0
Winds/Clarinet_Bb/ordinario/ClBb-ord-D#5-ff-N-T11u.wav,work/trimmed/Winds/Clarinet_Bb/ordinario/ClBb-ord-D#5-ff-N-T11u.wav,clarinet,train,0
Winds/Clarinet_Bb/ordinario/ClBb-ord-D#5-mf-N-N.wav,work/trimmed/Winds/Clarinet_Bb/ordinario/ClBb-ord-D#5-mf-N-N.wav,clarinet,train,0
Winds/Clarinet_Bb/ordinario/ClBb-ord-D#5-pp-N-N.wav,work/trimmed/Winds/Clarinet_Bb/ordinario/ClBb-ord-D#5-pp-N-N.wav,clarinet,train,0
Winds/Clarinet_Bb/ordinario/ClBb-ord-D#6-ff-N-N.wav,work/trimmed/Winds/Clarinet_Bb/ordinario/ClBb-ord-D#6-ff-N-N.wav,clarinet,train,0
Winds/Clarinet_Bb/ordinario/ClBb-ord-D#6-mf-N-N.wav,work/trimmed/Winds/Clarinet_Bb/ordinario/ClBb-ord-D#6-mf-N-N.wav,clarinet,train,0
Winds/Clarinet_Bb/ordinario/ClBb-ord-D#6-pp-N-N.wav,work/trimmed/Winds/Clarinet_Bb/ordinario/ClBb-ord-D#6-pp-N-N.wav,clarinet,train,0
Winds/Clarinet_Bb/ordinario/ClBb-ord-D3-ff-N-T31u.wav,work/trimmed/Winds/Clarinet_Bb/ordinario/ClBb-ord-D3-ff-N-T31u.wav,clarinet,train,0
Winds/Clarinet_Bb/ordinario/ClBb-ord-D3-mf-N-N.wav,work/trimmed/Winds/Clarinet_Bb/ordinario/ClBb-ord-D3-mf-N-N.wav,clarinet,train,0
Winds/Clarinet_Bb/ordinario/ClBb-ord-D3-pp-N-N.wav,work/trimmed/Winds/Clarinet_Bb/ordinario/ClBb-ord-D3-pp-N-N.wav,clarinet,train,0
Winds/Clarinet_Bb/ordinario/ClBb-ord-D4-ff-N-T19u.wav,work/trimmed/Winds/Clarinet_Bb/ordinario/ClBb-ord-D4-ff-N-T19u.wav,clarinet,train,0
Winds/Clarinet_Bb/ordinario/ClBb-ord-D4-mf-N-N.wav,work/trimmed/Winds/Clarinet_Bb/ordinario/ClBb-ord-D4-mf-N-N.wav,clarinet,train,0
Winds/Clarinet_Bb/ordinario/ClBb-ord-D4-pp-N-T12d.wav,work/trimmed/Winds/Clarinet_Bb/ordinario/ClBb-ord-D4-pp-N-T12d.wav,clarinet,train,0
Winds/Clarinet_Bb/ordinario/ClBb-ord-D5-ff-N-T14u.wav,work/trimmed/Winds/Clarinet_Bb/ordinario/ClBb-ord-D5-ff-N-T14u.wav,clarinet,val,0
Winds/Clarinet_Bb/ordinario/ClBb-ord-D5-mf-N-N.wav,work/trimmed/Winds/Clarinet_Bb/ordinario/ClBb-ord-D5-mf-N-N.wav,clarinet,val,0
Winds/Clarinet_Bb/ordinario/ClBb-ord-D5-pp-N-N.wav,work/trimmed/Winds/Clarinet_Bb/ordinario/ClBb-ord-D5-pp-N-N.wav,clarinet,val,0
Winds/Clarinet_Bb/ordinario/ClBb-ord-D6-ff-N-N.wav,work/trimmed/Winds/Clarinet_Bb/ordinario/ClBb-ord-D6-ff-N-N.wav,clarinet,train,0
Winds/Clarinet_Bb/ordinario/ClBb-ord-D6-mf-N-N.wav,work/trimmed/Winds/Clarinet_Bb/ordinario/ClBb-ord-D6-mf-N-N.wav,clarinet,train,0
Winds/Clarinet_Bb/ordinario/ClBb-ord-D6-pp-N-N.wav,work/trimmed/Winds/Clarinet_Bb/ordinario/ClBb-ord-D6-pp-N-N.wav,clarinet,train,0
Winds/Clarinet_Bb/ordinario/ClBb-ord-E3-ff-N-T20u.wav,work/trimmed/Winds/Clarinet_Bb/ordinario/ClBb-ord-E3-ff-N-T20u.wav,clarinet,train,0
Winds/Clarinet_Bb/ordinario/ClBb-ord-E3-mf-N-N.wav,work/trimmed/Winds/Clarinet_Bb/ordinario/ClBb-ord-E3-mf-N-N.wav,clarinet,train,0
Winds/Clarinet_Bb/ordinario/ClBb-ord-E3-pp-N-N.wav,work/trimmed/Winds/Clarinet_Bb/ordinario/ClBb-ord-E3-pp-N-N.wav,clarinet,train,0
Winds/Clarinet_Bb/ordinario/ClBb-ord-E4-ff-N-T30u.wav,work/trimmed/Winds/Clarinet_Bb/ordinario/ClBb-ord-E4-ff-N-T30u.wav,clarinet,train,0
Winds/Clarinet_Bb/ordinario/ClBb-ord-E4-mf-N-N.wav,work/trimmed/Winds/Clarinet_Bb/ordinario/ClBb-ord-E4-mf-N-N.wav,clarinet,train,0
Winds/Clarinet_Bb/ordinario/ClBb-ord-E4-pp-N-N.wav,work/trimmed/Winds/Clarinet_Bb/ordinario/ClBb-ord-E4-pp-N-N.wav,clarinet,train,0
Winds/Clarinet_Bb/ordinario/ClBb-ord-E5-ff-N-N.wav,work/trimmed/Winds/Clarinet_Bb/ordinario/ClBb-ord-E5-ff-N-N.wav,clarinet,val,0
Winds/Clarinet_Bb/ordinario/ClBb-ord-E5-mf-N-N.wav,work/trimmed/Winds/Clarinet_Bb/ordinario/ClBb-ord-E5-mf-N-N.wav,clarinet,val,0
Winds/Clarinet_Bb/ordinario/ClBb-ord-E5-pp-N-N.wav,work/trimmed/Winds/Clarinet_Bb/ordinario/ClBb-ord-E5-pp-N-N.wav,clarinet,val,0
Winds/Clarinet_Bb/ordinario/ClBb-ord-E6-ff-N-T10d.wav,work/trimmed/Winds/Clarinet_Bb/ordinario/ClBb-ord-E6-ff-N-T10d.wav,clarinet,val,0
Winds/Clarinet_Bb/ordinario/ClBb-ord-E6-mf-N-T19d.wav,work/trimmed/Winds/Clarinet_Bb/ordinario/ClBb-ord-E6-mf-N-T19d.wav,clarinet,val,0
Winds/Clarinet_Bb/ordinario/ClBb-ord-E6-pp-N-N.wav,work/trimmed/Winds/Clarinet_Bb/ordinario/ClBb-ord-E6-pp-N-N.wav,clarinet,val,0
Winds/Clarinet_Bb/ordinario/ClBb-ord-F#3-ff-N-T21u.wav,work/trimmed/Winds/Clarinet_Bb/ordinario/ClBb-ord-F#3-ff-N-T21u.wav,clarinet,val,0
Winds/Clarinet_Bb/ordinario/ClBb-ord-F#3-mf-N-T15d.wav,work/trimmed/Winds/Clarinet_Bb/ordinario/ClBb-ord-F#3-mf-N-T15d.wav,clarinet,val,0
Winds/Clarinet_Bb/ordinario/ClBb-ord-F#3-pp-N-N.wav,work/trimmed/Winds/Clarinet_Bb/ordinario/ClBb-ord-F#3-pp-N-N.wav,clarinet,val,0
Winds/Clarinet_Bb/ordinario/ClBb-ord-F#4-ff-N-T24u.wav,work/trimmed/Winds/Clarinet_Bb/ordinario/ClBb-ord-F#4-ff-N-T24u.wav,clarinet,test,0
Winds/Clarinet_Bb/ordinario/ClBb-ord-F#4-mf-N-N.wav,work/trimmed/Winds/Clarinet_Bb/ordinario/ClBb-ord-F#4-mf-N-N.wav,clarinet,test,0
Winds/Clarinet_Bb/ordinario/ClBb-ord-F#4-pp-N-N.wav,work/trimmed/Winds/Clarinet_Bb/ordinario/ClBb-ord-F#4-pp-N-N.wav,clarinet,test,0
Winds/Clarinet_Bb/ordinario/ClBb-ord-F#5-ff-N-N.wav,work/trimmed/Winds/Clarinet_Bb/ordinario/ClBb-ord-F#5-ff-N-N.wav,clarinet,train,0
Winds/Clarinet_Bb/ordinario/ClBb-ord-F#5-mf-N-N.wav,work/trimmed/Winds/Clarinet_Bb/ordinario/ClBb-ord-F#5-mf-N-N.wav,clarinet,train,0
Winds/Clarinet_Bb/ordinario/ClBb-ord-F#5-pp-N-T11d.wav,work/trimmed/Winds/Clarinet_Bb/ordinario/ClBb-ord-F#5-pp-N-T11d.wav,clarinet,train,0
Winds/Clarinet_Bb/ordinario/ClBb-ord-F#6-ff-N-T15u.wav,work/trimmed/Winds/Clarinet_Bb/ordinario/ClBb-ord-F#6-ff-N-T15u.wav,clarinet,train,0
Winds/Clarinet_Bb/ordinario/ClBb-ord-F#6-mf-N-T10u.wav,work/trimmed/Winds/Clarinet_Bb/ordinario/ClBb-ord-F#6-mf-N-T10u.wav,clarinet,train,0
Winds/Clarinet_Bb/ordinario/ClBb-ord-F#6-pp-N-T16d.wav,work/trimmed/Winds/Clarinet_Bb/ordinario/ClBb-ord-F#6-pp-N-T16d.wav,clarinet,train,0
Winds/Clarinet_Bb/ordinario/ClBb-ord-F3-ff-N-T16u.wav,work/trimmed/Winds/Clarinet_Bb/ordinario/ClBb-ord-F3-ff-N-T16u.wav,clarinet,train,0
Winds/Clarinet_Bb/ordinario/ClBb-ord-F3-mf-N-N.wav,work/trimmed/Winds/Clarinet_Bb/ordinario/ClBb-ord-F3-mf-N-N.wav,clarinet,train,0
Winds/Clarinet_Bb/ordinario/ClBb-ord-F3-pp-N-T10d.wav,work/trimmed/Winds/Clarinet_Bb/ordinario/ClBb-ord-F3-pp-N-T10d.wav,clarinet,train,0
Winds/Clarinet_Bb/ordinario/ClBb-ord-F4-ff-N-T13u.wav,work/trimmed/Winds/Clarinet_Bb/ordinario/ClBb-ord-F4-ff-N-T13u.wav,clarinet,train,0
Winds/Clarinet_Bb/ordinario/ClBb-ord-F4-mf-N-N.wav,work/trimmed/Winds/Clarinet_Bb/ordinario/ClBb-ord-F4-mf-N-N.wav,clarinet,train,0
Winds/Clarinet_Bb/ordinario/ClBb-ord-F4-pp-N-T14d.wav,work/trimmed/Winds/Clarinet_Bb/ordinario/ClBb-ord-F4-pp-N-T14d.wav,clarinet,train,0
Winds/Clarinet_Bb/ordinario/ClBb-ord-F5-ff-N-N.wav,work/trimmed/Winds/Clarinet_Bb/ordinario/ClBb-ord-F5-ff-N-N.wav,clarinet,train,0
Winds/Clarinet_Bb/ordinario/ClBb-ord-F5-mf-N-N.wav,work/trimmed/Winds/Clarinet_Bb/ordinario/ClBb-ord-F5-mf-N-N.wav,clarinet,train,0
Winds/Clarinet_Bb/ordinario/ClBb-ord-F5-pp-N-N.wav,work/trimmed/Winds/Clarinet_Bb/ordinario/ClBb-ord-F5-pp-N-N.wav,clarinet,train,0
Winds/Clarinet_Bb/ordinario/ClBb-ord-F6-ff-N-T10u.wav,work/trimmed/Winds/Clarinet_Bb/ordinario/ClBb-ord-F6-ff-N-T10u.wav,clarinet,test,0
Winds/Clarinet_Bb/ordinario/ClBb-ord-F6-mf-N-N.wav,work/trimmed/Winds/Clarinet_Bb/ordinario/ClBb-ord-F6-mf-N-N.wav,clarinet,test,0
Winds/Clarinet_Bb/ordinario/ClBb-ord-F6-pp-N-N.wav,work/trimmed/Winds/Clarinet_Bb/ordinario/ClBb-ord-F6-pp-N-N.wav,clarinet,test,0
Winds/Clarinet_Bb/ordinario/ClBb-ord-G#3-ff-N-T19u.wav,work/trimmed/Winds/Clarinet_Bb/ordinario/ClBb-ord-G#3-ff-N-T19u.wav,clarinet,train,0
Winds/Clarinet_Bb/ordinario/ClBb-ord-G#3-mf-N-N.wav,work/trimmed/Winds/Clarinet_Bb/ordinario/ClBb-ord-G#3-mf-N-N.wav,clarinet,train,0
Winds/Clarinet_Bb/ordinario/ClBb-ord-G#3-pp-N-N.wav,work/trimmed/Winds/Clarinet_Bb/ordinario/ClBb-ord-G#3-pp-N-N.wav,clarinet,train,0
Winds/Clarinet_Bb/ordinario/ClBb-ord-G#4-ff-N-N.wav,work/trimmed/Winds/Clarinet_Bb/ordinario/ClBb-ord-G#4-ff-N-N.wav,clarinet,train,0
Winds/Clarinet_Bb/ordinario/ClBb-ord-G#4-mf-N-N.wav,work/trimmed/Winds/Clarinet_Bb/ordinario/ClBb-ord-G#4-mf-N-N.wav,clarinet,train,0
Winds/Clarinet_Bb/ordinario/ClBb-ord-G#4-pp-N-N.wav,work/trimmed/Winds/Clarinet_Bb/ordinario/ClBb-ord-G#4-pp-N-N.wav,clarinet,train,0
Winds/Clarinet_Bb/ordinario/ClBb-ord-G#5-ff-N-N.wav,work/trimmed/Winds/Clarinet_Bb/ordinario/ClBb-ord-G#5-ff-N-N.wav,clarinet,train,0
Winds/Clarinet_Bb/ordinario/ClBb-ord-G#5-mf-N-N.wav,work/trimmed/Winds/Clarinet_Bb/ordinario/ClBb-ord-G#5-mf-N-N.wav,clarinet,train,0
Winds/Clarinet_Bb/ordinario/ClBb-ord-G#5-pp-N-N.wav,work/trimmed/Winds/Clarinet_Bb/ordinario/ClBb-ord-G#5-pp-N-N.wav,clarinet,train,0
Winds/Clarinet_Bb/ordinario/ClBb-ord-G3-ff-N-T20u.wav,work/trimmed/Winds/Clarinet_Bb/ordinario/ClBb-ord-G3-ff-N-T20u.wav,clarinet,train,0
Winds/Clarinet_Bb/ordinario/ClBb-ord-G3-mf-N-N.wav,work/trimmed/Winds/Clarinet_Bb/ordinario/ClBb-ord-G3-mf-N-N.wav,clarinet,train,0
Winds/Clarinet_Bb/ordinario/ClBb-ord-G3-pp-N-T12d.wav,work/trimmed/Winds/Clarinet_Bb/ordinario/ClBb-ord-G3-pp-N-T12d.wav,clarinet,train,0
Winds/Clarinet_Bb/ordinario/ClBb-ord-G4-ff-N-T30u.wav,work/trimmed/Winds/Clarinet_Bb/ordinario/ClBb-ord-G4-ff-N-T30u.wav,clarinet,train,0
Winds/Clarinet_Bb/ordinario/ClBb-ord-G4-mf-N-N.wav,work/trimmed/Winds/Clarinet_Bb/ordinario/ClBb-ord-G4-mf-N-N.wav,clarinet,train,0
Winds/Clarinet_Bb/ordinario/ClBb-ord-G4-pp-N-N.wav,work/trimmed/Winds/Clarinet_Bb/ordinario/ClBb-ord-G4-pp-N-N.wav,clarinet,train,0
Winds/Clarinet_Bb/ordinario/ClBb-ord-G5-ff-N-T12u.wav,work/trimmed/Winds/Clarinet_Bb/ordinario/ClBb-ord-G5-ff-N-T12u.wav,clarinet,train,0
Winds/Clarinet_Bb/ordinario/ClBb-ord-G5-mf-N-N.wav,work/trimmed/Winds/Clarinet_Bb/ordinario/ClBb-ord-G5-mf-N-N.wav,clarinet,train,0
Winds/Clarinet_Bb/ordinario/ClBb-ord-G5-pp-N-N.wav,work/trimmed/Winds/Clarinet_Bb/ordinario/ClBb-ord-G5-pp-N-N.wav,clarinet,train,0
Winds/Clarinet_Bb/ordinario/ClBb-ord-G6-ff-N-N.wav,work/trimmed/Winds/Clarinet_Bb/ordinario/ClBb-ord-G6-ff-N-N.wav,clarinet,train,0
Winds/Clarinet_Bb/ordinario/ClBb-ord-G6-mf-N-N.wav,work/trimmed/Winds/Clarinet_Bb/ordinario/ClBb-ord-G6-mf-N-N.wav,clarinet,train,0
Winds/Clarinet_Bb/ordinario/ClBb-ord-G6-pp-N-N.wav,work/trimmed/Winds/Clarinet_Bb/ordinario/ClBb-ord-G6-pp-N-N.wav,clarinet,train,0
Winds/Flute/ordinario/Fl-ord-A#4-ff-N-N.wav,work/trimmed/Winds/Flute/ordinario/Fl-ord-A#4-ff-N-N.wav,flute,train,0
Winds/Flute/ordinario/Fl-ord-A#4-mf-N-N.wav,work/trimmed/Winds/Flute/ordinario/Fl-ord-A#4-mf-N-N.wav,flute,train,0
Winds/Flute/ordinario/Fl-ord-A#4-pp-N-T11u.wav,work/trimmed/Winds/Flute/ordinario/Fl-ord-A#4-pp-N-T11u.wav,flute,train,0
Winds/Flute/ordinario/Fl-ord-A#5-ff-N-T21d.wav,work/trimmed/Winds/Flute/ordinario/Fl-ord-A#5-ff-N-T21d.wav,flute,train,0
Winds/Flute/ordinario/Fl-ord-A#5-mf-N-T18d.wav,work/trimmed/Winds/Flute/ordinario/Fl-ord-A#5-mf-N-T18d.wav,flute,train,0
Winds/Flute/ordinario/Fl-ord-A#5-pp-N-N.wav,work/trimmed/Winds/Flute/ordinario/Fl-ord-A#5-pp-N-N.wav,flute,train,0
Winds/Flute/ordinario/Fl-ord-A#6-ff-N-T15d.wav,work/trimmed/Winds/Flute/ordinario/Fl-ord-A#6-ff-N-T15d.wav,flute,train,0
Winds/Flute/ordinario/Fl-ord-A#6-mf-N-T11d.wav,work/trimmed/Winds/Flute/ordinario/Fl-ord-A#6-mf-N-T11d.wav,flute,train,0
Winds/Flute/ordinario/Fl-ord-A#6-pp-N-N.wav,work/trimmed/Winds/Flute/ordinario/Fl-ord-A#6-pp-N-N.wav,flute,train,0
Winds/Flute/ordinario/Fl-ord-A4-ff-N-N.wav,work/trimmed/Winds/Flute/ordinario/Fl-ord-A4-ff-N-N.wav,flute,val,0
Winds/Flute/ordinario/Fl-ord-A4-mf-N-N.wav,work/trimmed/Winds/Flute/ordinario/Fl-ord-A4-mf-N-N.wav,flute,val,0
Winds/Flute/ordinario/Fl-ord-A4-pp-N-T18u.wav,work/trimmed/Winds/Flute/ordinario/Fl-ord-A4-pp-N-T18u.wav,flute,val,0
Winds/Flute/ordinario/Fl-ord-A5-ff-N-T22d.wav,work/trimmed/Winds/Flute/ordinario/Fl-ord-A5-ff-N-T22d.wav,flute,train,0
Winds/Flute/ordinario/Fl-ord-A5-mf-N-T11d.wav,work/trimmed/Winds/Flute/ordinario/Fl-ord-A5-mf-N-T11d.wav,flute,train,0
Winds/Flute/ordinario/Fl-ord-A5-pp-N-N.wav,work/trimmed/Winds/Flute/ordinario/Fl-ord-A5-pp-N-N.wav,flute,train,0
Winds/Flute/ordinario/Fl-ord-A6-ff-N-T13d.wav,work/trimmed/Winds/Flute/ordinario/Fl-ord-A6-ff-N-T13d.wav,flute,val,0
Winds/Flute/ordinario/Fl-ord-A6-mf-N-N.wav,work/trimmed/Winds/Flute/ordinario/Fl-ord-A6-mf-N-N.wav,flute,val,0
Winds/Flute/ordinario/Fl-ord-A6-pp-N-N.wav,work/trimmed/Winds/Flute/ordinario/Fl-ord-A6-pp-N-N.wav,flute,val,0
Winds/Flute/ordinario/Fl-ord-B3-ff-N-N.wav,work/trimmed/Winds/Flute/ordinario/Fl-ord-B3-ff-N-N.wav,flute,train,0
Winds/Flute/ordinario/Fl-ord-B3-mf-N-N.wav,work/trimmed/Winds/Flute/ordinario/Fl-ord-B3-mf-N-N.wav,flute,train,0
Winds/Flute/ordinario/Fl-ord-B3-pp-N-T19u.wav,work/trimmed/Winds/Flute/ordinario/Fl-ord-B3-pp-N-T19u.wav,flute,train,0
Winds/Flute/ordinario/Fl-ord-B4-ff-N-T10d.wav,work/trimmed/Winds/Flute/ordinario/Fl-ord-B4-ff-N-T10d.wav,flute,train,0
Winds/Flute/ordinario/Fl-ord-B4-mf-N-N.wav,work/trimmed/Winds/Flute/ordinario/Fl-ord-B4-mf-N-N.wav,flute,train,0
Winds/Flute/ordinario/Fl-ord-B4-pp-N-N.wav,work/trimmed/Winds/Flute/ordinario/Fl-ord-B4-pp-N-N.wav,flute,train,0
Winds/Flute/ordinario/Fl-ord-B5-ff-N-T20d.wav,work/trimmed/Winds/Flute/ordinario/Fl-ord-B5-ff-N-T20d.wav,flute,val,0
Winds/Flute/ordinario/Fl-ord-B5-mf-N-T17d.wav,work/trimmed/Winds/Flute/ordinario/Fl-ord-B5-mf-N-T17d.wav,flute,val,0
Winds/Flute/ordinario/Fl-ord-B5-pp-N-N.wav,work/trimmed/Winds/Flute/ordinario/Fl-ord-B5-pp-N-N.wav,flute,val,0
Winds/Flute/ordinario/Fl-ord-B6-ff-N-T21d.wav,work/trimmed/Winds/Flute/ordinario/Fl-ord-B6-ff-N-T21d.wav,flute,train,0
Winds/Flute/ordinario/Fl-ord-B6-mf-N-N.wav,work/trimmed/Winds/Flute/ordinario/Fl-ord-B6-mf-N-N.wav,flute,train,0
Winds/Flute/ordinario/Fl-ord-B6-pp-N-T11u.wav,work/trimmed/Winds/Flute/ordinario/Fl-ord-B6-pp-N-T11u.wav,flute,train,0
Winds/Flute/ordinario/Fl-ord-C#4-ff-N-N.wav,work/trimmed/Winds/Flute/ordinario/Fl-ord-C#4-ff-N-N.wav,flute,test,0
Winds/Flute/ordinario/Fl-ord-C#4-mf-N-N.wav,work/trimmed/Winds/Flute/ordinario/Fl-ord-C#4-mf-N-N.wav,flute,test,0
Winds/Flute/ordinario/Fl-ord-C#4-pp-N-N.wav,work/trimmed/Winds/Flute/ordinario/Fl-ord-C#4-pp-N-N.wav,flute,test,0
Winds/Flute/ordinario/Fl-ord-C#5-ff-N-N.wav,work/trimmed/Winds/Flute/ordinario/Fl-ord-C#5-ff-N-N.wav,flute,train,0
Winds/Flute/ordinario/Fl-ord-C#5-mf-N-N.wav,work/trimmed/Winds/Flute/ordinario/Fl-ord-C#5-mf-N-N.wav,flute,train,0
Winds/Flute/ordinario/Fl-ord-C#5-pp-N-T10u.wav,work/trimmed/Winds/Flute/ordinario/Fl-ord-C#5-pp-N-T10u.wav,flute,train,0
Winds/Flute/ordinario/Fl-ord-C#6-ff-N-T30d.wav,work/trimmed/Winds/Flute/ordinario/Fl-ord-C#6-ff-N-T30d.wav,flute,train,0
Winds/Flute/ordinario/Fl-ord-C#6-mf-N-T15d.wav,work/trimmed/Winds/Flute/ordinario/Fl-ord-C#6-mf-N-T15d.wav,flute,train,0
Winds/Flute/ordinario/Fl-ord-C#6-pp-N-T12d.wav,work/trimmed/Winds/Flute/ordinario/Fl-ord-C#6-pp-N-T12d.wav,flute,train,0
Winds/Flute/ordinario/Fl-ord-C#7-ff-N-N.wav,work/trimmed/Winds/Flute/ordinario/Fl-ord-C#7-ff-N-N.wav,flute,train,0
Winds/Flute/ordinario/Fl-ord-C#7-p-N-T12u.wav,work/trimmed/Winds/Flute/ordinario/Fl-ord-C#7-p-N-T12u.wav,flute,train,0
Winds/Flute/ordinario/Fl-ord-C4-ff-N-N.wav,work/trimmed/Winds/Flute/ordinario/Fl-ord-C4-ff-N-N.wav,flute,val,0
Winds/Flute/ordinario/Fl-ord-C4-mf-N-T14d.wav,work/trimmed/Winds/Flute/ordinario/Fl-ord-C4-mf-N-T14d.wav,flute,val,0
Winds/Flute/ordinario/Fl-ord-C4-pp-N-N.wav,work/trimmed/Winds/Flute/ordinario/Fl-ord-C4-pp-N-N.wav,flute,val,0
Winds/Flute/ordinario/Fl-ord-C5-ff-N-T19d.wav,work/trimmed/Winds/Flute/ordinario/Fl-ord-C5-ff-N-T19d.wav,flute,train,0
Winds/Flute/ordinario/Fl-ord-C5-mf-N-T17d.wav,work/trimmed/Winds/Flute/ordinario/Fl-ord-C5-mf-N-T17d.wav,flute,train,0
Winds/Flute/ordinario/Fl-ord-C5-pp-N-N.wav,work/trimmed/Winds/Flute/ordinario/Fl-ord-C5-pp-N-N.wav,flute,train,0
Winds/Flute/ordinario/Fl-ord-C6-ff-N-T38d.wav,work/trimmed/Winds/Flute/ordinario/Fl-ord-C6-ff-N-T38d.wav,flute,test,0
Winds/Flute/ordinario/Fl-ord-C6-mf-N-T25d.wav,work/trimmed/Winds/Flute/ordinario/Fl-ord-C6-mf-N-T25d.wav,flute,test,0
Winds/Flute/ordinario/Fl-ord-C6-pp-N-N.wav,work/trimmed/Winds/Flute/ordinario/Fl-ord-C6-pp-N-N.wav,flute,test,0
Winds/Flute/ordinario/Fl-ord-C7-ff-N-N.wav,work/trimmed/Winds/Flute/ordinario/Fl-ord-C7-ff-N-N.wav,flute,train,0
Winds/Flute/ordinario/Fl-ord-C7-mf-N-N.wav,work/trimmed/Winds/Flute/ordinario/Fl-ord-C7-mf-N-N.wav,flute,train,0
Winds/Flute/ordinario/Fl-ord-C7-pp-N-N.wav,work/trimmed/Winds/Flute/ordinario/Fl-ord-C7-pp-N-N.wav,flute,train,0
Winds/Flute/ordinario/Fl-ord-D#4-ff-N-N.wav,work/trimmed/Winds/Flute/ordinario/Fl-ord-D#4-ff-N-N.wav,flute,train,0
Winds/Flute/ordinario/Fl-ord-D#4-mf-N-N.wav,work/trimmed/Winds/Flute/ordinario/Fl-ord-D#4-mf-N-N.wav,flute,train,0
Winds/Flute/ordinario/Fl-ord-D#4-pp-N-N.wav,work/trimmed/Winds/Flute/ordinario/Fl-ord-D#4-pp-N-N.wav,flute,train,0
Winds/Flute/ordinario/Fl-ord-D#5-ff-N-N.wav,work/trimmed/Winds/Flute/ordinario/Fl-ord-D#5-ff-N-N.wav,flute,test,0
Winds/Flute/ordinario/Fl-ord-D#5-mf-N-N.wav,work/trimmed/Winds/Flute/ordinario/Fl-ord-D#5-mf-N-N.wav,flute,test,0
Winds/Flute/ordinario/Fl-ord-D#5-pp-N-T10u.wav,work/trimmed/Winds/Flute/ordinario/Fl-ord-D#5-pp-N-T10u.wav,flute,test,0
Winds/Flute/ordinario/Fl-ord-D#6-ff-N-T16d.wav,work/trimmed/Winds/Flute/ordinario/Fl-ord-D#6-ff-N-T16d.wav,flute,train,0
Winds/Flute/ordinario/Fl-ord-D#6-mf-N-T12d.wav,work/trimmed/Winds/Flute/ordinario/Fl-ord-D#6-mf-N-T12d.wav,flute,train,0
Winds/Flute/ordinario/Fl-ord-D#6-pp-N-N.wav,work/trimmed/Winds/Flute/ordinario/Fl-ord-D#6-pp-N-N.wav,flute,train,0
Winds/Flute/ordinario/Fl-ord-D4-ff-N-N.wav,work/trimmed/Winds/Flute/ordinario/Fl-ord-D4-ff-N-N.wav,flute,train,0
Winds/Flute/ordinario/Fl-ord-D4-mf-N-N.wav,work/trimmed/Winds/Flute/ordinario/Fl-ord-D4-mf-N-N.wav,flute,train,0
Winds/Flute/ordinario/Fl-ord-D4-pp-N-N.wav,work/trimmed/Winds/Flute/ordinario/Fl-ord-D4-pp-N-N.wav,flute,train,0
Winds/Flute/ordinario/Fl-ord-D5-ff-N-N.wav,work/trimmed/Winds/Flute/ordinario/Fl-ord-D5-ff-N-N.wav,flute,val,0
Winds/Flute/ordinario/Fl-ord-D5-mf-N-T11d.wav,work/trimmed/Winds/Flute/ordinario/Fl-ord-D5-mf-N-T11d.wav,flute,val,0
Winds/Flute/ordinario/Fl-ord-D5-pp-N-N.wav,work/trimmed/Winds/Flute/ordinario/Fl-ord-D5-pp-N-N.wav,flute,val,0
Winds/Flute/ordinario/Fl-ord-D6-ff-N-T20d.wav,work/trimmed/Winds/Flute/ordinario/Fl-ord-D6-ff-N-T20d.wav,flute,train,0
Winds/Flute/ordinario/Fl-ord-D6-mf-N-T11d.wav,work/trimmed/Winds/Flute/ordinario/Fl-ord-D6-mf-N-T11d.wav,flute,train,0
Winds/Flute/ordinario/Fl-ord-D6-pp-N-N.wav,work/trimmed/Winds/Flute/ordinario/Fl-ord-D6-pp-N-N.wav,flute,train,0
Winds/Flute/ordinario/Fl-ord-D7-ff-N-N.wav,work/trimmed/Winds/Flute/ordinario/Fl-ord-D7-ff-N-N.wav,flute,test,0
Winds/Flute/ordinario/Fl-ord-D7-p-N-N.wav,work/trimmed/Winds/Flute/ordinario/Fl-ord-D7-p-N-N.wav,flute,test,0
Winds/Flute/ordinario/Fl-ord-E4-ff-N-N.wav,work/trimmed/Winds/Flute/ordinario/Fl-ord-E4-ff-N-N.wav,flute,val,0
Winds/Flute/ordinario/Fl-ord-E4-mf-N-N.wav,work/trimmed/Winds/Flute/ordinario/Fl-ord-E4-mf-N-N.wav,flute,val,0
Winds/Flute/ordinario/Fl-ord-E4-pp-N-N.wav,work/trimmed/Winds/Flute/ordinario/Fl-ord-E4-pp-N-N.wav,flute,val,0
Winds/Flute/ordinario/Fl-ord-E5-ff-N-N.wav,work/trimmed/Winds/Flute/ordinario/Fl-ord-E5-ff-N-N.wav,flute,train,0
Winds/Flute/ordinario/Fl-ord-E5-mf-N-N.wav,work/trimmed/Winds/Flute/ordinario/Fl-ord-E5-mf-N-N.wav,flute,train,0
Winds/Flute/ordinario/Fl-ord-E5-pp-N-T13u.wav,work/trimmed/Winds/Flute/ordinario/Fl-ord-E5-pp-N-T13u.wav,flute,train,0
Winds/Flute/ordinario/Fl-ord-E6-ff-N-T25d.wav,work/trimmed/Winds/Flute/ordinario/Fl-ord-E6-ff-N-T25d.wav,flute,test,0
Winds/Flute/ordinario/Fl-ord-E6-mf-N-T17d.wav,work/trimmed/Winds/Flute/ordinario/Fl-ord-E6-mf-N-T17d.wav,flute,test,0
Winds/Flute/ordinario/Fl-ord-E6-pp-N-N.wav,work/trimmed/Winds/Flute/ordinario/Fl-ord-E6-pp-N-N.wav,flute,test,0
Winds/Flute/ordinario/Fl-ord-F#4-ff-N-N.wav,work/trimmed/Winds/Flute/ordinario/Fl-ord-F#4-ff-N-N.wav,flute,train,0
Winds/Flute/ordinario/Fl-ord-F#4-mf-N-N.wav,work/trimmed/Winds/Flute/ordinario/Fl-ord-F#4-mf-N-N.wav,flute,train,0
Winds/Flute/ordinario/Fl-ord-F#4-pp-N-N.wav,work/trimmed/Winds/Flute/ordinario/Fl-ord-F#4-pp-N-N.wav,flute,train,0
Winds/Flute/ordinario/Fl-ord-F#5-ff-N-T11d.wav,work/trimmed/Winds/Flute/ordinario/Fl-ord-F#5-ff-N-T11d.wav,flute,train,0
Winds/Flute/ordinario/Fl-ord-F#5-mf-N-N.wav,work/trimmed/Winds/Flute/ordinario/Fl-ord-F#5-mf-N-N.wav,flute,train,0
Winds/Flute/ordinario/Fl-ord-F#5-pp-N-N.wav,work/trimmed/Winds/Flute/ordinario/Fl-ord-F#5-pp-N-N.wav,flute,train,0
Winds/Flute/ordinario/Fl-ord-F#6-ff-N-T19d.wav,work/trimmed/Winds/Flute/ordinario/Fl-ord-F#6-ff-N-T19d.wav,flute,train,0
Winds/Flute/ordinario/Fl-ord-F#6-mf-N-T10d.wav,work/trimmed/Winds/Flute/ordinario/Fl-ord-F#6-mf-N-T10d.wav,flute,train,0
Winds/Flute/ordinario/Fl-ord-F#6-pp-N-N.wav,work/trimmed/Winds/Flute/ordinario/Fl-ord-F#6-pp-N-N.wav,flute,train,0
Winds/Flute/ordinario/Fl-ord-F4-ff-N-N.wav,work/trimmed/Winds/Flute/ordinario/Fl-ord-F4-ff-N-N.wav,flute,train,0
Winds/Flute/ordinario/Fl-ord-F4-mf-N-N.wav,work/trimmed/Winds/Flute/ordinario/Fl-ord-F4-mf-N-N.wav,flute,train,0
Winds/Flute/ordinario/Fl-ord-F4-pp-N-N.wav,work/trimmed/Winds/Flute/ordinario/Fl-ord-F4-pp-N-N.wav,flute,train,0
Winds/Flute/ordinario/Fl-ord-F5-ff-N-T13d.wav,work/trimmed/Winds/Flute/ordinario/Fl-ord-F5-ff-N-T13d.wav,flute,train,0
Winds/Flute/ordinario/Fl-ord-F5-mf-N-N.wav,work/trimmed/Winds/Flute/ordinario/Fl-ord-F5-mf-N-N.wav,flute,train,0
Winds/Flute/ordinario/Fl-ord-F5-pp-N-N.wav,work/trimmed/Winds/Flute/ordinario/Fl-ord-F5-pp-N-N.wav,flute,train,0
Winds/Flute/ordinario/Fl-ord-F6-ff-N-T15d.wav,work/trimmed/Winds/Flute/ordinario/Fl-ord-F6-ff-N-T15d.wav,flute,train,0
Winds/Flute/ordinario/Fl-ord-F6-mf-N-N.wav,work/trimmed/Winds/Flute/ordinario/Fl-ord-F6-mf-N-N.wav,flute,train,0
Winds/Flute/ordinario/Fl-ord-F6-pp-N-N.wav,work/trimmed/Winds/Flute/ordinario/Fl-ord-F6-pp-N-N.wav,flute,train,0
Winds/Flute/ordinario/Fl-ord-G#4-ff-N-N.wav,work/trimmed/Winds/Flute/ordinario/Fl-ord-G#4-ff-N-N.wav,flute,train,0
Winds/Flute/ordinario/Fl-ord-G#4-mf-N-N.wav,work/trimmed/Winds/Flute/ordinario/Fl-ord-G#4-mf-N-N.wav,flute,train,0
Winds/Flute/ordinario/Fl-ord-G#4-pp-N-N.wav,work/trimmed/Winds/Flute/ordinario/Fl-ord-G#4-pp-N-N.wav,flute,train,0
Winds/Flute/ordinario/Fl-ord-G#5-ff-N-T19d.wav,work/trimmed/Winds/Flute/ordinario/Fl-ord-G#5-ff-N-T19d.wav,flute,train,0
Winds/Flute/ordinario/Fl-ord-G#5-mf-N-N.wav,work/trimmed/Winds/Flute/ordinario/Fl-ord-G#5-mf-N-N.wav,flute,train,0
Winds/Flute/ordinario/Fl-ord-G#5-pp-N-N.wav,work/trimmed/Winds/Flute/ordinario/Fl-ord-G#5-pp-N-N.wav,flute,train,0
Winds/Flute/ordinario/Fl-ord-G#6-ff-N-T17d.wav,work/trimmed/Winds/Flute/ordinario/Fl-ord-G#6-ff-N-T17d.wav,flute,train,0
Winds/Flute/ordinario/Fl-ord-G#6-mf-N-T14d.wav,work/trimmed/Winds/Flute/ordinario/Fl-ord-G#6-mf-N-T14d.wav,flute,train,0
Winds/Flute/ordinario/Fl-ord-G#6-pp-N-N.wav,work/trimmed/Winds/Flute/ordinario/Fl-ord-G#6-pp-N-N.wav,flute,train,0
Winds/Flute/ordinario/Fl-ord-G4-ff-N-N.wav,work/trimmed/Winds/Flute/ordinario/Fl-ord-G4-ff-N-N.wav,flute,test,0
Winds/Flute/ordinario/Fl-ord-G4-mf-N-N.wav,work/trimmed/Winds/Flute/ordinario/Fl-ord-G4-mf-N-N.wav,flute,test,0
Winds/Flute/ordinario/Fl-ord-G4-pp-N-N.wav,work/trimmed/Winds/Flute/ordinario/Fl-ord-G4-pp-N-N.wav,flute,test,0
Winds/Flute/ordinario/Fl-ord-G5-ff-N-T14d.wav,work/trimmed/Winds/Flute/ordinario/Fl-ord-G5-ff-N-T14d.wav,flute,train,0
Winds/Flute/ordinario/Fl-ord-G5-mf-N-T16d.wav,work/trimmed/Winds/Flute/ordinario/Fl-ord-G5-mf-N-T16d.wav,flute,train,0
Winds/Flute/ordinario/Fl-ord-G5-pp-N-T11u.wav,work/trimmed/Winds/Flute/ordinario/Fl-ord-G5-pp-N-T11u.wav,flute,train,0
Winds/Flute/ordinario/Fl-ord-G6-ff-N-N.wav,work/trimmed/Winds/Flute/ordinario/Fl-ord-G6-ff-N-N.wav,flute,train,0
Winds/Flute/ordinario/Fl-ord-G6-mf-N-N.wav,work/trimmed/Winds/Flute/ordinario/Fl-ord-G6-mf-N-N.wav,flute,train,0
Winds/Flute/ordinario/Fl-ord-G6-pp-N-N.wav,work/trimmed/Winds/Flute/ordinario/Fl-ord-G6-pp-N-N.wav,flute,train,0
Winds/Oboe/ordinario/Ob-ord-A#3-ff-N-T10d.wav,work/trimmed/Winds/Oboe/ordinario/Ob-ord-A#3-ff-N-T10d.wav,oboe,val,0
Winds/Oboe/ordinario/Ob-ord-A#3-mf-N-N.wav,work/trimmed/Winds/Oboe/ordinario/Ob-ord-A#3-mf-N-N.wav,oboe,val,0
Winds/Oboe/ordinario/Ob-ord-A#3-pp-N-T12d.wav,work/trimmed/Winds/Oboe/ordinario/Ob-ord-A#3-pp-N-T12d.wav,oboe,val,0
Winds/Oboe/ordinario/Ob-ord-A#4-ff-N-N.wav,work/trimmed/Winds/Oboe/ordinario/Ob-ord-A#4-ff-N-N.wav,oboe,train,0
Winds/Oboe/ordinario/Ob-ord-A#4-mf-N-R100u.wav,work/trimmed/Winds/Oboe/ordinario/Ob-ord-A#4-mf-N-R100u.wav,oboe,train,0
Winds/Oboe/ordinario/Ob-ord-A#4-pp-N-N.wav,work/trimmed/Winds/Oboe/ordinario/Ob-ord-A#4-pp-N-N.wav,oboe,train,0
Winds/Oboe/ordinario/Ob-ord-A#5-ff-N-N.wav,work/trimmed/Winds/Oboe/ordinario/Ob-ord-A#5-ff-N-N.wav,oboe,test,0
Winds/Oboe/ordinario/Ob-ord-A#5-mf-N-N.wav,work/trimmed/Winds/Oboe/ordinario/Ob-ord-A#5-mf-N-N.wav,oboe,test,0
Winds/Oboe/ordinario/Ob-ord-A#5-pp-N-T14u.wav,work/trimmed/Winds/Oboe/ordinario/Ob-ord-A#5-pp-N-T14u.wav,oboe,test,0
Winds/Oboe/ordinario/Ob-ord-A4-ff-N-N.wav,work/trimmed/Winds/Oboe/ordinario/Ob-ord-A4-ff-N-N.wav,oboe,val,0
Winds/Oboe/ordinario/Ob-ord-A4-mf-N-N.wav,work/trimmed/Winds/Oboe/ordinario/Ob-ord-A4-mf-N-N.wav,oboe,val,0
Winds/Oboe/ordinario/Ob-ord-A4-pp-N-N.wav,work/trimmed/Winds/Oboe/ordinario/Ob-ord-A4-pp-N-N.wav,oboe,val,0
Winds/Oboe/ordinario/Ob-ord-A5-ff-N-T19u.wav,work/trimmed/Winds/Oboe/ordinario/Ob-ord-A5-ff-N-T19u.wav,oboe,test,0
Winds/Oboe/ordinario/Ob-ord-A5-mf-N-T11u.wav,work/trimmed/Winds/Oboe/ordinario/Ob-ord-A5-mf-N-T11u.wav,oboe,test,0
Winds/Oboe/ordinario/Ob-ord-A5-pp-N-N.wav,work/trimmed/Winds/Oboe/ordinario/Ob-ord-A5-pp-N-N.wav,oboe,test,0
Winds/Oboe/ordinario/Ob-ord-A6-ff-N-T18u.wav,work/trimmed/Winds/Oboe/ordinario/Ob-ord-A6-ff-N-T18u.wav,oboe,val,0
Winds/Oboe/ordinario/Ob-ord-A6-pp-N-N.wav,work/trimmed/Winds/Oboe/ordinario/Ob-ord-A6-pp-N-N.wav,oboe,val,0
Winds/Oboe/ordinario/Ob-ord-B3-ff-N-N.wav,work/trimmed/Winds/Oboe/ordinario/Ob-ord-B3-ff-N-N.wav,oboe,train,0
Winds/Oboe/ordinario/Ob-ord-B3-mf-N-N.wav,work/trimmed/Winds/Oboe/ordinario/Ob-ord-B3-mf-N-N.wav,oboe,train,0
Winds/Oboe/ordinario/Ob-ord-B3-pp-N-N.wav,work/trimmed/Winds/Oboe/ordinario/Ob-ord-B3-pp-N-N.wav,oboe,train,0
Winds/Oboe/ordinario/Ob-ord-B4-ff-N-T13d.wav,work/trimmed/Winds/Oboe/ordinario/Ob-ord-B4-ff-N-T13d.wav,oboe,train,0
Winds/Oboe/ordinario/Ob-ord-B4-mf-N-N.wav,work/trimmed/Winds/Oboe/ordinario/Ob-ord-B4-mf-N-N.wav,oboe,train,0
Winds/Oboe/ordinario/Ob-ord-B4-pp-N-N.wav,work/trimmed/Winds/Oboe/ordinario/Ob-ord-B4-pp-N-N.wav,oboe,train,0
Winds/Oboe/ordinario/Ob-ord-B5-ff-N-T11u.wav,work/trimmed/Winds/Oboe/ordinario/Ob-ord-B5-ff-N-T11u.wav,oboe,train,0
Winds/Oboe/ordinario/Ob-ord-B5-mf-N-T12u.wav,work/trimmed/Winds/Oboe/ordinario/Ob-ord-B5-mf-N-T12u.wav,oboe,train,0
Winds/Oboe/ordinario/Ob-ord-B5-pp-N-T20u.wav,work/trimmed/Winds/Oboe/ordinario/Ob-ord-B5-pp-N-T20u.wav,oboe,train,0
Winds/Oboe/ordinario/Ob-ord-C#4-ff-N-N.wav,work/trimmed/Winds/Oboe/ordinario/Ob-ord-C#4-ff-N-N.wav,oboe,train,0
Winds/Oboe/ordinario/Ob-ord-C#4-mf-N-N.wav,work/trimmed/Winds/Oboe/ordinario/Ob-ord-C#4-mf-N-N.wav,oboe,train,0
Winds/Oboe/ordinario/Ob-ord-C#4-pp-N-R100u.wav,work/trimmed/Winds/Oboe/ordinario/Ob-ord-C#4-pp-N-R100u.wav,oboe,train,0
Winds/Oboe/ordinario/Ob-ord-C#5-ff-N-N.wav,work/trimmed/Winds/Oboe/ordinario/Ob-ord-C#5-ff-N-N.wav,oboe,train,0
Winds/Oboe/ordinario/Ob-ord-C#5-mf-N-N.wav,work/trimmed/Winds/Oboe/ordinario/Ob-ord-C#5-mf-N-N.wav,oboe,train,0
Winds/Oboe/ordinario/Ob-ord-C#5-pp-N-N.wav,work/trimmed/Winds/Oboe/ordinario/Ob-ord-C#5-pp-N-N.wav,oboe,train,0
Winds/Oboe/ordinario/Ob-ord-C#6-ff-N-N.wav,work/trimmed/Winds/Oboe/ordinario/Ob-ord-C#6-ff-N-N.wav,oboe,train,0
Winds/Oboe/ordinario/Ob-ord-C#6-mf-N-N.wav,work/trimmed/Winds/Oboe/ordinario/Ob-ord-C#6-mf-N-N.wav,oboe,train,0
Winds/Oboe/ordinario/Ob-ord-C#6-pp-N-T10u.wav,work/trimmed/Winds/Oboe/ordinario/Ob-ord-C#6-pp-N-T10u.wav,oboe,train,0
Winds/Oboe/ordinario/Ob-ord-C4-ff-N-N.wav,work/trimmed/Winds/Oboe/ordinario/Ob-ord-C4-ff-N-N.wav,oboe,test,0
Winds/Oboe/ordinario/Ob-ord-C4-mf-N-N.wav,work/trimmed/Winds/Oboe/ordinario/Ob-ord-C4-mf-N-N.wav,oboe,test,0
Winds/Oboe/ordinario/Ob-ord-C4-pp-N-N.wav,work/trimmed/Winds/Oboe/ordinario/Ob-ord-C4-pp-N-N.wav,oboe,test,0
Winds/Oboe/ordinario/Ob-ord-C5-ff-N-N.wav,work/trimmed/Winds/Oboe/ordinario/Ob-ord-C5-ff-N-N.wav,oboe,val,0
Winds/Oboe/ordinario/Ob-ord-C5-mf-N-N.wav,work/trimmed/Winds/Oboe/ordinario/Ob-ord-C5-mf-N-N.wav,oboe,val,0
Winds/Oboe/ordinario/Ob-ord-C5-pp-N-N.wav,work/trimmed/Winds/Oboe/ordinario/Ob-ord-C5-pp-N-N.wav,oboe,val,0
Winds/Oboe/ordinario/Ob-ord-C6-ff-N-N.wav,work/trimmed/Winds/Oboe/ordinario/Ob-ord-C6-ff-N-N.wav,oboe,train,0
Winds/Oboe/ordinario/Ob-ord-C6-mf-N-N.wav,work/trimmed/Winds/Oboe/ordinario/Ob-ord-C6-mf-N-N.wav,oboe,train,0
Winds/Oboe/ordinario/Ob-ord-C6-pp-N-T13u.wav,work/trimmed/Winds/Oboe/ordinario/Ob-ord-C6-pp-N-T13u.wav,oboe,train,0
Winds/Oboe/ordinario/Ob-ord-D#4-ff-N-N.wav,work/trimmed/Winds/Oboe/ordinario/Ob-ord-D#4-ff-N-N.wav,oboe,train,0
Winds/Oboe/ordinario/Ob-ord-D#4-mf-N-N.wav,work/trimmed/Winds/Oboe/ordinario/Ob-ord-D#4-mf-N-N.wav,oboe,train,0
Winds/Oboe/ordinario/Ob-ord-D#4-pp-N-N.wav,work/trimmed/Winds/Oboe/ordinario/Ob-ord-D#4-pp-N-N.wav,oboe,train,0
Winds/Oboe/ordinario/Ob-ord-D#5-ff-N-N.wav,work/trimmed/Winds/Oboe/ordinario/Ob-ord-D#5-ff-N-N.wav,oboe,train,0
Winds/Oboe/ordinario/Ob-ord-D#5-mf-N-N.wav,work/trimmed/Winds/Oboe/ordinario/Ob-ord-D#5-mf-N-N.wav,oboe,train,0
Winds/Oboe/ordinario/Ob-ord-D#5-pp-N-N.wav,work/trimmed/Winds/Oboe/ordinario/Ob-ord-D#5-pp-N-N.wav,oboe,train,0
Winds/Oboe/ordinario/Ob-ord-D#6-ff-N-N.wav,work/trimmed/Winds/Oboe/ordinario/Ob-ord-D#6-ff-N-N.wav,oboe,val,0
Winds/Oboe/ordinario/Ob-ord-D#6-mf-N-N.wav,work/trimmed/Winds/Oboe/ordinario/Ob-ord-D#6-mf-N-N.wav,oboe,val,0
Winds/Oboe/ordinario/Ob-ord-D#6-pp-N-N.wav,work/trimmed/Winds/Oboe/ordinario/Ob-ord-D#6-pp-N-N.wav,oboe,val,0
Winds/Oboe/ordinario/Ob-ord-D4-ff-N-N.wav,work/trimmed/Winds/Oboe/ordinario/Ob-ord-D4-ff-N-N.wav,oboe,train,0
Winds/Oboe/ordinario/Ob-ord-D4-mf-N-N.wav,work/trimmed/Winds/Oboe/ordinario/Ob-ord-D4-mf-N-N.wav,oboe,train,0
Winds/Oboe/ordinario/Ob-ord-D4-pp-N-N.wav,work/trimmed/Winds/Oboe/ordinario/Ob-ord-D4-pp-N-N.wav,oboe,train,0
Winds/Oboe/ordinario/Ob-ord-D5-ff-N-N.wav,work/trimmed/Winds/Oboe/ordinario/Ob-ord-D5-ff-N-N.wav,oboe,train,0
Winds/Oboe/ordinario/Ob-ord-D5-mf-N-N.wav,work/trimmed/Winds/Oboe/ordinario/Ob-ord-D5-mf-N-N.wav,oboe,train,0
Winds/Oboe/ordinario/Ob-ord-D5-pp-N-N.wav,work/trimmed/Winds/Oboe/ordinario/Ob-ord-D5-pp-N-N.wav,oboe,train,0
Winds/Oboe/ordinario/Ob-ord-D6-ff-N-R100u.wav,work/trimmed/Winds/Oboe/ordinario/Ob-ord-D6-ff-N-R100u.wav,oboe,train,0
Winds/Oboe/ordinario/Ob-ord-D6-mf-N-N.wav,work/trimmed/Winds/Oboe/ordinario/Ob-ord-D6-mf-N-N.wav,oboe,train,0
Winds/Oboe/ordinario/Ob-ord-D6-pp-N-N.wav,work/trimmed/Winds/Oboe/ordinario/Ob-ord-D6-pp-N-N.wav,oboe,train,0
Winds/Oboe/ordinario/Ob-ord-E4-ff-N-N.wav,work/trimmed/Winds/Oboe/ordinario/Ob-ord-E4-ff-N-N.wav,oboe,test,0
Winds/Oboe/ordinario/Ob-ord-E4-mf-N-N.wav,work/trimmed/Winds/Oboe/ordinario/Ob-ord-E4-mf-N-N.wav,oboe,test,0
Winds/Oboe/ordinario/Ob-ord-E4-pp-N-R100u.wav,work/trimmed/Winds/Oboe/ordinario/Ob-ord-E4-pp-N-R100u.wav,oboe,test,0
Winds/Oboe/ordinario/Ob-ord-E5-ff-N-N.wav,work/trimmed/Winds/Oboe/ordinario/Ob-ord-E5-ff-N-N.wav,oboe,train,0
Winds/Oboe/ordinario/Ob-ord-E5-mf-N-T10u.wav,work/trimmed/Winds/Oboe/ordinario/Ob-ord-E5-mf-N-T10u.wav,oboe,train,0
Winds/Oboe/ordinario/Ob-ord-E5-pp-N-N.wav,work/trimmed/Winds/Oboe/ordinario/Ob-ord-E5-pp-N-N.wav,oboe,train,0
Winds/Oboe/ordinario/Ob-ord-E6-ff-N-N.wav,work/trimmed/Winds/Oboe/ordinario/Ob-ord-E6-ff-N-N.wav,oboe,train,0
Winds/Oboe/ordinario/Ob-ord-E6-mf-N-T22u.wav,work/trimmed/Winds/Oboe/ordinario/Ob-ord-E6-mf-N-T22u.wav,oboe,train,0
Winds/Oboe/ordinario/Ob-ord-E6-pp-N-T23u.wav,work/trimmed/Winds/Oboe/ordinario/Ob-ord-E6-pp-N-T23u.wav,oboe,train,0
Winds/Oboe/ordinario/Ob-ord-F#4-ff-N-T11d.wav,work/trimmed/Winds/Oboe/ordinario/Ob-ord-F#4-ff-N-T11d.wav,oboe,train,0
Winds/Oboe/ordinario/Ob-ord-F#4-mf-N-N.wav,work/trimmed/Winds/Oboe/ordinario/Ob-ord-F#4-mf-N-N.wav,oboe,train,0
Winds/Oboe/ordinario/Ob-ord-F#4-pp-N-N.wav,work/trimmed/Winds/Oboe/ordinario/Ob-ord-F#4-pp-N-N.wav,oboe,train,0
Winds/Oboe/ordinario/Ob-ord-F#5-ff-N-N.wav,work/trimmed/Winds/Oboe/ordinario/Ob-ord-F#5-ff-N-N.wav,oboe,train,0
Winds/Oboe/ordinario/Ob-ord-F#5-mf-N-N.wav,work/trimmed/Winds/Oboe/ordinario/Ob-ord-F#5-mf-N-N.wav,oboe,train,0
Winds/Oboe/ordinario/Ob-ord-F#5-pp-N-T12d.wav,work/trimmed/Winds/Oboe/ordinario/Ob-ord-F#5-pp-N-T12d.wav,oboe,train,0
Winds/Oboe/ordinario/Ob-ord-F#6-ff-N-T12u.wav,work/trimmed/Winds/Oboe/ordinario/Ob-ord-F#6-ff-N-T12u.wav,oboe,train,0
Winds/Oboe/ordinario/Ob-ord-F#6-mf-N-T12u.wav,work/trimmed/Winds/Oboe/ordinario/Ob-ord-F#6-mf-N-T12u.wav,oboe,train,0
Winds/Oboe/ordinario/Ob-ord-F#6-pp-N-N.wav,work/trimmed/Winds/Oboe/ordinario/Ob-ord-F#6-pp-N-N.wav,oboe,train,0
Winds/Oboe/ordinario/Ob-ord-F4-ff-N-N.wav,work/trimmed/Winds/Oboe/ordinario/Ob-ord-F4-ff-N-N.wav,oboe,train,0
Winds/Oboe/ordinario/Ob-ord-F4-mf-N-N.wav,work/trimmed/Winds/Oboe/ordinario/Ob-ord-F4-mf-N-N.wav,oboe,train,0
Winds/Oboe/ordinario/Ob-ord-F4-pp-N-N.wav,work/trimmed/Winds/Oboe/ordinario/Ob-ord-F4-pp-N-N.wav,oboe,train,0
Winds/Oboe/ordinario/Ob-ord-F5-ff-N-T10u.wav,work/trimmed/Winds/Oboe/ordinario/Ob-ord-F5-ff-N-T10u.wav,oboe,train,0
Winds/Oboe/ordinario/Ob-ord-F5-mf-N-T12u.wav,work/trimmed/Winds/Oboe/ordinario/Ob-ord-F5-mf-N-T12u.wav,oboe,train,0
Winds/Oboe/ordinario/Ob-ord-F5-pp-N-N.wav,work/trimmed/Winds/Oboe/ordinario/Ob-ord-F5-pp-N-N.wav,oboe,train,0
Winds/Oboe/ordinario/Ob-ord-F6-ff-N-N.wav,work/trimmed/Winds/Oboe/ordinario/Ob-ord-F6-ff-N-N.wav,oboe,test,0
Winds/Oboe/ordinario/Ob-ord-F6-mf-N-N.wav,work/trimmed/Winds/Oboe/ordinario/Ob-ord-F6-mf-N-N.wav,oboe,test,0
Winds/Oboe/ordinario/Ob-ord-F6-pp-N-T11u.wav,work/trimmed/Winds/Oboe/ordinario/Ob-ord-F6-pp-N-T11u.wav,oboe,test,0
Winds/Oboe/ordinario/Ob-ord-G#4-ff-N-N.wav,work/trimmed/Winds/Oboe/ordinario/Ob-ord-G#4-ff-N-N.wav,oboe,train,0
Winds/Oboe/ordinario/Ob-ord-G#4-mf-N-N.wav,work/trimmed/Winds/Oboe/ordinario/Ob-ord-G#4-mf-N-N.wav,oboe,train,0
Winds/Oboe/ordinario/Ob-ord-G#4-pp-N-N.wav,work/trimmed/Winds/Oboe/ordinario/Ob-ord-G#4-pp-N-N.wav,oboe,train,0
Winds/Oboe/ordinario/Ob-ord-G#5-ff-N-N.wav,work/trimmed/Winds/Oboe/ordinario/Ob-ord-G#5-ff-N-N.wav,oboe,train,0
Winds/Oboe/ordinario/Ob-ord-G#5-mf-N-N.wav,work/trimmed/Winds/Oboe/ordinario/Ob-ord-G#5-mf-N-N.wav,oboe,train,0
Winds/Oboe/ordinario/Ob-ord-G#5-pp-N-T11u.wav,work/trimmed/Winds/Oboe/ordinario/Ob-ord-G#5-pp-N-T11u.wav,oboe,train,0
Winds/Oboe/ordinario/Ob-ord-G#6-ff-N-N.wav,work/trimmed/Winds/Oboe/ordinario/Ob-ord-G#6-ff-N-N.wav,oboe,val,0
Winds/Oboe/ordinario/Ob-ord-G#6-mf-N-N.wav,work/trimmed/Winds/Oboe/ordinario/Ob-ord-G#6-mf-N-N.wav,oboe,val,0
Winds/Oboe/ordinario/Ob-ord-G#6-pp-N-T12d.wav,work/trimmed/Winds/Oboe/ordinario/Ob-ord-G#6-pp-N-T12d.wav,oboe,val,0
Winds/Oboe/ordinario/Ob-ord-G4-ff-N-N.wav,work/trimmed/Winds/Oboe/ordinario/Ob-ord-G4-ff-N-N.wav,oboe,train,0
Winds/Oboe/ordinario/Ob-ord-G4-mf-N-R100u.wav,work/trimmed/Winds/Oboe/ordinario/Ob-ord-G4-mf-N-R100u.wav,oboe,train,0
Winds/Oboe/ordinario/Ob-ord-G4-pp-N-N.wav,work/trimmed/Winds/Oboe/ordinario/Ob-ord-G4-pp-N-N.wav,oboe,train,0
Winds/Oboe/ordinario/Ob-ord-G5-ff-N-N.wav,work/trimmed/Winds/Oboe/ordinario/Ob-ord-G5-ff-N-N.wav,oboe,train,0
Winds/Oboe/ordinario/Ob-ord-G5-mf-N-N.wav,work/trimmed/Winds/Oboe/ordinario/Ob-ord-G5-mf-N-N.wav,oboe,train,0
Winds/Oboe/ordinario/Ob-ord-G5-pp-N-N.wav,work/trimmed/Winds/Oboe/ordinario/Ob-ord-G5-pp-N-N.wav,oboe,train,0
Winds/Oboe/ordinario/Ob-ord-G6-ff-N-T16u.wav,work/trimmed/Winds/Oboe/ordinario/Ob-ord-G6-ff-N-T16u.wav,oboe,train,0
Winds/Oboe/ordinario/Ob-ord-G6-mf-N-T15u.wav,work/trimmed/Winds/Oboe/ordinario/Ob-ord-G6-mf-N-T15u.wav,oboe,train,0
Winds/Oboe/ordinario/Ob-ord-G6-pp-N-T19u.wav,work/trimmed/Winds/Oboe/ordinario/Ob-ord-G6-pp-N-T19u.wav,oboe,train,0
