window_path,label,note,split,source_path,start_time,content_s,pre_norm_rms,post_norm_rms
work/windows/Brass/Bass_Tuba/ordinario/BTb-ord-A#1-ff-N-T30d_w000.wav,tuba,A#1,train,Brass/Bass_Tuba/ordinario/BTb-ord-A#1-ff-N-T30d.wav,0.0,1.3003,0.0365,0.1
work/windows/Brass/Bass_Tuba/ordinario/BTb-ord-A#1-mf-N-N_w000.wav,tuba,A#1,train,Brass/Bass_Tuba/ordinario/BTb-ord-A#1-mf-N-N.wav,0.0,3.0,0.00872,0.1
work/windows/Brass/Bass_Tuba/ordinario/BTb-ord-A#1-pp-N-N_w000.wav,tuba,A#1,train,Brass/Bass_Tuba/ordinario/BTb-ord-A#1-pp-N-N.wav,0.0,3.0,0.00298,0.1
work/windows/Brass/Bass_Tuba/ordinario/BTb-ord-A#2-ff-N-T19u_w000.wav,tuba,A#2,test,Brass/Bass_Tuba/ordinario/BTb-ord-A#2-ff-N-T19u.wav,0.0,1.2771,0.06498,0.1
work/windows/Brass/Bass_Tuba/ordinario/BTb-ord-A#2-mf-N-T29u_w000.wav,tuba,A#2,test,Brass/Bass_Tuba/ordinario/BTb-ord-A#2-mf-N-T29u.wav,0.0,3.0,0.0135,0.1
work/windows/Brass/Bass_Tuba/ordinario/BTb-ord-A#2-pp-N-N_w000.wav,tuba,A#2,test,Brass/Bass_Tuba/ordinario/BTb-ord-A#2-pp-N-N.wav,0.0,3.0,0.00487,0.1
work/windows/Brass/Bass_Tuba/ordinario/BTb-ord-A#3-ff-N-N_w000.wav,tuba,A#3,train,Brass/Bass_Tuba/ordinario/BTb-ord-A#3-ff-N-N.wav,0.0,1.2539,0.09915,0.1
work/windows/Brass/Bass_Tuba/ordinario/BTb-ord-A#3-mf-N-T14u_w000.wav,tuba,A#3,train,Brass/Bass_Tuba/ordinario/BTb-ord-A#3-mf-N-T14u.wav,0.0,3.0,0.02456,0.1
work/windows/Brass/Bass_Tuba/ordinario/BTb-ord-A#3-pp-N-T13d_w000.wav,tuba,A#3,train,Brass/Bass_Tuba/ordinario/BTb-ord-A#3-pp-N-T13d.wav,0.0,2.8096,0.00502,0.1
work/windows/Brass/Bass_Tuba/ordinario/BTb-ord-A1-ff-N-T19d_w000.wav,tuba,A1,test,Brass/Bass_Tuba/ordinario/BTb-ord-A1-ff-N-T19d.wav,0.0,1.161,0.02955,0.1
work/windows/Brass/Bass_Tuba/ordinario/BTb-ord-A1-mf-N-T33u_w000.wav,tuba,A1,test,Brass/Bass_Tuba/ordinario/BTb-ord-A1-mf-N-T33u.wav,0.0,3.0,0.00549,0.1
work/windows/Brass/Bass_Tuba/ordinario/BTb-ord-A1-pp-N-T23d_w000.wav,tuba,A1,test,Brass/Bass_Tuba/ordinario/BTb-ord-A1-pp-N-T23d.wav,0.0,3.0,0.00141,0.1
work/windows/Brass/Bass_Tuba/ordinario/BTb-ord-A2-ff-N-N_w000.wav,tuba,A2,val,Brass/Bass_Tuba/ordinario/BTb-ord-A2-ff-N-N.wav,0.0,1.1146,0.07156,0.1
work/windows/Brass/Bass_Tuba/ordinario/BTb-ord-A2-mf-N-T29u_w000.wav,tuba,A2,val,Brass/Bass_Tuba/ordinario/BTb-ord-A2-mf-N-T29u.wav,0.0,3.0,0.01457,0.1
work/windows/Brass/Bass_Tuba/ordinario/BTb-ord-A2-pp-N-T15u_w000.wav,tuba,A2,val,Brass/Bass_Tuba/ordinario/BTb-ord-A2-pp-N-T15u.wav,0.0,2.7455,0.00356,0.1
work/windows/Brass/Bass_Tuba/ordinario/BTb-ord-A3-ff-N-N_w000.wav,tuba,A3,train,Brass/Bass_Tuba/ordinario/BTb-ord-A3-ff-N-N.wav,0.0,1.2074,0.09763,0.1
work/windows/Brass/Bass_Tuba/ordinario/BTb-ord-A3-mf-N-N_w000.wav,tuba,A3,train,Brass/Bass_Tuba/ordinario/BTb-ord-A3-mf-N-N.wav,0.0,3.0,0.01858,0.1
work/windows/Brass/Bass_Tuba/ordinario/BTb-ord-A3-pp-N-N_w000.wav,tuba,A3,train,Brass/Bass_Tuba/ordinario/BTb-ord-A3-pp-N-N.wav,0.0,2.6471,0.00613,0.1
work/windows/Brass/Bass_Tuba/ordinario/BTb-ord-B1-ff-N-N_w000.wav,tuba,B1,train,Brass/Bass_Tuba/ordinario/BTb-ord-B1-ff-N-N.wav,0.0,1.3468,0.03299,0.1
work/windows/Brass/Bass_Tuba/ordinario/BTb-ord-B1-mf-N-T16u_w000.wav,tuba,B1,train,Brass/Bass_Tuba/ordinario/BTb-ord-B1-mf-N-T16u.wav,0.0,3.0,0.00952,0.1
work/windows/Brass/Bass_Tuba/ordinario/BTb-ord-B1-pp-N-N_w000.wav,tuba,B1,train,Brass/Bass_Tuba/ordinario/BTb-ord-B1-pp-N-N.wav,0.0,2.74,0.00363,0.1
work/windows/Brass/Bass_Tuba/ordinario/BTb-ord-B2-ff-N-N_w000.wav,tuba,B2,train,Brass/Bass_Tuba/ordinario/BTb-ord-B2-ff-N-N.wav,0.0,1.2307,0.06642,0.1
work/windows/Brass/Bass_Tuba/ordinario/BTb-ord-B2-mf-N-T17u_w000.wav,tuba,B2,train,Brass/Bass_Tuba/ordinario/BTb-ord-B2-mf-N-T17u.wav,0.0,3.0,0.01231,0.1
work/windows/Brass/Bass_Tuba/ordinario/BTb-ord-B2-pp-N-T11d_w000.wav,tuba,B2,train,Brass/Bass_Tuba/ordinario/BTb-ord-B2-pp-N-T11d.wav,0.0,2.8561,0.00388,0.1
work/windows/Brass/Bass_Tuba/ordinario/BTb-ord-B3-ff-N-T18d_w000.wav,tuba,B3,train,Brass/Bass_Tuba/ordinario/BTb-ord-B3-ff-N-T18d.wav,0.0,1.1842,0.12021,0.1
work/windows/Brass/Bass_Tuba/ordinario/BTb-ord-B3-mf-N-N_w000.wav,tuba,B3,train,Brass/Bass_Tuba/ordinario/BTb-ord-B3-mf-N-N.wav,0.0,3.0,0.02596,0.1
work/windows/Brass/Bass_Tuba/ordinario/BTb-ord-B3-pp-N-T14d_w000.wav,tuba,B3,train,Brass/Bass_Tuba/ordinario/BTb-ord-B3-pp-N-T14d.wav,0.0,3.0,0.00827,0.1
work/windows/Brass/Bass_Tuba/ordinario/BTb-ord-C#2-ff-N-N_w000.wav,tuba,C#2,val,Brass/Bass_Tuba/ordinario/BTb-ord-C#2-ff-N-N.wav,0.0,1.2771,0.04096,0.1
work/windows/Brass/Bass_Tuba/ordinario/BTb-ord-C#2-mf-N-N_w000.wav,tuba,C#2,val,Brass/Bass_Tuba/ordinario/BTb-ord-C#2-mf-N-N.wav,0.0,2.8096,0.01116,0.1
work/windows/Brass/Bass_Tuba/ordinario/BTb-ord-C#2-pp-N-N_w000.wav,tuba,C#2,val,Brass/Bass_Tuba/ordinario/BTb-ord-C#2-pp-N-N.wav,0.0,3.0,0.00314,0.1
work/windows/Brass/Bass_Tuba/ordinario/BTb-ord-C#3-ff-N-N_w000.wav,tuba,C#3,train,Brass/Bass_Tuba/ordinario/BTb-ord-C#3-ff-N-N.wav,0.0,1.3468,0.09845,0.1
work/windows/Brass/Bass_Tuba/ordinario/BTb-ord-C#3-mf-N-T25u_w000.wav,tuba,C#3,train,Brass/Bass_Tuba/ordinario/BTb-ord-C#3-mf-N-T25u.wav,0.0,3.0,0.01376,0.1
work/windows/Brass/Bass_Tuba/ordinario/BTb-ord-C#3-pp-N-N_w000.wav,tuba,C#3,train,Brass/Bass_Tuba/ordinario/BTb-ord-C#3-pp-N-N.wav,0.0,3.0,0.00425,0.1
work/windows/Brass/Bass_Tuba/ordinario/BTb-ord-C#4-ff-N-T21u_w000.wav,tuba,C#4,train,Brass/Bass_Tuba/ordinario/BTb-ord-C#4-ff-N-T21u.wav,0.0,1.3003,0.15132,0.1
work/windows/Brass/Bass_Tuba/ordinario/BTb-ord-C#4-mf-N-N_w000.wav,tuba,C#4,train,Brass/Bass_Tuba/ordinario/BTb-ord-C#4-mf-N-N.wav,0.0,3.0,0.03055,0.1
work/windows/Brass/Bass_Tuba/ordinario/BTb-ord-C#4-pp-N-N_w000.wav,tuba,C#4,train,Brass/Bass_Tuba/ordinario/BTb-ord-C#4-pp-N-N.wav,0.0,3.0,0.0071,0.1
work/windows/Brass/Bass_Tuba/ordinario/BTb-ord-C2-ff-N-N_w000.wav,tuba,C2,train,Brass/Bass_Tuba/ordinario/BTb-ord-C2-ff-N-N.wav,0.0,1.2074,0.03561,0.1
work/windows/Brass/Bass_Tuba/ordinario/BTb-ord-C2-mf-N-T23u_w000.wav,tuba,C2,train,Brass/Bass_Tuba/ordinario/BTb-ord-C2-mf-N-T23u.wav,0.0,2.9489,0.00918,0.1
work/windows/Brass/Bass_Tuba/ordinario/BTb-ord-C2-pp-N-T13d_w000.wav,tuba,C2,train,Brass/Bass_Tuba/ordinario/BTb-ord-C2-pp-N-T13d.wav,0.0,2.7144,0.00442,0.1
work/windows/Brass/Bass_Tuba/ordinario/BTb-ord-C3-ff-N-T18u_w000.wav,tuba,C3,train,Brass/Bass_Tuba/ordinario/BTb-ord-C3-ff-N-T18u.wav,0.0,1.2074,0.07019,0.1
work/windows/Brass/Bass_Tuba/ordinario/BTb-ord-C3-mf-N-T28u_w000.wav,tuba,C3,train,Brass/Bass_Tuba/ordinario/BTb-ord-C3-mf-N-T28u.wav,0.0,3.0,0.01347,0.1
work/windows/Brass/Bass_Tuba/ordinario/BTb-ord-C3-pp-N-T11d_w000.wav,tuba,C3,train,Brass/Bass_Tuba/ordinario/BTb-ord-C3-pp-N-T11d.wav,0.0,3.0,0.00547,0.1
work/windows/Brass/Bass_Tuba/ordinario/BTb-ord-C4-ff-N-N_w000.wav,tuba,C4,train,Brass/Bass_Tuba/ordinario/BTb-ord-C4-ff-N-N.wav,0.0,1.3468,0.11365,0.1
work/windows/Brass/Bass_Tuba/ordinario/BTb-ord-C4-mf-N-N_w000.wav,tuba,C4,train,Brass/Bass_Tuba/ordinario/BTb-ord-C4-mf-N-N.wav,0.0,3.0,0.02981,0.1
work/windows/Brass/Bass_Tuba/ordinario/BTb-ord-C4-pp-N-N_w000.wav,tuba,C4,train,Brass/Bass_Tuba/ordinario/BTb-ord-C4-pp-N-N.wav,0.0,3.0,0.01129,0.1
work/windows/Brass/Bass_Tuba/ordinario/BTb-ord-D#2-ff-N-N_w000.wav,tuba,D#2,val,Brass/Bass_Tuba/ordinario/BTb-ord-D#2-ff-N-N.wav,0.0,1.3932,0.05005,0.1
work/windows/Brass/Bass_Tuba/ordinario/BTb-ord-D#2-mf-N-T34u_w000.wav,tuba,D#2,val,Brass/Bass_Tuba/ordinario/BTb-ord-D#2-mf-N-T34u.wav,0.0,2.2059,0.01125,0.1
work/windows/Brass/Bass_Tuba/ordinario/BTb-ord-D#2-pp-N-T11u_w000.wav,tuba,D#2,val,Brass/Bass_Tuba/ordinario/BTb-ord-D#2-pp-N-T11u.wav,0.0,3.0,0.00386,0.1
work/windows/Brass/Bass_Tuba/ordinario/BTb-ord-D#3-ff-N-T17u_w000.wav,tuba,D#3,train,Brass/Bass_Tuba/ordinario/BTb-ord-D#3-ff-N-T17u.wav,0.0,1.161,0.12634,0.1
work/windows/Brass/Bass_Tuba/ordinario/BTb-ord-D#3-mf-N-T25u_w000.wav,tuba,D#3,train,Brass/Bass_Tuba/ordinario/BTb-ord-D#3-mf-N-T25u.wav,0.0,3.0,0.01529,0.1
work/windows/Brass/Bass_Tuba/ordinario/BTb-ord-D#3-pp-N-N_w000.wav,tuba,D#3,train,Brass/Bass_Tuba/ordinario/BTb-ord-D#3-pp-N-N.wav,0.0,3.0,0.00614,0.1
work/windows/Brass/Bass_Tuba/ordinario/BTb-ord-D#4-ff-N-N_w000.wav,tuba,D#4,train,Brass/Bass_Tuba/ordinario/BTb-ord-D#4-ff-N-N.wav,0.0,1.2539,0.18449,0.1
work/windows/Brass/Bass_Tuba/ordinario/BTb-ord-D#4-mf-N-N_w000.wav,tuba,D#4,train,Brass/Bass_Tuba/ordinario/BTb-ord-D#4-mf-N-N.wav,0.0,3.0,0.03757,0.1
work/windows/Brass/Bass_Tuba/ordinario/BTb-ord-D#4-pp-N-N_w000.wav,tuba,D#4,train,Brass/Bass_Tuba/ordinario/BTb-ord-D#4-pp-N-N.wav,0.0,2.2988,0.01115,0.1
work/windows/Brass/Bass_Tuba/ordinario/BTb-ord-D2-ff-N-T13u_w000.wav,tuba,D2,train,Brass/Bass_Tuba/ordinario/BTb-ord-D2-ff-N-T13u.wav,0.0,1.2307,0.04545,0.1
work/windows/Brass/Bass_Tuba/ordinario/BTb-ord-D2-mf-N-T15u_w000.wav,tuba,D2,train,Brass/Bass_Tuba/ordinario/BTb-ord-D2-mf-N-T15u.wav,0.0,3.0,0.01166,0.1
work/windows/Brass/Bass_Tuba/ordinario/BTb-ord-D2-pp-N-T18u_w000.wav,tuba,D2,train,Brass/Bass_Tuba/ordinario/BTb-ord-D2-pp-N-T18u.wav,0.0,3.0,0.00378,0.1
work/windows/Brass/Bass_Tuba/ordinario/BTb-ord-D3-ff-N-T15u_w000.wav,tuba,D3,train,Brass/Bass_Tuba/ordinario/BTb-ord-D3-ff-N-T15u.wav,0.0,1.0913,0.11489,0.1
work/windows/Brass/Bass_Tuba/ordinario/BTb-ord-D3-mf-N-T16u_w000.wav,tuba,D3,train,Brass/Bass_Tuba/ordinario/BTb-ord-D3-mf-N-T16u.wav,0.0,3.0,0.02241,0.1
work/windows/Brass/Bass_Tuba/ordinario/BTb-ord-D3-pp-N-N_w000.wav,tuba,D3,train,Brass/Bass_Tuba/ordinario/BTb-ord-D3-pp-N-N.wav,0.0,3.0,0.00481,0.1
work/windows/Brass/Bass_Tuba/ordinario/BTb-ord-D4-ff-N-N_w000.wav,tuba,D4,train,Brass/Bass_Tuba/ordinario/BTb-ord-D4-ff-N-N.wav,0.0,1.1378,0.1905,0.1
work/windows/Brass/Bass_Tuba/ordinario/BTb-ord-D4-mf-N-N_w000.wav,tuba,D4,train,Brass/Bass_Tuba/ordinario/BTb-ord-D4-mf-N-N.wav,0.0,3.0,0.04597,0.1
work/windows/Brass/Bass_Tuba/ordinario/BTb-ord-D4-pp-N-N_w000.wav,tuba,D4,train,Brass/Bass_Tuba/ordinario/BTb-ord-D4-pp-N-N.wav,0.0,2.2756,0.01163,0.1
work/windows/Brass/Bass_Tuba/ordinario/BTb-ord-E2-ff-N-T10u_w000.wav,tuba,E2,val,Brass/Bass_Tuba/ordinario/BTb-ord-E2-ff-N-T10u.wav,0.0,1.2307,0.0539,0.1
work/windows/Brass/Bass_Tuba/ordinario/BTb-ord-E2-mf-N-T27u_w000.wav,tuba,E2,val,Brass/Bass_Tuba/ordinario/BTb-ord-E2-mf-N-T27u.wav,0.0,3.0,0.01155,0.1
work/windows/Brass/Bass_Tuba/ordinario/BTb-ord-E2-pp-N-T25u_w000.wav,tuba,E2,val,Brass/Bass_Tuba/ordinario/BTb-ord-E2-pp-N-T25u.wav,0.0,2.9722,0.00419,0.1
work/windows/Brass/Bass_Tuba/ordinario/BTb-ord-E3-ff-N-T16u_w000.wav,tuba,E3,test,Brass/Bass_Tuba/ordinario/BTb-ord-E3-ff-N-T16u.wav,0.0,1.1146,0.10435,0.1
work/windows/Brass/Bass_Tuba/ordinario/BTb-ord-E3-mf-N-T23u_w000.wav,tuba,E3,test,Brass/Bass_Tuba/ordinario/BTb-ord-E3-mf-N-T23u.wav,0.0,3.0,0.02573,0.1
work/windows/Brass/Bass_Tuba/ordinario/BTb-ord-E3-pp-N-N_w000.wav,tuba,E3,test,Brass/Bass_Tuba/ordinario/BTb-ord-E3-pp-N-N.wav,0.0,3.0,0.00656,0.1
work/windows/Brass/Bass_Tuba/ordinario/BTb-ord-E4-ff-N-N_w000.wav,tuba,E4,train,Brass/Bass_Tuba/ordinario/BTb-ord-E4-ff-N-N.wav,0.0,1.1378,0.14919,0.1
work/windows/Brass/Bass_Tuba/ordinario/BTb-ord-E4-mf-N-T11d_w000.wav,tuba,E4,train,Brass/Bass_Tuba/ordinario/BTb-ord-E4-mf-N-T11d.wav,0.0,3.0,0.01586,0.1
work/windows/Brass/Bass_Tuba/ordinario/BTb-ord-E4-pp-N-N_w000.wav,tuba,E4,train,Brass/Bass_Tuba/ordinario/BTb-ord-E4-pp-N-N.wav,0.0,1.6022,0.00994,0.1
work/windows/Brass/Bass_Tuba/ordinario/BTb-ord-F#1-ff-N-N_w000.wav,tuba,F#1,train,Brass/Bass_Tuba/ordinario/BTb-ord-F#1-ff-N-N.wav,0.0,1.5557,0.02559,0.1
work/windows/Brass/Bass_Tuba/ordinario/BTb-ord-F#1-mf-N-T18u_w000.wav,tuba,F#1,train,Brass/Bass_Tuba/ordinario/BTb-ord-F#1-mf-N-T18u.wav,0.0,3.0,0.0058,0.1
work/windows/Brass/Bass_Tuba/ordinario/BTb-ord-F#1-pp-N-N_w000.wav,tuba,F#1,train,Brass/Bass_Tuba/ordinario/BTb-ord-F#1-pp-N-N.wav,0.0,3.0,0.0016,0.1
work/windows/Brass/Bass_Tuba/ordinario/BTb-ord-F#2-ff-N-N_w000.wav,tuba,F#2,train,Brass/Bass_Tuba/ordinario/BTb-ord-F#2-ff-N-N.wav,0.0,1.2539,0.04961,0.1
work/windows/Brass/Bass_Tuba/ordinario/BTb-ord-F#2-mf-N-T19u_w000.wav,tuba,F#2,train,Brass/Bass_Tuba/ordinario/BTb-ord-F#2-mf-N-T19u.wav,0.0,3.0,0.00734,0.1
work/windows/Brass/Bass_Tuba/ordinario/BTb-ord-F#2-pp-N-T14u_w000.wav,tuba,F#2,train,Brass/Bass_Tuba/ordinario/BTb-ord-F#2-pp-N-T14u.wav,0.0,2.8862,0.00223,0.1
work/windows/Brass/Bass_Tuba/ordinario/BTb-ord-F#3-ff-N-N_w000.wav,tuba,F#3,train,Brass/Bass_Tuba/ordinario/BTb-ord-F#3-ff-N-N.wav,0.0,1.161,0.06829,0.1
work/windows/Brass/Bass_Tuba/ordinario/BTb-ord-F#3-mf-N-N_w000.wav,tuba,F#3,train,Brass/Bass_Tuba/ordinario/BTb-ord-F#3-mf-N-N.wav,0.0,3.0,0.018,0.1
work/windows/Brass/Bass_Tuba/ordinario/BTb-ord-F#3-pp-N-N_w000.wav,tuba,F#3,train,Brass/Bass_Tuba/ordinario/BTb-ord-F#3-pp-N-N.wav,0.0,3.0,0.00761,0.1
work/windows/Brass/Bass_Tuba/ordinario/BTb-ord-F2-ff-N-T15u_w000.wav,tuba,F2,train,Brass/Bass_Tuba/ordinario/BTb-ord-F2-ff-N-T15u.wav,0.0,1.1842,0.06761,0.1
work/windows/Brass/Bass_Tuba/ordinario/BTb-ord-F2-mf-N-T24u_w000.wav,tuba,F2,train,Brass/Bass_Tuba/ordinario/BTb-ord-F2-mf-N-T24u.wav,0.0,3.0,0.0116,0.1
work/windows/Brass/Bass_Tuba/ordinario/BTb-ord-F2-pp-N-T25u_R100u_w000.wav,tuba,F2,train,Brass/Bass_Tuba/ordinario/BTb-ord-F2-pp-N-T25u_R100u.wav,0.0,2.8096,0.00421,0.1
work/windows/Brass/Bass_Tuba/ordinario/BTb-ord-F3-ff-N-N_w000.wav,tuba,F3,train,Brass/Bass_Tuba/ordinario/BTb-ord-F3-ff-N-N.wav,0.0,1.1842,0.08176,0.1
work/windows/Brass/Bass_Tuba/ordinario/BTb-ord-F3-mf-N-N_w000.wav,tuba,F3,train,Brass/Bass_Tuba/ordinario/BTb-ord-F3-mf-N-N.wav,0.0,3.0,0.02055,0.1
work/windows/Brass/Bass_Tuba/ordinario/BTb-ord-F3-pp-N-N_w000.wav,tuba,F3,train,Brass/Bass_Tuba/ordinario/BTb-ord-F3-pp-N-N.wav,0.0,2.8096,0.00581,0.1
work/windows/Brass/Bass_Tuba/ordinario/BTb-ord-F4-ff-N-N_w000.wav,tuba,F4,val,Brass/Bass_Tuba/ordinario/BTb-ord-F4-ff-N-N.wav,0.0,1.0449,0.10775,0.1
work/windows/Brass/Bass_Tuba/ordinario/BTb-ord-F4-mf-N-N_w000.wav,tuba,F4,val,Brass/Bass_Tuba/ordinario/BTb-ord-F4-mf-N-N.wav,0.0,3.0,0.04184,0.1
work/windows/Brass/Bass_Tuba/ordinario/BTb-ord-F4-pp-N-N_w000.wav,tuba,F4,val,Brass/Bass_Tuba/ordinario/BTb-ord-F4-pp-N-N.wav,0.0,1.5325,0.01438,0.1
work/windows/Brass/Bass_Tuba/ordinario/BTb-ord-G#1-ff-N-T12u_w000.wav,tuba,G#1,train,Brass/Bass_Tuba/ordinario/BTb-ord-G#1-ff-N-T12u.wav,0.0,1.3235,0.03253,0.1
work/windows/Brass/Bass_Tuba/ordinario/BTb-ord-G#1-mf-N-T18u_w000.wav,tuba,G#1,train,Brass/Bass_Tuba/ordinario/BTb-ord-G#1-mf-N-T18u.wav,0.0,2.8237,0.00558,0.1
work/windows/Brass/Bass_Tuba/ordinario/BTb-ord-G#1-pp-N-T16u_w000.wav,tuba,G#1,train,Brass/Bass_Tuba/ordinario/BTb-ord-G#1-pp-N-T16u.wav,0.0,3.0,0.00311,0.1
work/windows/Brass/Bass_Tuba/ordinario/BTb-ord-G#2-ff-N-N_w000.wav,tuba,G#2,test,Brass/Bass_Tuba/ordinario/BTb-ord-G#2-ff-N-N.wav,0.0,1.2539,0.06495,0.1
work/windows/Brass/Bass_Tuba/ordinario/BTb-ord-G#2-mf-N-T26u_w000.wav,tuba,G#2,test,Brass/Bass_Tuba/ordinario/BTb-ord-G#2-mf-N-T26u.wav,0.0,3.0,0.01043,0.1
work/windows/Brass/Bass_Tuba/ordinario/BTb-ord-G#2-pp-N-T16u_w000.wav,tuba,G#2,test,Brass/Bass_Tuba/ordinario/BTb-ord-G#2-pp-N-T16u.wav,0.0,3.0,0.00355,0.1
work/windows/Brass/Bass_Tuba/ordinario/BTb-ord-G#3-ff-N-N_w000.wav,tuba,G#3,train,Brass/Bass_Tuba/ordinario/BTb-ord-G#3-ff-N-N.wav,0.0,1.3235,0.10411,0.1
work/windows/Brass/Bass_Tuba/ordinario/BTb-ord-G#3-mf-N-T11u_w000.wav,tuba,G#3,train,Brass/Bass_Tuba/ordinario/BTb-ord-G#3-mf-N-T11u.wav,0.0,3.0,0.01946,0.1
work/windows/Brass/Bass_Tuba/ordinario/BTb-ord-G#3-pp-N-N_w000.wav,tuba,G#3,train,Brass/Bass_Tuba/ordinario/BTb-ord-G#3-pp-N-N.wav,0.0,2.7198,0.00502,0.1
work/windows/Brass/Bass_Tuba/ordinario/BTb-ord-G1-ff-N-T15d_w000.wav,tuba,G1,train,Brass/Bass_Tuba/ordinario/BTb-ord-G1-ff-N-T15d.wav,0.0,1.2074,0.02916,0.1
work/windows/Brass/Bass_Tuba/ordinario/BTb-ord-G1-mf-N-N_w000.wav,tuba,G1,train,Brass/Bass_Tuba/ordinario/BTb-ord-G1-mf-N-N.wav,0.0,2.8519,0.0048,0.1
work/windows/Brass/Bass_Tuba/ordinario/BTb-ord-G1-pp-N-R100u_w000.wav,tuba,G1,train,Brass/Bass_Tuba/ordinario/BTb-ord-G1-pp-N-R100u.wav,0.0,2.8789,0.00156,0.1
work/windows/Brass/Bass_Tuba/ordinario/BTb-ord-G2-ff-N-N_w000.wav,tuba,G2,test,Brass/Bass_Tuba/ordinario/BTb-ord-G2-ff-N-N.wav,0.0,1.2539,0.061,0.1
work/windows/Brass/Bass_Tuba/ordinario/BTb-ord-G2-mf-N-T15u_w000.wav,tuba,G2,test,Brass/Bass_Tuba/ordinario/BTb-ord-G2-mf-N-T15u.wav,0.0,3.0,0.0143,0.1
work/windows/Brass/Bass_Tuba/ordinario/BTb-ord-G2-pp-N-N_w000.wav,tuba,G2,test,Brass/Bass_Tuba/ordinario/BTb-ord-G2-pp-N-N.wav,0.0,3.0,0.00268,0.1
work/windows/Brass/Bass_Tuba/ordinario/BTb-ord-G3-ff-N-T14u_w000.wav,tuba,G3,val,Brass/Bass_Tuba/ordinario/BTb-ord-G3-ff-N-T14u.wav,0.0,1.2074,0.07512,0.1
work/windows/Brass/Bass_Tuba/ordinario/BTb-ord-G3-mf-N-T14u_w000.wav,tuba,G3,val,Brass/Bass_Tuba/ordinario/BTb-ord-G3-mf-N-T14u.wav,0.0,3.0,0.01442,0.1
work/windows/Brass/Bass_Tuba/ordinario/BTb-ord-G3-pp-N-T14d_w000.wav,tuba,G3,val,Brass/Bass_Tuba/ordinario/BTb-ord-G3-pp-N-T14d.wav,0.0,3.0,0.00334,0.1
work/windows/Brass/Horn/ordinario/Hn-ord-A#1-mf-N-T17d_w000.wav,french-horn,A#1,val,Brass/Horn/ordinario/Hn-ord-A#1-mf-N-T17d.wav,0.0,3.0,0.0077,0.1
work/windows/Brass/Horn/ordinario/Hn-ord-A#1-pp-N-N_w000.wav,french-horn,A#1,val,Brass/Horn/ordinario/Hn-ord-A#1-pp-N-N.wav,0.0,3.0,0.00279,0.1
work/windows/Brass/Horn/ordinario/Hn-ord-A#2-ff-N-N_w000.wav,french-horn,A#2,train,Brass/Horn/ordinario/Hn-ord-A#2-ff-N-N.wav,0.0,3.0,0.03329,0.1
work/windows/Brass/Horn/ordinario/Hn-ord-A#2-mf-N-N_w000.wav,french-horn,A#2,train,Brass/Horn/ordinario/Hn-ord-A#2-mf-N-N.wav,0.0,3.0,0.01255,0.1
work/windows/Brass/Horn/ordinario/Hn-ord-A#2-pp-N-R100d_w000.wav,french-horn,A#2,train,Brass/Horn/ordinario/Hn-ord-A#2-pp-N-R100d.wav,0.0,3.0,0.00339,0.1
work/windows/Brass/Horn/ordinario/Hn-ord-A#3-ff-N-N_w000.wav,french-horn,A#3,train,Brass/Horn/ordinario/Hn-ord-A#3-ff-N-N.wav,0.0,3.0,0.04222,0.1
work/windows/Brass/Horn/ordinario/Hn-ord-A#3-mf-N-N_w000.wav,french-horn,A#3,train,Brass/Horn/ordinario/Hn-ord-A#3-mf-N-N.wav,0.0,3.0,0.02435,0.1
work/windows/Brass/Horn/ordinario/Hn-ord-A#3-pp-N-N_w000.wav,french-horn,A#3,train,Brass/Horn/ordinario/Hn-ord-A#3-pp-N-N.wav,0.0,3.0,0.00766,0.1
work/windows/Brass/Horn/ordinario/Hn-ord-A#4-ff-N-N_w000.wav,french-horn,A#4,train,Brass/Horn/ordinario/Hn-ord-A#4-ff-N-N.wav,0.0,3.0,0.06675,0.1
work/windows/Brass/Horn/ordinario/Hn-ord-A#4-mf-N-N_w000.wav,french-horn,A#4,train,Brass/Horn/ordinario/Hn-ord-A#4-mf-N-N.wav,0.0,3.0,0.02958,0.1
work/windows/Brass/Horn/ordinario/Hn-ord-A#4-pp-N-N_w000.wav,french-horn,A#4,train,Brass/Horn/ordinario/Hn-ord-A#4-pp-N-N.wav,0.0,3.0,0.01152,0.1
work/windows/Brass/Horn/ordinario/Hn-ord-A1-mf-N-N_w000.wav,french-horn,A1,test,Brass/Horn/ordinario/Hn-ord-A1-mf-N-N.wav,0.0,3.0,0.00368,0.1
work/windows/Brass/Horn/ordinario/Hn-ord-A2-ff-N-N_w000.wav,french-horn,A2,test,Brass/Horn/ordinario/Hn-ord-A2-ff-N-N.wav,0.0,3.0,0.02736,0.1
work/windows/Brass/Horn/ordinario/Hn-ord-A2-mf-N-N_w000.wav,french-horn,A2,test,Brass/Horn/ordinario/Hn-ord-A2-mf-N-N.wav,0.0,3.0,0.0048,0.1
work/windows/Brass/Horn/ordinario/Hn-ord-A2-pp-N-R100u_w000.wav,french-horn,A2,test,Brass/Horn/ordinario/Hn-ord-A2-pp-N-R100u.wav,0.0,3.0,0.00302,0.1
work/windows/Brass/Horn/ordinario/Hn-ord-A3-ff-N-N_w000.wav,french-horn,A3,train,Brass/Horn/ordinario/Hn-ord-A3-ff-N-N.wav,0.0,3.0,0.04414,0.1
work/windows/Brass/Horn/ordinario/Hn-ord-A3-mf-N-N_w000.wav,french-horn,A3,train,Brass/Horn/ordinario/Hn-ord-A3-mf-N-N.wav,0.0,3.0,0.02381,0.1
work/windows/Brass/Horn/ordinario/Hn-ord-A3-pp-N-N_w000.wav,french-horn,A3,train,Brass/Horn/ordinario/Hn-ord-A3-pp-N-N.wav,0.0,3.0,0.00628,0.1
work/windows/Brass/Horn/ordinario/Hn-ord-A4-ff-N-N_w000.wav,french-horn,A4,val,Brass/Horn/ordinario/Hn-ord-A4-ff-N-N.wav,0.0,3.0,0.07042,0.1
work/windows/Brass/Horn/ordinario/Hn-ord-A4-mf-N-N_w000.wav,french-horn,A4,val,Brass/Horn/ordinario/Hn-ord-A4-mf-N-N.wav,0.0,3.0,0.03986,0.1
work/windows/Brass/Horn/ordinario/Hn-ord-A4-pp-N-N_w000.wav,french-horn,A4,val,Brass/Horn/ordinario/Hn-ord-A4-pp-N-N.wav,0.0,3.0,0.01777,0.1
work/windows/Brass/Horn/ordinario/Hn-ord-B1-ff-N-N_w000.wav,french-horn,B1,train,Brass/Horn/ordinario/Hn-ord-B1-ff-N-N.wav,0.0,3.0,0.00436,0.1
work/windows/Brass/Horn/ordinario/Hn-ord-B1-mf-N-N_w000.wav,french-horn,B1,train,Brass/Horn/ordinario/Hn-ord-B1-mf-N-N.wav,0.0,3.0,0.0052,0.1
work/windows/Brass/Horn/ordinario/Hn-ord-B1-pp-N-T15d_w000.wav,french-horn,B1,train,Brass/Horn/ordinario/Hn-ord-B1-pp-N-T15d.wav,0.0,3.0,0.00237,0.1
work/windows/Brass/Horn/ordinario/Hn-ord-B2-ff-N-N_w000.wav,french-horn,B2,train,Brass/Horn/ordinario/Hn-ord-B2-ff-N-N.wav,0.0,3.0,0.03223,0.1
work/windows/Brass/Horn/ordinario/Hn-ord-B2-mf-N-N_w000.wav,french-horn,B2,train,Brass/Horn/ordinario/Hn-ord-B2-mf-N-N.wav,0.0,3.0,0.0119,0.1
work/windows/Brass/Horn/ordinario/Hn-ord-B2-pp-N-N_w000.wav,french-horn,B2,train,Brass/Horn/ordinario/Hn-ord-B2-pp-N-N.wav,0.0,3.0,0.00338,0.1
work/windows/Brass/Horn/ordinario/Hn-ord-B3-ff-N-N_w000.wav,french-horn,B3,train,Brass/Horn/ordinario/Hn-ord-B3-ff-N-N.wav,0.0,3.0,0.05187,0.1
work/windows/Brass/Horn/ordinario/Hn-ord-B3-mf-N-N_w000.wav,french-horn,B3,train,Brass/Horn/ordinario/Hn-ord-B3-mf-N-N.wav,0.0,3.0,0.02377,0.1
work/windows/Brass/Horn/ordinario/Hn-ord-B3-pp-N-N_w000.wav,french-horn,B3,train,Brass/Horn/ordinario/Hn-ord-B3-pp-N-N.wav,0.0,3.0,0.00834,0.1
work/windows/Brass/Horn/ordinario/Hn-ord-B4-ff-N-N_w000.wav,french-horn,B4,train,Brass/Horn/ordinario/Hn-ord-B4-ff-N-N.wav,0.0,3.0,0.06525,0.1
work/windows/Brass/Horn/ordinario/Hn-ord-B4-mf-N-N_w000.wav,french-horn,B4,train,Brass/Horn/ordinario/Hn-ord-B4-mf-N-N.wav,0.0,3.0,0.0293,0.1
work/windows/Brass/Horn/ordinario/Hn-ord-B4-pp-N-N_w000.wav,french-horn,B4,train,Brass/Horn/ordinario/Hn-ord-B4-pp-N-N.wav,0.0,3.0,0.01228,0.1
work/windows/Brass/Horn/ordinario/Hn-ord-C#2-ff-N-N_w000.wav,french-horn,C#2,val,Brass/Horn/ordinario/Hn-ord-C#2-ff-N-N.wav,0.0,3.0,0.01063,0.1
work/windows/Brass/Horn/ordinario/Hn-ord-C#2-mf-N-N_w000.wav,french-horn,C#2,val,Brass/Horn/ordinario/Hn-ord-C#2-mf-N-N.wav,0.0,3.0,0.00632,0.1
work/windows/Brass/Horn/ordinario/Hn-ord-C#2-pp-N-N_w000.wav,french-horn,C#2,val,Brass/Horn/ordinario/Hn-ord-C#2-pp-N-N.wav,0.0,3.0,0.00314,0.1
work/windows/Brass/Horn/ordinario/Hn-ord-C#3-ff-N-N_w000.wav,french-horn,C#3,train,Brass/Horn/ordinario/Hn-ord-C#3-ff-N-N.wav,0.0,3.0,0.02721,0.1
work/windows/Brass/Horn/ordinario/Hn-ord-C#3-mf-N-N_w000.wav,french-horn,C#3,train,Brass/Horn/ordinario/Hn-ord-C#3-mf-N-N.wav,0.0,3.0,0.01726,0.1
work/windows/Brass/Horn/ordinario/Hn-ord-C#3-pp-N-N_w000.wav,french-horn,C#3,train,Brass/Horn/ordinario/Hn-ord-C#3-pp-N-N.wav,0.0,3.0,0.00442,0.1
work/windows/Brass/Horn/ordinario/Hn-ord-C#4-ff-N-N_w000.wav,french-horn,C#4,val,Brass/Horn/ordinario/Hn-ord-C#4-ff-N-N.wav,0.0,3.0,0.06626,0.1
work/windows/Brass/Horn/ordinario/Hn-ord-C#4-mf-N-T12u_w000.wav,french-horn,C#4,val,Brass/Horn/ordinario/Hn-ord-C#4-mf-N-T12u.wav,0.0,3.0,0.02791,0.1
work/windows/Brass/Horn/ordinario/Hn-ord-C#4-pp-N-N_w000.wav,french-horn,C#4,val,Brass/Horn/ordinario/Hn-ord-C#4-pp-N-N.wav,0.0,3.0,0.01219,0.1
work/windows/Brass/Horn/ordinario/Hn-ord-C#5-ff-N-N_w000.wav,french-horn,C#5,test,Brass/Horn/ordinario/Hn-ord-C#5-ff-N-N.wav,0.0,3.0,0.05316,0.1
work/windows/Brass/Horn/ordinario/Hn-ord-C#5-mf-N-N_w000.wav,french-horn,C#5,test,Brass/Horn/ordinario/Hn-ord-C#5-mf-N-N.wav,0.0,3.0,0.0326,0.1
work/windows/Brass/Horn/ordinario/Hn-ord-C#5-pp-N-N_w000.wav,french-horn,C#5,test,Brass/Horn/ordinario/Hn-ord-C#5-pp-N-N.wav,0.0,3.0,0.01791,0.1
work/windows/Brass/Horn/ordinario/Hn-ord-C2-ff-N-N_w000.wav,french-horn,C2,train,Brass/Horn/ordinario/Hn-ord-C2-ff-N-N.wav,0.0,3.0,0.01137,0.1
work/windows/Brass/Horn/ordinario/Hn-ord-C2-mf-N-N_w000.wav,french-horn,C2,train,Brass/Horn/ordinario/Hn-ord-C2-mf-N-N.wav,0.0,3.0,0.00491,0.1
work/windows/Brass/Horn/ordinario/Hn-ord-C2-pp-N-N_w000.wav,french-horn,C2,train,Brass/Horn/ordinario/Hn-ord-C2-pp-N-N.wav,0.0,3.0,0.00248,0.1
work/windows/Brass/Horn/ordinario/Hn-ord-C3-ff-N-N_w000.wav,french-horn,C3,train,Brass/Horn/ordinario/Hn-ord-C3-ff-N-N.wav,0.0,3.0,0.03234,0.1
work/windows/Brass/Horn/ordinario/Hn-ord-C3-mf-N-N_w000.wav,french-horn,C3,train,Brass/Horn/ordinario/Hn-ord-C3-mf-N-N.wav,0.0,3.0,0.01961,0.1
work/windows/Brass/Horn/ordinario/Hn-ord-C3-pp-N-N_w000.wav,french-horn,C3,train,Brass/Horn/ordinario/Hn-ord-C3-pp-N-N.wav,0.0,3.0,0.00496,0.1
work/windows/Brass/Horn/ordinario/Hn-ord-C4-ff-N-N_w000.wav,french-horn,C4,test,Brass/Horn/ordinario/Hn-ord-C4-ff-N-N.wav,0.0,3.0,0.07584,0.1
work/windows/Brass/Horn/ordinario/Hn-ord-C4-mf-N-N_w000.wav,french-horn,C4,test,Brass/Horn/ordinario/Hn-ord-C4-mf-N-N.wav,0.0,3.0,0.03765,0.1
work/windows/Brass/Horn/ordinario/Hn-ord-C4-pp-N-N_w000.wav,french-horn,C4,test,Brass/Horn/ordinario/Hn-ord-C4-pp-N-N.wav,0.0,3.0,0.0119,0.1
work/windows/Brass/Horn/ordinario/Hn-ord-C5-ff-N-N_w000.wav,french-horn,C5,test,Brass/Horn/ordinario/Hn-ord-C5-ff-N-N.wav,0.0,3.0,0.06071,0.1
work/windows/Brass/Horn/ordinario/Hn-ord-C5-mf-N-N_w000.wav,french-horn,C5,test,Brass/Horn/ordinario/Hn-ord-C5-mf-N-N.wav,0.0,3.0,0.02818,0.1
work/windows/Brass/Horn/ordinario/Hn-ord-C5-pp-N-N_w000.wav,french-horn,C5,test,Brass/Horn/ordinario/Hn-ord-C5-pp-N-N.wav,0.0,3.0,0.01499,0.1
work/windows/Brass/Horn/ordinario/Hn-ord-D#2-ff-N-T11u_w000.wav,french-horn,D#2,test,Brass/Horn/ordinario/Hn-ord-D#2-ff-N-T11u.wav,0.0,3.0,0.02651,0.1
work/windows/Brass/Horn/ordinario/Hn-ord-D#2-mf-N-N_w000.wav,french-horn,D#2,test,Brass/Horn/ordinario/Hn-ord-D#2-mf-N-N.wav,0.0,3.0,0.00568,0.1
work/windows/Brass/Horn/ordinario/Hn-ord-D#2-pp-N-R100u_w000.wav,french-horn,D#2,test,Brass/Horn/ordinario/Hn-ord-D#2-pp-N-R100u.wav,0.0,3.0,0.00216,0.1
work/windows/Brass/Horn/ordinario/Hn-ord-D#3-ff-N-N_w000.wav,french-horn,D#3,train,Brass/Horn/ordinario/Hn-ord-D#3-ff-N-N.wav,0.0,3.0,0.02201,0.1
work/windows/Brass/Horn/ordinario/Hn-ord-D#3-mf-N-N_w000.wav,french-horn,D#3,train,Brass/Horn/ordinario/Hn-ord-D#3-mf-N-N.wav,0.0,3.0,0.0098,0.1
work/windows/Brass/Horn/ordinario/Hn-ord-D#3-pp-N-N_w000.wav,french-horn,D#3,train,Brass/Horn/ordinario/Hn-ord-D#3-pp-N-N.wav,0.0,3.0,0.00498,0.1
work/windows/Brass/Horn/ordinario/Hn-ord-D#4-ff-N-N_w000.wav,french-horn,D#4,train,Brass/Horn/ordinario/Hn-ord-D#4-ff-N-N.wav,0.0,3.0,0.07874,0.1
work/windows/Brass/Horn/ordinario/Hn-ord-D#4-mf-N-N_w000.wav,french-horn,D#4,train,Brass/Horn/ordinario/Hn-ord-D#4-mf-N-N.wav,0.0,3.0,0.02852,0.1
work/windows/Brass/Horn/ordinario/Hn-ord-D#4-pp-N-N_w000.wav,french-horn,D#4,train,Brass/Horn/ordinario/Hn-ord-D#4-pp-N-N.wav,0.0,3.0,0.01224,0.1
work/windows/Brass/Horn/ordinario/Hn-ord-D#5-ff-N-T10u_w000.wav,french-horn,D#5,train,Brass/Horn/ordinario/Hn-ord-D#5-ff-N-T10u.wav,0.0,3.0,0.08673,0.1
work/windows/Brass/Horn/ordinario/Hn-ord-D#5-mf-N-N_w000.wav,french-horn,D#5,train,Brass/Horn/ordinario/Hn-ord-D#5-mf-N-N.wav,0.0,3.0,0.03343,0.1
work/windows/Brass/Horn/ordinario/Hn-ord-D#5-pp-N-N_w000.wav,french-horn,D#5,train,Brass/Horn/ordinario/Hn-ord-D#5-pp-N-N.wav,0.0,3.0,0.01524,0.1
work/windows/Brass/Horn/ordinario/Hn-ord-D2-ff-N-N_w000.wav,french-horn,D2,val,Brass/Horn/ordinario/Hn-ord-D2-ff-N-N.wav,0.0,3.0,0.02127,0.1
work/windows/Brass/Horn/ordinario/Hn-ord-D2-mf-N-N_w000.wav,french-horn,D2,val,Brass/Horn/ordinario/Hn-ord-D2-mf-N-N.wav,0.0,3.0,0.0066,0.1
work/windows/Brass/Horn/ordinario/Hn-ord-D2-pp-N-N_w000.wav,french-horn,D2,val,Brass/Horn/ordinario/Hn-ord-D2-pp-N-N.wav,0.0,3.0,0.00219,0.1
work/windows/Brass/Horn/ordinario/Hn-ord-D3-ff-N-N_w000.wav,french-horn,D3,train,Brass/Horn/ordinario/Hn-ord-D3-ff-N-N.wav,0.0,3.0,0.03331,0.1
work/windows/Brass/Horn/ordinario/Hn-ord-D3-mf-N-N_w000.wav,french-horn,D3,train,Brass/Horn/ordinario/Hn-ord-D3-mf-N-N.wav,0.0,3.0,0.00838,0.1
work/windows/Brass/Horn/ordinario/Hn-ord-D3-pp-N-N_w000.wav,french-horn,D3,train,Brass/Horn/ordinario/Hn-ord-D3-pp-N-N.wav,0.0,3.0,0.00376,0.1
work/windows/Brass/Horn/ordinario/Hn-ord-D4-ff-N-N_w000.wav,french-horn,D4,train,Brass/Horn/ordinario/Hn-ord-D4-ff-N-N.wav,0.0,3.0,0.06883,0.1
work/windows/Brass/Horn/ordinario/Hn-ord-D4-mf-N-N_w000.wav,french-horn,D4,train,Brass/Horn/ordinario/Hn-ord-D4-mf-N-N.wav,0.0,3.0,0.02058,0.1
work/windows/Brass/Horn/ordinario/Hn-ord-D4-pp-N-N_w000.wav,french-horn,D4,train,Brass/Horn/ordinario/Hn-ord-D4-pp-N-N.wav,0.0,3.0,0.01138,0.1
work/windows/Brass/Horn/ordinario/Hn-ord-D5-ff-N-N_w000.wav,french-horn,D5,train,Brass/Horn/ordinario/Hn-ord-D5-ff-N-N.wav,0.0,3.0,0.06446,0.1
work/windows/Brass/Horn/ordinario/Hn-ord-D5-mf-N-N_w000.wav,french-horn,D5,train,Brass/Horn/ordinario/Hn-ord-D5-mf-N-N.wav,0.0,3.0,0.02973,0.1
work/windows/Brass/Horn/ordinario/Hn-ord-D5-pp-N-T10u_w000.wav,french-horn,D5,train,Brass/Horn/ordinario/Hn-ord-D5-pp-N-T10u.wav,0.0,3.0,0.01373,0.1
work/windows/Brass/Horn/ordinario/Hn-ord-E2-ff-N-T18u_w000.wav,french-horn,E2,train,Brass/Horn/ordinario/Hn-ord-E2-ff-N-T18u.wav,0.0,3.0,0.03166,0.1
work/windows/Brass/Horn/ordinario/Hn-ord-E2-mf-N-N_w000.wav,french-horn,E2,train,Brass/Horn/ordinario/Hn-ord-E2-mf-N-N.wav,0.0,3.0,0.00978,0.1
work/windows/Brass/Horn/ordinario/Hn-ord-E2-pp-N-N_w000.wav,french-horn,E2,train,Brass/Horn/ordinario/Hn-ord-E2-pp-N-N.wav,0.0,3.0,0.00172,0.1
work/windows/Brass/Horn/ordinario/Hn-ord-E3-ff-N-N_w000.wav,french-horn,E3,train,Brass/Horn/ordinario/Hn-ord-E3-ff-N-N.wav,0.0,3.0,0.03042,0.1
work/windows/Brass/Horn/ordinario/Hn-ord-E3-mf-N-N_w000.wav,french-horn,E3,train,Brass/Horn/ordinario/Hn-ord-E3-mf-N-N.wav,0.0,3.0,0.01517,0.1
work/windows/Brass/Horn/ordinario/Hn-ord-E3-pp-N-N_w000.wav,french-horn,E3,train,Brass/Horn/ordinario/Hn-ord-E3-pp-N-N.wav,0.0,3.0,0.00557,0.1
work/windows/Brass/Horn/ordinario/Hn-ord-E4-ff-N-N_w000.wav,french-horn,E4,val,Brass/Horn/ordinario/Hn-ord-E4-ff-N-N.wav,0.0,3.0,0.08494,0.1
work/windows/Brass/Horn/ordinario/Hn-ord-E4-mf-N-N_w000.wav,french-horn,E4,val,Brass/Horn/ordinario/Hn-ord-E4-mf-N-N.wav,0.0,3.0,0.03502,0.1
work/windows/Brass/Horn/ordinario/Hn-ord-E4-pp-N-N_w000.wav,french-horn,E4,val,Brass/Horn/ordinario/Hn-ord-E4-pp-N-N.wav,0.0,3.0,0.01416,0.1
work/windows/Brass/Horn/ordinario/Hn-ord-E5-ff-N-N_w000.wav,french-horn,E5,train,Brass/Horn/ordinario/Hn-ord-E5-ff-N-N.wav,0.0,3.0,0.06847,0.1
work/windows/Brass/Horn/ordinario/Hn-ord-E5-mf-N-T13u_w000.wav,french-horn,E5,train,Brass/Horn/ordinario/Hn-ord-E5-mf-N-T13u.wav,0.0,3.0,0.02811,0.1
work/windows/Brass/Horn/ordinario/Hn-ord-E5-pp-N-N_w000.wav,french-horn,E5,train,Brass/Horn/ordinario/Hn-ord-E5-pp-N-N.wav,0.0,3.0,0.01894,0.1
work/windows/Brass/Horn/ordinario/Hn-ord-F#2-ff-N-N_w000.wav,french-horn,F#2,train,Brass/Horn/ordinario/Hn-ord-F#2-ff-N-N.wav,0.0,3.0,0.03824,0.1
work/windows/Brass/Horn/ordinario/Hn-ord-F#2-mf-N-N_w000.wav,french-horn,F#2,train,Brass/Horn/ordinario/Hn-ord-F#2-mf-N-N.wav,0.0,3.0,0.00996,0.1
work/windows/Brass/Horn/ordinario/Hn-ord-F#2-pp-N-N_w000.wav,french-horn,F#2,train,Brass/Horn/ordinario/Hn-ord-F#2-pp-N-N.wav,0.0,3.0,0.00499,0.1
work/windows/Brass/Horn/ordinario/Hn-ord-F#3-ff-N-N_w000.wav,french-horn,F#3,train,Brass/Horn/ordinario/Hn-ord-F#3-ff-N-N.wav,0.0,3.0,0.03557,0.1
work/windows/Brass/Horn/ordinario/Hn-ord-F#3-mf-N-N_w000.wav,french-horn,F#3,train,Brass/Horn/ordinario/Hn-ord-F#3-mf-N-N.wav,0.0,3.0,0.02156,0.1
work/windows/Brass/Horn/ordinario/Hn-ord-F#3-pp-N-N_w000.wav,french-horn,F#3,train,Brass/Horn/ordinario/Hn-ord-F#3-pp-N-N.wav,0.0,3.0,0.00609,0.1
work/windows/Brass/Horn/ordinario/Hn-ord-F#4-ff-N-N_w000.wav,french-horn,F#4,test,Brass/Horn/ordinario/Hn-ord-F#4-ff-N-N.wav,0.0,3.0,0.0673,0.1
work/windows/Brass/Horn/ordinario/Hn-ord-F#4-mf-N-N_w000.wav,french-horn,F#4,test,Brass/Horn/ordinario/Hn-ord-F#4-mf-N-N.wav,0.0,3.0,0.03679,0.1
work/windows/Brass/Horn/ordinario/Hn-ord-F#4-pp-N-T10u_w000.wav,french-horn,F#4,test,Brass/Horn/ordinario/Hn-ord-F#4-pp-N-T10u.wav,0.0,3.0,0.01693,0.1
work/windows/Brass/Horn/ordinario/Hn-ord-F2-ff-N-T11u_w000.wav,french-horn,F2,train,Brass/Horn/ordinario/Hn-ord-F2-ff-N-T11u.wav,0.0,3.0,0.04211,0.1
work/windows/Brass/Horn/ordinario/Hn-ord-F2-mf-N-N_w000.wav,french-horn,F2,train,Brass/Horn/ordinario/Hn-ord-F2-mf-N-N.wav,0.0,3.0,0.01131,0.1
work/windows/Brass/Horn/ordinario/Hn-ord-F2-pp-N-N_w000.wav,french-horn,F2,train,Brass/Horn/ordinario/Hn-ord-F2-pp-N-N.wav,0.0,3.0,0.0021,0.1
work/windows/Brass/Horn/ordinario/Hn-ord-F3-ff-N-N_w000.wav,french-horn,F3,train,Brass/Horn/ordinario/Hn-ord-F3-ff-N-N.wav,0.0,3.0,0.03221,0.1
work/windows/Brass/Horn/ordinario/Hn-ord-F3-mf-N-N_w000.wav,french-horn,F3,train,Brass/Horn/ordinario/Hn-ord-F3-mf-N-N.wav,0.0,3.0,0.01564,0.1
work/windows/Brass/Horn/ordinario/Hn-ord-F3-pp-N-N_w000.wav,french-horn,F3,train,Brass/Horn/ordinario/Hn-ord-F3-pp-N-N.wav,0.0,3.0,0.00526,0.1
work/windows/Brass/Horn/ordinario/Hn-ord-F4-ff-N-N_w000.wav,french-horn,F4,val,Brass/Horn/ordinario/Hn-ord-F4-ff-N-N.wav,0.0,3.0,0.07928,0.1
work/windows/Brass/Horn/ordinario/Hn-ord-F4-mf-N-N_w000.wav,french-horn,F4,val,Brass/Horn/ordinario/Hn-ord-F4-mf-N-N.wav,0.0,3.0,0.03326,0.1
work/windows/Brass/Horn/ordinario/Hn-ord-F4-pp-N-N_w000.wav,french-horn,F4,val,Brass/Horn/ordinario/Hn-ord-F4-pp-N-N.wav,0.0,3.0,0.01491,0.1
work/windows/Brass/Horn/ordinario/Hn-ord-F5-ff-N-N_w000.wav,french-horn,F5,train,Brass/Horn/ordinario/Hn-ord-F5-ff-N-N.wav,0.0,3.0,0.08236,0.1
work/windows/Brass/Horn/ordinario/Hn-ord-F5-mf-N-N_w000.wav,french-horn,F5,train,Brass/Horn/ordinario/Hn-ord-F5-mf-N-N.wav,0.0,3.0,0.03716,0.1
work/windows/Brass/Horn/ordinario/Hn-ord-F5-pp-N-T11u_w000.wav,french-horn,F5,train,Brass/Horn/ordinario/Hn-ord-F5-pp-N-T11u.wav,0.0,3.0,0.02056,0.1
work/windows/Brass/Horn/ordinario/Hn-ord-G#1-mf-N-N_w000.wav,french-horn,G#1,train,Brass/Horn/ordinario/Hn-ord-G#1-mf-N-N.wav,0.0,3.0,0.00272,0.1
work/windows/Brass/Horn/ordinario/Hn-ord-G#2-ff-N-N_w000.wav,french-horn,G#2,train,Brass/Horn/ordinario/Hn-ord-G#2-ff-N-N.wav,0.0,3.0,0.03436,0.1
work/windows/Brass/Horn/ordinario/Hn-ord-G#2-mf-N-N_w000.wav,french-horn,G#2,train,Brass/Horn/ordinario/Hn-ord-G#2-mf-N-N.wav,0.0,3.0,0.00758,0.1
work/windows/Brass/Horn/ordinario/Hn-ord-G#2-pp-N-N_w000.wav,french-horn,G#2,train,Brass/Horn/ordinario/Hn-ord-G#2-pp-N-N.wav,0.0,3.0,0.00304,0.1
work/windows/Brass/Horn/ordinario/Hn-ord-G#3-ff-N-N_w000.wav,french-horn,G#3,train,Brass/Horn/ordinario/Hn-ord-G#3-ff-N-N.wav,0.0,3.0,0.04498,0.1
work/windows/Brass/Horn/ordinario/Hn-ord-G#3-mf-N-N_w000.wav,french-horn,G#3,train,Brass/Horn/ordinario/Hn-ord-G#3-mf-N-N.wav,0.0,3.0,0.02324,0.1
work/windows/Brass/Horn/ordinario/Hn-ord-G#3-pp-N-N_w000.wav,french-horn,G#3,train,Brass/Horn/ordinario/Hn-ord-G#3-pp-N-N.wav,0.0,3.0,0.00539,0.1
work/windows/Brass/Horn/ordinario/Hn-ord-G#4-ff-N-N_w000.wav,french-horn,G#4,train,Brass/Horn/ordinario/Hn-ord-G#4-ff-N-N.wav,0.0,3.0,0.09107,0.1
work/windows/Brass/Horn/ordinario/Hn-ord-G#4-mf-N-N_w000.wav,french-horn,G#4,train,Brass/Horn/ordinario/Hn-ord-G#4-mf-N-N.wav,0.0,3.0,0.04097,0.1
work/windows/Brass/Horn/ordinario/Hn-ord-G#4-pp-N-T10u_w000.wav,french-horn,G#4,train,Brass/Horn/ordinario/Hn-ord-G#4-pp-N-T10u.wav,0.0,3.0,0.01794,0.1
work/windows/Brass/Horn/ordinario/Hn-ord-G1-mf-N-T40d_w000.wav,french-horn,G1,test,Brass/Horn/ordinario/Hn-ord-G1-mf-N-T40d.wav,0.0,3.0,0.00236,0.1
work/windows/Brass/Horn/ordinario/Hn-ord-G2-ff-N-R100u_w000.wav,french-horn,G2,train,Brass/Horn/ordinario/Hn-ord-G2-ff-N-R100u.wav,0.0,3.0,0.03819,0.1
work/windows/Brass/Horn/ordinario/Hn-ord-G2-mf-N-N_w000.wav,french-horn,G2,train,Brass/Horn/ordinario/Hn-ord-G2-mf-N-N.wav,0.0,3.0,0.01138,0.1
work/windows/Brass/Horn/ordinario/Hn-ord-G2-pp-N-N_w000.wav,french-horn,G2,train,Brass/Horn/ordinario/Hn-ord-G2-pp-N-N.wav,0.0,3.0,0.00286,0.1
work/windows/Brass/Horn/ordinario/Hn-ord-G3-ff-N-N_w000.wav,french-horn,G3,train,Brass/Horn/ordinario/Hn-ord-G3-ff-N-N.wav,0.0,3.0,0.03613,0.1
work/windows/Brass/Horn/ordinario/Hn-ord-G3-mf-N-N_w000.wav,french-horn,G3,train,Brass/Horn/ordinario/Hn-ord-G3-mf-N-N.wav,0.0,3.0,0.02105,0.1
work/windows/Brass/Horn/ordinario/Hn-ord-G3-pp-N-N_w000.wav,french-horn,G3,train,Brass/Horn/ordinario/Hn-ord-G3-pp-N-N.wav,0.0,3.0,0.00421,0.1
work/windows/Brass/Horn/ordinario/Hn-ord-G4-ff-N-N_w000.wav,french-horn,G4,train,Brass/Horn/ordinario/Hn-ord-G4-ff-N-N.wav,0.0,3.0,0.08581,0.1
work/windows/Brass/Horn/ordinario/Hn-ord-G4-mf-N-N_w000.wav,french-horn,G4,train,Brass/Horn/ordinario/Hn-ord-G4-mf-N-N.wav,0.0,3.0,0.04019,0.1
work/windows/Brass/Horn/ordinario/Hn-ord-G4-pp-N-N_w000.wav,french-horn,G4,train,Brass/Horn/ordinario/Hn-ord-G4-pp-N-N.wav,0.0,3.0,0.01702,0.1
work/windows/Brass/Trombone/ordinario/Tbn-ord-A#1-ff-N-T14d_w000.wav,trombone,A#1,val,Brass/Trombone/ordinario/Tbn-ord-A#1-ff-N-T14d.wav,0.0,2.8561,0.04759,0.09412
work/windows/Brass/Trombone/ordinario/Tbn-ord-A#1-mf-N-N_w000.wav,trombone,A#1,val,Brass/Trombone/ordinario/Tbn-ord-A#1-mf-N-N.wav,0.0,3.0,0.02069,0.1
work/windows/Brass/Trombone/ordinario/Tbn-ord-A#1-pp-N-N_w000.wav,trombone,A#1,val,Brass/Trombone/ordinario/Tbn-ord-A#1-pp-N-N.wav,0.0,3.0,0.00694,0.1
work/windows/Brass/Trombone/ordinario/Tbn-ord-A#2-ff-N-N_w000.wav,trombone,A#2,train,Brass/Trombone/ordinario/Tbn-ord-A#2-ff-N-N.wav,0.0,3.0,0.09588,0.1
work/windows/Brass/Trombone/ordinario/Tbn-ord-A#2-mf-N-N_w000.wav,trombone,A#2,train,Brass/Trombone/ordinario/Tbn-ord-A#2-mf-N-N.wav,0.0,3.0,0.03728,0.1
work/windows/Brass/Trombone/ordinario/Tbn-ord-A#2-pp-N-N_w000.wav,trombone,A#2,train,Brass/Trombone/ordinario/Tbn-ord-A#2-pp-N-N.wav,0.0,3.0,0.00934,0.1
work/windows/Brass/Trombone/ordinario/Tbn-ord-A#3-ff-N-N_w000.wav,trombone,A#3,train,Brass/Trombone/ordinario/Tbn-ord-A#3-ff-N-N.wav,0.0,3.0,0.12103,0.1
work/windows/Brass/Trombone/ordinario/Tbn-ord-A#3-mf-N-N_w000.wav,trombone,A#3,train,Brass/Trombone/ordinario/Tbn-ord-A#3-mf-N-N.wav,0.0,3.0,0.04455,0.1
work/windows/Brass/Trombone/ordinario/Tbn-ord-A#3-pp-N-N_w000.wav,trombone,A#3,train,Brass/Trombone/ordinario/Tbn-ord-A#3-pp-N-N.wav,0.0,3.0,0.00861,0.1
work/windows/Brass/Trombone/ordinario/Tbn-ord-A#4-ff-N-N_w000.wav,trombone,A#4,train,Brass/Trombone/ordinario/Tbn-ord-A#4-ff-N-N.wav,0.0,3.0,0.2237,0.1
work/windows/Brass/Trombone/ordinario/Tbn-ord-A#4-mf-N-N_w000.wav,trombone,A#4,train,Brass/Trombone/ordinario/Tbn-ord-A#4-mf-N-N.wav,0.0,3.0,0.11281,0.1
work/windows/Brass/Trombone/ordinario/Tbn-ord-A#4-pp-N-N_w000.wav,trombone,A#4,train,Brass/Trombone/ordinario/Tbn-ord-A#4-pp-N-N.wav,0.0,3.0,0.06095,0.1
work/windows/Brass/Trombone/ordinario/Tbn-ord-A2-ff-N-N_w000.wav,trombone,A2,train,Brass/Trombone/ordinario/Tbn-ord-A2-ff-N-N.wav,0.0,3.0,0.06026,0.1
work/windows/Brass/Trombone/ordinario/Tbn-ord-A2-mf-N-N_w000.wav,trombone,A2,train,Brass/Trombone/ordinario/Tbn-ord-A2-mf-N-N.wav,0.0,3.0,0.01847,0.1
work/windows/Brass/Trombone/ordinario/Tbn-ord-A2-pp-N-N_w000.wav,trombone,A2,train,Brass/Trombone/ordinario/Tbn-ord-A2-pp-N-N.wav,0.0,3.0,0.00552,0.1
work/windows/Brass/Trombone/ordinario/Tbn-ord-A3-ff-N-N_w000.wav,trombone,A3,train,Brass/Trombone/ordinario/Tbn-ord-A3-ff-N-N.wav,0.0,3.0,0.10664,0.1
work/windows/Brass/Trombone/ordinario/Tbn-ord-A3-mf-N-N_w000.wav,trombone,A3,train,Brass/Trombone/ordinario/Tbn-ord-A3-mf-N-N.wav,0.0,3.0,0.03283,0.1
work/windows/Brass/Trombone/ordinario/Tbn-ord-A3-pp-N-T14u_w000.wav,trombone,A3,train,Brass/Trombone/ordinario/Tbn-ord-A3-pp-N-T14u.wav,0.0,3.0,0.00852,0.1
work/windows/Brass/Trombone/ordinario/Tbn-ord-A4-ff-N-N_w000.wav,trombone,A4,val,Brass/Trombone/ordinario/Tbn-ord-A4-ff-N-N.wav,0.0,3.0,0.18941,0.1
work/windows/Brass/Trombone/ordinario/Tbn-ord-A4-mf-N-N_w000.wav,trombone,A4,val,Brass/Trombone/ordinario/Tbn-ord-A4-mf-N-N.wav,0.0,3.0,0.09257,0.1
work/windows/Brass/Trombone/ordinario/Tbn-ord-A4-pp-N-N_w000.wav,trombone,A4,val,Brass/Trombone/ordinario/Tbn-ord-A4-pp-N-N.wav,0.0,3.0,0.03883,0.1
work/windows/Brass/Trombone/ordinario/Tbn-ord-B1-ff-N-T27d_w000.wav,trombone,B1,val,Brass/Trombone/ordinario/Tbn-ord-B1-ff-N-T27d.wav,0.0,3.0,0.03183,0.09705
work/windows/Brass/Trombone/ordinario/Tbn-ord-B1-mf-N-T14d_w000.wav,trombone,B1,val,Brass/Trombone/ordinario/Tbn-ord-B1-mf-N-T14d.wav,0.0,3.0,0.0059,0.1
work/windows/Brass/Trombone/ordinario/Tbn-ord-B1-pp-N-N_w000.wav,trombone,B1,val,Brass/Trombone/ordinario/Tbn-ord-B1-pp-N-N.wav,0.0,3.0,0.00167,0.1
work/windows/Brass/Trombone/ordinario/Tbn-ord-B2-ff-N-T26d_w000.wav,trombone,B2,test,Brass/Trombone/ordinario/Tbn-ord-B2-ff-N-T26d.wav,0.0,3.0,0.0755,0.1
work/windows/Brass/Trombone/ordinario/Tbn-ord-B2-mf-N-T26d_w000.wav,trombone,B2,test,Brass/Trombone/ordinario/Tbn-ord-B2-mf-N-T26d.wav,0.0,3.0,0.02702,0.1
work/windows/Brass/Trombone/ordinario/Tbn-ord-B2-pp-N-T19d_w000.wav,trombone,B2,test,Brass/Trombone/ordinario/Tbn-ord-B2-pp-N-T19d.wav,0.0,3.0,0.00648,0.1
work/windows/Brass/Trombone/ordinario/Tbn-ord-B3-ff-N-N_w000.wav,trombone,B3,val,Brass/Trombone/ordinario/Tbn-ord-B3-ff-N-N.wav,0.0,3.0,0.09857,0.1
work/windows/Brass/Trombone/ordinario/Tbn-ord-B3-mf-N-N_w000.wav,trombone,B3,val,Brass/Trombone/ordinario/Tbn-ord-B3-mf-N-N.wav,0.0,3.0,0.03358,0.1
work/windows/Brass/Trombone/ordinario/Tbn-ord-B3-pp-N-N_w000.wav,trombone,B3,val,Brass/Trombone/ordinario/Tbn-ord-B3-pp-N-N.wav,0.0,3.0,0.00904,0.1
work/windows/Brass/Trombone/ordinario/Tbn-ord-B4-ff-N-N_w000.wav,trombone,B4,train,Brass/Trombone/ordinario/Tbn-ord-B4-ff-N-N.wav,0.0,3.0,0.16737,0.1
work/windows/Brass/Trombone/ordinario/Tbn-ord-B4-mf-N-N_w000.wav,trombone,B4,train,Brass/Trombone/ordinario/Tbn-ord-B4-mf-N-N.wav,0.0,3.0,0.09276,0.1
work/windows/Brass/Trombone/ordinario/Tbn-ord-B4-pp-N-N_w000.wav,trombone,B4,train,Brass/Trombone/ordinario/Tbn-ord-B4-pp-N-N.wav,0.0,3.0,0.03271,0.1
work/windows/Brass/Trombone/ordinario/Tbn-ord-C#2-ff-N-T21d_w000.wav,trombone,C#2,train,Brass/Trombone/ordinario/Tbn-ord-C#2-ff-N-T21d.wav,0.0,3.0,0.03039,0.06321
work/windows/Brass/Trombone/ordinario/Tbn-ord-C#2-mf-N-T33d_w000.wav,trombone,C#2,train,Brass/Trombone/ordinario/Tbn-ord-C#2-mf-N-T33d.wav,0.0,3.0,0.01195,0.1
work/windows/Brass/Trombone/ordinario/Tbn-ord-C#2-pp-N-N_w000.wav,trombone,C#2,train,Brass/Trombone/ordinario/Tbn-ord-C#2-pp-N-N.wav,0.0,3.0,0.00379,0.1
work/windows/Brass/Trombone/ordinario/Tbn-ord-C#3-ff-N-N_w000.wav,trombone,C#3,train,Brass/Trombone/ordinario/Tbn-ord-C#3-ff-N-N.wav,0.0,3.0,0.09405,0.1
work/windows/Brass/Trombone/ordinario/Tbn-ord-C#3-mf-N-N_w000.wav,trombone,C#3,train,Brass/Trombone/ordinario/Tbn-ord-C#3-mf-N-N.wav,0.0,3.0,0.04757,0.1
work/windows/Brass/Trombone/ordinario/Tbn-ord-C#3-pp-N-N_w000.wav,trombone,C#3,train,Brass/Trombone/ordinario/Tbn-ord-C#3-pp-N-N.wav,0.0,3.0,0.00581,0.1
work/windows/Brass/Trombone/ordinario/Tbn-ord-C#4-ff-N-N_w000.wav,trombone,C#4,train,Brass/Trombone/ordinario/Tbn-ord-C#4-ff-N-N.wav,0.0,3.0,0.15695,0.1
work/windows/Brass/Trombone/ordinario/Tbn-ord-C#4-mf-N-T13d_w000.wav,trombone,C#4,train,Brass/Trombone/ordinario/Tbn-ord-C#4-mf-N-T13d.wav,0.0,3.0,0.04625,0.1
work/windows/Brass/Trombone/ordinario/Tbn-ord-C#4-pp-N-N_w000.wav,trombone,C#4,train,Brass/Trombone/ordinario/Tbn-ord-C#4-pp-N-N.wav,0.0,3.0,0.01467,0.1
work/windows/Brass/Trombone/ordinario/Tbn-ord-C2-ff-N-T58d_w000.wav,trombone,C2,train,Brass/Trombone/ordinario/Tbn-ord-C2-ff-N-T58d.wav,0.0,3.0,0.03464,0.09471
work/windows/Brass/Trombone/ordinario/Tbn-ord-C2-mf-N-T44d_w000.wav,trombone,C2,train,Brass/Trombone/ordinario/Tbn-ord-C2-mf-N-T44d.wav,0.0,3.0,0.00895,0.1
work/windows/Brass/Trombone/ordinario/Tbn-ord-C2-pp-N-T23d_w000.wav,trombone,C2,train,Brass/Trombone/ordinario/Tbn-ord-C2-pp-N-T23d.wav,0.0,3.0,0.00329,0.1
work/windows/Brass/Trombone/ordinario/Tbn-ord-C3-ff-N-T25d_w000.wav,trombone,C3,train,Brass/Trombone/ordinario/Tbn-ord-C3-ff-N-T25d.wav,0.0,3.0,0.07813,0.1
work/windows/Brass/Trombone/ordinario/Tbn-ord-C3-mf-N-T18d_w000.wav,trombone,C3,train,Brass/Trombone/ordinario/Tbn-ord-C3-mf-N-T18d.wav,0.0,3.0,0.02925,0.1
work/windows/Brass/Trombone/ordinario/Tbn-ord-C3-pp-N-T25d_w000.wav,trombone,C3,train,Brass/Trombone/ordinario/Tbn-ord-C3-pp-N-T25d.wav,0.0,3.0,0.00505,0.1
work/windows/Brass/Trombone/ordinario/Tbn-ord-C4-ff-N-N_w000.wav,trombone,C4,train,Brass/Trombone/ordinario/Tbn-ord-C4-ff-N-N.wav,0.0,3.0,0.10225,0.1
work/windows/Brass/Trombone/ordinario/Tbn-ord-C4-mf-N-N_w000.wav,trombone,C4,train,Brass/Trombone/ordinario/Tbn-ord-C4-mf-N-N.wav,0.0,3.0,0.04981,0.1
work/windows/Brass/Trombone/ordinario/Tbn-ord-C4-pp-N-N_w000.wav,trombone,C4,train,Brass/Trombone/ordinario/Tbn-ord-C4-pp-N-N.wav,0.0,3.0,0.0117,0.1
work/windows/Brass/Trombone/ordinario/Tbn-ord-C5-ff-N-T24u_w000.wav,trombone,C5,val,Brass/Trombone/ordinario/Tbn-ord-C5-ff-N-T24u.wav,0.0,3.0,0.15835,0.1
work/windows/Brass/Trombone/ordinario/Tbn-ord-C5-mf-N-T23u_w000.wav,trombone,C5,val,Brass/Trombone/ordinario/Tbn-ord-C5-mf-N-T23u.wav,0.0,3.0,0.0629,0.1
work/windows/Brass/Trombone/ordinario/Tbn-ord-C5-pp-N-N_w000.wav,trombone,C5,val,Brass/Trombone/ordinario/Tbn-ord-C5-pp-N-N.wav,0.0,3.0,0.03617,0.1
work/windows/Brass/Trombone/ordinario/Tbn-ord-D#2-ff-N-N_w000.wav,trombone,D#2,train,Brass/Trombone/ordinario/Tbn-ord-D#2-ff-N-N.wav,0.0,3.0,0.03683,0.08038
work/windows/Brass/Trombone/ordinario/Tbn-ord-D#2-mf-N-N_w000.wav,trombone,D#2,train,Brass/Trombone/ordinario/Tbn-ord-D#2-mf-N-N.wav,0.0,3.0,0.01558,0.1
work/windows/Brass/Trombone/ordinario/Tbn-ord-D#2-pp-N-T14u_w000.wav,trombone,D#2,train,Brass/Trombone/ordinario/Tbn-ord-D#2-pp-N-T14u.wav,0.0,3.0,0.00367,0.1
work/windows/Brass/Trombone/ordinario/Tbn-ord-D#3-ff-N-N_w000.wav,trombone,D#3,train,Brass/Trombone/ordinario/Tbn-ord-D#3-ff-N-N.wav,0.0,3.0,0.07524,0.1
work/windows/Brass/Trombone/ordinario/Tbn-ord-D#3-mf-N-N_w000.wav,trombone,D#3,train,Brass/Trombone/ordinario/Tbn-ord-D#3-mf-N-N.wav,0.0,3.0,0.02316,0.1
work/windows/Brass/Trombone/ordinario/Tbn-ord-D#3-pp-N-N_w000.wav,trombone,D#3,train,Brass/Trombone/ordinario/Tbn-ord-D#3-pp-N-N.wav,0.0,3.0,0.00995,0.1
work/windows/Brass/Trombone/ordinario/Tbn-ord-D#4-ff-N-N_w000.wav,trombone,D#4,train,Brass/Trombone/ordinario/Tbn-ord-D#4-ff-N-N.wav,0.0,3.0,0.1411,0.1
work/windows/Brass/Trombone/ordinario/Tbn-ord-D#4-mf-N-N_w000.wav,trombone,D#4,train,Brass/Trombone/ordinario/Tbn-ord-D#4-mf-N-N.wav,0.0,3.0,0.03308,0.1
work/windows/Brass/Trombone/ordinario/Tbn-ord-D#4-pp-N-T13u_w000.wav,trombone,D#4,train,Brass/Trombone/ordinario/Tbn-ord-D#4-pp-N-T13u.wav,0.0,3.0,0.01356,0.1
work/windows/Brass/Trombone/ordinario/Tbn-ord-D2-ff-N-T37d_w000.wav,trombone,D2,train,Brass/Trombone/ordinario/Tbn-ord-D2-ff-N-T37d.wav,0.0,3.0,0.04211,0.06707
work/windows/Brass/Trombone/ordinario/Tbn-ord-D2-mf-N-T26d_w000.wav,trombone,D2,train,Brass/Trombone/ordinario/Tbn-ord-D2-mf-N-T26d.wav,0.0,3.0,0.01686,0.1
work/windows/Brass/Trombone/ordinario/Tbn-ord-D2-pp-N-T12d_w000.wav,trombone,D2,train,Brass/Trombone/ordinario/Tbn-ord-D2-pp-N-T12d.wav,0.0,3.0,0.00362,0.1
work/windows/Brass/Trombone/ordinario/Tbn-ord-D3-ff-N-N_w000.wav,trombone,D3,train,Brass/Trombone/ordinario/Tbn-ord-D3-ff-N-N.wav,0.0,3.0,0.07755,0.1
work/windows/Brass/Trombone/ordinario/Tbn-ord-D3-mf-N-N_w000.wav,trombone,D3,train,Brass/Trombone/ordinario/Tbn-ord-D3-mf-N-N.wav,0.0,3.0,0.0375,0.1
work/windows/Brass/Trombone/ordinario/Tbn-ord-D3-pp-N-T11u_w000.wav,trombone,D3,train,Brass/Trombone/ordinario/Tbn-ord-D3-pp-N-T11u.wav,0.0,3.0,0.00689,0.1
work/windows/Brass/Trombone/ordinario/Tbn-ord-D4-ff-N-N_w000.wav,trombone,D4,train,Brass/Trombone/ordinario/Tbn-ord-D4-ff-N-N.wav,0.0,3.0,0.13696,0.1
work/windows/Brass/Trombone/ordinario/Tbn-ord-D4-mf-N-N_w000.wav,trombone,D4,train,Brass/Trombone/ordinario/Tbn-ord-D4-mf-N-N.wav,0.0,3.0,0.05085,0.1
work/windows/Brass/Trombone/ordinario/Tbn-ord-D4-pp-N-N_w000.wav,trombone,D4,train,Brass/Trombone/ordinario/Tbn-ord-D4-pp-N-N.wav,0.0,3.0,0.01627,0.1
work/windows/Brass/Trombone/ordinario/Tbn-ord-E2-ff-N-T12d_w000.wav,trombone,E2,train,Brass/Trombone/ordinario/Tbn-ord-E2-ff-N-T12d.wav,0.0,3.0,0.04973,0.09649
work/windows/Brass/Trombone/ordinario/Tbn-ord-E2-mf-N-N_w000.wav,trombone,E2,train,Brass/Trombone/ordinario/Tbn-ord-E2-mf-N-N.wav,0.0,3.0,0.01536,0.1
work/windows/Brass/Trombone/ordinario/Tbn-ord-E2-pp-N-T21u_w000.wav,trombone,E2,train,Brass/Trombone/ordinario/Tbn-ord-E2-pp-N-T21u.wav,0.0,3.0,0.00295,0.1
work/windows/Brass/Trombone/ordinario/Tbn-ord-E3-ff-N-N_w000.wav,trombone,E3,train,Brass/Trombone/ordinario/Tbn-ord-E3-ff-N-N.wav,0.0,3.0,0.09056,0.1
work/windows/Brass/Trombone/ordinario/Tbn-ord-E3-mf-N-N_w000.wav,trombone,E3,train,Brass/Trombone/ordinario/Tbn-ord-E3-mf-N-N.wav,0.0,3.0,0.02547,0.1
work/windows/Brass/Trombone/ordinario/Tbn-ord-E3-pp-N-N_w000.wav,trombone,E3,train,Brass/Trombone/ordinario/Tbn-ord-E3-pp-N-N.wav,0.0,3.0,0.00562,0.1
work/windows/Brass/Trombone/ordinario/Tbn-ord-E4-ff-N-N_w000.wav,trombone,E4,train,Brass/Trombone/ordinario/Tbn-ord-E4-ff-N-N.wav,0.0,3.0,0.17007,0.1
work/windows/Brass/Trombone/ordinario/Tbn-ord-E4-mf-N-T10u_w000.wav,trombone,E4,train,Brass/Trombone/ordinario/Tbn-ord-E4-mf-N-T10u.wav,0.0,3.0,0.05515,0.1
work/windows/Brass/Trombone/ordinario/Tbn-ord-E4-pp-N-N_w000.wav,trombone,E4,train,Brass/Trombone/ordinario/Tbn-ord-E4-pp-N-N.wav,0.0,3.0,0.01326,0.1
work/windows/Brass/Trombone/ordinario/Tbn-ord-F#2-ff-N-T24d_w000.wav,trombone,F#2,test,Brass/Trombone/ordinario/Tbn-ord-F#2-ff-N-T24d.wav,0.0,3.0,0.05891,0.1
work/windows/Brass/Trombone/ordinario/Tbn-ord-F#2-mf-N-T28d_w000.wav,trombone,F#2,test,Brass/Trombone/ordinario/Tbn-ord-F#2-mf-N-T28d.wav,0.0,3.0,0.02038,0.1
work/windows/Brass/Trombone/ordinario/Tbn-ord-F#2-pp-N-T20d_w000.wav,trombone,F#2,test,Brass/Trombone/ordinario/Tbn-ord-F#2-pp-N-T20d.wav,0.0,3.0,0.0051,0.1
work/windows/Brass/Trombone/ordinario/Tbn-ord-F#3-ff-N-N_w000.wav,trombone,F#3,test,Brass/Trombone/ordinario/Tbn-ord-F#3-ff-N-N.wav,0.0,3.0,0.10341,0.1
work/windows/Brass/Trombone/ordinario/Tbn-ord-F#3-mf-N-N_w000.wav,trombone,F#3,test,Brass/Trombone/ordinario/Tbn-ord-F#3-mf-N-N.wav,0.0,3.0,0.02781,0.1
work/windows/Brass/Trombone/ordinario/Tbn-ord-F#3-pp-N-N_w000.wav,trombone,F#3,test,Brass/Trombone/ordinario/Tbn-ord-F#3-pp-N-N.wav,0.0,3.0,0.00618,0.1
work/windows/Brass/Trombone/ordinario/Tbn-ord-F#4-ff-N-T10u_w000.wav,trombone,F#4,test,Brass/Trombone/ordinario/Tbn-ord-F#4-ff-N-T10u.wav,0.0,3.0,0.14694,0.1
work/windows/Brass/Trombone/ordinario/Tbn-ord-F#4-mf-N-T10u_w000.wav,trombone,F#4,test,Brass/Trombone/ordinario/Tbn-ord-F#4-mf-N-T10u.wav,0.0,3.0,0.06777,0.1
work/windows/Brass/Trombone/ordinario/Tbn-ord-F#4-pp-N-T10u_w000.wav,trombone,F#4,test,Brass/Trombone/ordinario/Tbn-ord-F#4-pp-N-T10u.wav,0.0,3.0,0.01974,0.1
work/windows/Brass/Trombone/ordinario/Tbn-ord-F2-ff-N-N_w000.wav,trombone,F2,test,Brass/Trombone/ordinario/Tbn-ord-F2-ff-N-N.wav,0.0,3.0,0.0507,0.07333
work/windows/Brass/Trombone/ordinario/Tbn-ord-F2-mf-N-N_w000.wav,trombone,F2,test,Brass/Trombone/ordinario/Tbn-ord-F2-mf-N-N.wav,0.0,3.0,0.0212,0.1
work/windows/Brass/Trombone/ordinario/Tbn-ord-F2-pp-N-N_w000.wav,trombone,F2,test,Brass/Trombone/ordinario/Tbn-ord-F2-pp-N-N.wav,0.0,3.0,0.00677,0.1
work/windows/Brass/Trombone/ordinario/Tbn-ord-F3-ff-N-N_w000.wav,trombone,F3,train,Brass/Trombone/ordinario/Tbn-ord-F3-ff-N-N.wav,0.0,3.0,0.08437,0.1
work/windows/Brass/Trombone/ordinario/Tbn-ord-F3-mf-N-N_w000.wav,trombone,F3,train,Brass/Trombone/ordinario/Tbn-ord-F3-mf-N-N.wav,0.0,3.0,0.03139,0.1
work/windows/Brass/Trombone/ordinario/Tbn-ord-F3-pp-N-N_w000.wav,trombone,F3,train,Brass/Trombone/ordinario/Tbn-ord-F3-pp-N-N.wav,0.0,3.0,0.0083,0.1
work/windows/Brass/Trombone/ordinario/Tbn-ord-F4-ff-N-N_w000.wav,trombone,F4,train,Brass/Trombone/ordinario/Tbn-ord-F4-ff-N-N.wav,0.0,3.0,0.14815,0.1
work/windows/Brass/Trombone/ordinario/Tbn-ord-F4-mf-N-N_w000.wav,trombone,F4,train,Brass/Trombone/ordinario/Tbn-ord-F4-mf-N-N.wav,0.0,3.0,0.05768,0.1
work/windows/Brass/Trombone/ordinario/Tbn-ord-F4-pp-N-N_w000.wav,trombone,F4,train,Brass/Trombone/ordinario/Tbn-ord-F4-pp-N-N.wav,0.0,3.0,0.01783,0.1
work/windows/Brass/Trombone/ordinario/Tbn-ord-G#2-ff-N-T15u_w000.wav,trombone,G#2,val,Brass/Trombone/ordinario/Tbn-ord-G#2-ff-N-T15u.wav,0.0,3.0,0.06114,0.1
work/windows/Brass/Trombone/ordinario/Tbn-ord-G#2-mf-N-N_w000.wav,trombone,G#2,val,Brass/Trombone/ordinario/Tbn-ord-G#2-mf-N-N.wav,0.0,3.0,0.02035,0.1
work/windows/Brass/Trombone/ordinario/Tbn-ord-G#2-pp-N-T27u_w000.wav,trombone,G#2,val,Brass/Trombone/ordinario/Tbn-ord-G#2-pp-N-T27u.wav,0.0,3.0,0.00493,0.1
work/windows/Brass/Trombone/ordinario/Tbn-ord-G#3-ff-N-T10u_w000.wav,trombone,G#3,train,Brass/Trombone/ordinario/Tbn-ord-G#3-ff-N-T10u.wav,0.0,3.0,0.1155,0.1
work/windows/Brass/Trombone/ordinario/Tbn-ord-G#3-mf-N-N_w000.wav,trombone,G#3,train,Brass/Trombone/ordinario/Tbn-ord-G#3-mf-N-N.wav,0.0,3.0,0.05114,0.1
work/windows/Brass/Trombone/ordinario/Tbn-ord-G#3-pp-N-N_w000.wav,trombone,G#3,train,Brass/Trombone/ordinario/Tbn-ord-G#3-pp-N-N.wav,0.0,3.0,0.01053,0.1
work/windows/Brass/Trombone/ordinario/Tbn-ord-G#4-ff-N-N_w000.wav,trombone,G#4,train,Brass/Trombone/ordinario/Tbn-ord-G#4-ff-N-N.wav,0.0,3.0,0.22057,0.1
work/windows/Brass/Trombone/ordinario/Tbn-ord-G#4-mf-N-N_w000.wav,trombone,G#4,train,Brass/Trombone/ordinario/Tbn-ord-G#4-mf-N-N.wav,0.0,3.0,0.09736,0.1
work/windows/Brass/Trombone/ordinario/Tbn-ord-G#4-pp-N-N_w000.wav,trombone,G#4,train,Brass/Trombone/ordinario/Tbn-ord-G#4-pp-N-N.wav,0.0,3.0,0.0297,0.1
work/windows/Brass/Trombone/ordinario/Tbn-ord-G2-ff-N-N_w000.wav,trombone,G2,train,Brass/Trombone/ordinario/Tbn-ord-G2-ff-N-N.wav,0.0,3.0,0.07037,0.1
work/windows/Brass/Trombone/ordinario/Tbn-ord-G2-mf-N-N_w000.wav,trombone,G2,train,Brass/Trombone/ordinario/Tbn-ord-G2-mf-N-N.wav,0.0,3.0,0.0238,0.1
work/windows/Brass/Trombone/ordinario/Tbn-ord-G2-pp-N-N_w000.wav,trombone,G2,train,Brass/Trombone/ordinario/Tbn-ord-G2-pp-N-N.wav,0.0,3.0,0.00686,0.1
work/windows/Brass/Trombone/ordinario/Tbn-ord-G3-ff-N-N_w000.wav,trombone,G3,test,Brass/Trombone/ordinario/Tbn-ord-G3-ff-N-N.wav,0.0,3.0,0.10979,0.1
work/windows/Brass/Trombone/ordinario/Tbn-ord-G3-mf-N-T18d_w000.wav,trombone,G3,test,Brass/Trombone/ordinario/Tbn-ord-G3-mf-N-T18d.wav,0.0,3.0,0.03255,0.1
work/windows/Brass/Trombone/ordinario/Tbn-ord-G3-pp-N-N_w000.wav,trombone,G3,test,Brass/Trombone/ordinario/Tbn-ord-G3-pp-N-N.wav,0.0,3.0,0.00757,0.1
work/windows/Brass/Trombone/ordinario/Tbn-ord-G4-ff-N-N_w000.wav,trombone,G4,train,Brass/Trombone/ordinario/Tbn-ord-G4-ff-N-N.wav,0.0,3.0,0.13926,0.1
work/windows/Brass/Trombone/ordinario/Tbn-ord-G4-mf-N-N_w000.wav,trombone,G4,train,Brass/Trombone/ordinario/Tbn-ord-G4-mf-N-N.wav,0.0,3.0,0.08596,0.1
work/windows/Brass/Trombone/ordinario/Tbn-ord-G4-pp-N-N_w000.wav,trombone,G4,train,Brass/Trombone/ordinario/Tbn-ord-G4-pp-N-N.wav,0.0,3.0,0.02272,0.1
work/windows/Brass/Trumpet_C/ordinario/TpC-ord-A#3-ff-N-T23u_R100u_w000.wav,trumpet,A#3,train,Brass/Trumpet_C/ordinario/TpC-ord-A#3-ff-N-T23u_R100u.wav,0.0,3.0,0.0482,0.1
work/windows/Brass/Trumpet_C/ordinario/TpC-ord-A#3-mf-N-N_w000.wav,trumpet,A#3,train,Brass/Trumpet_C/ordinario/TpC-ord-A#3-mf-N-N.wav,0.0,3.0,0.00918,0.1
work/windows/Brass/Trumpet_C/ordinario/TpC-ord-A#3-pp-N-N_w000.wav,trumpet,A#3,train,Brass/Trumpet_C/ordinario/TpC-ord-A#3-pp-N-N.wav,0.0,3.0,0.00227,0.1
work/windows/Brass/Trumpet_C/ordinario/TpC-ord-A#4-ff-N-N_w000.wav,trumpet,A#4,train,Brass/Trumpet_C/ordinario/TpC-ord-A#4-ff-N-N.wav,0.0,3.0,0.04596,0.1
work/windows/Brass/Trumpet_C/ordinario/TpC-ord-A#4-mf-N-N_w000.wav,trumpet,A#4,train,Brass/Trumpet_C/ordinario/TpC-ord-A#4-mf-N-N.wav,0.0,3.0,0.01333,0.1
work/windows/Brass/Trumpet_C/ordinario/TpC-ord-A#4-pp-N-N_w000.wav,trumpet,A#4,train,Brass/Trumpet_C/ordinario/TpC-ord-A#4-pp-N-N.wav,0.0,3.0,0.00363,0.1
work/windows/Brass/Trumpet_C/ordinario/TpC-ord-A#5-ff-N-N_w000.wav,trumpet,A#5,train,Brass/Trumpet_C/ordinario/TpC-ord-A#5-ff-N-N.wav,0.0,3.0,0.04927,0.1
work/windows/Brass/Trumpet_C/ordinario/TpC-ord-A#5-mf-N-N_w000.wav,trumpet,A#5,train,Brass/Trumpet_C/ordinario/TpC-ord-A#5-mf-N-N.wav,0.0,3.0,0.01636,0.1
work/windows/Brass/Trumpet_C/ordinario/TpC-ord-A#5-pp-N-N_w000.wav,trumpet,A#5,train,Brass/Trumpet_C/ordinario/TpC-ord-A#5-pp-N-N.wav,0.0,3.0,0.00816,0.1
work/windows/Brass/Trumpet_C/ordinario/TpC-ord-A3-ff-N-T23u_w000.wav,trumpet,A3,train,Brass/Trumpet_C/ordinario/TpC-ord-A3-ff-N-T23u.wav,0.0,3.0,0.04846,0.1
work/windows/Brass/Trumpet_C/ordinario/TpC-ord-A3-mf-N-N_w000.wav,trumpet,A3,train,Brass/Trumpet_C/ordinario/TpC-ord-A3-mf-N-N.wav,0.0,3.0,0.01011,0.1
work/windows/Brass/Trumpet_C/ordinario/TpC-ord-A3-pp-N-T10d_w000.wav,trumpet,A3,train,Brass/Trumpet_C/ordinario/TpC-ord-A3-pp-N-T10d.wav,0.0,3.0,0.00326,0.1
work/windows/Brass/Trumpet_C/ordinario/TpC-ord-A4-ff-N-T22u_w000.wav,trumpet,A4,test,Brass/Trumpet_C/ordinario/TpC-ord-A4-ff-N-T22u.wav,0.0,3.0,0.0418,0.1
work/windows/Brass/Trumpet_C/ordinario/TpC-ord-A4-mf-N-T19u_w000.wav,trumpet,A4,test,Brass/Trumpet_C/ordinario/TpC-ord-A4-mf-N-T19u.wav,0.0,3.0,0.0108,0.1
work/windows/Brass/Trumpet_C/ordinario/TpC-ord-A4-pp-N-N_w000.wav,trumpet,A4,test,Brass/Trumpet_C/ordinario/TpC-ord-A4-pp-N-N.wav,0.0,3.0,0.00359,0.1
work/windows/Brass/Trumpet_C/ordinario/TpC-ord-A5-ff-N-T13u_w000.wav,trumpet,A5,train,Brass/Trumpet_C/ordinario/TpC-ord-A5-ff-N-T13u.wav,0.0,3.0,0.04425,0.1
work/windows/Brass/Trumpet_C/ordinario/TpC-ord-A5-mf-N-N_w000.wav,trumpet,A5,train,Brass/Trumpet_C/ordinario/TpC-ord-A5-mf-N-N.wav,0.0,3.0,0.01825,0.1
work/windows/Brass/Trumpet_C/ordinario/TpC-ord-A5-pp-N-T26d_w000.wav,trumpet,A5,train,Brass/Trumpet_C/ordinario/TpC-ord-A5-pp-N-T26d.wav,0.0,3.0,0.00466,0.1
work/windows/Brass/Trumpet_C/ordinario/TpC-ord-B3-ff-N-R100d_w000.wav,trumpet,B3,train,Brass/Trumpet_C/ordinario/TpC-ord-B3-ff-N-R100d.wav,0.0,3.0,0.03352,0.1
work/windows/Brass/Trumpet_C/ordinario/TpC-ord-B3-mf-N-N_w000.wav,trumpet,B3,train,Brass/Trumpet_C/ordinario/TpC-ord-B3-mf-N-N.wav,0.0,3.0,0.01181,0.1
work/windows/Brass/Trumpet_C/ordinario/TpC-ord-B3-pp-N-N_w000.wav,trumpet,B3,train,Brass/Trumpet_C/ordinario/TpC-ord-B3-pp-N-N.wav,0.0,3.0,0.00287,0.1
work/windows/Brass/Trumpet_C/ordinario/TpC-ord-B4-ff-N-N_w000.wav,trumpet,B4,train,Brass/Trumpet_C/ordinario/TpC-ord-B4-ff-N-N.wav,0.0,3.0,0.04644,0.1
work/windows/Brass/Trumpet_C/ordinario/TpC-ord-B4-mf-N-N_w000.wav,trumpet,B4,train,Brass/Trumpet_C/ordinario/TpC-ord-B4-mf-N-N.wav,0.0,3.0,0.01194,0.1
work/windows/Brass/Trumpet_C/ordinario/TpC-ord-B4-pp-N-N_w000.wav,trumpet,B4,train,Brass/Trumpet_C/ordinario/TpC-ord-B4-pp-N-N.wav,0.0,3.0,0.00314,0.1
work/windows/Brass/Trumpet_C/ordinario/TpC-ord-B5-ff-N-N_w000.wav,trumpet,B5,val,Brass/Trumpet_C/ordinario/TpC-ord-B5-ff-N-N.wav,0.0,3.0,0.062,0.1
work/windows/Brass/Trumpet_C/ordinario/TpC-ord-B5-mf-N-T13u_w000.wav,trumpet,B5,val,Brass/Trumpet_C/ordinario/TpC-ord-B5-mf-N-T13u.wav,0.0,3.0,0.01855,0.1
work/windows/Brass/Trumpet_C/ordinario/TpC-ord-B5-pp-N-N_w000.wav,trumpet,B5,val,Brass/Trumpet_C/ordinario/TpC-ord-B5-pp-N-N.wav,0.0,3.0,0.00922,0.1
work/windows/Brass/Trumpet_C/ordinario/TpC-ord-C#4-ff-N-T39u_w000.wav,trumpet,C#4,train,Brass/Trumpet_C/ordinario/TpC-ord-C#4-ff-N-T39u.wav,0.0,3.0,0.03639,0.1
work/windows/Brass/Trumpet_C/ordinario/TpC-ord-C#4-mf-N-T17u_w000.wav,trumpet,C#4,train,Brass/Trumpet_C/ordinario/TpC-ord-C#4-mf-N-T17u.wav,0.0,3.0,0.00734,0.1
work/windows/Brass/Trumpet_C/ordinario/TpC-ord-C#4-pp-N-T11u_w000.wav,trumpet,C#4,train,Brass/Trumpet_C/ordinario/TpC-ord-C#4-pp-N-T11u.wav,0.0,3.0,0.00158,0.1
work/windows/Brass/Trumpet_C/ordinario/TpC-ord-C#5-ff-N-N_w000.wav,trumpet,C#5,train,Brass/Trumpet_C/ordinario/TpC-ord-C#5-ff-N-N.wav,0.0,3.0,0.04133,0.1
work/windows/Brass/Trumpet_C/ordinario/TpC-ord-C#5-mf-N-T17u_w000.wav,trumpet,C#5,train,Brass/Trumpet_C/ordinario/TpC-ord-C#5-mf-N-T17u.wav,0.0,3.0,0.01554,0.1
work/windows/Brass/Trumpet_C/ordinario/TpC-ord-C#5-pp-N-N_w000.wav,trumpet,C#5,train,Brass/Trumpet_C/ordinario/TpC-ord-C#5-pp-N-N.wav,0.0,3.0,0.00449,0.1
work/windows/Brass/Trumpet_C/ordinario/TpC-ord-C#6-mf-N-T10u_w000.wav,trumpet,C#6,test,Brass/Trumpet_C/ordinario/TpC-ord-C#6-mf-N-T10u.wav,0.0,3.0,0.01966,0.1
work/windows/Brass/Trumpet_C/ordinario/TpC-ord-C#6-pp-N-N_w000.wav,trumpet,C#6,test,Brass/Trumpet_C/ordinario/TpC-ord-C#6-pp-N-N.wav,0.0,3.0,0.01297,0.1
work/windows/Brass/Trumpet_C/ordinario/TpC-ord-C4-ff-N-N_w000.wav,trumpet,C4,test,Brass/Trumpet_C/ordinario/TpC-ord-C4-ff-N-N.wav,0.0,3.0,0.03353,0.1
work/windows/Brass/Trumpet_C/ordinario/TpC-ord-C4-mf-N-N_w000.wav,trumpet,C4,test,Brass/Trumpet_C/ordinario/TpC-ord-C4-mf-N-N.wav,0.0,3.0,0.00777,0.1
work/windows/Brass/Trumpet_C/ordinario/TpC-ord-C4-pp-N-T10d_w000.wav,trumpet,C4,test,Brass/Trumpet_C/ordinario/TpC-ord-C4-pp-N-T10d.wav,0.0,3.0,0.00243,0.1
work/windows/Brass/Trumpet_C/ordinario/TpC-ord-C5-ff-N-N_w000.wav,trumpet,C5,train,Brass/Trumpet_C/ordinario/TpC-ord-C5-ff-N-N.wav,0.0,3.0,0.05059,0.1
work/windows/Brass/Trumpet_C/ordinario/TpC-ord-C5-mf-N-N_w000.wav,trumpet,C5,train,Brass/Trumpet_C/ordinario/TpC-ord-C5-mf-N-N.wav,0.0,3.0,0.01632,0.1
work/windows/Brass/Trumpet_C/ordinario/TpC-ord-C5-pp-N-T11d_w000.wav,trumpet,C5,train,Brass/Trumpet_C/ordinario/TpC-ord-C5-pp-N-T11d.wav,0.0,3.0,0.00355,0.1
work/windows/Brass/Trumpet_C/ordinario/TpC-ord-C6-ff-N-T17u_w000.wav,trumpet,C6,train,Brass/Trumpet_C/ordinario/TpC-ord-C6-ff-N-T17u.wav,0.0,3.0,0.04217,0.1
work/windows/Brass/Trumpet_C/ordinario/TpC-ord-C6-mf-N-T11u_w000.wav,trumpet,C6,train,Brass/Trumpet_C/ordinario/TpC-ord-C6-mf-N-T11u.wav,0.0,3.0,0.02174,0.1
work/windows/Brass/Trumpet_C/ordinario/TpC-ord-C6-pp-N-N_w000.wav,trumpet,C6,train,Brass/Trumpet_C/ordinario/TpC-ord-C6-pp-N-N.wav,0.0,3.0,0.00899,0.1
work/windows/Brass/Trumpet_C/ordinario/TpC-ord-D#4-ff-N-N_w000.wav,trumpet,D#4,train,Brass/Trumpet_C/ordinario/TpC-ord-D#4-ff-N-N.wav,0.0,3.0,0.02273,0.1
work/windows/Brass/Trumpet_C/ordinario/TpC-ord-D#4-mf-N-T16u_w000.wav,trumpet,D#4,train,Brass/Trumpet_C/ordinario/TpC-ord-D#4-mf-N-T16u.wav,0.0,3.0,0.00973,0.1
work/windows/Brass/Trumpet_C/ordinario/TpC-ord-D#4-pp-N-N_w000.wav,trumpet,D#4,train,Brass/Trumpet_C/ordinario/TpC-ord-D#4-pp-N-N.wav,0.0,3.0,0.00357,0.1
work/windows/Brass/Trumpet_C/ordinario/TpC-ord-D#5-ff-N-N_w000.wav,trumpet,D#5,train,Brass/Trumpet_C/ordinario/TpC-ord-D#5-ff-N-N.wav,0.0,3.0,0.04171,0.1
work/windows/Brass/Trumpet_C/ordinario/TpC-ord-D#5-mf-N-N_w000.wav,trumpet,D#5,train,Brass/Trumpet_C/ordinario/TpC-ord-D#5-mf-N-N.wav,0.0,3.0,0.01342,0.1
work/windows/Brass/Trumpet_C/ordinario/TpC-ord-D#5-pp-N-N_w000.wav,trumpet,D#5,train,Brass/Trumpet_C/ordinario/TpC-ord-D#5-pp-N-N.wav,0.0,3.0,0.00472,0.1
work/windows/Brass/Trumpet_C/ordinario/TpC-ord-D4-ff-N-T27u_w000.wav,trumpet,D4,val,Brass/Trumpet_C/ordinario/TpC-ord-D4-ff-N-T27u.wav,0.0,3.0,0.02827,0.1
work/windows/Brass/Trumpet_C/ordinario/TpC-ord-D4-mf-N-T13u_w000.wav,trumpet,D4,val,Brass/Trumpet_C/ordinario/TpC-ord-D4-mf-N-T13u.wav,0.0,3.0,0.00735,0.1
work/windows/Brass/Trumpet_C/ordinario/TpC-ord-D4-pp-N-T18u_w000.wav,trumpet,D4,val,Brass/Trumpet_C/ordinario/TpC-ord-D4-pp-N-T18u.wav,0.0,3.0,0.00262,0.1
work/windows/Brass/Trumpet_C/ordinario/TpC-ord-D5-ff-N-N_w000.wav,trumpet,D5,val,Brass/Trumpet_C/ordinario/TpC-ord-D5-ff-N-N.wav,0.0,3.0,0.0475,0.1
work/windows/Brass/Trumpet_C/ordinario/TpC-ord-D5-mf-N-T14u_w000.wav,trumpet,D5,val,Brass/Trumpet_C/ordinario/TpC-ord-D5-mf-N-T14u.wav,0.0,3.0,0.01401,0.1
work/windows/Brass/Trumpet_C/ordinario/TpC-ord-D5-pp-N-N_w000.wav,trumpet,D5,val,Brass/Trumpet_C/ordinario/TpC-ord-D5-pp-N-N.wav,0.0,3.0,0.00508,0.1
work/windows/Brass/Trumpet_C/ordinario/TpC-ord-D6-mf-N-N_w000.wav,trumpet,D6,train,Brass/Trumpet_C/ordinario/TpC-ord-D6-mf-N-N.wav,0.0,3.0,0.02695,0.1
work/windows/Brass/Trumpet_C/ordinario/TpC-ord-D6-pp-N-N_w000.wav,trumpet,D6,train,Brass/Trumpet_C/ordinario/TpC-ord-D6-pp-N-N.wav,0.0,3.0,0.01389,0.1
work/windows/Brass/Trumpet_C/ordinario/TpC-ord-E4-ff-N-N_w000.wav,trumpet,E4,train,Brass/Trumpet_C/ordinario/TpC-ord-E4-ff-N-N.wav,0.0,3.0,0.02746,0.1
work/windows/Brass/Trumpet_C/ordinario/TpC-ord-E4-mf-N-T11u_w000.wav,trumpet,E4,train,Brass/Trumpet_C/ordinario/TpC-ord-E4-mf-N-T11u.wav,0.0,3.0,0.01131,0.1
work/windows/Brass/Trumpet_C/ordinario/TpC-ord-E4-pp-N-N_w000.wav,trumpet,E4,train,Brass/Trumpet_C/ordinario/TpC-ord-E4-pp-N-N.wav,0.0,3.0,0.00275,0.1
work/windows/Brass/Trumpet_C/ordinario/TpC-ord-E5-ff-N-N_w000.wav,trumpet,E5,test,Brass/Trumpet_C/ordinario/TpC-ord-E5-ff-N-N.wav,0.0,3.0,0.04957,0.1
work/windows/Brass/Trumpet_C/ordinario/TpC-ord-E5-mf-N-R100u_w000.wav,trumpet,E5,test,Brass/Trumpet_C/ordinario/TpC-ord-E5-mf-N-R100u.wav,0.0,3.0,0.01347,0.1
work/windows/Brass/Trumpet_C/ordinario/TpC-ord-E5-pp-N-T31d_w000.wav,trumpet,E5,test,Brass/Trumpet_C/ordinario/TpC-ord-E5-pp-N-T31d.wav,0.0,3.0,0.00466,0.1
work/windows/Brass/Trumpet_C/ordinario/TpC-ord-F#3-mf-N-T23u_w000.wav,trumpet,F#3,val,Brass/Trumpet_C/ordinario/TpC-ord-F#3-mf-N-T23u.wav,0.0,3.0,0.00577,0.1
work/windows/Brass/Trumpet_C/ordinario/TpC-ord-F#3-pp-N-N_w000.wav,trumpet,F#3,val,Brass/Trumpet_C/ordinario/TpC-ord-F#3-pp-N-N.wav,0.0,3.0,0.0017,0.1
work/windows/Brass/Trumpet_C/ordinario/TpC-ord-F#4-ff-N-T14u_w000.wav,trumpet,F#4,train,Brass/Trumpet_C/ordinario/TpC-ord-F#4-ff-N-T14u.wav,0.0,3.0,0.03365,0.1
work/windows/Brass/Trumpet_C/ordinario/TpC-ord-F#4-mf-N-T16u_w000.wav,trumpet,F#4,train,Brass/Trumpet_C/ordinario/TpC-ord-F#4-mf-N-T16u.wav,0.0,3.0,0.00819,0.1
work/windows/Brass/Trumpet_C/ordinario/TpC-ord-F#4-pp-N-T12u_w000.wav,trumpet,F#4,train,Brass/Trumpet_C/ordinario/TpC-ord-F#4-pp-N-T12u.wav,0.0,3.0,0.00287,0.1
work/windows/Brass/Trumpet_C/ordinario/TpC-ord-F#5-ff-N-N_w000.wav,trumpet,F#5,val,Brass/Trumpet_C/ordinario/TpC-ord-F#5-ff-N-N.wav,0.0,3.0,0.04087,0.1
work/windows/Brass/Trumpet_C/ordinario/TpC-ord-F#5-mf-N-T10d_w000.wav,trumpet,F#5,val,Brass/Trumpet_C/ordinario/TpC-ord-F#5-mf-N-T10d.wav,0.0,3.0,0.01702,0.1
work/windows/Brass/Trumpet_C/ordinario/TpC-ord-F#5-pp-N-T22d_w000.wav,trumpet,F#5,val,Brass/Trumpet_C/ordinario/TpC-ord-F#5-pp-N-T22d.wav,0.0,3.0,0.00552,0.1
work/windows/Brass/Trumpet_C/ordinario/TpC-ord-F4-ff-N-T17u_w000.wav,trumpet,F4,train,Brass/Trumpet_C/ordinario/TpC-ord-F4-ff-N-T17u.wav,0.0,3.0,0.02658,0.1
work/windows/Brass/Trumpet_C/ordinario/TpC-ord-F4-mf-N-T25u_w000.wav,trumpet,F4,train,Brass/Trumpet_C/ordinario/TpC-ord-F4-mf-N-T25u.wav,0.0,3.0,0.01205,0.1
work/windows/Brass/Trumpet_C/ordinario/TpC-ord-F4-pp-N-T12u_w000.wav,trumpet,F4,train,Brass/Trumpet_C/ordinario/TpC-ord-F4-pp-N-T12u.wav,0.0,3.0,0.00292,0.1
work/windows/Brass/Trumpet_C/ordinario/TpC-ord-F5-ff-N-N_w000.wav,trumpet,F5,train,Brass/Trumpet_C/ordinario/TpC-ord-F5-ff-N-N.wav,0.0,3.0,0.0365,0.1
work/windows/Brass/Trumpet_C/ordinario/TpC-ord-F5-mf-N-T11d_w000.wav,trumpet,F5,train,Brass/Trumpet_C/ordinario/TpC-ord-F5-mf-N-T11d.wav,0.0,3.0,0.01851,0.1
work/windows/Brass/Trumpet_C/ordinario/TpC-ord-F5-pp-N-T12d_w000.wav,trumpet,F5,train,Brass/Trumpet_C/ordinario/TpC-ord-F5-pp-N-T12d.wav,0.0,3.0,0.00626,0.1
work/windows/Brass/Trumpet_C/ordinario/TpC-ord-G#3-ff-N-T23u_R100d_w000.wav,trumpet,G#3,train,Brass/Trumpet_C/ordinario/TpC-ord-G#3-ff-N-T23u_R100d.wav,0.0,3.0,0.04874,0.1
work/windows/Brass/Trumpet_C/ordinario/TpC-ord-G#3-mf-N-N_w000.wav,trumpet,G#3,train,Brass/Trumpet_C/ordinario/TpC-ord-G#3-mf-N-N.wav,0.0,3.0,0.0114,0.1
work/windows/Brass/Trumpet_C/ordinario/TpC-ord-G#3-pp-N-N_w000.wav,trumpet,G#3,train,Brass/Trumpet_C/ordinario/TpC-ord-G#3-pp-N-N.wav,0.0,3.0,0.00309,0.1
work/windows/Brass/Trumpet_C/ordinario/TpC-ord-G#4-ff-N-N_w000.wav,trumpet,G#4,test,Brass/Trumpet_C/ordinario/TpC-ord-G#4-ff-N-N.wav,0.0,3.0,0.04678,0.1
work/windows/Brass/Trumpet_C/ordinario/TpC-ord-G#4-mf-N-N_w000.wav,trumpet,G#4,test,Brass/Trumpet_C/ordinario/TpC-ord-G#4-mf-N-N.wav,0.0,3.0,0.01079,0.1
work/windows/Brass/Trumpet_C/ordinario/TpC-ord-G#4-pp-N-N_w000.wav,trumpet,G#4,test,Brass/Trumpet_C/ordinario/TpC-ord-G#4-pp-N-N.wav,0.0,3.0,0.00328,0.1
work/windows/Brass/Trumpet_C/ordinario/TpC-ord-G#5-ff-N-N_w000.wav,trumpet,G#5,train,Brass/Trumpet_C/ordinario/TpC-ord-G#5-ff-N-N.wav,0.0,3.0,0.03603,0.1
work/windows/Brass/Trumpet_C/ordinario/TpC-ord-G#5-mf-N-N_w000.wav,trumpet,G#5,train,Brass/Trumpet_C/ordinario/TpC-ord-G#5-mf-N-N.wav,0.0,3.0,0.01872,0.1
work/windows/Brass/Trumpet_C/ordinario/TpC-ord-G#5-pp-N-T23d_w000.wav,trumpet,G#5,train,Brass/Trumpet_C/ordinario/TpC-ord-G#5-pp-N-T23d.wav,0.0,3.0,0.00809,0.1
work/windows/Brass/Trumpet_C/ordinario/TpC-ord-G3-ff-N-T21u_w000.wav,trumpet,G3,train,Brass/Trumpet_C/ordinario/TpC-ord-G3-ff-N-T21u.wav,0.0,3.0,0.04178,0.1
work/windows/Brass/Trumpet_C/ordinario/TpC-ord-G3-mf-N-T12u_w000.wav,trumpet,G3,train,Brass/Trumpet_C/ordinario/TpC-ord-G3-mf-N-T12u.wav,0.0,3.0,0.00843,0.1
work/windows/Brass/Trumpet_C/ordinario/TpC-ord-G3-pp-N-N_w000.wav,trumpet,G3,train,Brass/Trumpet_C/ordinario/TpC-ord-G3-pp-N-N.wav,0.0,3.0,0.00242,0.1
work/windows/Brass/Trumpet_C/ordinario/TpC-ord-G4-ff-N-N_w000.wav,trumpet,G4,train,Brass/Trumpet_C/ordinario/TpC-ord-G4-ff-N-N.wav,0.0,3.0,0.05002,0.1
work/windows/Brass/Trumpet_C/ordinario/TpC-ord-G4-mf-N-T15u_w000.wav,trumpet,G4,train,Brass/Trumpet_C/ordinario/TpC-ord-G4-mf-N-T15u.wav,0.0,3.0,0.01432,0.1
work/windows/Brass/Trumpet_C/ordinario/TpC-ord-G4-pp-N-N_w000.wav,trumpet,G4,train,Brass/Trumpet_C/ordinario/TpC-ord-G4-pp-N-N.wav,0.0,3.0,0.00275,0.1
work/windows/Brass/Trumpet_C/ordinario/TpC-ord-G5-ff-N-N_w000.wav,trumpet,G5,train,Brass/Trumpet_C/ordinario/TpC-ord-G5-ff-N-N.wav,0.0,3.0,0.04364,0.1
work/windows/Brass/Trumpet_C/ordinario/TpC-ord-G5-mf-N-N_w000.wav,trumpet,G5,train,Brass/Trumpet_C/ordinario/TpC-ord-G5-mf-N-N.wav,0.0,3.0,0.0196,0.1
work/windows/Brass/Trumpet_C/ordinario/TpC-ord-G5-pp-N-T25d_w000.wav,trumpet,G5,train,Brass/Trumpet_C/ordinario/TpC-ord-G5-pp-N-T25d.wav,0.0,3.0,0.00734,0.1
work/windows/Strings/Contrabass/ordinario/Cb-ord-A#1-ff-3c-N_w000.wav,double-bass,A#1,train,Strings/Contrabass/ordinario/Cb-ord-A#1-ff-3c-N.wav,0.0,3.0,0.12605,0.1
work/windows/Strings/Contrabass/ordinario/Cb-ord-A#1-ff-4c-N_w000.wav,double-bass,A#1,train,Strings/Contrabass/ordinario/Cb-ord-A#1-ff-4c-N.wav,0.0,3.0,0.11106,0.1
work/windows/Strings/Contrabass/ordinario/Cb-ord-A#1-mf-3c-N_w000.wav,double-bass,A#1,train,Strings/Contrabass/ordinario/Cb-ord-A#1-mf-3c-N.wav,0.0,3.0,0.03916,0.1
work/windows/Strings/Contrabass/ordinario/Cb-ord-A#1-mf-4c-N_w000.wav,double-bass,A#1,train,Strings/Contrabass/ordinario/Cb-ord-A#1-mf-4c-N.wav,0.0,3.0,0.02626,0.1
work/windows/Strings/Contrabass/ordinario/Cb-ord-A#1-pp-3c-N_w000.wav,double-bass,A#1,train,Strings/Contrabass/ordinario/Cb-ord-A#1-pp-3c-N.wav,0.0,3.0,0.00719,0.1
work/windows/Strings/Contrabass/ordinario/Cb-ord-A#1-pp-4c-N_w000.wav,double-bass,A#1,train,Strings/Contrabass/ordinario/Cb-ord-A#1-pp-4c-N.wav,0.0,3.0,0.00742,0.1
work/windows/Strings/Contrabass/ordinario/Cb-ord-A#2-ff-1c-N_w000.wav,double-bass,A#2,train,Strings/Contrabass/ordinario/Cb-ord-A#2-ff-1c-N.wav,0.0,2.5078,0.10335,0.1
work/windows/Strings/Contrabass/ordinario/Cb-ord-A#2-ff-2c-T14u_w000.wav,double-bass,A#2,train,Strings/Contrabass/ordinario/Cb-ord-A#2-ff-2c-T14u.wav,0.0,2.74,0.14689,0.1
work/windows/Strings/Contrabass/ordinario/Cb-ord-A#2-ff-3c-T13u_w000.wav,double-bass,A#2,train,Strings/Contrabass/ordinario/Cb-ord-A#2-ff-3c-T13u.wav,0.0,2.8793,0.14055,0.1
work/windows/Strings/Contrabass/ordinario/Cb-ord-A#2-ff-4c-T21u_w000.wav,double-bass,A#2,train,Strings/Contrabass/ordinario/Cb-ord-A#2-ff-4c-T21u.wav,0.0,2.8328,0.1431,0.1
work/windows/Strings/Contrabass/ordinario/Cb-ord-A#2-mf-1c-N_w000.wav,double-bass,A#2,train,Strings/Contrabass/ordinario/Cb-ord-A#2-mf-1c-N.wav,0.0,3.0,0.02502,0.1
work/windows/Strings/Contrabass/ordinario/Cb-ord-A#2-mf-2c-T13u_w000.wav,double-bass,A#2,train,Strings/Contrabass/ordinario/Cb-ord-A#2-mf-2c-T13u.wav,0.0,3.0,0.04445,0.1
work/windows/Strings/Contrabass/ordinario/Cb-ord-A#2-mf-3c-N_w000.wav,double-bass,A#2,train,Strings/Contrabass/ordinario/Cb-ord-A#2-mf-3c-N.wav,0.0,3.0,0.03814,0.1
work/windows/Strings/Contrabass/ordinario/Cb-ord-A#2-mf-4c-N_w000.wav,double-bass,A#2,train,Strings/Contrabass/ordinario/Cb-ord-A#2-mf-4c-N.wav,0.0,3.0,0.0406,0.1
work/windows/Strings/Contrabass/ordinario/Cb-ord-A#2-pp-1c-N_w000.wav,double-bass,A#2,train,Strings/Contrabass/ordinario/Cb-ord-A#2-pp-1c-N.wav,0.0,3.0,0.00699,0.1
work/windows/Strings/Contrabass/ordinario/Cb-ord-A#2-pp-2c-N_w000.wav,double-bass,A#2,train,Strings/Contrabass/ordinario/Cb-ord-A#2-pp-2c-N.wav,0.0,3.0,0.01179,0.1
work/windows/Strings/Contrabass/ordinario/Cb-ord-A#2-pp-3c-N_w000.wav,double-bass,A#2,train,Strings/Contrabass/ordinario/Cb-ord-A#2-pp-3c-N.wav,0.0,3.0,0.01086,0.1
work/windows/Strings/Contrabass/ordinario/Cb-ord-A#2-pp-4c-N_w000.wav,double-bass,A#2,train,Strings/Contrabass/ordinario/Cb-ord-A#2-pp-4c-N.wav,0.0,3.0,0.01193,0.1
work/windows/Strings/Contrabass/ordinario/Cb-ord-A#3-ff-1c-N_w000.wav,double-bass,A#3,train,Strings/Contrabass/ordinario/Cb-ord-A#3-ff-1c-N.wav,0.0,2.6006,0.08408,0.1
work/windows/Strings/Contrabass/ordinario/Cb-ord-A#3-ff-2c-N_w000.wav,double-bass,A#3,train,Strings/Contrabass/ordinario/Cb-ord-A#3-ff-2c-N.wav,0.0,2.1362,0.09174,0.1
work/windows/Strings/Contrabass/ordinario/Cb-ord-A#3-mf-1c-N_w000.wav,double-bass,A#3,train,Strings/Contrabass/ordinario/Cb-ord-A#3-mf-1c-N.wav,0.0,3.0,0.01872,0.1
work/windows/Strings/Contrabass/ordinario/Cb-ord-A#3-mf-2c-N_w000.wav,double-bass,A#3,train,Strings/Contrabass/ordinario/Cb-ord-A#3-mf-2c-N.wav,0.0,3.0,0.02317,0.1
work/windows/Strings/Contrabass/ordinario/Cb-ord-A#3-pp-1c-N_w000.wav,double-bass,A#3,train,Strings/Contrabass/ordinario/Cb-ord-A#3-pp-1c-N.wav,0.0,3.0,0.00433,0.1
work/windows/Strings/Contrabass/ordinario/Cb-ord-A#3-pp-2c-N_w000.wav,double-bass,A#3,train,Strings/Contrabass/ordinario/Cb-ord-A#3-pp-2c-N.wav,0.0,3.0,0.00703,0.1
work/windows/Strings/Contrabass/ordinario/Cb-ord-A#4-ff-1c-N_w000.wav,double-bass,A#4,val,Strings/Contrabass/ordinario/Cb-ord-A#4-ff-1c-N.wav,0.0,2.1827,0.02296,0.1
work/windows/Strings/Contrabass/ordinario/Cb-ord-A#4-mf-1c-T20u_w000.wav,double-bass,A#4,val,Strings/Contrabass/ordinario/Cb-ord-A#4-mf-1c-T20u.wav,0.0,3.0,0.00368,0.1
work/windows/Strings/Contrabass/ordinario/Cb-ord-A#4-pp-1c-T13u_w000.wav,double-bass,A#4,val,Strings/Contrabass/ordinario/Cb-ord-A#4-pp-1c-T13u.wav,0.0,3.0,0.00133,0.1
work/windows/Strings/Contrabass/ordinario/Cb-ord-A1-ff-3c-N_w000.wav,double-bass,A1,test,Strings/Contrabass/ordinario/Cb-ord-A1-ff-3c-N.wav,0.0,3.0,0.25886,0.1
work/windows/Strings/Contrabass/ordinario/Cb-ord-A1-ff-4c-N_w000.wav,double-bass,A1,test,Strings/Contrabass/ordinario/Cb-ord-A1-ff-4c-N.wav,0.0,3.0,0.20221,0.1
work/windows/Strings/Contrabass/ordinario/Cb-ord-A1-mf-3c-N_w000.wav,double-bass,A1,test,Strings/Contrabass/ordinario/Cb-ord-A1-mf-3c-N.wav,0.0,3.0,0.0732,0.1
work/windows/Strings/Contrabass/ordinario/Cb-ord-A1-mf-4c-N_w000.wav,double-bass,A1,test,Strings/Contrabass/ordinario/Cb-ord-A1-mf-4c-N.wav,0.0,3.0,0.05724,0.1
work/windows/Strings/Contrabass/ordinario/Cb-ord-A1-pp-3c-N_w000.wav,double-bass,A1,test,Strings/Contrabass/ordinario/Cb-ord-A1-pp-3c-N.wav,0.0,3.0,0.01137,0.1
work/windows/Strings/Contrabass/ordinario/Cb-ord-A1-pp-4c-N_w000.wav,double-bass,A1,test,Strings/Contrabass/ordinario/Cb-ord-A1-pp-4c-N.wav,0.0,3.0,0.0047,0.1
work/windows/Strings/Contrabass/ordinario/Cb-ord-A2-ff-1c-R100d_w000.wav,double-bass,A2,train,Strings/Contrabass/ordinario/Cb-ord-A2-ff-1c-R100d.wav,0.0,2.6471,0.10388,0.1
work/windows/Strings/Contrabass/ordinario/Cb-ord-A2-ff-2c-N_w000.wav,double-bass,A2,train,Strings/Contrabass/ordinario/Cb-ord-A2-ff-2c-N.wav,0.0,3.0,0.20808,0.1
work/windows/Strings/Contrabass/ordinario/Cb-ord-A2-ff-3c-N_w000.wav,double-bass,A2,train,Strings/Contrabass/ordinario/Cb-ord-A2-ff-3c-N.wav,0.0,3.0,0.24417,0.1
work/windows/Strings/Contrabass/ordinario/Cb-ord-A2-ff-4c-T17u_w000.wav,double-bass,A2,train,Strings/Contrabass/ordinario/Cb-ord-A2-ff-4c-T17u.wav,0.0,3.0,0.09495,0.1
work/windows/Strings/Contrabass/ordinario/Cb-ord-A2-mf-1c-N_w000.wav,double-bass,A2,train,Strings/Contrabass/ordinario/Cb-ord-A2-mf-1c-N.wav,0.0,3.0,0.00804,0.1
work/windows/Strings/Contrabass/ordinario/Cb-ord-A2-mf-2c-N_w000.wav,double-bass,A2,train,Strings/Contrabass/ordinario/Cb-ord-A2-mf-2c-N.wav,0.0,3.0,0.05561,0.1
work/windows/Strings/Contrabass/ordinario/Cb-ord-A2-mf-3c-R100d_w000.wav,double-bass,A2,train,Strings/Contrabass/ordinario/Cb-ord-A2-mf-3c-R100d.wav,0.0,3.0,0.03822,0.1
work/windows/Strings/Contrabass/ordinario/Cb-ord-A2-mf-4c-N_w000.wav,double-bass,A2,train,Strings/Contrabass/ordinario/Cb-ord-A2-mf-4c-N.wav,0.0,3.0,0.04286,0.1
work/windows/Strings/Contrabass/ordinario/Cb-ord-A2-pp-1c-N_w000.wav,double-bass,A2,train,Strings/Contrabass/ordinario/Cb-ord-A2-pp-1c-N.wav,0.0,3.0,0.00217,0.1
work/windows/Strings/Contrabass/ordinario/Cb-ord-A2-pp-2c-T12d_w000.wav,double-bass,A2,train,Strings/Contrabass/ordinario/Cb-ord-A2-pp-2c-T12d.wav,0.0,3.0,0.01674,0.1
work/windows/Strings/Contrabass/ordinario/Cb-ord-A2-pp-3c-T12d_w000.wav,double-bass,A2,train,Strings/Contrabass/ordinario/Cb-ord-A2-pp-3c-T12d.wav,0.0,3.0,0.02714,0.1
work/windows/Strings/Contrabass/ordinario/Cb-ord-A2-pp-4c-N_w000.wav,double-bass,A2,train,Strings/Contrabass/ordinario/Cb-ord-A2-pp-4c-N.wav,0.0,3.0,0.01929,0.1
work/windows/Strings/Contrabass/ordinario/Cb-ord-A3-ff-1c-N_w000.wav,double-bass,A3,test,Strings/Contrabass/ordinario/Cb-ord-A3-ff-1c-N.wav,0.0,2.7632,0.05873,0.1
work/windows/Strings/Contrabass/ordinario/Cb-ord-A3-ff-2c-N_w000.wav,double-bass,A3,test,Strings/Contrabass/ordinario/Cb-ord-A3-ff-2c-N.wav,0.0,2.8793,0.08619,0.1
work/windows/Strings/Contrabass/ordinario/Cb-ord-A3-mf-1c-N_w000.wav,double-bass,A3,test,Strings/Contrabass/ordinario/Cb-ord-A3-mf-1c-N.wav,0.0,3.0,0.00842,0.1
work/windows/Strings/Contrabass/ordinario/Cb-ord-A3-mf-2c-N_w000.wav,double-bass,A3,test,Strings/Contrabass/ordinario/Cb-ord-A3-mf-2c-N.wav,0.0,3.0,0.02602,0.1
work/windows/Strings/Contrabass/ordinario/Cb-ord-A3-pp-1c-N_w000.wav,double-bass,A3,test,Strings/Contrabass/ordinario/Cb-ord-A3-pp-1c-N.wav,0.0,3.0,0.00257,0.1
work/windows/Strings/Contrabass/ordinario/Cb-ord-A3-pp-2c-N_w000.wav,double-bass,A3,test,Strings/Contrabass/ordinario/Cb-ord-A3-pp-2c-N.wav,0.0,3.0,0.00461,0.1
work/windows/Strings/Contrabass/ordinario/Cb-ord-A4-ff-1c-N_w000.wav,double-bass,A4,test,Strings/Contrabass/ordinario/Cb-ord-A4-ff-1c-N.wav,0.0,2.1362,0.03584,0.1
work/windows/Strings/Contrabass/ordinario/Cb-ord-A4-mf-1c-T10u_w000.wav,double-bass,A4,test,Strings/Contrabass/ordinario/Cb-ord-A4-mf-1c-T10u.wav,0.0,3.0,0.00709,0.1
work/windows/Strings/Contrabass/ordinario/Cb-ord-A4-pp-1c-N_w000.wav,double-bass,A4,test,Strings/Contrabass/ordinario/Cb-ord-A4-pp-1c-N.wav,0.0,3.0,0.00198,0.1
work/windows/Strings/Contrabass/ordinario/Cb-ord-B1-ff-3c-N_w000.wav,double-bass,B1,val,Strings/Contrabass/ordinario/Cb-ord-B1-ff-3c-N.wav,0.0,3.0,0.10556,0.1
work/windows/Strings/Contrabass/ordinario/Cb-ord-B1-ff-4c-N_w000.wav,double-bass,B1,val,Strings/Contrabass/ordinario/Cb-ord-B1-ff-4c-N.wav,0.0,3.0,0.08123,0.1
work/windows/Strings/Contrabass/ordinario/Cb-ord-B1-mf-3c-R100u_w000.wav,double-bass,B1,val,Strings/Contrabass/ordinario/Cb-ord-B1-mf-3c-R100u.wav,0.0,3.0,0.03915,0.1
work/windows/Strings/Contrabass/ordinario/Cb-ord-B1-mf-4c-N_w000.wav,double-bass,B1,val,Strings/Contrabass/ordinario/Cb-ord-B1-mf-4c-N.wav,0.0,3.0,0.02614,0.1
work/windows/Strings/Contrabass/ordinario/Cb-ord-B1-pp-3c-N_w000.wav,double-bass,B1,val,Strings/Contrabass/ordinario/Cb-ord-B1-pp-3c-N.wav,0.0,3.0,0.00673,0.1
work/windows/Strings/Contrabass/ordinario/Cb-ord-B1-pp-4c-N_w000.wav,double-bass,B1,val,Strings/Contrabass/ordinario/Cb-ord-B1-pp-4c-N.wav,0.0,3.0,0.00864,0.1
work/windows/Strings/Contrabass/ordinario/Cb-ord-B2-ff-1c-N_w000.wav,double-bass,B2,train,Strings/Contrabass/ordinario/Cb-ord-B2-ff-1c-N.wav,0.0,3.0,0.04479,0.1
work/windows/Strings/Contrabass/ordinario/Cb-ord-B2-ff-2c-N_w000.wav,double-bass,B2,train,Strings/Contrabass/ordinario/Cb-ord-B2-ff-2c-N.wav,0.0,2.74,0.05991,0.1
work/windows/Strings/Contrabass/ordinario/Cb-ord-B2-ff-3c-T17u_w000.wav,double-bass,B2,train,Strings/Contrabass/ordinario/Cb-ord-B2-ff-3c-T17u.wav,0.0,3.0,0.06342,0.1
work/windows/Strings/Contrabass/ordinario/Cb-ord-B2-ff-4c-T25u_w000.wav,double-bass,B2,train,Strings/Contrabass/ordinario/Cb-ord-B2-ff-4c-T25u.wav,0.0,3.0,0.1225,0.1
work/windows/Strings/Contrabass/ordinario/Cb-ord-B2-mf-1c-N_w000.wav,double-bass,B2,train,Strings/Contrabass/ordinario/Cb-ord-B2-mf-1c-N.wav,0.0,3.0,0.01221,0.1
work/windows/Strings/Contrabass/ordinario/Cb-ord-B2-mf-2c-N_w000.wav,double-bass,B2,train,Strings/Contrabass/ordinario/Cb-ord-B2-mf-2c-N.wav,0.0,3.0,0.01251,0.1
work/windows/Strings/Contrabass/ordinario/Cb-ord-B2-mf-3c-T10u_w000.wav,double-bass,B2,train,Strings/Contrabass/ordinario/Cb-ord-B2-mf-3c-T10u.wav,0.0,3.0,0.01555,0.1
work/windows/Strings/Contrabass/ordinario/Cb-ord-B2-mf-4c-N_w000.wav,double-bass,B2,train,Strings/Contrabass/ordinario/Cb-ord-B2-mf-4c-N.wav,0.0,3.0,0.03141,0.1
work/windows/Strings/Contrabass/ordinario/Cb-ord-B2-pp-1c-N_w000.wav,double-bass,B2,train,Strings/Contrabass/ordinario/Cb-ord-B2-pp-1c-N.wav,0.0,3.0,0.0047,0.1
work/windows/Strings/Contrabass/ordinario/Cb-ord-B2-pp-2c-N_w000.wav,double-bass,B2,train,Strings/Contrabass/ordinario/Cb-ord-B2-pp-2c-N.wav,0.0,3.0,0.01088,0.1
work/windows/Strings/Contrabass/ordinario/Cb-ord-B2-pp-3c-N_w000.wav,double-bass,B2,train,Strings/Contrabass/ordinario/Cb-ord-B2-pp-3c-N.wav,0.0,3.0,0.00392,0.1
work/windows/Strings/Contrabass/ordinario/Cb-ord-B2-pp-4c-N_w000.wav,double-bass,B2,train,Strings/Contrabass/ordinario/Cb-ord-B2-pp-4c-N.wav,0.0,3.0,0.00747,0.1
work/windows/Strings/Contrabass/ordinario/Cb-ord-B3-ff-1c-N_w000.wav,double-bass,B3,train,Strings/Contrabass/ordinario/Cb-ord-B3-ff-1c-N.wav,0.0,2.6006,0.07434,0.1
work/windows/Strings/Contrabass/ordinario/Cb-ord-B3-ff-2c-N_w000.wav,double-bass,B3,train,Strings/Contrabass/ordinario/Cb-ord-B3-ff-2c-N.wav,0.0,2.7864,0.05891,0.1
work/windows/Strings/Contrabass/ordinario/Cb-ord-B3-mf-1c-N_w000.wav,double-bass,B3,train,Strings/Contrabass/ordinario/Cb-ord-B3-mf-1c-N.wav,0.0,3.0,0.01731,0.1
work/windows/Strings/Contrabass/ordinario/Cb-ord-B3-mf-2c-N_w000.wav,double-bass,B3,train,Strings/Contrabass/ordinario/Cb-ord-B3-mf-2c-N.wav,0.0,3.0,0.01461,0.1
work/windows/Strings/Contrabass/ordinario/Cb-ord-B3-pp-1c-N_w000.wav,double-bass,B3,train,Strings/Contrabass/ordinario/Cb-ord-B3-pp-1c-N.wav,0.0,3.0,0.00224,0.1
work/windows/Strings/Contrabass/ordinario/Cb-ord-B3-pp-2c-N_w000.wav,double-bass,B3,train,Strings/Contrabass/ordinario/Cb-ord-B3-pp-2c-N.wav,0.0,3.0,0.00231,0.1
work/windows/Strings/Contrabass/ordinario/Cb-ord-B4-ff-1c-T15d_w000.wav,double-bass,B4,train,Strings/Contrabass/ordinario/Cb-ord-B4-ff-1c-T15d.wav,0.0,1.904,0.03896,0.1
work/windows/Strings/Contrabass/ordinario/Cb-ord-B4-mf-1c-N_w000.wav,double-bass,B4,train,Strings/Contrabass/ordinario/Cb-ord-B4-mf-1c-N.wav,0.0,2.6471,0.01199,0.1
work/windows/Strings/Contrabass/ordinario/Cb-ord-B4-pp-1c-N_w000.wav,double-bass,B4,train,Strings/Contrabass/ordinario/Cb-ord-B4-pp-1c-N.wav,0.0,3.0,0.00347,0.1
work/windows/Strings/Contrabass/ordinario/Cb-ord-C#2-ff-3c-T11u_w000.wav,double-bass,C#2,val,Strings/Contrabass/ordinario/Cb-ord-C#2-ff-3c-T11u.wav,0.0,3.0,0.18905,0.1
work/windows/Strings/Contrabass/ordinario/Cb-ord-C#2-ff-4c-T27u_w000.wav,double-bass,C#2,val,Strings/Contrabass/ordinario/Cb-ord-C#2-ff-4c-T27u.wav,0.0,3.0,0.17987,0.1
work/windows/Strings/Contrabass/ordinario/Cb-ord-C#2-mf-3c-N_w000.wav,double-bass,C#2,val,Strings/Contrabass/ordinario/Cb-ord-C#2-mf-3c-N.wav,0.0,3.0,0.05737,0.1
work/windows/Strings/Contrabass/ordinario/Cb-ord-C#2-mf-4c-N_w000.wav,double-bass,C#2,val,Strings/Contrabass/ordinario/Cb-ord-C#2-mf-4c-N.wav,0.0,3.0,0.06594,0.1
work/windows/Strings/Contrabass/ordinario/Cb-ord-C#2-pp-3c-N_w000.wav,double-bass,C#2,val,Strings/Contrabass/ordinario/Cb-ord-C#2-pp-3c-N.wav,0.0,3.0,0.01799,0.1
work/windows/Strings/Contrabass/ordinario/Cb-ord-C#2-pp-4c-R100u_w000.wav,double-bass,C#2,val,Strings/Contrabass/ordinario/Cb-ord-C#2-pp-4c-R100u.wav,0.0,3.0,0.01481,0.1
work/windows/Strings/Contrabass/ordinario/Cb-ord-C#3-ff-1c-N_w000.wav,double-bass,C#3,train,Strings/Contrabass/ordinario/Cb-ord-C#3-ff-1c-N.wav,0.0,2.6239,0.06304,0.1
work/windows/Strings/Contrabass/ordinario/Cb-ord-C#3-ff-2c-N_w000.wav,double-bass,C#3,train,Strings/Contrabass/ordinario/Cb-ord-C#3-ff-2c-N.wav,0.0,3.0,0.05185,0.1
work/windows/Strings/Contrabass/ordinario/Cb-ord-C#3-ff-3c-T20u_w000.wav,double-bass,C#3,train,Strings/Contrabass/ordinario/Cb-ord-C#3-ff-3c-T20u.wav,0.0,3.0,0.04739,0.1
work/windows/Strings/Contrabass/ordinario/Cb-ord-C#3-ff-4c-N_w000.wav,double-bass,C#3,train,Strings/Contrabass/ordinario/Cb-ord-C#3-ff-4c-N.wav,0.0,2.6006,0.06587,0.1
work/windows/Strings/Contrabass/ordinario/Cb-ord-C#3-mf-1c-T11u_w000.wav,double-bass,C#3,train,Strings/Contrabass/ordinario/Cb-ord-C#3-mf-1c-T11u.wav,0.0,3.0,0.01262,0.1
work/windows/Strings/Contrabass/ordinario/Cb-ord-C#3-mf-2c-T17u_w000.wav,double-bass,C#3,train,Strings/Contrabass/ordinario/Cb-ord-C#3-mf-2c-T17u.wav,0.0,3.0,0.0092,0.1
work/windows/Strings/Contrabass/ordinario/Cb-ord-C#3-mf-3c-N_w000.wav,double-bass,C#3,train,Strings/Contrabass/ordinario/Cb-ord-C#3-mf-3c-N.wav,0.0,3.0,0.02194,0.1
work/windows/Strings/Contrabass/ordinario/Cb-ord-C#3-mf-4c-N_w000.wav,double-bass,C#3,train,Strings/Contrabass/ordinario/Cb-ord-C#3-mf-4c-N.wav,0.0,3.0,0.01856,0.1
work/windows/Strings/Contrabass/ordinario/Cb-ord-C#3-pp-1c-N_w000.wav,double-bass,C#3,train,Strings/Contrabass/ordinario/Cb-ord-C#3-pp-1c-N.wav,0.0,3.0,0.0038,0.1
work/windows/Strings/Contrabass/ordinario/Cb-ord-C#3-pp-2c-N_w000.wav,double-bass,C#3,train,Strings/Contrabass/ordinario/Cb-ord-C#3-pp-2c-N.wav,0.0,3.0,0.00484,0.1
work/windows/Strings/Contrabass/ordinario/Cb-ord-C#3-pp-3c-T10u_w000.wav,double-bass,C#3,train,Strings/Contrabass/ordinario/Cb-ord-C#3-pp-3c-T10u.wav,0.0,3.0,0.00354,0.1
work/windows/Strings/Contrabass/ordinario/Cb-ord-C#3-pp-4c-T16d_w000.wav,double-bass,C#3,train,Strings/Contrabass/ordinario/Cb-ord-C#3-pp-4c-T16d.wav,0.0,3.0,0.00448,0.1
work/windows/Strings/Contrabass/ordinario/Cb-ord-C#4-ff-1c-T22u_w000.wav,double-bass,C#4,val,Strings/Contrabass/ordinario/Cb-ord-C#4-ff-1c-T22u.wav,0.0,2.2988,0.07446,0.1
work/windows/Strings/Contrabass/ordinario/Cb-ord-C#4-ff-2c-T13u_w000.wav,double-bass,C#4,val,Strings/Contrabass/ordinario/Cb-ord-C#4-ff-2c-T13u.wav,0.0,2.1595,0.04182,0.1
work/windows/Strings/Contrabass/ordinario/Cb-ord-C#4-mf-1c-T29u_w000.wav,double-bass,C#4,val,Strings/Contrabass/ordinario/Cb-ord-C#4-mf-1c-T29u.wav,0.0,3.0,0.01989,0.1
work/windows/Strings/Contrabass/ordinario/Cb-ord-C#4-mf-2c-T12u_w000.wav,double-bass,C#4,val,Strings/Contrabass/ordinario/Cb-ord-C#4-mf-2c-T12u.wav,0.0,3.0,0.00461,0.1
work/windows/Strings/Contrabass/ordinario/Cb-ord-C#4-pp-1c-T10u_w000.wav,double-bass,C#4,val,Strings/Contrabass/ordinario/Cb-ord-C#4-pp-1c-T10u.wav,0.0,3.0,0.00328,0.1
work/windows/Strings/Contrabass/ordinario/Cb-ord-C#4-pp-2c-T10u_w000.wav,double-bass,C#4,val,Strings/Contrabass/ordinario/Cb-ord-C#4-pp-2c-T10u.wav,0.0,3.0,0.00234,0.1
work/windows/Strings/Contrabass/ordinario/Cb-ord-C2-ff-3c-N_w000.wav,double-bass,C2,test,Strings/Contrabass/ordinario/Cb-ord-C2-ff-3c-N.wav,0.0,3.0,0.13597,0.1
work/windows/Strings/Contrabass/ordinario/Cb-ord-C2-ff-4c-N_w000.wav,double-bass,C2,test,Strings/Contrabass/ordinario/Cb-ord-C2-ff-4c-N.wav,0.0,3.0,0.12652,0.1
work/windows/Strings/Contrabass/ordinario/Cb-ord-C2-mf-3c-N_w000.wav,double-bass,C2,test,Strings/Contrabass/ordinario/Cb-ord-C2-mf-3c-N.wav,0.0,3.0,0.04407,0.1
work/windows/Strings/Contrabass/ordinario/Cb-ord-C2-mf-4c-N_w000.wav,double-bass,C2,test,Strings/Contrabass/ordinario/Cb-ord-C2-mf-4c-N.wav,0.0,3.0,0.04212,0.1
work/windows/Strings/Contrabass/ordinario/Cb-ord-C2-pp-3c-N_w000.wav,double-bass,C2,test,Strings/Contrabass/ordinario/Cb-ord-C2-pp-3c-N.wav,0.0,3.0,0.01558,0.1
work/windows/Strings/Contrabass/ordinario/Cb-ord-C2-pp-4c-N_w000.wav,double-bass,C2,test,Strings/Contrabass/ordinario/Cb-ord-C2-pp-4c-N.wav,0.0,3.0,0.01477,0.1
work/windows/Strings/Contrabass/ordinario/Cb-ord-C3-ff-1c-N_w000.wav,double-bass,C3,train,Strings/Contrabass/ordinario/Cb-ord-C3-ff-1c-N.wav,0.0,3.0,0.04122,0.1
work/windows/Strings/Contrabass/ordinario/Cb-ord-C3-ff-2c-T13u_w000.wav,double-bass,C3,train,Strings/Contrabass/ordinario/Cb-ord-C3-ff-2c-T13u.wav,0.0,2.9025,0.06267,0.1
work/windows/Strings/Contrabass/ordinario/Cb-ord-C3-ff-3c-N_w000.wav,double-bass,C3,train,Strings/Contrabass/ordinario/Cb-ord-C3-ff-3c-N.wav,0.0,3.0,0.05634,0.1
work/windows/Strings/Contrabass/ordinario/Cb-ord-C3-ff-4c-T14u_w000.wav,double-bass,C3,train,Strings/Contrabass/ordinario/Cb-ord-C3-ff-4c-T14u.wav,0.0,2.7864,0.06125,0.1
work/windows/Strings/Contrabass/ordinario/Cb-ord-C3-mf-1c-N_w000.wav,double-bass,C3,train,Strings/Contrabass/ordinario/Cb-ord-C3-mf-1c-N.wav,0.0,3.0,0.00851,0.1
work/windows/Strings/Contrabass/ordinario/Cb-ord-C3-mf-2c-T12u_w000.wav,double-bass,C3,train,Strings/Contrabass/ordinario/Cb-ord-C3-mf-2c-T12u.wav,0.0,3.0,0.0173,0.1
work/windows/Strings/Contrabass/ordinario/Cb-ord-C3-mf-3c-N_w000.wav,double-bass,C3,train,Strings/Contrabass/ordinario/Cb-ord-C3-mf-3c-N.wav,0.0,3.0,0.0179,0.1
work/windows/Strings/Contrabass/ordinario/Cb-ord-C3-mf-4c-N_w000.wav,double-bass,C3,train,Strings/Contrabass/ordinario/Cb-ord-C3-mf-4c-N.wav,0.0,3.0,0.0164,0.1
work/windows/Strings/Contrabass/ordinario/Cb-ord-C3-pp-1c-N_w000.wav,double-bass,C3,train,Strings/Contrabass/ordinario/Cb-ord-C3-pp-1c-N.wav,0.0,3.0,0.00236,0.1
work/windows/Strings/Contrabass/ordinario/Cb-ord-C3-pp-2c-N_w000.wav,double-bass,C3,train,Strings/Contrabass/ordinario/Cb-ord-C3-pp-2c-N.wav,0.0,3.0,0.00408,0.1
work/windows/Strings/Contrabass/ordinario/Cb-ord-C3-pp-3c-N_w000.wav,double-bass,C3,train,Strings/Contrabass/ordinario/Cb-ord-C3-pp-3c-N.wav,0.0,3.0,0.0056,0.1
work/windows/Strings/Contrabass/ordinario/Cb-ord-C3-pp-4c-N_w000.wav,double-bass,C3,train,Strings/Contrabass/ordinario/Cb-ord-C3-pp-4c-N.wav,0.0,3.0,0.0049,0.1
work/windows/Strings/Contrabass/ordinario/Cb-ord-C4-ff-1c-N_w000.wav,double-bass,C4,test,Strings/Contrabass/ordinario/Cb-ord-C4-ff-1c-N.wav,0.0,2.2059,0.05837,0.1
work/windows/Strings/Contrabass/ordinario/Cb-ord-C4-ff-2c-T20u_w000.wav,double-bass,C4,test,Strings/Contrabass/ordinario/Cb-ord-C4-ff-2c-T20u.wav,0.0,2.4381,0.0597,0.1
work/windows/Strings/Contrabass/ordinario/Cb-ord-C4-mf-1c-N_w000.wav,double-bass,C4,test,Strings/Contrabass/ordinario/Cb-ord-C4-mf-1c-N.wav,0.0,3.0,0.01057,0.1
work/windows/Strings/Contrabass/ordinario/Cb-ord-C4-mf-2c-T13u_w000.wav,double-bass,C4,test,Strings/Contrabass/ordinario/Cb-ord-C4-mf-2c-T13u.wav,0.0,3.0,0.01352,0.1
work/windows/Strings/Contrabass/ordinario/Cb-ord-C4-pp-1c-N_w000.wav,double-bass,C4,test,Strings/Contrabass/ordinario/Cb-ord-C4-pp-1c-N.wav,0.0,3.0,0.00264,0.1
work/windows/Strings/Contrabass/ordinario/Cb-ord-C4-pp-2c-T13u_w000.wav,double-bass,C4,test,Strings/Contrabass/ordinario/Cb-ord-C4-pp-2c-T13u.wav,0.0,3.0,0.00361,0.1
work/windows/Strings/Contrabass/ordinario/Cb-ord-C5-ff-1c-N_w000.wav,double-bass,C5,train,Strings/Contrabass/ordinario/Cb-ord-C5-ff-1c-N.wav,0.0,1.9737,0.02333,0.1
work/windows/Strings/Contrabass/ordinario/Cb-ord-C5-mf-1c-N_w000.wav,double-bass,C5,train,Strings/Contrabass/ordinario/Cb-ord-C5-mf-1c-N.wav,0.0,2.74,0.00652,0.1
work/windows/Strings/Contrabass/ordinario/Cb-ord-C5-pp-1c-N_w000.wav,double-bass,C5,train,Strings/Contrabass/ordinario/Cb-ord-C5-pp-1c-N.wav,0.0,3.0,0.00184,0.1
work/windows/Strings/Contrabass/ordinario/Cb-ord-D#2-ff-2c-N_w000.wav,double-bass,D#2,train,Strings/Contrabass/ordinario/Cb-ord-D#2-ff-2c-N.wav,0.0,3.0,0.11833,0.1
work/windows/Strings/Contrabass/ordinario/Cb-ord-D#2-ff-3c-N_w000.wav,double-bass,D#2,train,Strings/Contrabass/ordinario/Cb-ord-D#2-ff-3c-N.wav,0.0,3.0,0.14178,0.1
work/windows/Strings/Contrabass/ordinario/Cb-ord-D#2-ff-4c-T16u_w000.wav,double-bass,D#2,train,Strings/Contrabass/ordinario/Cb-ord-D#2-ff-4c-T16u.wav,0.0,3.0,0.15193,0.1
work/windows/Strings/Contrabass/ordinario/Cb-ord-D#2-mf-2c-N_w000.wav,double-bass,D#2,train,Strings/Contrabass/ordinario/Cb-ord-D#2-mf-2c-N.wav,0.0,3.0,0.02563,0.1
work/windows/Strings/Contrabass/ordinario/Cb-ord-D#2-mf-3c-N_w000.wav,double-bass,D#2,train,Strings/Contrabass/ordinario/Cb-ord-D#2-mf-3c-N.wav,0.0,3.0,0.03343,0.1
work/windows/Strings/Contrabass/ordinario/Cb-ord-D#2-mf-4c-T12u_w000.wav,double-bass,D#2,train,Strings/Contrabass/ordinario/Cb-ord-D#2-mf-4c-T12u.wav,0.0,3.0,0.03707,0.1
work/windows/Strings/Contrabass/ordinario/Cb-ord-D#2-pp-2c-N_w000.wav,double-bass,D#2,train,Strings/Contrabass/ordinario/Cb-ord-D#2-pp-2c-N.wav,0.0,3.0,0.00793,0.1
work/windows/Strings/Contrabass/ordinario/Cb-ord-D#2-pp-3c-N_w000.wav,double-bass,D#2,train,Strings/Contrabass/ordinario/Cb-ord-D#2-pp-3c-N.wav,0.0,3.0,0.00957,0.1
work/windows/Strings/Contrabass/ordinario/Cb-ord-D#2-pp-4c-N_w000.wav,double-bass,D#2,train,Strings/Contrabass/ordinario/Cb-ord-D#2-pp-4c-N.wav,0.0,3.0,0.01181,0.1
work/windows/Strings/Contrabass/ordinario/Cb-ord-D#3-ff-1c-T11u_w000.wav,double-bass,D#3,train,Strings/Contrabass/ordinario/Cb-ord-D#3-ff-1c-T11u.wav,0.0,3.0,0.03416,0.1
work/windows/Strings/Contrabass/ordinario/Cb-ord-D#3-ff-2c-N_w000.wav,double-bass,D#3,train,Strings/Contrabass/ordinario/Cb-ord-D#3-ff-2c-N.wav,0.0,3.0,0.03993,0.1
work/windows/Strings/Contrabass/ordinario/Cb-ord-D#3-ff-3c-N_w000.wav,double-bass,D#3,train,Strings/Contrabass/ordinario/Cb-ord-D#3-ff-3c-N.wav,0.0,3.0,0.04219,0.1
work/windows/Strings/Contrabass/ordinario/Cb-ord-D#3-ff-4c-T31u_w000.wav,double-bass,D#3,train,Strings/Contrabass/ordinario/Cb-ord-D#3-ff-4c-T31u.wav,0.0,2.5078,0.06265,0.1
work/windows/Strings/Contrabass/ordinario/Cb-ord-D#3-mf-1c-N_w000.wav,double-bass,D#3,train,Strings/Contrabass/ordinario/Cb-ord-D#3-mf-1c-N.wav,0.0,3.0,0.00656,0.1
work/windows/Strings/Contrabass/ordinario/Cb-ord-D#3-mf-2c-N_w000.wav,double-bass,D#3,train,Strings/Contrabass/ordinario/Cb-ord-D#3-mf-2c-N.wav,0.0,3.0,0.0072,0.1
work/windows/Strings/Contrabass/ordinario/Cb-ord-D#3-mf-3c-T24d_w000.wav,double-bass,D#3,train,Strings/Contrabass/ordinario/Cb-ord-D#3-mf-3c-T24d.wav,0.0,3.0,0.01307,0.1
work/windows/Strings/Contrabass/ordinario/Cb-ord-D#3-mf-4c-T11u_w000.wav,double-bass,D#3,train,Strings/Contrabass/ordinario/Cb-ord-D#3-mf-4c-T11u.wav,0.0,3.0,0.01854,0.1
work/windows/Strings/Contrabass/ordinario/Cb-ord-D#3-pp-1c-N_w000.wav,double-bass,D#3,train,Strings/Contrabass/ordinario/Cb-ord-D#3-pp-1c-N.wav,0.0,3.0,0.00185,0.1
work/windows/Strings/Contrabass/ordinario/Cb-ord-D#3-pp-2c-N_w000.wav,double-bass,D#3,train,Strings/Contrabass/ordinario/Cb-ord-D#3-pp-2c-N.wav,0.0,3.0,0.00203,0.1
work/windows/Strings/Contrabass/ordinario/Cb-ord-D#3-pp-3c-T18d_w000.wav,double-bass,D#3,train,Strings/Contrabass/ordinario/Cb-ord-D#3-pp-3c-T18d.wav,0.0,3.0,0.00337,0.1
work/windows/Strings/Contrabass/ordinario/Cb-ord-D#3-pp-4c-N_w000.wav,double-bass,D#3,train,Strings/Contrabass/ordinario/Cb-ord-D#3-pp-4c-N.wav,0.0,3.0,0.00382,0.1
work/windows/Strings/Contrabass/ordinario/Cb-ord-D#4-ff-1c-T20u_w000.wav,double-bass,D#4,test,Strings/Contrabass/ordinario/Cb-ord-D#4-ff-1c-T20u.wav,0.0,2.2756,0.0432,0.1
work/windows/Strings/Contrabass/ordinario/Cb-ord-D#4-mf-1c-T18u_w000.wav,double-bass,D#4,test,Strings/Contrabass/ordinario/Cb-ord-D#4-mf-1c-T18u.wav,0.0,3.0,0.00897,0.1
work/windows/Strings/Contrabass/ordinario/Cb-ord-D#4-pp-1c-T10u_w000.wav,double-bass,D#4,test,Strings/Contrabass/ordinario/Cb-ord-D#4-pp-1c-T10u.wav,0.0,3.0,0.00338,0.1
work/windows/Strings/Contrabass/ordinario/Cb-ord-D2-ff-2c-N_w000.wav,double-bass,D2,train,Strings/Contrabass/ordinario/Cb-ord-D2-ff-2c-N.wav,0.0,3.0,0.11637,0.1
work/windows/Strings/Contrabass/ordinario/Cb-ord-D2-ff-3c-N_w000.wav,double-bass,D2,train,Strings/Contrabass/ordinario/Cb-ord-D2-ff-3c-N.wav,0.0,3.0,0.15645,0.1
work/windows/Strings/Contrabass/ordinario/Cb-ord-D2-ff-4c-T24u_w000.wav,double-bass,D2,train,Strings/Contrabass/ordinario/Cb-ord-D2-ff-4c-T24u.wav,0.0,3.0,0.13142,0.1
work/windows/Strings/Contrabass/ordinario/Cb-ord-D2-mf-2c-N_w000.wav,double-bass,D2,train,Strings/Contrabass/ordinario/Cb-ord-D2-mf-2c-N.wav,0.0,3.0,0.03101,0.1
work/windows/Strings/Contrabass/ordinario/Cb-ord-D2-mf-3c-N_w000.wav,double-bass,D2,train,Strings/Contrabass/ordinario/Cb-ord-D2-mf-3c-N.wav,0.0,3.0,0.04667,0.1
work/windows/Strings/Contrabass/ordinario/Cb-ord-D2-mf-4c-T14u_w000.wav,double-bass,D2,train,Strings/Contrabass/ordinario/Cb-ord-D2-mf-4c-T14u.wav,0.0,3.0,0.04709,0.1
work/windows/Strings/Contrabass/ordinario/Cb-ord-D2-pp-2c-N_w000.wav,double-bass,D2,train,Strings/Contrabass/ordinario/Cb-ord-D2-pp-2c-N.wav,0.0,3.0,0.00695,0.1
work/windows/Strings/Contrabass/ordinario/Cb-ord-D2-pp-3c-T14d_w000.wav,double-bass,D2,train,Strings/Contrabass/ordinario/Cb-ord-D2-pp-3c-T14d.wav,0.0,3.0,0.01197,0.1
work/windows/Strings/Contrabass/ordinario/Cb-ord-D2-pp-4c-N_w000.wav,double-bass,D2,train,Strings/Contrabass/ordinario/Cb-ord-D2-pp-4c-N.wav,0.0,3.0,0.01411,0.1
work/windows/Strings/Contrabass/ordinario/Cb-ord-D3-ff-1c-N_w000.wav,double-bass,D3,train,Strings/Contrabass/ordinario/Cb-ord-D3-ff-1c-N.wav,0.0,3.0,0.04493,0.1
work/windows/Strings/Contrabass/ordinario/Cb-ord-D3-ff-2c-N_w000.wav,double-bass,D3,train,Strings/Contrabass/ordinario/Cb-ord-D3-ff-2c-N.wav,0.0,3.0,0.05424,0.1
work/windows/Strings/Contrabass/ordinario/Cb-ord-D3-ff-3c-N_w000.wav,double-bass,D3,train,Strings/Contrabass/ordinario/Cb-ord-D3-ff-3c-N.wav,0.0,3.0,0.0672,0.1
work/windows/Strings/Contrabass/ordinario/Cb-ord-D3-ff-4c-T31u_w000.wav,double-bass,D3,train,Strings/Contrabass/ordinario/Cb-ord-D3-ff-4c-T31u.wav,0.0,2.8793,0.05623,0.1
work/windows/Strings/Contrabass/ordinario/Cb-ord-D3-mf-1c-N_w000.wav,double-bass,D3,train,Strings/Contrabass/ordinario/Cb-ord-D3-mf-1c-N.wav,0.0,3.0,0.01105,0.1
work/windows/Strings/Contrabass/ordinario/Cb-ord-D3-mf-2c-N_w000.wav,double-bass,D3,train,Strings/Contrabass/ordinario/Cb-ord-D3-mf-2c-N.wav,0.0,3.0,0.0152,0.1
work/windows/Strings/Contrabass/ordinario/Cb-ord-D3-mf-3c-N_w000.wav,double-bass,D3,train,Strings/Contrabass/ordinario/Cb-ord-D3-mf-3c-N.wav,0.0,3.0,0.01683,0.1
work/windows/Strings/Contrabass/ordinario/Cb-ord-D3-mf-4c-T19u_w000.wav,double-bass,D3,train,Strings/Contrabass/ordinario/Cb-ord-D3-mf-4c-T19u.wav,0.0,3.0,0.01529,0.1
work/windows/Strings/Contrabass/ordinario/Cb-ord-D3-pp-1c-N_w000.wav,double-bass,D3,train,Strings/Contrabass/ordinario/Cb-ord-D3-pp-1c-N.wav,0.0,3.0,0.00227,0.1
work/windows/Strings/Contrabass/ordinario/Cb-ord-D3-pp-2c-N_w000.wav,double-bass,D3,train,Strings/Contrabass/ordinario/Cb-ord-D3-pp-2c-N.wav,0.0,3.0,0.00394,0.1
work/windows/Strings/Contrabass/ordinario/Cb-ord-D3-pp-3c-T27d_w000.wav,double-bass,D3,train,Strings/Contrabass/ordinario/Cb-ord-D3-pp-3c-T27d.wav,0.0,3.0,0.00473,0.1
work/windows/Strings/Contrabass/ordinario/Cb-ord-D3-pp-4c-T15u_w000.wav,double-bass,D3,train,Strings/Contrabass/ordinario/Cb-ord-D3-pp-4c-T15u.wav,0.0,3.0,0.00301,0.1
work/windows/Strings/Contrabass/ordinario/Cb-ord-D4-ff-1c-T17d_w000.wav,double-bass,D4,val,Strings/Contrabass/ordinario/Cb-ord-D4-ff-1c-T17d.wav,0.0,2.6935,0.03595,0.1
work/windows/Strings/Contrabass/ordinario/Cb-ord-D4-ff-2c-N_w000.wav,double-bass,D4,val,Strings/Contrabass/ordinario/Cb-ord-D4-ff-2c-N.wav,0.0,2.0898,0.03436,0.1
work/windows/Strings/Contrabass/ordinario/Cb-ord-D4-mf-1c-T13d_w000.wav,double-bass,D4,val,Strings/Contrabass/ordinario/Cb-ord-D4-mf-1c-T13d.wav,0.0,3.0,0.00712,0.1
work/windows/Strings/Contrabass/ordinario/Cb-ord-D4-mf-2c-N_w000.wav,double-bass,D4,val,Strings/Contrabass/ordinario/Cb-ord-D4-mf-2c-N.wav,0.0,3.0,0.00963,0.1
work/windows/Strings/Contrabass/ordinario/Cb-ord-D4-pp-1c-T12d_w000.wav,double-bass,D4,val,Strings/Contrabass/ordinario/Cb-ord-D4-pp-1c-T12d.wav,0.0,3.0,0.00197,0.1
work/windows/Strings/Contrabass/ordinario/Cb-ord-D4-pp-2c-N_w000.wav,double-bass,D4,val,Strings/Contrabass/ordinario/Cb-ord-D4-pp-2c-N.wav,0.0,3.0,0.00187,0.1
work/windows/Strings/Contrabass/ordinario/Cb-ord-E1-ff-4c-N_w000.wav,double-bass,E1,val,Strings/Contrabass/ordinario/Cb-ord-E1-ff-4c-N.wav,0.0,3.0,0.10654,0.1
work/windows/Strings/Contrabass/ordinario/Cb-ord-E1-mf-4c-N_w000.wav,double-bass,E1,val,Strings/Contrabass/ordinario/Cb-ord-E1-mf-4c-N.wav,0.0,3.0,0.02411,0.1
work/windows/Strings/Contrabass/ordinario/Cb-ord-E1-pp-4c-N_w000.wav,double-bass,E1,val,Strings/Contrabass/ordinario/Cb-ord-E1-pp-4c-N.wav,0.0,3.0,0.00408,0.1
work/windows/Strings/Contrabass/ordinario/Cb-ord-E2-ff-2c-N_w000.wav,double-bass,E2,val,Strings/Contrabass/ordinario/Cb-ord-E2-ff-2c-N.wav,0.0,3.0,0.07078,0.1
work/windows/Strings/Contrabass/ordinario/Cb-ord-E2-ff-3c-N_w000.wav,double-bass,E2,val,Strings/Contrabass/ordinario/Cb-ord-E2-ff-3c-N.wav,0.0,3.0,0.12005,0.1
work/windows/Strings/Contrabass/ordinario/Cb-ord-E2-ff-4c-N_w000.wav,double-bass,E2,val,Strings/Contrabass/ordinario/Cb-ord-E2-ff-4c-N.wav,0.0,3.0,0.13323,0.1
work/windows/Strings/Contrabass/ordinario/Cb-ord-E2-mf-2c-N_w000.wav,double-bass,E2,val,Strings/Contrabass/ordinario/Cb-ord-E2-mf-2c-N.wav,0.0,3.0,0.01847,0.1
work/windows/Strings/Contrabass/ordinario/Cb-ord-E2-mf-3c-N_w000.wav,double-bass,E2,val,Strings/Contrabass/ordinario/Cb-ord-E2-mf-3c-N.wav,0.0,3.0,0.03716,0.1
work/windows/Strings/Contrabass/ordinario/Cb-ord-E2-mf-4c-N_w000.wav,double-bass,E2,val,Strings/Contrabass/ordinario/Cb-ord-E2-mf-4c-N.wav,0.0,3.0,0.0379,0.1
work/windows/Strings/Contrabass/ordinario/Cb-ord-E2-pp-2c-N_w000.wav,double-bass,E2,val,Strings/Contrabass/ordinario/Cb-ord-E2-pp-2c-N.wav,0.0,3.0,0.00592,0.1
work/windows/Strings/Contrabass/ordinario/Cb-ord-E2-pp-3c-N_w000.wav,double-bass,E2,val,Strings/Contrabass/ordinario/Cb-ord-E2-pp-3c-N.wav,0.0,3.0,0.01134,0.1
work/windows/Strings/Contrabass/ordinario/Cb-ord-E2-pp-4c-N_w000.wav,double-bass,E2,val,Strings/Contrabass/ordinario/Cb-ord-E2-pp-4c-N.wav,0.0,3.0,0.01049,0.1
work/windows/Strings/Contrabass/ordinario/Cb-ord-E3-ff-1c-T12u_w000.wav,double-bass,E3,train,Strings/Contrabass/ordinario/Cb-ord-E3-ff-1c-T12u.wav,0.0,2.9489,0.03784,0.1
work/windows/Strings/Contrabass/ordinario/Cb-ord-E3-ff-2c-T16u_w000.wav,double-bass,E3,train,Strings/Contrabass/ordinario/Cb-ord-E3-ff-2c-T16u.wav,0.0,3.0,0.03219,0.1
work/windows/Strings/Contrabass/ordinario/Cb-ord-E3-ff-3c-T17d_w000.wav,double-bass,E3,train,Strings/Contrabass/ordinario/Cb-ord-E3-ff-3c-T17d.wav,0.0,3.0,0.04548,0.1
work/windows/Strings/Contrabass/ordinario/Cb-ord-E3-mf-1c-N_w000.wav,double-bass,E3,train,Strings/Contrabass/ordinario/Cb-ord-E3-mf-1c-N.wav,0.0,3.0,0.01278,0.1
work/windows/Strings/Contrabass/ordinario/Cb-ord-E3-mf-2c-N_w000.wav,double-bass,E3,train,Strings/Contrabass/ordinario/Cb-ord-E3-mf-2c-N.wav,0.0,3.0,0.00734,0.1
work/windows/Strings/Contrabass/ordinario/Cb-ord-E3-mf-3c-T14d_w000.wav,double-bass,E3,train,Strings/Contrabass/ordinario/Cb-ord-E3-mf-3c-T14d.wav,0.0,3.0,0.00944,0.1
work/windows/Strings/Contrabass/ordinario/Cb-ord-E3-pp-1c-N_w000.wav,double-bass,E3,train,Strings/Contrabass/ordinario/Cb-ord-E3-pp-1c-N.wav,0.0,3.0,0.00186,0.1
work/windows/Strings/Contrabass/ordinario/Cb-ord-E3-pp-2c-N_w000.wav,double-bass,E3,train,Strings/Contrabass/ordinario/Cb-ord-E3-pp-2c-N.wav,0.0,3.0,0.00129,0.1
work/windows/Strings/Contrabass/ordinario/Cb-ord-E3-pp-3c-T24d_w000.wav,double-bass,E3,train,Strings/Contrabass/ordinario/Cb-ord-E3-pp-3c-T24d.wav,0.0,3.0,0.00232,0.1
work/windows/Strings/Contrabass/ordinario/Cb-ord-E4-ff-1c-N_w000.wav,double-bass,E4,val,Strings/Contrabass/ordinario/Cb-ord-E4-ff-1c-N.wav,0.0,2.2291,0.02628,0.1
work/windows/Strings/Contrabass/ordinario/Cb-ord-E4-mf-1c-N_w000.wav,double-bass,E4,val,Strings/Contrabass/ordinario/Cb-ord-E4-mf-1c-N.wav,0.0,3.0,0.00602,0.1
work/windows/Strings/Contrabass/ordinario/Cb-ord-E4-pp-1c-N_w000.wav,double-bass,E4,val,Strings/Contrabass/ordinario/Cb-ord-E4-pp-1c-N.wav,0.0,3.0,0.00199,0.1
work/windows/Strings/Contrabass/ordinario/Cb-ord-F#1-ff-4c-N_w000.wav,double-bass,F#1,val,Strings/Contrabass/ordinario/Cb-ord-F#1-ff-4c-N.wav,0.0,3.0,0.10575,0.1
work/windows/Strings/Contrabass/ordinario/Cb-ord-F#1-mf-4c-N_w000.wav,double-bass,F#1,val,Strings/Contrabass/ordinario/Cb-ord-F#1-mf-4c-N.wav,0.0,3.0,0.03141,0.1
work/windows/Strings/Contrabass/ordinario/Cb-ord-F#1-pp-4c-N_w000.wav,double-bass,F#1,val,Strings/Contrabass/ordinario/Cb-ord-F#1-pp-4c-N.wav,0.0,3.0,0.01408,0.1
work/windows/Strings/Contrabass/ordinario/Cb-ord-F#2-ff-2c-N_w000.wav,double-bass,F#2,train,Strings/Contrabass/ordinario/Cb-ord-F#2-ff-2c-N.wav,0.0,3.0,0.09765,0.1
work/windows/Strings/Contrabass/ordinario/Cb-ord-F#2-ff-3c-N_w000.wav,double-bass,F#2,train,Strings/Contrabass/ordinario/Cb-ord-F#2-ff-3c-N.wav,0.0,3.0,0.1488,0.1
work/windows/Strings/Contrabass/ordinario/Cb-ord-F#2-ff-4c-T31u_w000.wav,double-bass,F#2,train,Strings/Contrabass/ordinario/Cb-ord-F#2-ff-4c-T31u.wav,0.0,3.0,0.12123,0.1
work/windows/Strings/Contrabass/ordinario/Cb-ord-F#2-mf-2c-N_w000.wav,double-bass,F#2,train,Strings/Contrabass/ordinario/Cb-ord-F#2-mf-2c-N.wav,0.0,3.0,0.02524,0.1
work/windows/Strings/Contrabass/ordinario/Cb-ord-F#2-mf-3c-T12u_w000.wav,double-bass,F#2,train,Strings/Contrabass/ordinario/Cb-ord-F#2-mf-3c-T12u.wav,0.0,3.0,0.04577,0.1
work/windows/Strings/Contrabass/ordinario/Cb-ord-F#2-mf-4c-T10u_w000.wav,double-bass,F#2,train,Strings/Contrabass/ordinario/Cb-ord-F#2-mf-4c-T10u.wav,0.0,3.0,0.03436,0.1
work/windows/Strings/Contrabass/ordinario/Cb-ord-F#2-pp-2c-N_w000.wav,double-bass,F#2,train,Strings/Contrabass/ordinario/Cb-ord-F#2-pp-2c-N.wav,0.0,3.0,0.00956,0.1
work/windows/Strings/Contrabass/ordinario/Cb-ord-F#2-pp-3c-N_w000.wav,double-bass,F#2,train,Strings/Contrabass/ordinario/Cb-ord-F#2-pp-3c-N.wav,0.0,3.0,0.01503,0.1
work/windows/Strings/Contrabass/ordinario/Cb-ord-F#2-pp-4c-T15u_w000.wav,double-bass,F#2,train,Strings/Contrabass/ordinario/Cb-ord-F#2-pp-4c-T15u.wav,0.0,3.0,0.01136,0.1
work/windows/Strings/Contrabass/ordinario/Cb-ord-F#3-ff-1c-N_w000.wav,double-bass,F#3,train,Strings/Contrabass/ordinario/Cb-ord-F#3-ff-1c-N.wav,0.0,1.9969,0.07302,0.1
work/windows/Strings/Contrabass/ordinario/Cb-ord-F#3-ff-2c-T19u_w000.wav,double-bass,F#3,train,Strings/Contrabass/ordinario/Cb-ord-F#3-ff-2c-T19u.wav,0.0,2.6471,0.06467,0.1
work/windows/Strings/Contrabass/ordinario/Cb-ord-F#3-ff-3c-T10u_w000.wav,double-bass,F#3,train,Strings/Contrabass/ordinario/Cb-ord-F#3-ff-3c-T10u.wav,0.0,2.6239,0.07942,0.1
work/windows/Strings/Contrabass/ordinario/Cb-ord-F#3-mf-1c-N_w000.wav,double-bass,F#3,train,Strings/Contrabass/ordinario/Cb-ord-F#3-mf-1c-N.wav,0.0,3.0,0.01973,0.1
work/windows/Strings/Contrabass/ordinario/Cb-ord-F#3-mf-2c-T14u_w000.wav,double-bass,F#3,train,Strings/Contrabass/ordinario/Cb-ord-F#3-mf-2c-T14u.wav,0.0,3.0,0.01439,0.1
work/windows/Strings/Contrabass/ordinario/Cb-ord-F#3-mf-3c-T15u_w000.wav,double-bass,F#3,train,Strings/Contrabass/ordinario/Cb-ord-F#3-mf-3c-T15u.wav,0.0,3.0,0.02496,0.1
work/windows/Strings/Contrabass/ordinario/Cb-ord-F#3-pp-1c-N_w000.wav,double-bass,F#3,train,Strings/Contrabass/ordinario/Cb-ord-F#3-pp-1c-N.wav,0.0,3.0,0.00417,0.1
work/windows/Strings/Contrabass/ordinario/Cb-ord-F#3-pp-2c-N_w000.wav,double-bass,F#3,train,Strings/Contrabass/ordinario/Cb-ord-F#3-pp-2c-N.wav,0.0,3.0,0.0043,0.1
work/windows/Strings/Contrabass/ordinario/Cb-ord-F#3-pp-3c-N_w000.wav,double-bass,F#3,train,Strings/Contrabass/ordinario/Cb-ord-F#3-pp-3c-N.wav,0.0,3.0,0.00566,0.1
work/windows/Strings/Contrabass/ordinario/Cb-ord-F#4-ff-1c-N_w000.wav,double-bass,F#4,train,Strings/Contrabass/ordinario/Cb-ord-F#4-ff-1c-N.wav,0.0,2.2523,0.02214,0.1
work/windows/Strings/Contrabass/ordinario/Cb-ord-F#4-mf-1c-N_w000.wav,double-bass,F#4,train,Strings/Contrabass/ordinario/Cb-ord-F#4-mf-1c-N.wav,0.0,3.0,0.00521,0.1
work/windows/Strings/Contrabass/ordinario/Cb-ord-F#4-pp-1c-N_w000.wav,double-bass,F#4,train,Strings/Contrabass/ordinario/Cb-ord-F#4-pp-1c-N.wav,0.0,3.0,0.00175,0.1
work/windows/Strings/Contrabass/ordinario/Cb-ord-F1-ff-4c-N_w000.wav,double-bass,F1,train,Strings/Contrabass/ordinario/Cb-ord-F1-ff-4c-N.wav,0.0,3.0,0.09049,0.1
work/windows/Strings/Contrabass/ordinario/Cb-ord-F1-mf-4c-N_w000.wav,double-bass,F1,train,Strings/Contrabass/ordinario/Cb-ord-F1-mf-4c-N.wav,0.0,3.0,0.02319,0.1
work/windows/Strings/Contrabass/ordinario/Cb-ord-F1-pp-4c-N_w000.wav,double-bass,F1,train,Strings/Contrabass/ordinario/Cb-ord-F1-pp-4c-N.wav,0.0,3.0,0.00841,0.1
work/windows/Strings/Contrabass/ordinario/Cb-ord-F2-ff-2c-N_w000.wav,double-bass,F2,train,Strings/Contrabass/ordinario/Cb-ord-F2-ff-2c-N.wav,0.0,3.0,0.09113,0.1
work/windows/Strings/Contrabass/ordinario/Cb-ord-F2-ff-3c-N_w000.wav,double-bass,F2,train,Strings/Contrabass/ordinario/Cb-ord-F2-ff-3c-N.wav,0.0,3.0,0.11128,0.1
work/windows/Strings/Contrabass/ordinario/Cb-ord-F2-ff-4c-T12u_w000.wav,double-bass,F2,train,Strings/Contrabass/ordinario/Cb-ord-F2-ff-4c-T12u.wav,0.0,3.0,0.11565,0.1
work/windows/Strings/Contrabass/ordinario/Cb-ord-F2-mf-2c-N_w000.wav,double-bass,F2,train,Strings/Contrabass/ordinario/Cb-ord-F2-mf-2c-N.wav,0.0,3.0,0.02149,0.1
work/windows/Strings/Contrabass/ordinario/Cb-ord-F2-mf-3c-N_w000.wav,double-bass,F2,train,Strings/Contrabass/ordinario/Cb-ord-F2-mf-3c-N.wav,0.0,3.0,0.03204,0.1
work/windows/Strings/Contrabass/ordinario/Cb-ord-F2-mf-4c-N_w000.wav,double-bass,F2,train,Strings/Contrabass/ordinario/Cb-ord-F2-mf-4c-N.wav,0.0,3.0,0.03545,0.1
work/windows/Strings/Contrabass/ordinario/Cb-ord-F2-pp-2c-N_w000.wav,double-bass,F2,train,Strings/Contrabass/ordinario/Cb-ord-F2-pp-2c-N.wav,0.0,3.0,0.00737,0.1
work/windows/Strings/Contrabass/ordinario/Cb-ord-F2-pp-3c-N_w000.wav,double-bass,F2,train,Strings/Contrabass/ordinario/Cb-ord-F2-pp-3c-N.wav,0.0,3.0,0.00994,0.1
work/windows/Strings/Contrabass/ordinario/Cb-ord-F2-pp-4c-N_w000.wav,double-bass,F2,train,Strings/Contrabass/ordinario/Cb-ord-F2-pp-4c-N.wav,0.0,3.0,0.00935,0.1
work/windows/Strings/Contrabass/ordinario/Cb-ord-F3-ff-1c-N_w000.wav,double-bass,F3,test,Strings/Contrabass/ordinario/Cb-ord-F3-ff-1c-N.wav,0.0,2.5078,0.03955,0.1
work/windows/Strings/Contrabass/ordinario/Cb-ord-F3-ff-2c-T12u_w000.wav,double-bass,F3,test,Strings/Contrabass/ordinario/Cb-ord-F3-ff-2c-T12u.wav,0.0,2.6703,0.0287,0.1
work/windows/Strings/Contrabass/ordinario/Cb-ord-F3-ff-3c-N_w000.wav,double-bass,F3,test,Strings/Contrabass/ordinario/Cb-ord-F3-ff-3c-N.wav,0.0,3.0,0.02882,0.1
work/windows/Strings/Contrabass/ordinario/Cb-ord-F3-mf-1c-N_w000.wav,double-bass,F3,test,Strings/Contrabass/ordinario/Cb-ord-F3-mf-1c-N.wav,0.0,3.0,0.0091,0.1
work/windows/Strings/Contrabass/ordinario/Cb-ord-F3-mf-2c-N_w000.wav,double-bass,F3,test,Strings/Contrabass/ordinario/Cb-ord-F3-mf-2c-N.wav,0.0,3.0,0.00577,0.1
work/windows/Strings/Contrabass/ordinario/Cb-ord-F3-mf-3c-N_w000.wav,double-bass,F3,test,Strings/Contrabass/ordinario/Cb-ord-F3-mf-3c-N.wav,0.0,3.0,0.01128,0.1
work/windows/Strings/Contrabass/ordinario/Cb-ord-F3-pp-1c-N_w000.wav,double-bass,F3,test,Strings/Contrabass/ordinario/Cb-ord-F3-pp-1c-N.wav,0.0,3.0,0.00188,0.1
work/windows/Strings/Contrabass/ordinario/Cb-ord-F3-pp-2c-N_w000.wav,double-bass,F3,test,Strings/Contrabass/ordinario/Cb-ord-F3-pp-2c-N.wav,0.0,3.0,0.00161,0.1
work/windows/Strings/Contrabass/ordinario/Cb-ord-F3-pp-3c-T35d_w000.wav,double-bass,F3,test,Strings/Contrabass/ordinario/Cb-ord-F3-pp-3c-T35d.wav,0.0,3.0,0.00739,0.1
work/windows/Strings/Contrabass/ordinario/Cb-ord-F4-ff-1c-N_w000.wav,double-bass,F4,train,Strings/Contrabass/ordinario/Cb-ord-F4-ff-1c-N.wav,0.0,2.2059,0.03105,0.1
work/windows/Strings/Contrabass/ordinario/Cb-ord-F4-mf-1c-T16u_w000.wav,double-bass,F4,train,Strings/Contrabass/ordinario/Cb-ord-F4-mf-1c-T16u.wav,0.0,3.0,0.00502,0.1
work/windows/Strings/Contrabass/ordinario/Cb-ord-F4-pp-1c-N_w000.wav,double-bass,F4,train,Strings/Contrabass/ordinario/Cb-ord-F4-pp-1c-N.wav,0.0,3.0,0.00182,0.1
work/windows/Strings/Contrabass/ordinario/Cb-ord-G#1-ff-4c-N_w000.wav,double-bass,G#1,val,Strings/Contrabass/ordinario/Cb-ord-G#1-ff-4c-N.wav,0.0,3.0,0.1932,0.1
work/windows/Strings/Contrabass/ordinario/Cb-ord-G#1-mf-4c-N_w000.wav,double-bass,G#1,val,Strings/Contrabass/ordinario/Cb-ord-G#1-mf-4c-N.wav,0.0,3.0,0.06306,0.1
work/windows/Strings/Contrabass/ordinario/Cb-ord-G#1-pp-4c-N_w000.wav,double-bass,G#1,val,Strings/Contrabass/ordinario/Cb-ord-G#1-pp-4c-N.wav,0.0,3.0,0.02145,0.1
work/windows/Strings/Contrabass/ordinario/Cb-ord-G#2-ff-1c-N_w000.wav,double-bass,G#2,train,Strings/Contrabass/ordinario/Cb-ord-G#2-ff-1c-N.wav,0.0,2.5774,0.28036,0.1
work/windows/Strings/Contrabass/ordinario/Cb-ord-G#2-ff-2c-N_w000.wav,double-bass,G#2,train,Strings/Contrabass/ordinario/Cb-ord-G#2-ff-2c-N.wav,0.0,3.0,0.24438,0.1
work/windows/Strings/Contrabass/ordinario/Cb-ord-G#2-ff-3c-T30u_w000.wav,double-bass,G#2,train,Strings/Contrabass/ordinario/Cb-ord-G#2-ff-3c-T30u.wav,0.0,3.0,0.24602,0.1
work/windows/Strings/Contrabass/ordinario/Cb-ord-G#2-ff-4c-T28u_w000.wav,double-bass,G#2,train,Strings/Contrabass/ordinario/Cb-ord-G#2-ff-4c-T28u.wav,0.0,3.0,0.24858,0.1
work/windows/Strings/Contrabass/ordinario/Cb-ord-G#2-mf-1c-N_w000.wav,double-bass,G#2,train,Strings/Contrabass/ordinario/Cb-ord-G#2-mf-1c-N.wav,0.0,3.0,0.0656,0.1
work/windows/Strings/Contrabass/ordinario/Cb-ord-G#2-mf-2c-N_w000.wav,double-bass,G#2,train,Strings/Contrabass/ordinario/Cb-ord-G#2-mf-2c-N.wav,0.0,3.0,0.09916,0.1
work/windows/Strings/Contrabass/ordinario/Cb-ord-G#2-mf-3c-T10u_w000.wav,double-bass,G#2,train,Strings/Contrabass/ordinario/Cb-ord-G#2-mf-3c-T10u.wav,0.0,3.0,0.08382,0.1
work/windows/Strings/Contrabass/ordinario/Cb-ord-G#2-mf-4c-T12u_w000.wav,double-bass,G#2,train,Strings/Contrabass/ordinario/Cb-ord-G#2-mf-4c-T12u.wav,0.0,3.0,0.10354,0.1
work/windows/Strings/Contrabass/ordinario/Cb-ord-G#2-pp-1c-N_w000.wav,double-bass,G#2,train,Strings/Contrabass/ordinario/Cb-ord-G#2-pp-1c-N.wav,0.0,3.0,0.02321,0.1
work/windows/Strings/Contrabass/ordinario/Cb-ord-G#2-pp-2c-N_w000.wav,double-bass,G#2,train,Strings/Contrabass/ordinario/Cb-ord-G#2-pp-2c-N.wav,0.0,3.0,0.01781,0.1
work/windows/Strings/Contrabass/ordinario/Cb-ord-G#2-pp-3c-N_w000.wav,double-bass,G#2,train,Strings/Contrabass/ordinario/Cb-ord-G#2-pp-3c-N.wav,0.0,3.0,0.01579,0.1
work/windows/Strings/Contrabass/ordinario/Cb-ord-G#2-pp-4c-T21u_w000.wav,double-bass,G#2,train,Strings/Contrabass/ordinario/Cb-ord-G#2-pp-4c-T21u.wav,0.0,3.0,0.02638,0.1
work/windows/Strings/Contrabass/ordinario/Cb-ord-G#3-ff-1c-T11u_w000.wav,double-bass,G#3,train,Strings/Contrabass/ordinario/Cb-ord-G#3-ff-1c-T11u.wav,0.0,2.9257,0.0392,0.1
work/windows/Strings/Contrabass/ordinario/Cb-ord-G#3-ff-2c-T13u_w000.wav,double-bass,G#3,train,Strings/Contrabass/ordinario/Cb-ord-G#3-ff-2c-T13u.wav,0.0,2.2291,0.05419,0.1
work/windows/Strings/Contrabass/ordinario/Cb-ord-G#3-ff-3c-N_w000.wav,double-bass,G#3,train,Strings/Contrabass/ordinario/Cb-ord-G#3-ff-3c-N.wav,0.0,2.5542,0.04905,0.1
work/windows/Strings/Contrabass/ordinario/Cb-ord-G#3-mf-1c-T13u_w000.wav,double-bass,G#3,train,Strings/Contrabass/ordinario/Cb-ord-G#3-mf-1c-T13u.wav,0.0,3.0,0.00823,0.1
work/windows/Strings/Contrabass/ordinario/Cb-ord-G#3-mf-2c-T12u_w000.wav,double-bass,G#3,train,Strings/Contrabass/ordinario/Cb-ord-G#3-mf-2c-T12u.wav,0.0,3.0,0.01035,0.1
work/windows/Strings/Contrabass/ordinario/Cb-ord-G#3-mf-3c-N_w000.wav,double-bass,G#3,train,Strings/Contrabass/ordinario/Cb-ord-G#3-mf-3c-N.wav,0.0,3.0,0.01344,0.1
work/windows/Strings/Contrabass/ordinario/Cb-ord-G#3-pp-1c-N_w000.wav,double-bass,G#3,train,Strings/Contrabass/ordinario/Cb-ord-G#3-pp-1c-N.wav,0.0,3.0,0.00213,0.1
work/windows/Strings/Contrabass/ordinario/Cb-ord-G#3-pp-2c-N_w000.wav,double-bass,G#3,train,Strings/Contrabass/ordinario/Cb-ord-G#3-pp-2c-N.wav,0.0,3.0,0.00312,0.1
work/windows/Strings/Contrabass/ordinario/Cb-ord-G#3-pp-3c-N_w000.wav,double-bass,G#3,train,Strings/Contrabass/ordinario/Cb-ord-G#3-pp-3c-N.wav,0.0,3.0,0.00332,0.1
work/windows/Strings/Contrabass/ordinario/Cb-ord-G#4-ff-1c-N_w000.wav,double-bass,G#4,train,Strings/Contrabass/ordinario/Cb-ord-G#4-ff-1c-N.wav,0.0,2.0201,0.02654,0.1
work/windows/Strings/Contrabass/ordinario/Cb-ord-G#4-mf-1c-N_w000.wav,double-bass,G#4,train,Strings/Contrabass/ordinario/Cb-ord-G#4-mf-1c-N.wav,0.0,3.0,0.00583,0.1
work/windows/Strings/Contrabass/ordinario/Cb-ord-G#4-pp-1c-T22u_w000.wav,double-bass,G#4,train,Strings/Contrabass/ordinario/Cb-ord-G#4-pp-1c-T22u.wav,0.0,3.0,0.00192,0.1
work/windows/Strings/Contrabass/ordinario/Cb-ord-G1-ff-4c-T12u_w000.wav,double-bass,G1,test,Strings/Contrabass/ordinario/Cb-ord-G1-ff-4c-T12u.wav,0.0,3.0,0.15266,0.1
work/windows/Strings/Contrabass/ordinario/Cb-ord-G1-mf-4c-R100u_w000.wav,double-bass,G1,test,Strings/Contrabass/ordinario/Cb-ord-G1-mf-4c-R100u.wav,0.0,3.0,0.03162,0.1
work/windows/Strings/Contrabass/ordinario/Cb-ord-G1-pp-4c-T10u_w000.wav,double-bass,G1,test,Strings/Contrabass/ordinario/Cb-ord-G1-pp-4c-T10u.wav,0.0,3.0,0.00928,0.1
work/windows/Strings/Contrabass/ordinario/Cb-ord-G2-ff-1c-N_w000.wav,double-bass,G2,train,Strings/Contrabass/ordinario/Cb-ord-G2-ff-1c-N.wav,0.0,3.0,0.0971,0.1
work/windows/Strings/Contrabass/ordinario/Cb-ord-G2-ff-2c-N_w000.wav,double-bass,G2,train,Strings/Contrabass/ordinario/Cb-ord-G2-ff-2c-N.wav,0.0,3.0,0.10946,0.1
work/windows/Strings/Contrabass/ordinario/Cb-ord-G2-ff-3c-N_w000.wav,double-bass,G2,train,Strings/Contrabass/ordinario/Cb-ord-G2-ff-3c-N.wav,0.0,3.0,0.1123,0.1
work/windows/Strings/Contrabass/ordinario/Cb-ord-G2-ff-4c-N_w000.wav,double-bass,G2,train,Strings/Contrabass/ordinario/Cb-ord-G2-ff-4c-N.wav,0.0,3.0,0.12954,0.1
work/windows/Strings/Contrabass/ordinario/Cb-ord-G2-mf-1c-N_w000.wav,double-bass,G2,train,Strings/Contrabass/ordinario/Cb-ord-G2-mf-1c-N.wav,0.0,3.0,0.0238,0.1
work/windows/Strings/Contrabass/ordinario/Cb-ord-G2-mf-2c-T11d_w000.wav,double-bass,G2,train,Strings/Contrabass/ordinario/Cb-ord-G2-mf-2c-T11d.wav,0.0,3.0,0.04313,0.1
work/windows/Strings/Contrabass/ordinario/Cb-ord-G2-mf-3c-N_w000.wav,double-bass,G2,train,Strings/Contrabass/ordinario/Cb-ord-G2-mf-3c-N.wav,0.0,3.0,0.03409,0.1
work/windows/Strings/Contrabass/ordinario/Cb-ord-G2-mf-4c-T10u_R100u_w000.wav,double-bass,G2,train,Strings/Contrabass/ordinario/Cb-ord-G2-mf-4c-T10u_R100u.wav,0.0,3.0,0.03434,0.1
work/windows/Strings/Contrabass/ordinario/Cb-ord-G2-pp-1c-N_w000.wav,double-bass,G2,train,Strings/Contrabass/ordinario/Cb-ord-G2-pp-1c-N.wav,0.0,3.0,0.00443,0.1
work/windows/Strings/Contrabass/ordinario/Cb-ord-G2-pp-2c-N_w000.wav,double-bass,G2,train,Strings/Contrabass/ordinario/Cb-ord-G2-pp-2c-N.wav,0.0,3.0,0.01291,0.1
work/windows/Strings/Contrabass/ordinario/Cb-ord-G2-pp-3c-N_w000.wav,double-bass,G2,train,Strings/Contrabass/ordinario/Cb-ord-G2-pp-3c-N.wav,0.0,3.0,0.01311,0.1
work/windows/Strings/Contrabass/ordinario/Cb-ord-G2-pp-4c-T13u_w000.wav,double-bass,G2,train,Strings/Contrabass/ordinario/Cb-ord-G2-pp-4c-T13u.wav,0.0,3.0,0.01104,0.1
work/windows/Strings/Contrabass/ordinario/Cb-ord-G3-ff-1c-N_w000.wav,double-bass,G3,train,Strings/Contrabass/ordinario/Cb-ord-G3-ff-1c-N.wav,0.0,2.4845,0.07257,0.1
work/windows/Strings/Contrabass/ordinario/Cb-ord-G3-ff-2c-T22u_w000.wav,double-bass,G3,train,Strings/Contrabass/ordinario/Cb-ord-G3-ff-2c-T22u.wav,0.0,2.7864,0.06419,0.1
work/windows/Strings/Contrabass/ordinario/Cb-ord-G3-ff-3c-T16u_w000.wav,double-bass,G3,train,Strings/Contrabass/ordinario/Cb-ord-G3-ff-3c-T16u.wav,0.0,3.0,0.0609,0.1
work/windows/Strings/Contrabass/ordinario/Cb-ord-G3-mf-1c-N_w000.wav,double-bass,G3,train,Strings/Contrabass/ordinario/Cb-ord-G3-mf-1c-N.wav,0.0,3.0,0.01691,0.1
work/windows/Strings/Contrabass/ordinario/Cb-ord-G3-mf-2c-N_w000.wav,double-bass,G3,train,Strings/Contrabass/ordinario/Cb-ord-G3-mf-2c-N.wav,0.0,3.0,0.01654,0.1
work/windows/Strings/Contrabass/ordinario/Cb-ord-G3-mf-3c-N_w000.wav,double-bass,G3,train,Strings/Contrabass/ordinario/Cb-ord-G3-mf-3c-N.wav,0.0,3.0,0.0263,0.1
work/windows/Strings/Contrabass/ordinario/Cb-ord-G3-pp-1c-T11d_w000.wav,double-bass,G3,train,Strings/Contrabass/ordinario/Cb-ord-G3-pp-1c-T11d.wav,0.0,3.0,0.00403,0.1
work/windows/Strings/Contrabass/ordinario/Cb-ord-G3-pp-2c-T13d_w000.wav,double-bass,G3,train,Strings/Contrabass/ordinario/Cb-ord-G3-pp-2c-T13d.wav,0.0,3.0,0.00477,0.1
work/windows/Strings/Contrabass/ordinario/Cb-ord-G3-pp-3c-N_w000.wav,double-bass,G3,train,Strings/Contrabass/ordinario/Cb-ord-G3-pp-3c-N.wav,0.0,3.0,0.008,0.1
work/windows/Strings/Contrabass/ordinario/Cb-ord-G4-ff-1c-N_w000.wav,double-bass,G4,test,Strings/Contrabass/ordinario/Cb-ord-G4-ff-1c-N.wav,0.0,2.2291,0.03671,0.1
work/windows/Strings/Contrabass/ordinario/Cb-ord-G4-mf-1c-N_w000.wav,double-bass,G4,test,Strings/Contrabass/ordinario/Cb-ord-G4-mf-1c-N.wav,0.0,3.0,0.00908,0.1
work/windows/Strings/Contrabass/ordinario/Cb-ord-G4-pp-1c-T12d_w000.wav,double-bass,G4,test,Strings/Contrabass/ordinario/Cb-ord-G4-pp-1c-T12d.wav,0.0,3.0,0.00387,0.1
work/windows/Strings/Viola/ordinario/Va-ord-A#3-ff-3c-N_w000.wav,viola,A#3,val,Strings/Viola/ordinario/Va-ord-A#3-ff-3c-N.wav,0.0,3.0,0.02462,0.1
work/windows/Strings/Viola/ordinario/Va-ord-A#3-ff-4c-N_w000.wav,viola,A#3,val,Strings/Viola/ordinario/Va-ord-A#3-ff-4c-N.wav,0.0,3.0,0.04207,0.1
work/windows/Strings/Viola/ordinario/Va-ord-A#3-mf-3c-N_w000.wav,viola,A#3,val,Strings/Viola/ordinario/Va-ord-A#3-mf-3c-N.wav,0.0,3.0,0.00848,0.1
work/windows/Strings/Viola/ordinario/Va-ord-A#3-mf-4c-N_w000.wav,viola,A#3,val,Strings/Viola/ordinario/Va-ord-A#3-mf-4c-N.wav,0.0,3.0,0.01268,0.1
work/windows/Strings/Viola/ordinario/Va-ord-A#3-pp-3c-N_w000.wav,viola,A#3,val,Strings/Viola/ordinario/Va-ord-A#3-pp-3c-N.wav,0.0,3.0,0.00263,0.1
work/windows/Strings/Viola/ordinario/Va-ord-A#3-pp-4c-N_w000.wav,viola,A#3,val,Strings/Viola/ordinario/Va-ord-A#3-pp-4c-N.wav,0.0,3.0,0.00542,0.1
work/windows/Strings/Viola/ordinario/Va-ord-A#4-ff-1c-T12u_w000.wav,viola,A#4,train,Strings/Viola/ordinario/Va-ord-A#4-ff-1c-T12u.wav,0.0,3.0,0.02226,0.1
work/windows/Strings/Viola/ordinario/Va-ord-A#4-ff-2c-N_w000.wav,viola,A#4,train,Strings/Viola/ordinario/Va-ord-A#4-ff-2c-N.wav,0.0,3.0,0.02622,0.1
work/windows/Strings/Viola/ordinario/Va-ord-A#4-ff-3c-N_w000.wav,viola,A#4,train,Strings/Viola/ordinario/Va-ord-A#4-ff-3c-N.wav,0.0,3.0,0.02926,0.1
work/windows/Strings/Viola/ordinario/Va-ord-A#4-ff-4c-N_w000.wav,viola,A#4,train,Strings/Viola/ordinario/Va-ord-A#4-ff-4c-N.wav,0.0,3.0,0.03561,0.1
work/windows/Strings/Viola/ordinario/Va-ord-A#4-mf-1c-N_w000.wav,viola,A#4,train,Strings/Viola/ordinario/Va-ord-A#4-mf-1c-N.wav,0.0,3.0,0.00561,0.1
work/windows/Strings/Viola/ordinario/Va-ord-A#4-mf-2c-N_w000.wav,viola,A#4,train,Strings/Viola/ordinario/Va-ord-A#4-mf-2c-N.wav,0.0,3.0,0.00715,0.1
work/windows/Strings/Viola/ordinario/Va-ord-A#4-mf-3c-T11d_w000.wav,viola,A#4,train,Strings/Viola/ordinario/Va-ord-A#4-mf-3c-T11d.wav,0.0,3.0,0.00981,0.1
work/windows/Strings/Viola/ordinario/Va-ord-A#4-mf-4c-N_w000.wav,viola,A#4,train,Strings/Viola/ordinario/Va-ord-A#4-mf-4c-N.wav,0.0,3.0,0.01183,0.1
work/windows/Strings/Viola/ordinario/Va-ord-A#4-pp-1c-N_w000.wav,viola,A#4,train,Strings/Viola/ordinario/Va-ord-A#4-pp-1c-N.wav,0.0,3.0,0.00218,0.1
work/windows/Strings/Viola/ordinario/Va-ord-A#4-pp-2c-N_w000.wav,viola,A#4,train,Strings/Viola/ordinario/Va-ord-A#4-pp-2c-N.wav,0.0,3.0,0.00215,0.1
work/windows/Strings/Viola/ordinario/Va-ord-A#4-pp-3c-N_w000.wav,viola,A#4,train,Strings/Viola/ordinario/Va-ord-A#4-pp-3c-N.wav,0.0,3.0,0.00465,0.1
work/windows/Strings/Viola/ordinario/Va-ord-A#4-pp-4c-N_w000.wav,viola,A#4,train,Strings/Viola/ordinario/Va-ord-A#4-pp-4c-N.wav,0.0,3.0,0.00405,0.1
work/windows/Strings/Viola/ordinario/Va-ord-A#5-ff-1c-T15u_w000.wav,viola,A#5,train,Strings/Viola/ordinario/Va-ord-A#5-ff-1c-T15u.wav,0.0,3.0,0.02578,0.1
work/windows/Strings/Viola/ordinario/Va-ord-A#5-ff-2c-N_w000.wav,viola,A#5,train,Strings/Viola/ordinario/Va-ord-A#5-ff-2c-N.wav,0.0,3.0,0.01006,0.1
work/windows/Strings/Viola/ordinario/Va-ord-A#5-mf-1c-T16u_w000.wav,viola,A#5,train,Strings/Viola/ordinario/Va-ord-A#5-mf-1c-T16u.wav,0.0,3.0,0.00677,0.1
work/windows/Strings/Viola/ordinario/Va-ord-A#5-mf-2c-N_w000.wav,viola,A#5,train,Strings/Viola/ordinario/Va-ord-A#5-mf-2c-N.wav,0.0,3.0,0.00407,0.1
work/windows/Strings/Viola/ordinario/Va-ord-A#5-pp-1c-N_w000.wav,viola,A#5,train,Strings/Viola/ordinario/Va-ord-A#5-pp-1c-N.wav,0.0,3.0,0.00146,0.1
work/windows/Strings/Viola/ordinario/Va-ord-A#5-pp-2c-N_w000.wav,viola,A#5,train,Strings/Viola/ordinario/Va-ord-A#5-pp-2c-N.wav,0.0,3.0,0.00208,0.1
work/windows/Strings/Viola/ordinario/Va-ord-A#6-ff-1c-N_w000.wav,viola,A#6,test,Strings/Viola/ordinario/Va-ord-A#6-ff-1c-N.wav,0.0,3.0,0.01216,0.1
work/windows/Strings/Viola/ordinario/Va-ord-A#6-mf-1c-N_w000.wav,viola,A#6,test,Strings/Viola/ordinario/Va-ord-A#6-mf-1c-N.wav,0.0,3.0,0.0038,0.1
work/windows/Strings/Viola/ordinario/Va-ord-A#6-pp-1c-N_w000.wav,viola,A#6,test,Strings/Viola/ordinario/Va-ord-A#6-pp-1c-N.wav,0.0,3.0,0.00108,0.1
work/windows/Strings/Viola/ordinario/Va-ord-A3-ff-3c-N_w000.wav,viola,A3,val,Strings/Viola/ordinario/Va-ord-A3-ff-3c-N.wav,0.0,3.0,0.02998,0.1
work/windows/Strings/Viola/ordinario/Va-ord-A3-ff-4c-T16u_w000.wav,viola,A3,val,Strings/Viola/ordinario/Va-ord-A3-ff-4c-T16u.wav,0.0,3.0,0.05722,0.1
work/windows/Strings/Viola/ordinario/Va-ord-A3-mf-3c-R100d_w000.wav,viola,A3,val,Strings/Viola/ordinario/Va-ord-A3-mf-3c-R100d.wav,0.0,3.0,0.00843,0.1
work/windows/Strings/Viola/ordinario/Va-ord-A3-mf-4c-T10u_w000.wav,viola,A3,val,Strings/Viola/ordinario/Va-ord-A3-mf-4c-T10u.wav,0.0,3.0,0.02103,0.1
work/windows/Strings/Viola/ordinario/Va-ord-A3-pp-3c-N_w000.wav,viola,A3,val,Strings/Viola/ordinario/Va-ord-A3-pp-3c-N.wav,0.0,3.0,0.00534,0.1
work/windows/Strings/Viola/ordinario/Va-ord-A3-pp-4c-T14u_w000.wav,viola,A3,val,Strings/Viola/ordinario/Va-ord-A3-pp-4c-T14u.wav,0.0,3.0,0.00754,0.1
work/windows/Strings/Viola/ordinario/Va-ord-A4-ff-1c-N_w000.wav,viola,A4,train,Strings/Viola/ordinario/Va-ord-A4-ff-1c-N.wav,0.0,3.0,0.03089,0.1
work/windows/Strings/Viola/ordinario/Va-ord-A4-ff-2c-N_w000.wav,viola,A4,train,Strings/Viola/ordinario/Va-ord-A4-ff-2c-N.wav,0.0,3.0,0.02357,0.1
work/windows/Strings/Viola/ordinario/Va-ord-A4-ff-3c-R100d_w000.wav,viola,A4,train,Strings/Viola/ordinario/Va-ord-A4-ff-3c-R100d.wav,0.0,3.0,0.02935,0.1
work/windows/Strings/Viola/ordinario/Va-ord-A4-ff-4c-N_w000.wav,viola,A4,train,Strings/Viola/ordinario/Va-ord-A4-ff-4c-N.wav,0.0,3.0,0.02719,0.1
work/windows/Strings/Viola/ordinario/Va-ord-A4-mf-1c-N_w000.wav,viola,A4,train,Strings/Viola/ordinario/Va-ord-A4-mf-1c-N.wav,0.0,3.0,0.00867,0.1
work/windows/Strings/Viola/ordinario/Va-ord-A4-mf-2c-N_w000.wav,viola,A4,train,Strings/Viola/ordinario/Va-ord-A4-mf-2c-N.wav,0.0,3.0,0.00793,0.1
work/windows/Strings/Viola/ordinario/Va-ord-A4-mf-3c-N_w000.wav,viola,A4,train,Strings/Viola/ordinario/Va-ord-A4-mf-3c-N.wav,0.0,3.0,0.00761,0.1
work/windows/Strings/Viola/ordinario/Va-ord-A4-mf-4c-N_w000.wav,viola,A4,train,Strings/Viola/ordinario/Va-ord-A4-mf-4c-N.wav,0.0,3.0,0.01146,0.1
work/windows/Strings/Viola/ordinario/Va-ord-A4-pp-1c-N_w000.wav,viola,A4,train,Strings/Viola/ordinario/Va-ord-A4-pp-1c-N.wav,0.0,3.0,0.00369,0.1
work/windows/Strings/Viola/ordinario/Va-ord-A4-pp-2c-N_w000.wav,viola,A4,train,Strings/Viola/ordinario/Va-ord-A4-pp-2c-N.wav,0.0,3.0,0.00329,0.1
work/windows/Strings/Viola/ordinario/Va-ord-A4-pp-3c-N_w000.wav,viola,A4,train,Strings/Viola/ordinario/Va-ord-A4-pp-3c-N.wav,0.0,3.0,0.00172,0.1
work/windows/Strings/Viola/ordinario/Va-ord-A4-pp-4c-N_w000.wav,viola,A4,train,Strings/Viola/ordinario/Va-ord-A4-pp-4c-N.wav,0.0,3.0,0.00435,0.1
work/windows/Strings/Viola/ordinario/Va-ord-A5-ff-1c-N_w000.wav,viola,A5,test,Strings/Viola/ordinario/Va-ord-A5-ff-1c-N.wav,0.0,3.0,0.02454,0.1
work/windows/Strings/Viola/ordinario/Va-ord-A5-ff-2c-N_w000.wav,viola,A5,test,Strings/Viola/ordinario/Va-ord-A5-ff-2c-N.wav,0.0,3.0,0.01498,0.1
work/windows/Strings/Viola/ordinario/Va-ord-A5-mf-1c-N_w000.wav,viola,A5,test,Strings/Viola/ordinario/Va-ord-A5-mf-1c-N.wav,0.0,3.0,0.00994,0.1
work/windows/Strings/Viola/ordinario/Va-ord-A5-mf-2c-N_w000.wav,viola,A5,test,Strings/Viola/ordinario/Va-ord-A5-mf-2c-N.wav,0.0,3.0,0.00581,0.1
work/windows/Strings/Viola/ordinario/Va-ord-A5-pp-1c-N_w000.wav,viola,A5,test,Strings/Viola/ordinario/Va-ord-A5-pp-1c-N.wav,0.0,3.0,0.003,0.1
work/windows/Strings/Viola/ordinario/Va-ord-A5-pp-2c-T11u_w000.wav,viola,A5,test,Strings/Viola/ordinario/Va-ord-A5-pp-2c-T11u.wav,0.0,3.0,0.00177,0.1
work/windows/Strings/Viola/ordinario/Va-ord-A6-ff-1c-T11u_w000.wav,viola,A6,test,Strings/Viola/ordinario/Va-ord-A6-ff-1c-T11u.wav,0.0,3.0,0.00691,0.1
work/windows/Strings/Viola/ordinario/Va-ord-A6-mf-1c-N_w000.wav,viola,A6,test,Strings/Viola/ordinario/Va-ord-A6-mf-1c-N.wav,0.0,3.0,0.00309,0.1
work/windows/Strings/Viola/ordinario/Va-ord-A6-pp-1c-N_w000.wav,viola,A6,test,Strings/Viola/ordinario/Va-ord-A6-pp-1c-N.wav,0.0,3.0,0.00135,0.1
work/windows/Strings/Viola/ordinario/Va-ord-B3-ff-3c-T18u_w000.wav,viola,B3,train,Strings/Viola/ordinario/Va-ord-B3-ff-3c-T18u.wav,0.0,3.0,0.0219,0.1
work/windows/Strings/Viola/ordinario/Va-ord-B3-ff-4c-N_w000.wav,viola,B3,train,Strings/Viola/ordinario/Va-ord-B3-ff-4c-N.wav,0.0,3.0,0.03039,0.1
work/windows/Strings/Viola/ordinario/Va-ord-B3-mf-3c-T16u_w000.wav,viola,B3,train,Strings/Viola/ordinario/Va-ord-B3-mf-3c-T16u.wav,0.0,3.0,0.00693,0.1
work/windows/Strings/Viola/ordinario/Va-ord-B3-mf-4c-N_w000.wav,viola,B3,train,Strings/Viola/ordinario/Va-ord-B3-mf-4c-N.wav,0.0,3.0,0.00935,0.1
work/windows/Strings/Viola/ordinario/Va-ord-B3-pp-3c-T12u_w000.wav,viola,B3,train,Strings/Viola/ordinario/Va-ord-B3-pp-3c-T12u.wav,0.0,3.0,0.00228,0.1
work/windows/Strings/Viola/ordinario/Va-ord-B3-pp-4c-N_w000.wav,viola,B3,train,Strings/Viola/ordinario/Va-ord-B3-pp-4c-N.wav,0.0,3.0,0.00292,0.1
work/windows/Strings/Viola/ordinario/Va-ord-B4-ff-1c-T10u_w000.wav,viola,B4,train,Strings/Viola/ordinario/Va-ord-B4-ff-1c-T10u.wav,0.0,3.0,0.0234,0.1
work/windows/Strings/Viola/ordinario/Va-ord-B4-ff-2c-T11u_w000.wav,viola,B4,train,Strings/Viola/ordinario/Va-ord-B4-ff-2c-T11u.wav,0.0,3.0,0.01742,0.1
work/windows/Strings/Viola/ordinario/Va-ord-B4-ff-3c-N_w000.wav,viola,B4,train,Strings/Viola/ordinario/Va-ord-B4-ff-3c-N.wav,0.0,3.0,0.01834,0.1
work/windows/Strings/Viola/ordinario/Va-ord-B4-ff-4c-N_w000.wav,viola,B4,train,Strings/Viola/ordinario/Va-ord-B4-ff-4c-N.wav,0.0,3.0,0.02737,0.1
work/windows/Strings/Viola/ordinario/Va-ord-B4-mf-1c-N_w000.wav,viola,B4,train,Strings/Viola/ordinario/Va-ord-B4-mf-1c-N.wav,0.0,3.0,0.0067,0.1
work/windows/Strings/Viola/ordinario/Va-ord-B4-mf-2c-N_w000.wav,viola,B4,train,Strings/Viola/ordinario/Va-ord-B4-mf-2c-N.wav,0.0,3.0,0.00645,0.1
work/windows/Strings/Viola/ordinario/Va-ord-B4-mf-3c-N_w000.wav,viola,B4,train,Strings/Viola/ordinario/Va-ord-B4-mf-3c-N.wav,0.0,3.0,0.00544,0.1
work/windows/Strings/Viola/ordinario/Va-ord-B4-mf-4c-N_w000.wav,viola,B4,train,Strings/Viola/ordinario/Va-ord-B4-mf-4c-N.wav,0.0,3.0,0.00835,0.1
work/windows/Strings/Viola/ordinario/Va-ord-B4-pp-1c-N_w000.wav,viola,B4,train,Strings/Viola/ordinario/Va-ord-B4-pp-1c-N.wav,0.0,3.0,0.00251,0.1
work/windows/Strings/Viola/ordinario/Va-ord-B4-pp-2c-N_w000.wav,viola,B4,train,Strings/Viola/ordinario/Va-ord-B4-pp-2c-N.wav,0.0,3.0,0.00247,0.1
work/windows/Strings/Viola/ordinario/Va-ord-B4-pp-3c-T11d_w000.wav,viola,B4,train,Strings/Viola/ordinario/Va-ord-B4-pp-3c-T11d.wav,0.0,3.0,0.00222,0.1
work/windows/Strings/Viola/ordinario/Va-ord-B4-pp-4c-N_w000.wav,viola,B4,train,Strings/Viola/ordinario/Va-ord-B4-pp-4c-N.wav,0.0,3.0,0.00238,0.1
work/windows/Strings/Viola/ordinario/Va-ord-B5-ff-1c-T18u_w000.wav,viola,B5,test,Strings/Viola/ordinario/Va-ord-B5-ff-1c-T18u.wav,0.0,3.0,0.02498,0.1
work/windows/Strings/Viola/ordinario/Va-ord-B5-ff-2c-N_w000.wav,viola,B5,test,Strings/Viola/ordinario/Va-ord-B5-ff-2c-N.wav,0.0,3.0,0.01281,0.1
work/windows/Strings/Viola/ordinario/Va-ord-B5-mf-1c-T15u_w000.wav,viola,B5,test,Strings/Viola/ordinario/Va-ord-B5-mf-1c-T15u.wav,0.0,3.0,0.00911,0.1
work/windows/Strings/Viola/ordinario/Va-ord-B5-mf-2c-N_w000.wav,viola,B5,test,Strings/Viola/ordinario/Va-ord-B5-mf-2c-N.wav,0.0,3.0,0.00469,0.1
work/windows/Strings/Viola/ordinario/Va-ord-B5-pp-1c-T14u_w000.wav,viola,B5,test,Strings/Viola/ordinario/Va-ord-B5-pp-1c-T14u.wav,0.0,3.0,0.00279,0.1
work/windows/Strings/Viola/ordinario/Va-ord-B5-pp-2c-T20u_w000.wav,viola,B5,test,Strings/Viola/ordinario/Va-ord-B5-pp-2c-T20u.wav,0.0,3.0,0.00158,0.1
work/windows/Strings/Viola/ordinario/Va-ord-B6-ff-1c-T13u_w000.wav,viola,B6,val,Strings/Viola/ordinario/Va-ord-B6-ff-1c-T13u.wav,0.0,3.0,0.01866,0.1
work/windows/Strings/Viola/ordinario/Va-ord-B6-mf-1c-T17u_w000.wav,viola,B6,val,Strings/Viola/ordinario/Va-ord-B6-mf-1c-T17u.wav,0.0,3.0,0.00826,0.1
work/windows/Strings/Viola/ordinario/Va-ord-B6-pp-1c-N_w000.wav,viola,B6,val,Strings/Viola/ordinario/Va-ord-B6-pp-1c-N.wav,0.0,3.0,0.00299,0.1
work/windows/Strings/Viola/ordinario/Va-ord-C#3-ff-4c-T26u_w000.wav,viola,C#3,train,Strings/Viola/ordinario/Va-ord-C#3-ff-4c-T26u.wav,0.0,3.0,0.03002,0.1
work/windows/Strings/Viola/ordinario/Va-ord-C#3-mf-4c-T24u_w000.wav,viola,C#3,train,Strings/Viola/ordinario/Va-ord-C#3-mf-4c-T24u.wav,0.0,3.0,0.00827,0.1
work/windows/Strings/Viola/ordinario/Va-ord-C#3-pp-4c-T22u_w000.wav,viola,C#3,train,Strings/Viola/ordinario/Va-ord-C#3-pp-4c-T22u.wav,0.0,3.0,0.00274,0.1
work/windows/Strings/Viola/ordinario/Va-ord-C#4-ff-3c-N_w000.wav,viola,C#4,train,Strings/Viola/ordinario/Va-ord-C#4-ff-3c-N.wav,0.0,3.0,0.01809,0.1
work/windows/Strings/Viola/ordinario/Va-ord-C#4-ff-4c-T10u_w000.wav,viola,C#4,train,Strings/Viola/ordinario/Va-ord-C#4-ff-4c-T10u.wav,0.0,3.0,0.02394,0.1
work/windows/Strings/Viola/ordinario/Va-ord-C#4-mf-3c-N_w000.wav,viola,C#4,train,Strings/Viola/ordinario/Va-ord-C#4-mf-3c-N.wav,0.0,3.0,0.00533,0.1
work/windows/Strings/Viola/ordinario/Va-ord-C#4-mf-4c-N_w000.wav,viola,C#4,train,Strings/Viola/ordinario/Va-ord-C#4-mf-4c-N.wav,0.0,3.0,0.00747,0.1
work/windows/Strings/Viola/ordinario/Va-ord-C#4-pp-3c-N_w000.wav,viola,C#4,train,Strings/Viola/ordinario/Va-ord-C#4-pp-3c-N.wav,0.0,3.0,0.00127,0.1
work/windows/Strings/Viola/ordinario/Va-ord-C#4-pp-4c-N_w000.wav,viola,C#4,train,Strings/Viola/ordinario/Va-ord-C#4-pp-4c-N.wav,0.0,3.0,0.00226,0.1
work/windows/Strings/Viola/ordinario/Va-ord-C#5-ff-1c-R100u_w000.wav,viola,C#5,train,Strings/Viola/ordinario/Va-ord-C#5-ff-1c-R100u.wav,0.0,3.0,0.02043,0.1
work/windows/Strings/Viola/ordinario/Va-ord-C#5-ff-2c-N_w000.wav,viola,C#5,train,Strings/Viola/ordinario/Va-ord-C#5-ff-2c-N.wav,0.0,3.0,0.01553,0.1
work/windows/Strings/Viola/ordinario/Va-ord-C#5-ff-3c-N_w000.wav,viola,C#5,train,Strings/Viola/ordinario/Va-ord-C#5-ff-3c-N.wav,0.0,3.0,0.01836,0.1
work/windows/Strings/Viola/ordinario/Va-ord-C#5-mf-1c-N_w000.wav,viola,C#5,train,Strings/Viola/ordinario/Va-ord-C#5-mf-1c-N.wav,0.0,3.0,0.00587,0.1
work/windows/Strings/Viola/ordinario/Va-ord-C#5-mf-2c-N_w000.wav,viola,C#5,train,Strings/Viola/ordinario/Va-ord-C#5-mf-2c-N.wav,0.0,3.0,0.00505,0.1
work/windows/Strings/Viola/ordinario/Va-ord-C#5-mf-3c-N_w000.wav,viola,C#5,train,Strings/Viola/ordinario/Va-ord-C#5-mf-3c-N.wav,0.0,3.0,0.00587,0.1
work/windows/Strings/Viola/ordinario/Va-ord-C#5-pp-1c-N_w000.wav,viola,C#5,train,Strings/Viola/ordinario/Va-ord-C#5-pp-1c-N.wav,0.0,3.0,0.0018,0.1
work/windows/Strings/Viola/ordinario/Va-ord-C#5-pp-2c-N_w000.wav,viola,C#5,train,Strings/Viola/ordinario/Va-ord-C#5-pp-2c-N.wav,0.0,3.0,0.0018,0.1
work/windows/Strings/Viola/ordinario/Va-ord-C#5-pp-3c-N_w000.wav,viola,C#5,train,Strings/Viola/ordinario/Va-ord-C#5-pp-3c-N.wav,0.0,3.0,0.00241,0.1
work/windows/Strings/Viola/ordinario/Va-ord-C#6-ff-1c-T10u_w000.wav,viola,C#6,val,Strings/Viola/ordinario/Va-ord-C#6-ff-1c-T10u.wav,0.0,3.0,0.01835,0.1
work/windows/Strings/Viola/ordinario/Va-ord-C#6-ff-2c-N_w000.wav,viola,C#6,val,Strings/Viola/ordinario/Va-ord-C#6-ff-2c-N.wav,0.0,3.0,0.0167,0.1
work/windows/Strings/Viola/ordinario/Va-ord-C#6-mf-1c-N_w000.wav,viola,C#6,val,Strings/Viola/ordinario/Va-ord-C#6-mf-1c-N.wav,0.0,3.0,0.00586,0.1
work/windows/Strings/Viola/ordinario/Va-ord-C#6-mf-2c-N_w000.wav,viola,C#6,val,Strings/Viola/ordinario/Va-ord-C#6-mf-2c-N.wav,0.0,3.0,0.00586,0.1
work/windows/Strings/Viola/ordinario/Va-ord-C#6-pp-1c-N_w000.wav,viola,C#6,val,Strings/Viola/ordinario/Va-ord-C#6-pp-1c-N.wav,0.0,3.0,0.00249,0.1
work/windows/Strings/Viola/ordinario/Va-ord-C#6-pp-2c-T11u_w000.wav,viola,C#6,val,Strings/Viola/ordinario/Va-ord-C#6-pp-2c-T11u.wav,0.0,3.0,0.00275,0.1
work/windows/Strings/Viola/ordinario/Va-ord-C3-ff-4c-N_w000.wav,viola,C3,train,Strings/Viola/ordinario/Va-ord-C3-ff-4c-N.wav,0.0,3.0,0.02501,0.1
work/windows/Strings/Viola/ordinario/Va-ord-C3-mf-4c-N_w000.wav,viola,C3,train,Strings/Viola/ordinario/Va-ord-C3-mf-4c-N.wav,0.0,3.0,0.00628,0.1
work/windows/Strings/Viola/ordinario/Va-ord-C3-pp-4c-N_w000.wav,viola,C3,train,Strings/Viola/ordinario/Va-ord-C3-pp-4c-N.wav,0.0,3.0,0.00242,0.1
work/windows/Strings/Viola/ordinario/Va-ord-C4-ff-3c-N_w000.wav,viola,C4,test,Strings/Viola/ordinario/Va-ord-C4-ff-3c-N.wav,0.0,3.0,0.01424,0.1
work/windows/Strings/Viola/ordinario/Va-ord-C4-ff-4c-N_w000.wav,viola,C4,test,Strings/Viola/ordinario/Va-ord-C4-ff-4c-N.wav,0.0,3.0,0.02268,0.1
work/windows/Strings/Viola/ordinario/Va-ord-C4-mf-3c-N_w000.wav,viola,C4,test,Strings/Viola/ordinario/Va-ord-C4-mf-3c-N.wav,0.0,3.0,0.00409,0.1
work/windows/Strings/Viola/ordinario/Va-ord-C4-mf-4c-N_w000.wav,viola,C4,test,Strings/Viola/ordinario/Va-ord-C4-mf-4c-N.wav,0.0,3.0,0.00703,0.1
work/windows/Strings/Viola/ordinario/Va-ord-C4-pp-3c-N_w000.wav,viola,C4,test,Strings/Viola/ordinario/Va-ord-C4-pp-3c-N.wav,0.0,3.0,0.00146,0.1
work/windows/Strings/Viola/ordinario/Va-ord-C4-pp-4c-N_w000.wav,viola,C4,test,Strings/Viola/ordinario/Va-ord-C4-pp-4c-N.wav,0.0,3.0,0.00243,0.1
work/windows/Strings/Viola/ordinario/Va-ord-C5-ff-1c-N_w000.wav,viola,C5,train,Strings/Viola/ordinario/Va-ord-C5-ff-1c-N.wav,0.0,3.0,0.02029,0.1
work/windows/Strings/Viola/ordinario/Va-ord-C5-ff-2c-N_w000.wav,viola,C5,train,Strings/Viola/ordinario/Va-ord-C5-ff-2c-N.wav,0.0,3.0,0.02134,0.1
work/windows/Strings/Viola/ordinario/Va-ord-C5-ff-3c-N_w000.wav,viola,C5,train,Strings/Viola/ordinario/Va-ord-C5-ff-3c-N.wav,0.0,3.0,0.02142,0.1
work/windows/Strings/Viola/ordinario/Va-ord-C5-ff-4c-T17u_w000.wav,viola,C5,train,Strings/Viola/ordinario/Va-ord-C5-ff-4c-T17u.wav,0.0,3.0,0.01336,0.1
work/windows/Strings/Viola/ordinario/Va-ord-C5-mf-1c-N_w000.wav,viola,C5,train,Strings/Viola/ordinario/Va-ord-C5-mf-1c-N.wav,0.0,3.0,0.00672,0.1
work/windows/Strings/Viola/ordinario/Va-ord-C5-mf-2c-N_w000.wav,viola,C5,train,Strings/Viola/ordinario/Va-ord-C5-mf-2c-N.wav,0.0,3.0,0.00699,0.1
work/windows/Strings/Viola/ordinario/Va-ord-C5-mf-3c-N_w000.wav,viola,C5,train,Strings/Viola/ordinario/Va-ord-C5-mf-3c-N.wav,0.0,3.0,0.00655,0.1
work/windows/Strings/Viola/ordinario/Va-ord-C5-mf-4c-T21u_w000.wav,viola,C5,train,Strings/Viola/ordinario/Va-ord-C5-mf-4c-T21u.wav,0.0,3.0,0.00413,0.1
work/windows/Strings/Viola/ordinario/Va-ord-C5-pp-1c-N_w000.wav,viola,C5,train,Strings/Viola/ordinario/Va-ord-C5-pp-1c-N.wav,0.0,3.0,0.00241,0.1
work/windows/Strings/Viola/ordinario/Va-ord-C5-pp-2c-N_w000.wav,viola,C5,train,Strings/Viola/ordinario/Va-ord-C5-pp-2c-N.wav,0.0,3.0,0.00226,0.1
work/windows/Strings/Viola/ordinario/Va-ord-C5-pp-3c-N_w000.wav,viola,C5,train,Strings/Viola/ordinario/Va-ord-C5-pp-3c-N.wav,0.0,3.0,0.00248,0.1
work/windows/Strings/Viola/ordinario/Va-ord-C5-pp-4c-T20u_w000.wav,viola,C5,train,Strings/Viola/ordinario/Va-ord-C5-pp-4c-T20u.wav,0.0,3.0,0.00087,0.1
work/windows/Strings/Viola/ordinario/Va-ord-C6-ff-1c-T17u_w000.wav,viola,C6,test,Strings/Viola/ordinario/Va-ord-C6-ff-1c-T17u.wav,0.0,3.0,0.02258,0.1
work/windows/Strings/Viola/ordinario/Va-ord-C6-ff-2c-N_w000.wav,viola,C6,test,Strings/Viola/ordinario/Va-ord-C6-ff-2c-N.wav,0.0,3.0,0.02477,0.1
work/windows/Strings/Viola/ordinario/Va-ord-C6-mf-1c-T12u_w000.wav,viola,C6,test,Strings/Viola/ordinario/Va-ord-C6-mf-1c-T12u.wav,0.0,3.0,0.00676,0.1
work/windows/Strings/Viola/ordinario/Va-ord-C6-mf-2c-N_w000.wav,viola,C6,test,Strings/Viola/ordinario/Va-ord-C6-mf-2c-N.wav,0.0,3.0,0.00931,0.1
work/windows/Strings/Viola/ordinario/Va-ord-C6-pp-1c-N_w000.wav,viola,C6,test,Strings/Viola/ordinario/Va-ord-C6-pp-1c-N.wav,0.0,3.0,0.00235,0.1
work/windows/Strings/Viola/ordinario/Va-ord-C6-pp-2c-N_w000.wav,viola,C6,test,Strings/Viola/ordinario/Va-ord-C6-pp-2c-N.wav,0.0,3.0,0.00329,0.1
work/windows/Strings/Viola/ordinario/Va-ord-C7-ff-1c-T16u_w000.wav,viola,C7,train,Strings/Viola/ordinario/Va-ord-C7-ff-1c-T16u.wav,0.0,3.0,0.01598,0.1
work/windows/Strings/Viola/ordinario/Va-ord-C7-mf-1c-T10u_w000.wav,viola,C7,train,Strings/Viola/ordinario/Va-ord-C7-mf-1c-T10u.wav,0.0,3.0,0.00478,0.1
work/windows/Strings/Viola/ordinario/Va-ord-C7-pp-1c-N_w000.wav,viola,C7,train,Strings/Viola/ordinario/Va-ord-C7-pp-1c-N.wav,0.0,3.0,0.00161,0.1
work/windows/Strings/Viola/ordinario/Va-ord-D#3-ff-4c-T20u_w000.wav,viola,D#3,train,Strings/Viola/ordinario/Va-ord-D#3-ff-4c-T20u.wav,0.0,3.0,0.02924,0.1
work/windows/Strings/Viola/ordinario/Va-ord-D#3-mf-4c-T22u_w000.wav,viola,D#3,train,Strings/Viola/ordinario/Va-ord-D#3-mf-4c-T22u.wav,0.0,3.0,0.00903,0.1
work/windows/Strings/Viola/ordinario/Va-ord-D#3-pp-4c-T17u_w000.wav,viola,D#3,train,Strings/Viola/ordinario/Va-ord-D#3-pp-4c-T17u.wav,0.0,3.0,0.00301,0.1
work/windows/Strings/Viola/ordinario/Va-ord-D#4-ff-2c-N_w000.wav,viola,D#4,train,Strings/Viola/ordinario/Va-ord-D#4-ff-2c-N.wav,0.0,3.0,0.0149,0.1
work/windows/Strings/Viola/ordinario/Va-ord-D#4-ff-3c-N_w000.wav,viola,D#4,train,Strings/Viola/ordinario/Va-ord-D#4-ff-3c-N.wav,0.0,3.0,0.02342,0.1
work/windows/Strings/Viola/ordinario/Va-ord-D#4-ff-4c-N_w000.wav,viola,D#4,train,Strings/Viola/ordinario/Va-ord-D#4-ff-4c-N.wav,0.0,3.0,0.0284,0.1
work/windows/Strings/Viola/ordinario/Va-ord-D#4-mf-2c-N_w000.wav,viola,D#4,train,Strings/Viola/ordinario/Va-ord-D#4-mf-2c-N.wav,0.0,3.0,0.00564,0.1
work/windows/Strings/Viola/ordinario/Va-ord-D#4-mf-3c-N_w000.wav,viola,D#4,train,Strings/Viola/ordinario/Va-ord-D#4-mf-3c-N.wav,0.0,3.0,0.00686,0.1
work/windows/Strings/Viola/ordinario/Va-ord-D#4-mf-4c-N_w000.wav,viola,D#4,train,Strings/Viola/ordinario/Va-ord-D#4-mf-4c-N.wav,0.0,3.0,0.00856,0.1
work/windows/Strings/Viola/ordinario/Va-ord-D#4-pp-2c-N_w000.wav,viola,D#4,train,Strings/Viola/ordinario/Va-ord-D#4-pp-2c-N.wav,0.0,3.0,0.0022,0.1
work/windows/Strings/Viola/ordinario/Va-ord-D#4-pp-3c-N_w000.wav,viola,D#4,train,Strings/Viola/ordinario/Va-ord-D#4-pp-3c-N.wav,0.0,3.0,0.00293,0.1
work/windows/Strings/Viola/ordinario/Va-ord-D#4-pp-4c-N_w000.wav,viola,D#4,train,Strings/Viola/ordinario/Va-ord-D#4-pp-4c-N.wav,0.0,3.0,0.00343,0.1
work/windows/Strings/Viola/ordinario/Va-ord-D#5-ff-1c-T12u_w000.wav,viola,D#5,train,Strings/Viola/ordinario/Va-ord-D#5-ff-1c-T12u.wav,0.0,3.0,0.01849,0.1
work/windows/Strings/Viola/ordinario/Va-ord-D#5-ff-2c-N_w000.wav,viola,D#5,train,Strings/Viola/ordinario/Va-ord-D#5-ff-2c-N.wav,0.0,3.0,0.01035,0.1
work/windows/Strings/Viola/ordinario/Va-ord-D#5-ff-3c-N_w000.wav,viola,D#5,train,Strings/Viola/ordinario/Va-ord-D#5-ff-3c-N.wav,0.0,3.0,0.01148,0.1
work/windows/Strings/Viola/ordinario/Va-ord-D#5-mf-1c-T11u_w000.wav,viola,D#5,train,Strings/Viola/ordinario/Va-ord-D#5-mf-1c-T11u.wav,0.0,3.0,0.00596,0.1
work/windows/Strings/Viola/ordinario/Va-ord-D#5-mf-2c-N_w000.wav,viola,D#5,train,Strings/Viola/ordinario/Va-ord-D#5-mf-2c-N.wav,0.0,3.0,0.00323,0.1
work/windows/Strings/Viola/ordinario/Va-ord-D#5-mf-3c-T11u_w000.wav,viola,D#5,train,Strings/Viola/ordinario/Va-ord-D#5-mf-3c-T11u.wav,0.0,3.0,0.00319,0.1
work/windows/Strings/Viola/ordinario/Va-ord-D#5-pp-1c-N_w000.wav,viola,D#5,train,Strings/Viola/ordinario/Va-ord-D#5-pp-1c-N.wav,0.0,3.0,0.00204,0.1
work/windows/Strings/Viola/ordinario/Va-ord-D#5-pp-2c-N_w000.wav,viola,D#5,train,Strings/Viola/ordinario/Va-ord-D#5-pp-2c-N.wav,0.0,3.0,0.00121,0.1
work/windows/Strings/Viola/ordinario/Va-ord-D#5-pp-3c-N_w000.wav,viola,D#5,train,Strings/Viola/ordinario/Va-ord-D#5-pp-3c-N.wav,0.0,3.0,0.00085,0.1
work/windows/Strings/Viola/ordinario/Va-ord-D#6-ff-1c-T14u_w000.wav,viola,D#6,val,Strings/Viola/ordinario/Va-ord-D#6-ff-1c-T14u.wav,0.0,3.0,0.01462,0.1
work/windows/Strings/Viola/ordinario/Va-ord-D#6-mf-1c-T13u_w000.wav,viola,D#6,val,Strings/Viola/ordinario/Va-ord-D#6-mf-1c-T13u.wav,0.0,3.0,0.0036,0.1
work/windows/Strings/Viola/ordinario/Va-ord-D#6-pp-1c-T12u_w000.wav,viola,D#6,val,Strings/Viola/ordinario/Va-ord-D#6-pp-1c-T12u.wav,0.0,3.0,0.00162,0.1
work/windows/Strings/Viola/ordinario/Va-ord-D3-ff-4c-N_w000.wav,viola,D3,train,Strings/Viola/ordinario/Va-ord-D3-ff-4c-N.wav,0.0,3.0,0.03173,0.1
work/windows/Strings/Viola/ordinario/Va-ord-D3-mf-4c-N_w000.wav,viola,D3,train,Strings/Viola/ordinario/Va-ord-D3-mf-4c-N.wav,0.0,3.0,0.01067,0.1
work/windows/Strings/Viola/ordinario/Va-ord-D3-pp-4c-N_w000.wav,viola,D3,train,Strings/Viola/ordinario/Va-ord-D3-pp-4c-N.wav,0.0,3.0,0.00411,0.1
work/windows/Strings/Viola/ordinario/Va-ord-D4-ff-2c-N_w000.wav,viola,D4,train,Strings/Viola/ordinario/Va-ord-D4-ff-2c-N.wav,0.0,3.0,0.01413,0.1
work/windows/Strings/Viola/ordinario/Va-ord-D4-ff-3c-N_w000.wav,viola,D4,train,Strings/Viola/ordinario/Va-ord-D4-ff-3c-N.wav,0.0,3.0,0.01763,0.1
work/windows/Strings/Viola/ordinario/Va-ord-D4-ff-4c-N_w000.wav,viola,D4,train,Strings/Viola/ordinario/Va-ord-D4-ff-4c-N.wav,0.0,3.0,0.02884,0.1
work/windows/Strings/Viola/ordinario/Va-ord-D4-mf-2c-N_w000.wav,viola,D4,train,Strings/Viola/ordinario/Va-ord-D4-mf-2c-N.wav,0.0,3.0,0.00431,0.1
work/windows/Strings/Viola/ordinario/Va-ord-D4-mf-3c-N_w000.wav,viola,D4,train,Strings/Viola/ordinario/Va-ord-D4-mf-3c-N.wav,0.0,3.0,0.00521,0.1
work/windows/Strings/Viola/ordinario/Va-ord-D4-mf-4c-N_w000.wav,viola,D4,train,Strings/Viola/ordinario/Va-ord-D4-mf-4c-N.wav,0.0,3.0,0.00955,0.1
work/windows/Strings/Viola/ordinario/Va-ord-D4-pp-2c-N_w000.wav,viola,D4,train,Strings/Viola/ordinario/Va-ord-D4-pp-2c-N.wav,0.0,3.0,0.00175,0.1
work/windows/Strings/Viola/ordinario/Va-ord-D4-pp-3c-N_w000.wav,viola,D4,train,Strings/Viola/ordinario/Va-ord-D4-pp-3c-N.wav,0.0,3.0,0.00181,0.1
work/windows/Strings/Viola/ordinario/Va-ord-D4-pp-4c-N_w000.wav,viola,D4,train,Strings/Viola/ordinario/Va-ord-D4-pp-4c-N.wav,0.0,3.0,0.00189,0.1
work/windows/Strings/Viola/ordinario/Va-ord-D5-ff-1c-N_w000.wav,viola,D5,train,Strings/Viola/ordinario/Va-ord-D5-ff-1c-N.wav,0.0,3.0,0.01742,0.1
work/windows/Strings/Viola/ordinario/Va-ord-D5-ff-2c-N_w000.wav,viola,D5,train,Strings/Viola/ordinario/Va-ord-D5-ff-2c-N.wav,0.0,3.0,0.01281,0.1
work/windows/Strings/Viola/ordinario/Va-ord-D5-ff-3c-N_w000.wav,viola,D5,train,Strings/Viola/ordinario/Va-ord-D5-ff-3c-N.wav,0.0,3.0,0.01251,0.1
work/windows/Strings/Viola/ordinario/Va-ord-D5-mf-1c-N_w000.wav,viola,D5,train,Strings/Viola/ordinario/Va-ord-D5-mf-1c-N.wav,0.0,3.0,0.00519,0.1
work/windows/Strings/Viola/ordinario/Va-ord-D5-mf-2c-N_w000.wav,viola,D5,train,Strings/Viola/ordinario/Va-ord-D5-mf-2c-N.wav,0.0,3.0,0.00331,0.1
work/windows/Strings/Viola/ordinario/Va-ord-D5-mf-3c-T10d_w000.wav,viola,D5,train,Strings/Viola/ordinario/Va-ord-D5-mf-3c-T10d.wav,0.0,3.0,0.00437,0.1
work/windows/Strings/Viola/ordinario/Va-ord-D5-pp-1c-N_w000.wav,viola,D5,train,Strings/Viola/ordinario/Va-ord-D5-pp-1c-N.wav,0.0,3.0,0.00197,0.1
work/windows/Strings/Viola/ordinario/Va-ord-D5-pp-2c-N_w000.wav,viola,D5,train,Strings/Viola/ordinario/Va-ord-D5-pp-2c-N.wav,0.0,3.0,0.00095,0.1
work/windows/Strings/Viola/ordinario/Va-ord-D5-pp-3c-N_w000.wav,viola,D5,train,Strings/Viola/ordinario/Va-ord-D5-pp-3c-N.wav,0.0,3.0,0.00187,0.1
work/windows/Strings/Viola/ordinario/Va-ord-D6-ff-1c-T18u_w000.wav,viola,D6,train,Strings/Viola/ordinario/Va-ord-D6-ff-1c-T18u.wav,0.0,3.0,0.01967,0.1
work/windows/Strings/Viola/ordinario/Va-ord-D6-ff-2c-N_w000.wav,viola,D6,train,Strings/Viola/ordinario/Va-ord-D6-ff-2c-N.wav,0.0,3.0,0.0094,0.1
work/windows/Strings/Viola/ordinario/Va-ord-D6-mf-1c-T15u_w000.wav,viola,D6,train,Strings/Viola/ordinario/Va-ord-D6-mf-1c-T15u.wav,0.0,3.0,0.00568,0.1
work/windows/Strings/Viola/ordinario/Va-ord-D6-mf-2c-N_w000.wav,viola,D6,train,Strings/Viola/ordinario/Va-ord-D6-mf-2c-N.wav,0.0,3.0,0.00388,0.1
work/windows/Strings/Viola/ordinario/Va-ord-D6-pp-1c-T11u_w000.wav,viola,D6,train,Strings/Viola/ordinario/Va-ord-D6-pp-1c-T11u.wav,0.0,3.0,0.00207,0.1
work/windows/Strings/Viola/ordinario/Va-ord-D6-pp-2c-N_w000.wav,viola,D6,train,Strings/Viola/ordinario/Va-ord-D6-pp-2c-N.wav,0.0,3.0,0.00129,0.1
work/windows/Strings/Viola/ordinario/Va-ord-E3-ff-4c-T23u_w000.wav,viola,E3,test,Strings/Viola/ordinario/Va-ord-E3-ff-4c-T23u.wav,0.0,3.0,0.02603,0.1
work/windows/Strings/Viola/ordinario/Va-ord-E3-mf-4c-T19u_w000.wav,viola,E3,test,Strings/Viola/ordinario/Va-ord-E3-mf-4c-T19u.wav,0.0,3.0,0.0082,0.1
work/windows/Strings/Viola/ordinario/Va-ord-E3-pp-4c-T17u_w000.wav,viola,E3,test,Strings/Viola/ordinario/Va-ord-E3-pp-4c-T17u.wav,0.0,3.0,0.0027,0.1
work/windows/Strings/Viola/ordinario/Va-ord-E4-ff-2c-N_w000.wav,viola,E4,train,Strings/Viola/ordinario/Va-ord-E4-ff-2c-N.wav,0.0,3.0,0.01935,0.1
work/windows/Strings/Viola/ordinario/Va-ord-E4-ff-3c-N_w000.wav,viola,E4,train,Strings/Viola/ordinario/Va-ord-E4-ff-3c-N.wav,0.0,3.0,0.02405,0.1
work/windows/Strings/Viola/ordinario/Va-ord-E4-ff-4c-N_w000.wav,viola,E4,train,Strings/Viola/ordinario/Va-ord-E4-ff-4c-N.wav,0.0,3.0,0.03649,0.1
work/windows/Strings/Viola/ordinario/Va-ord-E4-mf-2c-N_w000.wav,viola,E4,train,Strings/Viola/ordinario/Va-ord-E4-mf-2c-N.wav,0.0,3.0,0.00726,0.1
work/windows/Strings/Viola/ordinario/Va-ord-E4-mf-3c-N_w000.wav,viola,E4,train,Strings/Viola/ordinario/Va-ord-E4-mf-3c-N.wav,0.0,3.0,0.00961,0.1
work/windows/Strings/Viola/ordinario/Va-ord-E4-mf-4c-N_w000.wav,viola,E4,train,Strings/Viola/ordinario/Va-ord-E4-mf-4c-N.wav,0.0,3.0,0.01206,0.1
work/windows/Strings/Viola/ordinario/Va-ord-E4-pp-2c-N_w000.wav,viola,E4,train,Strings/Viola/ordinario/Va-ord-E4-pp-2c-N.wav,0.0,3.0,0.00295,0.1
work/windows/Strings/Viola/ordinario/Va-ord-E4-pp-3c-N_w000.wav,viola,E4,train,Strings/Viola/ordinario/Va-ord-E4-pp-3c-N.wav,0.0,3.0,0.00414,0.1
work/windows/Strings/Viola/ordinario/Va-ord-E4-pp-4c-N_w000.wav,viola,E4,train,Strings/Viola/ordinario/Va-ord-E4-pp-4c-N.wav,0.0,3.0,0.00461,0.1
work/windows/Strings/Viola/ordinario/Va-ord-E5-ff-1c-T13u_w000.wav,viola,E5,train,Strings/Viola/ordinario/Va-ord-E5-ff-1c-T13u.wav,0.0,3.0,0.01856,0.1
work/windows/Strings/Viola/ordinario/Va-ord-E5-ff-2c-T16u_w000.wav,viola,E5,train,Strings/Viola/ordinario/Va-ord-E5-ff-2c-T16u.wav,0.0,3.0,0.01479,0.1
work/windows/Strings/Viola/ordinario/Va-ord-E5-ff-3c-N_w000.wav,viola,E5,train,Strings/Viola/ordinario/Va-ord-E5-ff-3c-N.wav,0.0,3.0,0.01484,0.1
work/windows/Strings/Viola/ordinario/Va-ord-E5-mf-1c-T16u_w000.wav,viola,E5,train,Strings/Viola/ordinario/Va-ord-E5-mf-1c-T16u.wav,0.0,3.0,0.00635,0.1
work/windows/Strings/Viola/ordinario/Va-ord-E5-mf-2c-T11u_w000.wav,viola,E5,train,Strings/Viola/ordinario/Va-ord-E5-mf-2c-T11u.wav,0.0,3.0,0.00505,0.1
work/windows/Strings/Viola/ordinario/Va-ord-E5-mf-3c-N_w000.wav,viola,E5,train,Strings/Viola/ordinario/Va-ord-E5-mf-3c-N.wav,0.0,3.0,0.00576,0.1
work/windows/Strings/Viola/ordinario/Va-ord-E5-pp-1c-T18u_w000.wav,viola,E5,train,Strings/Viola/ordinario/Va-ord-E5-pp-1c-T18u.wav,0.0,3.0,0.00217,0.1
work/windows/Strings/Viola/ordinario/Va-ord-E5-pp-2c-T11u_w000.wav,viola,E5,train,Strings/Viola/ordinario/Va-ord-E5-pp-2c-T11u.wav,0.0,3.0,0.00156,0.1
work/windows/Strings/Viola/ordinario/Va-ord-E5-pp-3c-T13u_w000.wav,viola,E5,train,Strings/Viola/ordinario/Va-ord-E5-pp-3c-T13u.wav,0.0,3.0,0.00238,0.1
work/windows/Strings/Viola/ordinario/Va-ord-E6-ff-1c-N_w000.wav,viola,E6,test,Strings/Viola/ordinario/Va-ord-E6-ff-1c-N.wav,0.0,3.0,0.01528,0.1
work/windows/Strings/Viola/ordinario/Va-ord-E6-mf-1c-N_w000.wav,viola,E6,test,Strings/Viola/ordinario/Va-ord-E6-mf-1c-N.wav,0.0,3.0,0.00651,0.1
work/windows/Strings/Viola/ordinario/Va-ord-E6-pp-1c-N_w000.wav,viola,E6,test,Strings/Viola/ordinario/Va-ord-E6-pp-1c-N.wav,0.0,3.0,0.00256,0.1
work/windows/Strings/Viola/ordinario/Va-ord-F#3-ff-4c-T17u_w000.wav,viola,F#3,val,Strings/Viola/ordinario/Va-ord-F#3-ff-4c-T17u.wav,0.0,3.0,0.03074,0.1
work/windows/Strings/Viola/ordinario/Va-ord-F#3-mf-4c-T12u_w000.wav,viola,F#3,val,Strings/Viola/ordinario/Va-ord-F#3-mf-4c-T12u.wav,0.0,3.0,0.00993,0.1
work/windows/Strings/Viola/ordinario/Va-ord-F#3-pp-4c-T11u_w000.wav,viola,F#3,val,Strings/Viola/ordinario/Va-ord-F#3-pp-4c-T11u.wav,0.0,3.0,0.00324,0.1
work/windows/Strings/Viola/ordinario/Va-ord-F#4-ff-2c-N_w000.wav,viola,F#4,train,Strings/Viola/ordinario/Va-ord-F#4-ff-2c-N.wav,0.0,3.0,0.0264,0.1
work/windows/Strings/Viola/ordinario/Va-ord-F#4-ff-3c-N_w000.wav,viola,F#4,train,Strings/Viola/ordinario/Va-ord-F#4-ff-3c-N.wav,0.0,3.0,0.02958,0.1
work/windows/Strings/Viola/ordinario/Va-ord-F#4-ff-4c-T29u_w000.wav,viola,F#4,train,Strings/Viola/ordinario/Va-ord-F#4-ff-4c-T29u.wav,0.0,3.0,0.0328,0.1
work/windows/Strings/Viola/ordinario/Va-ord-F#4-mf-2c-N_w000.wav,viola,F#4,train,Strings/Viola/ordinario/Va-ord-F#4-mf-2c-N.wav,0.0,3.0,0.00826,0.1
work/windows/Strings/Viola/ordinario/Va-ord-F#4-mf-3c-N_w000.wav,viola,F#4,train,Strings/Viola/ordinario/Va-ord-F#4-mf-3c-N.wav,0.0,3.0,0.0111,0.1
work/windows/Strings/Viola/ordinario/Va-ord-F#4-mf-4c-T26u_w000.wav,viola,F#4,train,Strings/Viola/ordinario/Va-ord-F#4-mf-4c-T26u.wav,0.0,3.0,0.01051,0.1
work/windows/Strings/Viola/ordinario/Va-ord-F#4-pp-2c-N_w000.wav,viola,F#4,train,Strings/Viola/ordinario/Va-ord-F#4-pp-2c-N.wav,0.0,3.0,0.00342,0.1
work/windows/Strings/Viola/ordinario/Va-ord-F#4-pp-3c-N_w000.wav,viola,F#4,train,Strings/Viola/ordinario/Va-ord-F#4-pp-3c-N.wav,0.0,3.0,0.00326,0.1
work/windows/Strings/Viola/ordinario/Va-ord-F#4-pp-4c-N_w000.wav,viola,F#4,train,Strings/Viola/ordinario/Va-ord-F#4-pp-4c-N.wav,0.0,3.0,0.00374,0.1
work/windows/Strings/Viola/ordinario/Va-ord-F#5-ff-1c-N_w000.wav,viola,F#5,train,Strings/Viola/ordinario/Va-ord-F#5-ff-1c-N.wav,0.0,3.0,0.03797,0.1
work/windows/Strings/Viola/ordinario/Va-ord-F#5-ff-2c-N_w000.wav,viola,F#5,train,Strings/Viola/ordinario/Va-ord-F#5-ff-2c-N.wav,0.0,3.0,0.02854,0.1
work/windows/Strings/Viola/ordinario/Va-ord-F#5-ff-3c-N_w000.wav,viola,F#5,train,Strings/Viola/ordinario/Va-ord-F#5-ff-3c-N.wav,0.0,3.0,0.02926,0.1
work/windows/Strings/Viola/ordinario/Va-ord-F#5-mf-1c-N_w000.wav,viola,F#5,train,Strings/Viola/ordinario/Va-ord-F#5-mf-1c-N.wav,0.0,3.0,0.01356,0.1
work/windows/Strings/Viola/ordinario/Va-ord-F#5-mf-2c-N_w000.wav,viola,F#5,train,Strings/Viola/ordinario/Va-ord-F#5-mf-2c-N.wav,0.0,3.0,0.01092,0.1
work/windows/Strings/Viola/ordinario/Va-ord-F#5-mf-3c-N_w000.wav,viola,F#5,train,Strings/Viola/ordinario/Va-ord-F#5-mf-3c-N.wav,0.0,3.0,0.01072,0.1
work/windows/Strings/Viola/ordinario/Va-ord-F#5-pp-1c-N_w000.wav,viola,F#5,train,Strings/Viola/ordinario/Va-ord-F#5-pp-1c-N.wav,0.0,3.0,0.00463,0.1
work/windows/Strings/Viola/ordinario/Va-ord-F#5-pp-2c-R100u_w000.wav,viola,F#5,train,Strings/Viola/ordinario/Va-ord-F#5-pp-2c-R100u.wav,0.0,3.0,0.00216,0.1
work/windows/Strings/Viola/ordinario/Va-ord-F#5-pp-3c-N_w000.wav,viola,F#5,train,Strings/Viola/ordinario/Va-ord-F#5-pp-3c-N.wav,0.0,3.0,0.00589,0.1
work/windows/Strings/Viola/ordinario/Va-ord-F#6-ff-1c-N_w000.wav,viola,F#6,val,Strings/Viola/ordinario/Va-ord-F#6-ff-1c-N.wav,0.0,3.0,0.01794,0.1
work/windows/Strings/Viola/ordinario/Va-ord-F#6-mf-1c-N_w000.wav,viola,F#6,val,Strings/Viola/ordinario/Va-ord-F#6-mf-1c-N.wav,0.0,3.0,0.00607,0.1
work/windows/Strings/Viola/ordinario/Va-ord-F#6-pp-1c-N_w000.wav,viola,F#6,val,Strings/Viola/ordinario/Va-ord-F#6-pp-1c-N.wav,0.0,3.0,0.00337,0.1
work/windows/Strings/Viola/ordinario/Va-ord-F3-ff-4c-T23u_R100u_w000.wav,viola,F3,val,Strings/Viola/ordinario/Va-ord-F3-ff-4c-T23u_R100u.wav,0.0,3.0,0.02585,0.1
work/windows/Strings/Viola/ordinario/Va-ord-F3-mf-4c-N_w000.wav,viola,F3,val,Strings/Viola/ordinario/Va-ord-F3-mf-4c-N.wav,0.0,3.0,0.01177,0.1
work/windows/Strings/Viola/ordinario/Va-ord-F3-pp-4c-N_w000.wav,viola,F3,val,Strings/Viola/ordinario/Va-ord-F3-pp-4c-N.wav,0.0,3.0,0.00472,0.1
work/windows/Strings/Viola/ordinario/Va-ord-F4-ff-2c-T10u_w000.wav,viola,F4,train,Strings/Viola/ordinario/Va-ord-F4-ff-2c-T10u.wav,0.0,3.0,0.02807,0.1
work/windows/Strings/Viola/ordinario/Va-ord-F4-ff-3c-N_w000.wav,viola,F4,train,Strings/Viola/ordinario/Va-ord-F4-ff-3c-N.wav,0.0,3.0,0.0285,0.1
work/windows/Strings/Viola/ordinario/Va-ord-F4-ff-4c-N_w000.wav,viola,F4,train,Strings/Viola/ordinario/Va-ord-F4-ff-4c-N.wav,0.0,3.0,0.04865,0.1
work/windows/Strings/Viola/ordinario/Va-ord-F4-mf-2c-N_w000.wav,viola,F4,train,Strings/Viola/ordinario/Va-ord-F4-mf-2c-N.wav,0.0,3.0,0.009,0.1
work/windows/Strings/Viola/ordinario/Va-ord-F4-mf-3c-N_w000.wav,viola,F4,train,Strings/Viola/ordinario/Va-ord-F4-mf-3c-N.wav,0.0,3.0,0.01116,0.1
work/windows/Strings/Viola/ordinario/Va-ord-F4-mf-4c-N_w000.wav,viola,F4,train,Strings/Viola/ordinario/Va-ord-F4-mf-4c-N.wav,0.0,3.0,0.01941,0.1
work/windows/Strings/Viola/ordinario/Va-ord-F4-pp-2c-N_w000.wav,viola,F4,train,Strings/Viola/ordinario/Va-ord-F4-pp-2c-N.wav,0.0,3.0,0.00373,0.1
work/windows/Strings/Viola/ordinario/Va-ord-F4-pp-3c-N_w000.wav,viola,F4,train,Strings/Viola/ordinario/Va-ord-F4-pp-3c-N.wav,0.0,3.0,0.0045,0.1
work/windows/Strings/Viola/ordinario/Va-ord-F4-pp-4c-N_w000.wav,viola,F4,train,Strings/Viola/ordinario/Va-ord-F4-pp-4c-N.wav,0.0,3.0,0.0068,0.1
work/windows/Strings/Viola/ordinario/Va-ord-F5-ff-1c-N_w000.wav,viola,F5,train,Strings/Viola/ordinario/Va-ord-F5-ff-1c-N.wav,0.0,3.0,0.02077,0.1
work/windows/Strings/Viola/ordinario/Va-ord-F5-ff-2c-T11u_w000.wav,viola,F5,train,Strings/Viola/ordinario/Va-ord-F5-ff-2c-T11u.wav,0.0,3.0,0.01929,0.1
work/windows/Strings/Viola/ordinario/Va-ord-F5-ff-3c-N_w000.wav,viola,F5,train,Strings/Viola/ordinario/Va-ord-F5-ff-3c-N.wav,0.0,3.0,0.01399,0.1
work/windows/Strings/Viola/ordinario/Va-ord-F5-mf-1c-N_w000.wav,viola,F5,train,Strings/Viola/ordinario/Va-ord-F5-mf-1c-N.wav,0.0,3.0,0.00743,0.1
work/windows/Strings/Viola/ordinario/Va-ord-F5-mf-2c-T12u_w000.wav,viola,F5,train,Strings/Viola/ordinario/Va-ord-F5-mf-2c-T12u.wav,0.0,3.0,0.0064,0.1
work/windows/Strings/Viola/ordinario/Va-ord-F5-mf-3c-N_w000.wav,viola,F5,train,Strings/Viola/ordinario/Va-ord-F5-mf-3c-N.wav,0.0,3.0,0.00613,0.1
work/windows/Strings/Viola/ordinario/Va-ord-F5-pp-1c-N_w000.wav,viola,F5,train,Strings/Viola/ordinario/Va-ord-F5-pp-1c-N.wav,0.0,3.0,0.00255,0.1
work/windows/Strings/Viola/ordinario/Va-ord-F5-pp-2c-N_w000.wav,viola,F5,train,Strings/Viola/ordinario/Va-ord-F5-pp-2c-N.wav,0.0,3.0,0.00211,0.1
work/windows/Strings/Viola/ordinario/Va-ord-F5-pp-3c-N_w000.wav,viola,F5,train,Strings/Viola/ordinario/Va-ord-F5-pp-3c-N.wav,0.0,3.0,0.00256,0.1
work/windows/Strings/Viola/ordinario/Va-ord-F6-ff-1c-N_w000.wav,viola,F6,train,Strings/Viola/ordinario/Va-ord-F6-ff-1c-N.wav,0.0,3.0,0.01942,0.1
work/windows/Strings/Viola/ordinario/Va-ord-F6-mf-1c-N_w000.wav,viola,F6,train,Strings/Viola/ordinario/Va-ord-F6-mf-1c-N.wav,0.0,3.0,0.00677,0.1
work/windows/Strings/Viola/ordinario/Va-ord-F6-pp-1c-N_w000.wav,viola,F6,train,Strings/Viola/ordinario/Va-ord-F6-pp-1c-N.wav,0.0,3.0,0.00215,0.1
work/windows/Strings/Viola/ordinario/Va-ord-G#3-ff-3c-N_w000.wav,viola,G#3,val,Strings/Viola/ordinario/Va-ord-G#3-ff-3c-N.wav,0.0,3.0,0.02904,0.1
work/windows/Strings/Viola/ordinario/Va-ord-G#3-ff-4c-T24u_w000.wav,viola,G#3,val,Strings/Viola/ordinario/Va-ord-G#3-ff-4c-T24u.wav,0.0,3.0,0.03281,0.1
work/windows/Strings/Viola/ordinario/Va-ord-G#3-mf-3c-N_w000.wav,viola,G#3,val,Strings/Viola/ordinario/Va-ord-G#3-mf-3c-N.wav,0.0,3.0,0.00695,0.1
work/windows/Strings/Viola/ordinario/Va-ord-G#3-mf-4c-T23u_w000.wav,viola,G#3,val,Strings/Viola/ordinario/Va-ord-G#3-mf-4c-T23u.wav,0.0,3.0,0.01278,0.1
work/windows/Strings/Viola/ordinario/Va-ord-G#3-pp-3c-N_w000.wav,viola,G#3,val,Strings/Viola/ordinario/Va-ord-G#3-pp-3c-N.wav,0.0,3.0,0.00313,0.1
work/windows/Strings/Viola/ordinario/Va-ord-G#3-pp-4c-T18u_w000.wav,viola,G#3,val,Strings/Viola/ordinario/Va-ord-G#3-pp-4c-T18u.wav,0.0,3.0,0.00408,0.1
work/windows/Strings/Viola/ordinario/Va-ord-G#4-ff-2c-N_w000.wav,viola,G#4,train,Strings/Viola/ordinario/Va-ord-G#4-ff-2c-N.wav,0.0,3.0,0.02027,0.1
work/windows/Strings/Viola/ordinario/Va-ord-G#4-ff-3c-N_w000.wav,viola,G#4,train,Strings/Viola/ordinario/Va-ord-G#4-ff-3c-N.wav,0.0,3.0,0.02723,0.1
work/windows/Strings/Viola/ordinario/Va-ord-G#4-ff-4c-T10u_w000.wav,viola,G#4,train,Strings/Viola/ordinario/Va-ord-G#4-ff-4c-T10u.wav,0.0,3.0,0.02625,0.1
work/windows/Strings/Viola/ordinario/Va-ord-G#4-mf-2c-T10d_w000.wav,viola,G#4,train,Strings/Viola/ordinario/Va-ord-G#4-mf-2c-T10d.wav,0.0,3.0,0.00765,0.1
work/windows/Strings/Viola/ordinario/Va-ord-G#4-mf-3c-N_w000.wav,viola,G#4,train,Strings/Viola/ordinario/Va-ord-G#4-mf-3c-N.wav,0.0,3.0,0.00944,0.1
work/windows/Strings/Viola/ordinario/Va-ord-G#4-mf-4c-T11u_w000.wav,viola,G#4,train,Strings/Viola/ordinario/Va-ord-G#4-mf-4c-T11u.wav,0.0,3.0,0.00773,0.1
work/windows/Strings/Viola/ordinario/Va-ord-G#4-pp-2c-N_w000.wav,viola,G#4,train,Strings/Viola/ordinario/Va-ord-G#4-pp-2c-N.wav,0.0,3.0,0.00261,0.1
work/windows/Strings/Viola/ordinario/Va-ord-G#4-pp-3c-T10d_w000.wav,viola,G#4,train,Strings/Viola/ordinario/Va-ord-G#4-pp-3c-T10d.wav,0.0,3.0,0.00456,0.1
work/windows/Strings/Viola/ordinario/Va-ord-G#4-pp-4c-T10u_w000.wav,viola,G#4,train,Strings/Viola/ordinario/Va-ord-G#4-pp-4c-T10u.wav,0.0,3.0,0.00285,0.1
work/windows/Strings/Viola/ordinario/Va-ord-G#5-ff-1c-T15u_w000.wav,viola,G#5,val,Strings/Viola/ordinario/Va-ord-G#5-ff-1c-T15u.wav,0.0,3.0,0.02063,0.1
work/windows/Strings/Viola/ordinario/Va-ord-G#5-ff-2c-N_w000.wav,viola,G#5,val,Strings/Viola/ordinario/Va-ord-G#5-ff-2c-N.wav,0.0,3.0,0.00929,0.1
work/windows/Strings/Viola/ordinario/Va-ord-G#5-mf-1c-T13u_w000.wav,viola,G#5,val,Strings/Viola/ordinario/Va-ord-G#5-mf-1c-T13u.wav,0.0,3.0,0.00512,0.1
work/windows/Strings/Viola/ordinario/Va-ord-G#5-mf-2c-N_w000.wav,viola,G#5,val,Strings/Viola/ordinario/Va-ord-G#5-mf-2c-N.wav,0.0,3.0,0.00304,0.1
work/windows/Strings/Viola/ordinario/Va-ord-G#5-pp-1c-T13u_w000.wav,viola,G#5,val,Strings/Viola/ordinario/Va-ord-G#5-pp-1c-T13u.wav,0.0,3.0,0.002,0.1
work/windows/Strings/Viola/ordinario/Va-ord-G#5-pp-2c-N_w000.wav,viola,G#5,val,Strings/Viola/ordinario/Va-ord-G#5-pp-2c-N.wav,0.0,3.0,0.00142,0.1
work/windows/Strings/Viola/ordinario/Va-ord-G#6-ff-1c-N_w000.wav,viola,G#6,val,Strings/Viola/ordinario/Va-ord-G#6-ff-1c-N.wav,0.0,3.0,0.01473,0.1
work/windows/Strings/Viola/ordinario/Va-ord-G#6-mf-1c-N_w000.wav,viola,G#6,val,Strings/Viola/ordinario/Va-ord-G#6-mf-1c-N.wav,0.0,3.0,0.00717,0.1
work/windows/Strings/Viola/ordinario/Va-ord-G#6-pp-1c-N_w000.wav,viola,G#6,val,Strings/Viola/ordinario/Va-ord-G#6-pp-1c-N.wav,0.0,3.0,0.00172,0.1
work/windows/Strings/Viola/ordinario/Va-ord-G3-ff-3c-N_w000.wav,viola,G3,test,Strings/Viola/ordinario/Va-ord-G3-ff-3c-N.wav,0.0,3.0,0.01983,0.1
work/windows/Strings/Viola/ordinario/Va-ord-G3-ff-4c-T22u_w000.wav,viola,G3,test,Strings/Viola/ordinario/Va-ord-G3-ff-4c-T22u.wav,0.0,3.0,0.02363,0.1
work/windows/Strings/Viola/ordinario/Va-ord-G3-mf-3c-N_w000.wav,viola,G3,test,Strings/Viola/ordinario/Va-ord-G3-mf-3c-N.wav,0.0,3.0,0.00371,0.1
work/windows/Strings/Viola/ordinario/Va-ord-G3-mf-4c-T21u_w000.wav,viola,G3,test,Strings/Viola/ordinario/Va-ord-G3-mf-4c-T21u.wav,0.0,3.0,0.0071,0.1
work/windows/Strings/Viola/ordinario/Va-ord-G3-pp-3c-N_w000.wav,viola,G3,test,Strings/Viola/ordinario/Va-ord-G3-pp-3c-N.wav,0.0,3.0,0.00174,0.1
work/windows/Strings/Viola/ordinario/Va-ord-G3-pp-4c-T19u_w000.wav,viola,G3,test,Strings/Viola/ordinario/Va-ord-G3-pp-4c-T19u.wav,0.0,3.0,0.00301,0.1
work/windows/Strings/Viola/ordinario/Va-ord-G4-ff-2c-N_w000.wav,viola,G4,train,Strings/Viola/ordinario/Va-ord-G4-ff-2c-N.wav,0.0,3.0,0.01469,0.1
work/windows/Strings/Viola/ordinario/Va-ord-G4-ff-3c-N_w000.wav,viola,G4,train,Strings/Viola/ordinario/Va-ord-G4-ff-3c-N.wav,0.0,3.0,0.01473,0.1
work/windows/Strings/Viola/ordinario/Va-ord-G4-ff-4c-N_w000.wav,viola,G4,train,Strings/Viola/ordinario/Va-ord-G4-ff-4c-N.wav,0.0,3.0,0.02519,0.1
work/windows/Strings/Viola/ordinario/Va-ord-G4-mf-2c-N_w000.wav,viola,G4,train,Strings/Viola/ordinario/Va-ord-G4-mf-2c-N.wav,0.0,3.0,0.00461,0.1
work/windows/Strings/Viola/ordinario/Va-ord-G4-mf-3c-N_w000.wav,viola,G4,train,Strings/Viola/ordinario/Va-ord-G4-mf-3c-N.wav,0.0,3.0,0.00596,0.1
work/windows/Strings/Viola/ordinario/Va-ord-G4-mf-4c-N_w000.wav,viola,G4,train,Strings/Viola/ordinario/Va-ord-G4-mf-4c-N.wav,0.0,3.0,0.00655,0.1
work/windows/Strings/Viola/ordinario/Va-ord-G4-pp-2c-N_w000.wav,viola,G4,train,Strings/Viola/ordinario/Va-ord-G4-pp-2c-N.wav,0.0,3.0,0.0017,0.1
work/windows/Strings/Viola/ordinario/Va-ord-G4-pp-3c-N_w000.wav,viola,G4,train,Strings/Viola/ordinario/Va-ord-G4-pp-3c-N.wav,0.0,3.0,0.00142,0.1
work/windows/Strings/Viola/ordinario/Va-ord-G4-pp-4c-N_w000.wav,viola,G4,train,Strings/Viola/ordinario/Va-ord-G4-pp-4c-N.wav,0.0,3.0,0.00167,0.1
work/windows/Strings/Viola/ordinario/Va-ord-G5-ff-1c-N_w000.wav,viola,G5,train,Strings/Viola/ordinario/Va-ord-G5-ff-1c-N.wav,0.0,3.0,0.01918,0.1
work/windows/Strings/Viola/ordinario/Va-ord-G5-ff-2c-N_w000.wav,viola,G5,train,Strings/Viola/ordinario/Va-ord-G5-ff-2c-N.wav,0.0,3.0,0.01973,0.1
work/windows/Strings/Viola/ordinario/Va-ord-G5-ff-3c-N_w000.wav,viola,G5,train,Strings/Viola/ordinario/Va-ord-G5-ff-3c-N.wav,0.0,3.0,0.01232,0.1
work/windows/Strings/Viola/ordinario/Va-ord-G5-mf-1c-N_w000.wav,viola,G5,train,Strings/Viola/ordinario/Va-ord-G5-mf-1c-N.wav,0.0,3.0,0.00545,0.1
work/windows/Strings/Viola/ordinario/Va-ord-G5-mf-2c-N_w000.wav,viola,G5,train,Strings/Viola/ordinario/Va-ord-G5-mf-2c-N.wav,0.0,3.0,0.00681,0.1
work/windows/Strings/Viola/ordinario/Va-ord-G5-mf-3c-N_w000.wav,viola,G5,train,Strings/Viola/ordinario/Va-ord-G5-mf-3c-N.wav,0.0,3.0,0.00534,0.1
work/windows/Strings/Viola/ordinario/Va-ord-G5-pp-1c-N_w000.wav,viola,G5,train,Strings/Viola/ordinario/Va-ord-G5-pp-1c-N.wav,0.0,3.0,0.00213,0.1
work/windows/Strings/Viola/ordinario/Va-ord-G5-pp-2c-N_w000.wav,viola,G5,train,Strings/Viola/ordinario/Va-ord-G5-pp-2c-N.wav,0.0,3.0,0.00216,0.1
work/windows/Strings/Viola/ordinario/Va-ord-G5-pp-3c-T15u_w000.wav,viola,G5,train,Strings/Viola/ordinario/Va-ord-G5-pp-3c-T15u.wav,0.0,3.0,0.00204,0.1
work/windows/Strings/Viola/ordinario/Va-ord-G6-ff-1c-N_w000.wav,viola,G6,test,Strings/Viola/ordinario/Va-ord-G6-ff-1c-N.wav,0.0,3.0,0.01758,0.1
work/windows/Strings/Viola/ordinario/Va-ord-G6-mf-1c-N_w000.wav,viola,G6,test,Strings/Viola/ordinario/Va-ord-G6-mf-1c-N.wav,0.0,3.0,0.00509,0.1
work/windows/Strings/Viola/ordinario/Va-ord-G6-pp-1c-N_w000.wav,viola,G6,test,Strings/Viola/ordinario/Va-ord-G6-pp-1c-N.wav,0.0,3.0,0.00285,0.1
work/windows/Strings/Violin/ordinario/Vn-ord-A#3-ff-4c-T15u_w000.wav,violin,A#3,test,Strings/Violin/ordinario/Vn-ord-A#3-ff-4c-T15u.wav,0.0,3.0,0.04369,0.1
work/windows/Strings/Violin/ordinario/Vn-ord-A#3-mf-4c-N_w000.wav,violin,A#3,test,Strings/Violin/ordinario/Vn-ord-A#3-mf-4c-N.wav,0.0,3.0,0.01173,0.1
work/windows/Strings/Violin/ordinario/Vn-ord-A#3-pp-4c-N_w000.wav,violin,A#3,test,Strings/Violin/ordinario/Vn-ord-A#3-pp-4c-N.wav,0.0,3.0,0.00295,0.1
work/windows/Strings/Violin/ordinario/Vn-ord-A#4-ff-2c-N_w000.wav,violin,A#4,train,Strings/Violin/ordinario/Vn-ord-A#4-ff-2c-N.wav,0.0,3.0,0.05102,0.1
work/windows/Strings/Violin/ordinario/Vn-ord-A#4-ff-3c-N_w000.wav,violin,A#4,train,Strings/Violin/ordinario/Vn-ord-A#4-ff-3c-N.wav,0.0,3.0,0.03352,0.1
work/windows/Strings/Violin/ordinario/Vn-ord-A#4-ff-4c-N_w000.wav,violin,A#4,train,Strings/Violin/ordinario/Vn-ord-A#4-ff-4c-N.wav,0.0,3.0,0.05434,0.1
work/windows/Strings/Violin/ordinario/Vn-ord-A#4-mf-2c-N_w000.wav,violin,A#4,train,Strings/Violin/ordinario/Vn-ord-A#4-mf-2c-N.wav,0.0,3.0,0.01072,0.1
work/windows/Strings/Violin/ordinario/Vn-ord-A#4-mf-3c-N_w000.wav,violin,A#4,train,Strings/Violin/ordinario/Vn-ord-A#4-mf-3c-N.wav,0.0,3.0,0.01374,0.1
work/windows/Strings/Violin/ordinario/Vn-ord-A#4-mf-4c-N_w000.wav,violin,A#4,train,Strings/Violin/ordinario/Vn-ord-A#4-mf-4c-N.wav,0.0,3.0,0.01593,0.1
work/windows/Strings/Violin/ordinario/Vn-ord-A#4-pp-2c-N_w000.wav,violin,A#4,train,Strings/Violin/ordinario/Vn-ord-A#4-pp-2c-N.wav,0.0,3.0,0.00211,0.1
work/windows/Strings/Violin/ordinario/Vn-ord-A#4-pp-3c-N_w000.wav,violin,A#4,train,Strings/Violin/ordinario/Vn-ord-A#4-pp-3c-N.wav,0.0,3.0,0.0047,0.1
work/windows/Strings/Violin/ordinario/Vn-ord-A#4-pp-4c-N_w000.wav,violin,A#4,train,Strings/Violin/ordinario/Vn-ord-A#4-pp-4c-N.wav,0.0,3.0,0.00531,0.1
work/windows/Strings/Violin/ordinario/Vn-ord-A#5-ff-1c-T13u_w000.wav,violin,A#5,train,Strings/Violin/ordinario/Vn-ord-A#5-ff-1c-T13u.wav,0.0,3.0,0.05553,0.1
work/windows/Strings/Violin/ordinario/Vn-ord-A#5-ff-2c-T10u_w000.wav,violin,A#5,train,Strings/Violin/ordinario/Vn-ord-A#5-ff-2c-T10u.wav,0.0,3.0,0.05186,0.1
work/windows/Strings/Violin/ordinario/Vn-ord-A#5-ff-3c-R100u_w000.wav,violin,A#5,train,Strings/Violin/ordinario/Vn-ord-A#5-ff-3c-R100u.wav,0.0,3.0,0.03441,0.1
work/windows/Strings/Violin/ordinario/Vn-ord-A#5-mf-1c-N_w000.wav,violin,A#5,train,Strings/Violin/ordinario/Vn-ord-A#5-mf-1c-N.wav,0.0,3.0,0.01415,0.1
work/windows/Strings/Violin/ordinario/Vn-ord-A#5-mf-2c-N_w000.wav,violin,A#5,train,Strings/Violin/ordinario/Vn-ord-A#5-mf-2c-N.wav,0.0,3.0,0.01546,0.1
work/windows/Strings/Violin/ordinario/Vn-ord-A#5-mf-3c-N_w000.wav,violin,A#5,train,Strings/Violin/ordinario/Vn-ord-A#5-mf-3c-N.wav,0.0,3.0,0.01085,0.1
work/windows/Strings/Violin/ordinario/Vn-ord-A#5-pp-1c-N_w000.wav,violin,A#5,train,Strings/Violin/ordinario/Vn-ord-A#5-pp-1c-N.wav,0.0,3.0,0.00249,0.1
work/windows/Strings/Violin/ordinario/Vn-ord-A#5-pp-2c-N_w000.wav,violin,A#5,train,Strings/Violin/ordinario/Vn-ord-A#5-pp-2c-N.wav,0.0,3.0,0.00405,0.1
work/windows/Strings/Violin/ordinario/Vn-ord-A#5-pp-3c-T10u_w000.wav,violin,A#5,train,Strings/Violin/ordinario/Vn-ord-A#5-pp-3c-T10u.wav,0.0,3.0,0.00278,0.1
work/windows/Strings/Violin/ordinario/Vn-ord-A#6-ff-1c-N_w000.wav,violin,A#6,train,Strings/Violin/ordinario/Vn-ord-A#6-ff-1c-N.wav,0.0,3.0,0.06489,0.1
work/windows/Strings/Violin/ordinario/Vn-ord-A#6-mf-1c-N_w000.wav,violin,A#6,train,Strings/Violin/ordinario/Vn-ord-A#6-mf-1c-N.wav,0.0,3.0,0.01381,0.1
work/windows/Strings/Violin/ordinario/Vn-ord-A#6-pp-1c-N_w000.wav,violin,A#6,train,Strings/Violin/ordinario/Vn-ord-A#6-pp-1c-N.wav,0.0,3.0,0.00333,0.1
work/windows/Strings/Violin/ordinario/Vn-ord-A3-ff-4c-N_w000.wav,violin,A3,test,Strings/Violin/ordinario/Vn-ord-A3-ff-4c-N.wav,0.0,3.0,0.03954,0.1
work/windows/Strings/Violin/ordinario/Vn-ord-A3-mf-4c-N_w000.wav,violin,A3,test,Strings/Violin/ordinario/Vn-ord-A3-mf-4c-N.wav,0.0,3.0,0.01032,0.1
work/windows/Strings/Violin/ordinario/Vn-ord-A3-pp-4c-N_w000.wav,violin,A3,test,Strings/Violin/ordinario/Vn-ord-A3-pp-4c-N.wav,0.0,3.0,0.0027,0.1
work/windows/Strings/Violin/ordinario/Vn-ord-A4-ff-2c-N_w000.wav,violin,A4,train,Strings/Violin/ordinario/Vn-ord-A4-ff-2c-N.wav,0.0,3.0,0.03431,0.1
work/windows/Strings/Violin/ordinario/Vn-ord-A4-ff-3c-N_w000.wav,violin,A4,train,Strings/Violin/ordinario/Vn-ord-A4-ff-3c-N.wav,0.0,3.0,0.04582,0.1
work/windows/Strings/Violin/ordinario/Vn-ord-A4-ff-4c-N_w000.wav,violin,A4,train,Strings/Violin/ordinario/Vn-ord-A4-ff-4c-N.wav,0.0,3.0,0.05086,0.1
work/windows/Strings/Violin/ordinario/Vn-ord-A4-mf-2c-N_w000.wav,violin,A4,train,Strings/Violin/ordinario/Vn-ord-A4-mf-2c-N.wav,0.0,3.0,0.00964,0.1
work/windows/Strings/Violin/ordinario/Vn-ord-A4-mf-3c-N_w000.wav,violin,A4,train,Strings/Violin/ordinario/Vn-ord-A4-mf-3c-N.wav,0.0,3.0,0.00626,0.1
work/windows/Strings/Violin/ordinario/Vn-ord-A4-mf-4c-N_w000.wav,violin,A4,train,Strings/Violin/ordinario/Vn-ord-A4-mf-4c-N.wav,0.0,3.0,0.01383,0.1
work/windows/Strings/Violin/ordinario/Vn-ord-A4-pp-2c-N_w000.wav,violin,A4,train,Strings/Violin/ordinario/Vn-ord-A4-pp-2c-N.wav,0.0,3.0,0.00146,0.1
work/windows/Strings/Violin/ordinario/Vn-ord-A4-pp-3c-N_w000.wav,violin,A4,train,Strings/Violin/ordinario/Vn-ord-A4-pp-3c-N.wav,0.0,3.0,0.002,0.1
work/windows/Strings/Violin/ordinario/Vn-ord-A4-pp-4c-N_w000.wav,violin,A4,train,Strings/Violin/ordinario/Vn-ord-A4-pp-4c-N.wav,0.0,3.0,0.0039,0.1
work/windows/Strings/Violin/ordinario/Vn-ord-A5-ff-1c-N_w000.wav,violin,A5,train,Strings/Violin/ordinario/Vn-ord-A5-ff-1c-N.wav,0.0,3.0,0.04397,0.1
work/windows/Strings/Violin/ordinario/Vn-ord-A5-ff-2c-N_w000.wav,violin,A5,train,Strings/Violin/ordinario/Vn-ord-A5-ff-2c-N.wav,0.0,3.0,0.03275,0.1
work/windows/Strings/Violin/ordinario/Vn-ord-A5-ff-3c-N_w000.wav,violin,A5,train,Strings/Violin/ordinario/Vn-ord-A5-ff-3c-N.wav,0.0,3.0,0.03469,0.1
work/windows/Strings/Violin/ordinario/Vn-ord-A5-mf-1c-N_w000.wav,violin,A5,train,Strings/Violin/ordinario/Vn-ord-A5-mf-1c-N.wav,0.0,3.0,0.007,0.1
work/windows/Strings/Violin/ordinario/Vn-ord-A5-mf-2c-N_w000.wav,violin,A5,train,Strings/Violin/ordinario/Vn-ord-A5-mf-2c-N.wav,0.0,3.0,0.00447,0.1
work/windows/Strings/Violin/ordinario/Vn-ord-A5-mf-3c-N_w000.wav,violin,A5,train,Strings/Violin/ordinario/Vn-ord-A5-mf-3c-N.wav,0.0,3.0,0.00531,0.1
work/windows/Strings/Violin/ordinario/Vn-ord-A5-pp-1c-N_w000.wav,violin,A5,train,Strings/Violin/ordinario/Vn-ord-A5-pp-1c-N.wav,0.0,3.0,0.00127,0.1
work/windows/Strings/Violin/ordinario/Vn-ord-A5-pp-2c-N_w000.wav,violin,A5,train,Strings/Violin/ordinario/Vn-ord-A5-pp-2c-N.wav,0.0,3.0,0.00222,0.1
work/windows/Strings/Violin/ordinario/Vn-ord-A5-pp-3c-N_w000.wav,violin,A5,train,Strings/Violin/ordinario/Vn-ord-A5-pp-3c-N.wav,0.0,3.0,0.00301,0.1
work/windows/Strings/Violin/ordinario/Vn-ord-A6-ff-1c-T11d_w000.wav,violin,A6,test,Strings/Violin/ordinario/Vn-ord-A6-ff-1c-T11d.wav,0.0,3.0,0.02916,0.1
work/windows/Strings/Violin/ordinario/Vn-ord-A6-mf-1c-T11d_w000.wav,violin,A6,test,Strings/Violin/ordinario/Vn-ord-A6-mf-1c-T11d.wav,0.0,3.0,0.00966,0.1
work/windows/Strings/Violin/ordinario/Vn-ord-A6-mf-2c-N_w000.wav,violin,A6,test,Strings/Violin/ordinario/Vn-ord-A6-mf-2c-N.wav,0.0,3.0,0.00761,0.1
work/windows/Strings/Violin/ordinario/Vn-ord-A6-pp-1c-N_w000.wav,violin,A6,test,Strings/Violin/ordinario/Vn-ord-A6-pp-1c-N.wav,0.0,3.0,0.0024,0.1
work/windows/Strings/Violin/ordinario/Vn-ord-A6-pp-2c-N_w000.wav,violin,A6,test,Strings/Violin/ordinario/Vn-ord-A6-pp-2c-N.wav,0.0,3.0,0.00138,0.1
work/windows/Strings/Violin/ordinario/Vn-ord-B3-ff-4c-T17u_w000.wav,violin,B3,val,Strings/Violin/ordinario/Vn-ord-B3-ff-4c-T17u.wav,0.0,3.0,0.02782,0.1
work/windows/Strings/Violin/ordinario/Vn-ord-B3-mf-4c-T15u_w000.wav,violin,B3,val,Strings/Violin/ordinario/Vn-ord-B3-mf-4c-T15u.wav,0.0,3.0,0.00597,0.1
work/windows/Strings/Violin/ordinario/Vn-ord-B3-pp-4c-T10u_w000.wav,violin,B3,val,Strings/Violin/ordinario/Vn-ord-B3-pp-4c-T10u.wav,0.0,3.0,0.00145,0.1
work/windows/Strings/Violin/ordinario/Vn-ord-B4-ff-2c-T10u_w000.wav,violin,B4,train,Strings/Violin/ordinario/Vn-ord-B4-ff-2c-T10u.wav,0.0,3.0,0.02796,0.1
work/windows/Strings/Violin/ordinario/Vn-ord-B4-ff-3c-N_w000.wav,violin,B4,train,Strings/Violin/ordinario/Vn-ord-B4-ff-3c-N.wav,0.0,3.0,0.02135,0.1
work/windows/Strings/Violin/ordinario/Vn-ord-B4-ff-4c-T12u_w000.wav,violin,B4,train,Strings/Violin/ordinario/Vn-ord-B4-ff-4c-T12u.wav,0.0,3.0,0.02851,0.1
work/windows/Strings/Violin/ordinario/Vn-ord-B4-mf-2c-N_w000.wav,violin,B4,train,Strings/Violin/ordinario/Vn-ord-B4-mf-2c-N.wav,0.0,3.0,0.00638,0.1
work/windows/Strings/Violin/ordinario/Vn-ord-B4-mf-3c-N_w000.wav,violin,B4,train,Strings/Violin/ordinario/Vn-ord-B4-mf-3c-N.wav,0.0,3.0,0.00435,0.1
work/windows/Strings/Violin/ordinario/Vn-ord-B4-mf-4c-N_w000.wav,violin,B4,train,Strings/Violin/ordinario/Vn-ord-B4-mf-4c-N.wav,0.0,3.0,0.01154,0.1
work/windows/Strings/Violin/ordinario/Vn-ord-B4-pp-2c-N_w000.wav,violin,B4,train,Strings/Violin/ordinario/Vn-ord-B4-pp-2c-N.wav,0.0,3.0,0.00176,0.1
work/windows/Strings/Violin/ordinario/Vn-ord-B4-pp-3c-N_w000.wav,violin,B4,train,Strings/Violin/ordinario/Vn-ord-B4-pp-3c-N.wav,0.0,3.0,0.0014,0.1
work/windows/Strings/Violin/ordinario/Vn-ord-B4-pp-4c-N_w000.wav,violin,B4,train,Strings/Violin/ordinario/Vn-ord-B4-pp-4c-N.wav,0.0,3.0,0.00423,0.1
work/windows/Strings/Violin/ordinario/Vn-ord-B5-ff-1c-N_w000.wav,violin,B5,train,Strings/Violin/ordinario/Vn-ord-B5-ff-1c-N.wav,0.0,3.0,0.04809,0.1
work/windows/Strings/Violin/ordinario/Vn-ord-B5-ff-2c-N_w000.wav,violin,B5,train,Strings/Violin/ordinario/Vn-ord-B5-ff-2c-N.wav,0.0,3.0,0.03355,0.1
work/windows/Strings/Violin/ordinario/Vn-ord-B5-ff-3c-N_w000.wav,violin,B5,train,Strings/Violin/ordinario/Vn-ord-B5-ff-3c-N.wav,0.0,3.0,0.01564,0.1
work/windows/Strings/Violin/ordinario/Vn-ord-B5-mf-1c-N_w000.wav,violin,B5,train,Strings/Violin/ordinario/Vn-ord-B5-mf-1c-N.wav,0.0,3.0,0.01194,0.1
work/windows/Strings/Violin/ordinario/Vn-ord-B5-mf-2c-N_w000.wav,violin,B5,train,Strings/Violin/ordinario/Vn-ord-B5-mf-2c-N.wav,0.0,3.0,0.00592,0.1
work/windows/Strings/Violin/ordinario/Vn-ord-B5-mf-3c-N_w000.wav,violin,B5,train,Strings/Violin/ordinario/Vn-ord-B5-mf-3c-N.wav,0.0,3.0,0.00491,0.1
work/windows/Strings/Violin/ordinario/Vn-ord-B5-pp-1c-N_w000.wav,violin,B5,train,Strings/Violin/ordinario/Vn-ord-B5-pp-1c-N.wav,0.0,3.0,0.00339,0.1
work/windows/Strings/Violin/ordinario/Vn-ord-B5-pp-2c-N_w000.wav,violin,B5,train,Strings/Violin/ordinario/Vn-ord-B5-pp-2c-N.wav,0.0,3.0,0.00142,0.1
work/windows/Strings/Violin/ordinario/Vn-ord-B5-pp-3c-N_w000.wav,violin,B5,train,Strings/Violin/ordinario/Vn-ord-B5-pp-3c-N.wav,0.0,3.0,0.00123,0.1
work/windows/Strings/Violin/ordinario/Vn-ord-B6-ff-1c-T20d_w000.wav,violin,B6,train,Strings/Violin/ordinario/Vn-ord-B6-ff-1c-T20d.wav,0.0,3.0,0.02811,0.1
work/windows/Strings/Violin/ordinario/Vn-ord-B6-mf-1c-T15d_w000.wav,violin,B6,train,Strings/Violin/ordinario/Vn-ord-B6-mf-1c-T15d.wav,0.0,3.0,0.0076,0.1
work/windows/Strings/Violin/ordinario/Vn-ord-B6-pp-1c-T12d_w000.wav,violin,B6,train,Strings/Violin/ordinario/Vn-ord-B6-pp-1c-T12d.wav,0.0,3.0,0.00169,0.1
work/windows/Strings/Violin/ordinario/Vn-ord-C#4-ff-4c-N_w000.wav,violin,C#4,train,Strings/Violin/ordinario/Vn-ord-C#4-ff-4c-N.wav,0.0,3.0,0.07474,0.1
work/windows/Strings/Violin/ordinario/Vn-ord-C#4-mf-4c-N_w000.wav,violin,C#4,train,Strings/Violin/ordinario/Vn-ord-C#4-mf-4c-N.wav,0.0,3.0,0.01817,0.1
work/windows/Strings/Violin/ordinario/Vn-ord-C#4-pp-4c-N_w000.wav,violin,C#4,train,Strings/Violin/ordinario/Vn-ord-C#4-pp-4c-N.wav,0.0,3.0,0.00555,0.1
work/windows/Strings/Violin/ordinario/Vn-ord-C#5-ff-2c-N_w000.wav,violin,C#5,train,Strings/Violin/ordinario/Vn-ord-C#5-ff-2c-N.wav,0.0,3.0,0.03908,0.1
work/windows/Strings/Violin/ordinario/Vn-ord-C#5-ff-3c-T13u_w000.wav,violin,C#5,train,Strings/Violin/ordinario/Vn-ord-C#5-ff-3c-T13u.wav,0.0,3.0,0.04432,0.1
work/windows/Strings/Violin/ordinario/Vn-ord-C#5-ff-4c-T10u_w000.wav,violin,C#5,train,Strings/Violin/ordinario/Vn-ord-C#5-ff-4c-T10u.wav,0.0,3.0,0.06162,0.1
work/windows/Strings/Violin/ordinario/Vn-ord-C#5-mf-2c-N_w000.wav,violin,C#5,train,Strings/Violin/ordinario/Vn-ord-C#5-mf-2c-N.wav,0.0,3.0,0.01154,0.1
work/windows/Strings/Violin/ordinario/Vn-ord-C#5-mf-3c-T11u_w000.wav,violin,C#5,train,Strings/Violin/ordinario/Vn-ord-C#5-mf-3c-T11u.wav,0.0,3.0,0.01185,0.1
work/windows/Strings/Violin/ordinario/Vn-ord-C#5-mf-4c-N_w000.wav,violin,C#5,train,Strings/Violin/ordinario/Vn-ord-C#5-mf-4c-N.wav,0.0,3.0,0.01739,0.1
work/windows/Strings/Violin/ordinario/Vn-ord-C#5-pp-2c-N_w000.wav,violin,C#5,train,Strings/Violin/ordinario/Vn-ord-C#5-pp-2c-N.wav,0.0,3.0,0.00385,0.1
work/windows/Strings/Violin/ordinario/Vn-ord-C#5-pp-3c-N_w000.wav,violin,C#5,train,Strings/Violin/ordinario/Vn-ord-C#5-pp-3c-N.wav,0.0,3.0,0.0041,0.1
work/windows/Strings/Violin/ordinario/Vn-ord-C#5-pp-4c-N_w000.wav,violin,C#5,train,Strings/Violin/ordinario/Vn-ord-C#5-pp-4c-N.wav,0.0,3.0,0.00568,0.1
work/windows/Strings/Violin/ordinario/Vn-ord-C#6-ff-1c-N_w000.wav,violin,C#6,val,Strings/Violin/ordinario/Vn-ord-C#6-ff-1c-N.wav,0.0,3.0,0.03024,0.1
work/windows/Strings/Violin/ordinario/Vn-ord-C#6-ff-2c-N_w000.wav,violin,C#6,val,Strings/Violin/ordinario/Vn-ord-C#6-ff-2c-N.wav,0.0,3.0,0.03201,0.1
work/windows/Strings/Violin/ordinario/Vn-ord-C#6-mf-1c-N_w000.wav,violin,C#6,val,Strings/Violin/ordinario/Vn-ord-C#6-mf-1c-N.wav,0.0,3.0,0.00751,0.1
work/windows/Strings/Violin/ordinario/Vn-ord-C#6-mf-2c-N_w000.wav,violin,C#6,val,Strings/Violin/ordinario/Vn-ord-C#6-mf-2c-N.wav,0.0,3.0,0.0082,0.1
work/windows/Strings/Violin/ordinario/Vn-ord-C#6-pp-1c-N_w000.wav,violin,C#6,val,Strings/Violin/ordinario/Vn-ord-C#6-pp-1c-N.wav,0.0,3.0,0.00237,0.1
work/windows/Strings/Violin/ordinario/Vn-ord-C#6-pp-2c-N_w000.wav,violin,C#6,val,Strings/Violin/ordinario/Vn-ord-C#6-pp-2c-N.wav,0.0,3.0,0.00243,0.1
work/windows/Strings/Violin/ordinario/Vn-ord-C#7-ff-1c-T26d_w000.wav,violin,C#7,train,Strings/Violin/ordinario/Vn-ord-C#7-ff-1c-T26d.wav,0.0,3.0,0.03012,0.1
work/windows/Strings/Violin/ordinario/Vn-ord-C#7-mf-1c-T22d_w000.wav,violin,C#7,train,Strings/Violin/ordinario/Vn-ord-C#7-mf-1c-T22d.wav,0.0,3.0,0.01395,0.1
work/windows/Strings/Violin/ordinario/Vn-ord-C#7-pp-1c-T15d_w000.wav,violin,C#7,train,Strings/Violin/ordinario/Vn-ord-C#7-pp-1c-T15d.wav,0.0,3.0,0.00244,0.1
work/windows/Strings/Violin/ordinario/Vn-ord-C4-ff-4c-N_w000.wav,violin,C4,val,Strings/Violin/ordinario/Vn-ord-C4-ff-4c-N.wav,0.0,3.0,0.06582,0.1
work/windows/Strings/Violin/ordinario/Vn-ord-C4-mf-4c-N_w000.wav,violin,C4,val,Strings/Violin/ordinario/Vn-ord-C4-mf-4c-N.wav,0.0,3.0,0.01966,0.1
work/windows/Strings/Violin/ordinario/Vn-ord-C4-pp-4c-N_w000.wav,violin,C4,val,Strings/Violin/ordinario/Vn-ord-C4-pp-4c-N.wav,0.0,3.0,0.00432,0.1
work/windows/Strings/Violin/ordinario/Vn-ord-C5-ff-2c-N_w000.wav,violin,C5,train,Strings/Violin/ordinario/Vn-ord-C5-ff-2c-N.wav,0.0,3.0,0.07344,0.1
work/windows/Strings/Violin/ordinario/Vn-ord-C5-ff-3c-N_w000.wav,violin,C5,train,Strings/Violin/ordinario/Vn-ord-C5-ff-3c-N.wav,0.0,3.0,0.08252,0.1
work/windows/Strings/Violin/ordinario/Vn-ord-C5-ff-4c-N_w000.wav,violin,C5,train,Strings/Violin/ordinario/Vn-ord-C5-ff-4c-N.wav,0.0,3.0,0.09486,0.1
work/windows/Strings/Violin/ordinario/Vn-ord-C5-mf-2c-N_w000.wav,violin,C5,train,Strings/Violin/ordinario/Vn-ord-C5-mf-2c-N.wav,0.0,3.0,0.01928,0.1
work/windows/Strings/Violin/ordinario/Vn-ord-C5-mf-3c-N_w000.wav,violin,C5,train,Strings/Violin/ordinario/Vn-ord-C5-mf-3c-N.wav,0.0,3.0,0.02099,0.1
work/windows/Strings/Violin/ordinario/Vn-ord-C5-mf-4c-N_w000.wav,violin,C5,train,Strings/Violin/ordinario/Vn-ord-C5-mf-4c-N.wav,0.0,3.0,0.02792,0.1
work/windows/Strings/Violin/ordinario/Vn-ord-C5-pp-2c-N_w000.wav,violin,C5,train,Strings/Violin/ordinario/Vn-ord-C5-pp-2c-N.wav,0.0,3.0,0.00605,0.1
work/windows/Strings/Violin/ordinario/Vn-ord-C5-pp-3c-N_w000.wav,violin,C5,train,Strings/Violin/ordinario/Vn-ord-C5-pp-3c-N.wav,0.0,3.0,0.00824,0.1
work/windows/Strings/Violin/ordinario/Vn-ord-C5-pp-4c-N_w000.wav,violin,C5,train,Strings/Violin/ordinario/Vn-ord-C5-pp-4c-N.wav,0.0,3.0,0.00893,0.1
work/windows/Strings/Violin/ordinario/Vn-ord-C6-ff-1c-T11d_w000.wav,violin,C6,train,Strings/Violin/ordinario/Vn-ord-C6-ff-1c-T11d.wav,0.0,3.0,0.02782,0.1
work/windows/Strings/Violin/ordinario/Vn-ord-C6-ff-2c-T11d_w000.wav,violin,C6,train,Strings/Violin/ordinario/Vn-ord-C6-ff-2c-T11d.wav,0.0,3.0,0.02835,0.1
work/windows/Strings/Violin/ordinario/Vn-ord-C6-ff-3c-T18d_w000.wav,violin,C6,train,Strings/Violin/ordinario/Vn-ord-C6-ff-3c-T18d.wav,0.0,3.0,0.02938,0.1
work/windows/Strings/Violin/ordinario/Vn-ord-C6-mf-1c-T12d_w000.wav,violin,C6,train,Strings/Violin/ordinario/Vn-ord-C6-mf-1c-T12d.wav,0.0,3.0,0.00579,0.1
work/windows/Strings/Violin/ordinario/Vn-ord-C6-mf-2c-N_w000.wav,violin,C6,train,Strings/Violin/ordinario/Vn-ord-C6-mf-2c-N.wav,0.0,3.0,0.00586,0.1
work/windows/Strings/Violin/ordinario/Vn-ord-C6-mf-3c-T13d_w000.wav,violin,C6,train,Strings/Violin/ordinario/Vn-ord-C6-mf-3c-T13d.wav,0.0,3.0,0.00682,0.1
work/windows/Strings/Violin/ordinario/Vn-ord-C6-pp-1c-T11d_w000.wav,violin,C6,train,Strings/Violin/ordinario/Vn-ord-C6-pp-1c-T11d.wav,0.0,3.0,0.00196,0.1
work/windows/Strings/Violin/ordinario/Vn-ord-C6-pp-2c-N_w000.wav,violin,C6,train,Strings/Violin/ordinario/Vn-ord-C6-pp-2c-N.wav,0.0,3.0,0.00146,0.1
work/windows/Strings/Violin/ordinario/Vn-ord-C6-pp-3c-T14d_w000.wav,violin,C6,train,Strings/Violin/ordinario/Vn-ord-C6-pp-3c-T14d.wav,0.0,3.0,0.00178,0.1
work/windows/Strings/Violin/ordinario/Vn-ord-C7-ff-1c-T30d_w000.wav,violin,C7,train,Strings/Violin/ordinario/Vn-ord-C7-ff-1c-T30d.wav,0.0,3.0,0.04072,0.1
work/windows/Strings/Violin/ordinario/Vn-ord-C7-mf-1c-T27d_w000.wav,violin,C7,train,Strings/Violin/ordinario/Vn-ord-C7-mf-1c-T27d.wav,0.0,3.0,0.01364,0.1
work/windows/Strings/Violin/ordinario/Vn-ord-C7-pp-1c-T28d_w000.wav,violin,C7,train,Strings/Violin/ordinario/Vn-ord-C7-pp-1c-T28d.wav,0.0,3.0,0.00296,0.1
work/windows/Strings/Violin/ordinario/Vn-ord-D#4-ff-3c-N_w000.wav,violin,D#4,train,Strings/Violin/ordinario/Vn-ord-D#4-ff-3c-N.wav,0.0,3.0,0.03637,0.1
work/windows/Strings/Violin/ordinario/Vn-ord-D#4-ff-4c-T10u_w000.wav,violin,D#4,train,Strings/Violin/ordinario/Vn-ord-D#4-ff-4c-T10u.wav,0.0,3.0,0.04004,0.1
work/windows/Strings/Violin/ordinario/Vn-ord-D#4-mf-3c-N_w000.wav,violin,D#4,train,Strings/Violin/ordinario/Vn-ord-D#4-mf-3c-N.wav,0.0,3.0,0.00913,0.1
work/windows/Strings/Violin/ordinario/Vn-ord-D#4-mf-4c-N_w000.wav,violin,D#4,train,Strings/Violin/ordinario/Vn-ord-D#4-mf-4c-N.wav,0.0,3.0,0.01228,0.1
work/windows/Strings/Violin/ordinario/Vn-ord-D#4-pp-3c-N_w000.wav,violin,D#4,train,Strings/Violin/ordinario/Vn-ord-D#4-pp-3c-N.wav,0.0,3.0,0.00286,0.1
work/windows/Strings/Violin/ordinario/Vn-ord-D#4-pp-4c-N_w000.wav,violin,D#4,train,Strings/Violin/ordinario/Vn-ord-D#4-pp-4c-N.wav,0.0,3.0,0.00364,0.1
work/windows/Strings/Violin/ordinario/Vn-ord-D#5-ff-2c-N_w000.wav,violin,D#5,train,Strings/Violin/ordinario/Vn-ord-D#5-ff-2c-N.wav,0.0,3.0,0.03196,0.1
work/windows/Strings/Violin/ordinario/Vn-ord-D#5-ff-3c-N_w000.wav,violin,D#5,train,Strings/Violin/ordinario/Vn-ord-D#5-ff-3c-N.wav,0.0,3.0,0.0277,0.1
work/windows/Strings/Violin/ordinario/Vn-ord-D#5-ff-4c-N_w000.wav,violin,D#5,train,Strings/Violin/ordinario/Vn-ord-D#5-ff-4c-N.wav,0.0,3.0,0.02633,0.1
work/windows/Strings/Violin/ordinario/Vn-ord-D#5-mf-2c-N_w000.wav,violin,D#5,train,Strings/Violin/ordinario/Vn-ord-D#5-mf-2c-N.wav,0.0,3.0,0.00803,0.1
work/windows/Strings/Violin/ordinario/Vn-ord-D#5-mf-3c-N_w000.wav,violin,D#5,train,Strings/Violin/ordinario/Vn-ord-D#5-mf-3c-N.wav,0.0,3.0,0.00715,0.1
work/windows/Strings/Violin/ordinario/Vn-ord-D#5-mf-4c-N_w000.wav,violin,D#5,train,Strings/Violin/ordinario/Vn-ord-D#5-mf-4c-N.wav,0.0,3.0,0.01206,0.1
work/windows/Strings/Violin/ordinario/Vn-ord-D#5-pp-2c-N_w000.wav,violin,D#5,train,Strings/Violin/ordinario/Vn-ord-D#5-pp-2c-N.wav,0.0,3.0,0.0023,0.1
work/windows/Strings/Violin/ordinario/Vn-ord-D#5-pp-3c-N_w000.wav,violin,D#5,train,Strings/Violin/ordinario/Vn-ord-D#5-pp-3c-N.wav,0.0,3.0,0.00144,0.1
work/windows/Strings/Violin/ordinario/Vn-ord-D#5-pp-4c-N_w000.wav,violin,D#5,train,Strings/Violin/ordinario/Vn-ord-D#5-pp-4c-N.wav,0.0,3.0,0.00359,0.1
work/windows/Strings/Violin/ordinario/Vn-ord-D#6-ff-1c-N_w000.wav,violin,D#6,val,Strings/Violin/ordinario/Vn-ord-D#6-ff-1c-N.wav,0.0,3.0,0.04429,0.1
work/windows/Strings/Violin/ordinario/Vn-ord-D#6-ff-2c-N_w000.wav,violin,D#6,val,Strings/Violin/ordinario/Vn-ord-D#6-ff-2c-N.wav,0.0,3.0,0.03207,0.1
work/windows/Strings/Violin/ordinario/Vn-ord-D#6-mf-1c-N_w000.wav,violin,D#6,val,Strings/Violin/ordinario/Vn-ord-D#6-mf-1c-N.wav,0.0,3.0,0.01207,0.1
work/windows/Strings/Violin/ordinario/Vn-ord-D#6-mf-2c-N_w000.wav,violin,D#6,val,Strings/Violin/ordinario/Vn-ord-D#6-mf-2c-N.wav,0.0,3.0,0.00714,0.1
work/windows/Strings/Violin/ordinario/Vn-ord-D#6-pp-1c-N_w000.wav,violin,D#6,val,Strings/Violin/ordinario/Vn-ord-D#6-pp-1c-N.wav,0.0,3.0,0.00326,0.1
work/windows/Strings/Violin/ordinario/Vn-ord-D#6-pp-2c-N_w000.wav,violin,D#6,val,Strings/Violin/ordinario/Vn-ord-D#6-pp-2c-N.wav,0.0,3.0,0.00197,0.1
work/windows/Strings/Violin/ordinario/Vn-ord-D#7-ff-1c-T23d_R100u_w000.wav,violin,D#7,val,Strings/Violin/ordinario/Vn-ord-D#7-ff-1c-T23d_R100u.wav,0.0,3.0,0.02479,0.1
work/windows/Strings/Violin/ordinario/Vn-ord-D#7-mf-1c-T22d_R100u_w000.wav,violin,D#7,val,Strings/Violin/ordinario/Vn-ord-D#7-mf-1c-T22d_R100u.wav,0.0,3.0,0.00572,0.1
work/windows/Strings/Violin/ordinario/Vn-ord-D#7-pp-1c-T16d_w000.wav,violin,D#7,val,Strings/Violin/ordinario/Vn-ord-D#7-pp-1c-T16d.wav,0.0,3.0,0.00262,0.1
work/windows/Strings/Violin/ordinario/Vn-ord-D4-ff-3c-N_w000.wav,violin,D4,train,Strings/Violin/ordinario/Vn-ord-D4-ff-3c-N.wav,0.0,3.0,0.03593,0.1
work/windows/Strings/Violin/ordinario/Vn-ord-D4-ff-4c-N_w000.wav,violin,D4,train,Strings/Violin/ordinario/Vn-ord-D4-ff-4c-N.wav,0.0,3.0,0.04622,0.1
work/windows/Strings/Violin/ordinario/Vn-ord-D4-mf-3c-N_w000.wav,violin,D4,train,Strings/Violin/ordinario/Vn-ord-D4-mf-3c-N.wav,0.0,3.0,0.01071,0.1
work/windows/Strings/Violin/ordinario/Vn-ord-D4-mf-4c-N_w000.wav,violin,D4,train,Strings/Violin/ordinario/Vn-ord-D4-mf-4c-N.wav,0.0,3.0,0.01057,0.1
work/windows/Strings/Violin/ordinario/Vn-ord-D4-pp-3c-N_w000.wav,violin,D4,train,Strings/Violin/ordinario/Vn-ord-D4-pp-3c-N.wav,0.0,3.0,0.00296,0.1
work/windows/Strings/Violin/ordinario/Vn-ord-D4-pp-4c-N_w000.wav,violin,D4,train,Strings/Violin/ordinario/Vn-ord-D4-pp-4c-N.wav,0.0,3.0,0.0018,0.1
work/windows/Strings/Violin/ordinario/Vn-ord-D5-ff-2c-N_w000.wav,violin,D5,train,Strings/Violin/ordinario/Vn-ord-D5-ff-2c-N.wav,0.0,3.0,0.02769,0.1
work/windows/Strings/Violin/ordinario/Vn-ord-D5-ff-3c-N_w000.wav,violin,D5,train,Strings/Violin/ordinario/Vn-ord-D5-ff-3c-N.wav,0.0,3.0,0.02758,0.1
work/windows/Strings/Violin/ordinario/Vn-ord-D5-ff-4c-N_w000.wav,violin,D5,train,Strings/Violin/ordinario/Vn-ord-D5-ff-4c-N.wav,0.0,3.0,0.02872,0.1
work/windows/Strings/Violin/ordinario/Vn-ord-D5-mf-2c-N_w000.wav,violin,D5,train,Strings/Violin/ordinario/Vn-ord-D5-mf-2c-N.wav,0.0,3.0,0.00897,0.1
work/windows/Strings/Violin/ordinario/Vn-ord-D5-mf-3c-N_w000.wav,violin,D5,train,Strings/Violin/ordinario/Vn-ord-D5-mf-3c-N.wav,0.0,3.0,0.00599,0.1
work/windows/Strings/Violin/ordinario/Vn-ord-D5-mf-4c-N_w000.wav,violin,D5,train,Strings/Violin/ordinario/Vn-ord-D5-mf-4c-N.wav,0.0,3.0,0.00993,0.1
work/windows/Strings/Violin/ordinario/Vn-ord-D5-pp-2c-N_w000.wav,violin,D5,train,Strings/Violin/ordinario/Vn-ord-D5-pp-2c-N.wav,0.0,3.0,0.00261,0.1
work/windows/Strings/Violin/ordinario/Vn-ord-D5-pp-3c-N_w000.wav,violin,D5,train,Strings/Violin/ordinario/Vn-ord-D5-pp-3c-N.wav,0.0,3.0,0.00171,0.1
work/windows/Strings/Violin/ordinario/Vn-ord-D5-pp-4c-N_w000.wav,violin,D5,train,Strings/Violin/ordinario/Vn-ord-D5-pp-4c-N.wav,0.0,3.0,0.00354,0.1
work/windows/Strings/Violin/ordinario/Vn-ord-D6-ff-1c-T11d_w000.wav,violin,D6,val,Strings/Violin/ordinario/Vn-ord-D6-ff-1c-T11d.wav,0.0,3.0,0.02981,0.1
work/windows/Strings/Violin/ordinario/Vn-ord-D6-ff-2c-N_w000.wav,violin,D6,val,Strings/Violin/ordinario/Vn-ord-D6-ff-2c-N.wav,0.0,3.0,0.0232,0.1
work/windows/Strings/Violin/ordinario/Vn-ord-D6-mf-1c-T12d_w000.wav,violin,D6,val,Strings/Violin/ordinario/Vn-ord-D6-mf-1c-T12d.wav,0.0,3.0,0.01327,0.1
work/windows/Strings/Violin/ordinario/Vn-ord-D6-mf-2c-T12d_w000.wav,violin,D6,val,Strings/Violin/ordinario/Vn-ord-D6-mf-2c-T12d.wav,0.0,3.0,0.00434,0.1
work/windows/Strings/Violin/ordinario/Vn-ord-D6-pp-1c-N_w000.wav,violin,D6,val,Strings/Violin/ordinario/Vn-ord-D6-pp-1c-N.wav,0.0,3.0,0.00199,0.1
work/windows/Strings/Violin/ordinario/Vn-ord-D6-pp-2c-N_w000.wav,violin,D6,val,Strings/Violin/ordinario/Vn-ord-D6-pp-2c-N.wav,0.0,3.0,0.00099,0.1
work/windows/Strings/Violin/ordinario/Vn-ord-D7-ff-1c-T23d_w000.wav,violin,D7,test,Strings/Violin/ordinario/Vn-ord-D7-ff-1c-T23d.wav,0.0,3.0,0.0251,0.1
work/windows/Strings/Violin/ordinario/Vn-ord-D7-mf-1c-T22d_w000.wav,violin,D7,test,Strings/Violin/ordinario/Vn-ord-D7-mf-1c-T22d.wav,0.0,3.0,0.00576,0.1
work/windows/Strings/Violin/ordinario/Vn-ord-D7-pp-1c-T17d_w000.wav,violin,D7,test,Strings/Violin/ordinario/Vn-ord-D7-pp-1c-T17d.wav,0.0,3.0,0.00166,0.1
work/windows/Strings/Violin/ordinario/Vn-ord-E4-ff-3c-N_w000.wav,violin,E4,train,Strings/Violin/ordinario/Vn-ord-E4-ff-3c-N.wav,0.0,3.0,0.02452,0.1
work/windows/Strings/Violin/ordinario/Vn-ord-E4-ff-4c-N_w000.wav,violin,E4,train,Strings/Violin/ordinario/Vn-ord-E4-ff-4c-N.wav,0.0,3.0,0.0409,0.1
work/windows/Strings/Violin/ordinario/Vn-ord-E4-mf-3c-N_w000.wav,violin,E4,train,Strings/Violin/ordinario/Vn-ord-E4-mf-3c-N.wav,0.0,3.0,0.00791,0.1
work/windows/Strings/Violin/ordinario/Vn-ord-E4-mf-4c-N_w000.wav,violin,E4,train,Strings/Violin/ordinario/Vn-ord-E4-mf-4c-N.wav,0.0,3.0,0.01081,0.1
work/windows/Strings/Violin/ordinario/Vn-ord-E4-pp-3c-N_w000.wav,violin,E4,train,Strings/Violin/ordinario/Vn-ord-E4-pp-3c-N.wav,0.0,3.0,0.00236,0.1
work/windows/Strings/Violin/ordinario/Vn-ord-E4-pp-4c-N_w000.wav,violin,E4,train,Strings/Violin/ordinario/Vn-ord-E4-pp-4c-N.wav,0.0,3.0,0.00373,0.1
work/windows/Strings/Violin/ordinario/Vn-ord-E5-ff-1c-N_w000.wav,violin,E5,train,Strings/Violin/ordinario/Vn-ord-E5-ff-1c-N.wav,0.0,3.0,0.03411,0.1
work/windows/Strings/Violin/ordinario/Vn-ord-E5-ff-2c-N_w000.wav,violin,E5,train,Strings/Violin/ordinario/Vn-ord-E5-ff-2c-N.wav,0.0,3.0,0.01772,0.1
work/windows/Strings/Violin/ordinario/Vn-ord-E5-ff-3c-N_w000.wav,violin,E5,train,Strings/Violin/ordinario/Vn-ord-E5-ff-3c-N.wav,0.0,3.0,0.02709,0.1
work/windows/Strings/Violin/ordinario/Vn-ord-E5-ff-4c-N_w000.wav,violin,E5,train,Strings/Violin/ordinario/Vn-ord-E5-ff-4c-N.wav,0.0,3.0,0.02323,0.1
work/windows/Strings/Violin/ordinario/Vn-ord-E5-mf-1c-N_w000.wav,violin,E5,train,Strings/Violin/ordinario/Vn-ord-E5-mf-1c-N.wav,0.0,3.0,0.00769,0.1
work/windows/Strings/Violin/ordinario/Vn-ord-E5-mf-2c-N_w000.wav,violin,E5,train,Strings/Violin/ordinario/Vn-ord-E5-mf-2c-N.wav,0.0,3.0,0.00431,0.1
work/windows/Strings/Violin/ordinario/Vn-ord-E5-mf-3c-N_w000.wav,violin,E5,train,Strings/Violin/ordinario/Vn-ord-E5-mf-3c-N.wav,0.0,3.0,0.00841,0.1
work/windows/Strings/Violin/ordinario/Vn-ord-E5-mf-4c-N_w000.wav,violin,E5,train,Strings/Violin/ordinario/Vn-ord-E5-mf-4c-N.wav,0.0,3.0,0.00842,0.1
work/windows/Strings/Violin/ordinario/Vn-ord-E5-pp-1c-N_w000.wav,violin,E5,train,Strings/Violin/ordinario/Vn-ord-E5-pp-1c-N.wav,0.0,3.0,0.00191,0.1
work/windows/Strings/Violin/ordinario/Vn-ord-E5-pp-2c-N_w000.wav,violin,E5,train,Strings/Violin/ordinario/Vn-ord-E5-pp-2c-N.wav,0.0,3.0,0.00133,0.1
work/windows/Strings/Violin/ordinario/Vn-ord-E5-pp-3c-N_w000.wav,violin,E5,train,Strings/Violin/ordinario/Vn-ord-E5-pp-3c-N.wav,0.0,3.0,0.00146,0.1
work/windows/Strings/Violin/ordinario/Vn-ord-E5-pp-4c-N_w000.wav,violin,E5,train,Strings/Violin/ordinario/Vn-ord-E5-pp-4c-N.wav,0.0,3.0,0.0033,0.1
work/windows/Strings/Violin/ordinario/Vn-ord-E6-ff-1c-N_w000.wav,violin,E6,test,Strings/Violin/ordinario/Vn-ord-E6-ff-1c-N.wav,0.0,3.0,0.02827,0.1
work/windows/Strings/Violin/ordinario/Vn-ord-E6-ff-2c-N_w000.wav,violin,E6,test,Strings/Violin/ordinario/Vn-ord-E6-ff-2c-N.wav,0.0,3.0,0.03361,0.1
work/windows/Strings/Violin/ordinario/Vn-ord-E6-mf-1c-N_w000.wav,violin,E6,test,Strings/Violin/ordinario/Vn-ord-E6-mf-1c-N.wav,0.0,3.0,0.00547,0.1
work/windows/Strings/Violin/ordinario/Vn-ord-E6-mf-2c-N_w000.wav,violin,E6,test,Strings/Violin/ordinario/Vn-ord-E6-mf-2c-N.wav,0.0,3.0,0.00726,0.1
work/windows/Strings/Violin/ordinario/Vn-ord-E6-pp-1c-N_w000.wav,violin,E6,test,Strings/Violin/ordinario/Vn-ord-E6-pp-1c-N.wav,0.0,3.0,0.00152,0.1
work/windows/Strings/Violin/ordinario/Vn-ord-E6-pp-2c-N_w000.wav,violin,E6,test,Strings/Violin/ordinario/Vn-ord-E6-pp-2c-N.wav,0.0,3.0,0.00235,0.1
work/windows/Strings/Violin/ordinario/Vn-ord-E7-ff-1c-N_w000.wav,violin,E7,test,Strings/Violin/ordinario/Vn-ord-E7-ff-1c-N.wav,0.0,3.0,0.02926,0.1
work/windows/Strings/Violin/ordinario/Vn-ord-E7-mf-1c-T22d_w000.wav,violin,E7,test,Strings/Violin/ordinario/Vn-ord-E7-mf-1c-T22d.wav,0.0,3.0,0.00833,0.1
work/windows/Strings/Violin/ordinario/Vn-ord-E7-pp-1c-T21d_w000.wav,violin,E7,test,Strings/Violin/ordinario/Vn-ord-E7-pp-1c-T21d.wav,0.0,3.0,0.00162,0.1
work/windows/Strings/Violin/ordinario/Vn-ord-F#4-ff-3c-T10u_w000.wav,violin,F#4,test,Strings/Violin/ordinario/Vn-ord-F#4-ff-3c-T10u.wav,0.0,3.0,0.02344,0.1
work/windows/Strings/Violin/ordinario/Vn-ord-F#4-ff-4c-N_w000.wav,violin,F#4,test,Strings/Violin/ordinario/Vn-ord-F#4-ff-4c-N.wav,0.0,3.0,0.03548,0.1
work/windows/Strings/Violin/ordinario/Vn-ord-F#4-mf-3c-N_w000.wav,violin,F#4,test,Strings/Violin/ordinario/Vn-ord-F#4-mf-3c-N.wav,0.0,3.0,0.00756,0.1
work/windows/Strings/Violin/ordinario/Vn-ord-F#4-mf-4c-N_w000.wav,violin,F#4,test,Strings/Violin/ordinario/Vn-ord-F#4-mf-4c-N.wav,0.0,3.0,0.00884,0.1
work/windows/Strings/Violin/ordinario/Vn-ord-F#4-pp-3c-N_w000.wav,violin,F#4,test,Strings/Violin/ordinario/Vn-ord-F#4-pp-3c-N.wav,0.0,3.0,0.00211,0.1
work/windows/Strings/Violin/ordinario/Vn-ord-F#4-pp-4c-N_w000.wav,violin,F#4,test,Strings/Violin/ordinario/Vn-ord-F#4-pp-4c-N.wav,0.0,3.0,0.00273,0.1
work/windows/Strings/Violin/ordinario/Vn-ord-F#5-ff-1c-N_w000.wav,violin,F#5,train,Strings/Violin/ordinario/Vn-ord-F#5-ff-1c-N.wav,0.0,3.0,0.04548,0.1
work/windows/Strings/Violin/ordinario/Vn-ord-F#5-ff-2c-N_w000.wav,violin,F#5,train,Strings/Violin/ordinario/Vn-ord-F#5-ff-2c-N.wav,0.0,3.0,0.03163,0.1
work/windows/Strings/Violin/ordinario/Vn-ord-F#5-ff-3c-N_w000.wav,violin,F#5,train,Strings/Violin/ordinario/Vn-ord-F#5-ff-3c-N.wav,0.0,3.0,0.03468,0.1
work/windows/Strings/Violin/ordinario/Vn-ord-F#5-mf-1c-N_w000.wav,violin,F#5,train,Strings/Violin/ordinario/Vn-ord-F#5-mf-1c-N.wav,0.0,3.0,0.01199,0.1
work/windows/Strings/Violin/ordinario/Vn-ord-F#5-mf-2c-N_w000.wav,violin,F#5,train,Strings/Violin/ordinario/Vn-ord-F#5-mf-2c-N.wav,0.0,3.0,0.0074,0.1
work/windows/Strings/Violin/ordinario/Vn-ord-F#5-mf-3c-N_w000.wav,violin,F#5,train,Strings/Violin/ordinario/Vn-ord-F#5-mf-3c-N.wav,0.0,3.0,0.01049,0.1
work/windows/Strings/Violin/ordinario/Vn-ord-F#5-pp-1c-N_w000.wav,violin,F#5,train,Strings/Violin/ordinario/Vn-ord-F#5-pp-1c-N.wav,0.0,3.0,0.0022,0.1
work/windows/Strings/Violin/ordinario/Vn-ord-F#5-pp-2c-N_w000.wav,violin,F#5,train,Strings/Violin/ordinario/Vn-ord-F#5-pp-2c-N.wav,0.0,3.0,0.00156,0.1
work/windows/Strings/Violin/ordinario/Vn-ord-F#5-pp-3c-N_w000.wav,violin,F#5,train,Strings/Violin/ordinario/Vn-ord-F#5-pp-3c-N.wav,0.0,3.0,0.00272,0.1
work/windows/Strings/Violin/ordinario/Vn-ord-F#6-ff-1c-T12d_w000.wav,violin,F#6,train,Strings/Violin/ordinario/Vn-ord-F#6-ff-1c-T12d.wav,0.0,3.0,0.04474,0.1
work/windows/Strings/Violin/ordinario/Vn-ord-F#6-ff-2c-T16d_w000.wav,violin,F#6,train,Strings/Violin/ordinario/Vn-ord-F#6-ff-2c-T16d.wav,0.0,3.0,0.04848,0.1
work/windows/Strings/Violin/ordinario/Vn-ord-F#6-mf-1c-T10d_w000.wav,violin,F#6,train,Strings/Violin/ordinario/Vn-ord-F#6-mf-1c-T10d.wav,0.0,3.0,0.01089,0.1
work/windows/Strings/Violin/ordinario/Vn-ord-F#6-mf-2c-T11d_w000.wav,violin,F#6,train,Strings/Violin/ordinario/Vn-ord-F#6-mf-2c-T11d.wav,0.0,3.0,0.01311,0.1
work/windows/Strings/Violin/ordinario/Vn-ord-F#6-pp-1c-T12d_w000.wav,violin,F#6,train,Strings/Violin/ordinario/Vn-ord-F#6-pp-1c-T12d.wav,0.0,3.0,0.00318,0.1
work/windows/Strings/Violin/ordinario/Vn-ord-F#6-pp-2c-N_w000.wav,violin,F#6,train,Strings/Violin/ordinario/Vn-ord-F#6-pp-2c-N.wav,0.0,3.0,0.00316,0.1
work/windows/Strings/Violin/ordinario/Vn-ord-F4-ff-3c-N_w000.wav,violin,F4,test,Strings/Violin/ordinario/Vn-ord-F4-ff-3c-N.wav,0.0,3.0,0.02345,0.1
work/windows/Strings/Violin/ordinario/Vn-ord-F4-ff-4c-T11u_w000.wav,violin,F4,test,Strings/Violin/ordinario/Vn-ord-F4-ff-4c-T11u.wav,0.0,3.0,0.0281,0.1
work/windows/Strings/Violin/ordinario/Vn-ord-F4-mf-3c-N_w000.wav,violin,F4,test,Strings/Violin/ordinario/Vn-ord-F4-mf-3c-N.wav,0.0,3.0,0.00656,0.1
work/windows/Strings/Violin/ordinario/Vn-ord-F4-mf-4c-N_w000.wav,violin,F4,test,Strings/Violin/ordinario/Vn-ord-F4-mf-4c-N.wav,0.0,3.0,0.01201,0.1
work/windows/Strings/Violin/ordinario/Vn-ord-F4-pp-3c-N_w000.wav,violin,F4,test,Strings/Violin/ordinario/Vn-ord-F4-pp-3c-N.wav,0.0,3.0,0.00179,0.1
work/windows/Strings/Violin/ordinario/Vn-ord-F4-pp-4c-N_w000.wav,violin,F4,test,Strings/Violin/ordinario/Vn-ord-F4-pp-4c-N.wav,0.0,3.0,0.0032,0.1
work/windows/Strings/Violin/ordinario/Vn-ord-F5-ff-1c-N_w000.wav,violin,F5,train,Strings/Violin/ordinario/Vn-ord-F5-ff-1c-N.wav,0.0,3.0,0.03455,0.1
work/windows/Strings/Violin/ordinario/Vn-ord-F5-ff-2c-N_w000.wav,violin,F5,train,Strings/Violin/ordinario/Vn-ord-F5-ff-2c-N.wav,0.0,3.0,0.02896,0.1
work/windows/Strings/Violin/ordinario/Vn-ord-F5-ff-3c-T15u_w000.wav,violin,F5,train,Strings/Violin/ordinario/Vn-ord-F5-ff-3c-T15u.wav,0.0,3.0,0.0263,0.1
work/windows/Strings/Violin/ordinario/Vn-ord-F5-mf-1c-N_w000.wav,violin,F5,train,Strings/Violin/ordinario/Vn-ord-F5-mf-1c-N.wav,0.0,3.0,0.00931,0.1
work/windows/Strings/Violin/ordinario/Vn-ord-F5-mf-2c-N_w000.wav,violin,F5,train,Strings/Violin/ordinario/Vn-ord-F5-mf-2c-N.wav,0.0,3.0,0.01014,0.1
work/windows/Strings/Violin/ordinario/Vn-ord-F5-mf-3c-N_w000.wav,violin,F5,train,Strings/Violin/ordinario/Vn-ord-F5-mf-3c-N.wav,0.0,3.0,0.00687,0.1
work/windows/Strings/Violin/ordinario/Vn-ord-F5-pp-1c-N_w000.wav,violin,F5,train,Strings/Violin/ordinario/Vn-ord-F5-pp-1c-N.wav,0.0,3.0,0.00245,0.1
work/windows/Strings/Violin/ordinario/Vn-ord-F5-pp-2c-N_w000.wav,violin,F5,train,Strings/Violin/ordinario/Vn-ord-F5-pp-2c-N.wav,0.0,3.0,0.00277,0.1
work/windows/Strings/Violin/ordinario/Vn-ord-F5-pp-3c-N_w000.wav,violin,F5,train,Strings/Violin/ordinario/Vn-ord-F5-pp-3c-N.wav,0.0,3.0,0.0025,0.1
work/windows/Strings/Violin/ordinario/Vn-ord-F6-ff-1c-N_w000.wav,violin,F6,val,Strings/Violin/ordinario/Vn-ord-F6-ff-1c-N.wav,0.0,3.0,0.03881,0.1
work/windows/Strings/Violin/ordinario/Vn-ord-F6-ff-2c-T20d_w000.wav,violin,F6,val,Strings/Violin/ordinario/Vn-ord-F6-ff-2c-T20d.wav,0.0,3.0,0.03575,0.1
work/windows/Strings/Violin/ordinario/Vn-ord-F6-mf-1c-N_w000.wav,violin,F6,val,Strings/Violin/ordinario/Vn-ord-F6-mf-1c-N.wav,0.0,3.0,0.01045,0.1
work/windows/Strings/Violin/ordinario/Vn-ord-F6-mf-2c-T17d_w000.wav,violin,F6,val,Strings/Violin/ordinario/Vn-ord-F6-mf-2c-T17d.wav,0.0,3.0,0.00779,0.1
work/windows/Strings/Violin/ordinario/Vn-ord-F6-pp-1c-N_w000.wav,violin,F6,val,Strings/Violin/ordinario/Vn-ord-F6-pp-1c-N.wav,0.0,3.0,0.00265,0.1
work/windows/Strings/Violin/ordinario/Vn-ord-F6-pp-2c-N_w000.wav,violin,F6,val,Strings/Violin/ordinario/Vn-ord-F6-pp-2c-N.wav,0.0,3.0,0.00201,0.1
work/windows/Strings/Violin/ordinario/Vn-ord-G#3-ff-4c-T16u_w000.wav,violin,G#3,test,Strings/Violin/ordinario/Vn-ord-G#3-ff-4c-T16u.wav,0.0,3.0,0.02979,0.1
work/windows/Strings/Violin/ordinario/Vn-ord-G#3-mf-4c-T13u_w000.wav,violin,G#3,test,Strings/Violin/ordinario/Vn-ord-G#3-mf-4c-T13u.wav,0.0,3.0,0.00738,0.1
work/windows/Strings/Violin/ordinario/Vn-ord-G#3-pp-4c-T15u_w000.wav,violin,G#3,test,Strings/Violin/ordinario/Vn-ord-G#3-pp-4c-T15u.wav,0.0,3.0,0.00219,0.1
work/windows/Strings/Violin/ordinario/Vn-ord-G#4-ff-3c-N_w000.wav,violin,G#4,test,Strings/Violin/ordinario/Vn-ord-G#4-ff-3c-N.wav,0.0,3.0,0.02402,0.1
work/windows/Strings/Violin/ordinario/Vn-ord-G#4-ff-4c-N_w000.wav,violin,G#4,test,Strings/Violin/ordinario/Vn-ord-G#4-ff-4c-N.wav,0.0,3.0,0.03329,0.1
work/windows/Strings/Violin/ordinario/Vn-ord-G#4-mf-3c-N_w000.wav,violin,G#4,test,Strings/Violin/ordinario/Vn-ord-G#4-mf-3c-N.wav,0.0,3.0,0.00913,0.1
work/windows/Strings/Violin/ordinario/Vn-ord-G#4-mf-4c-N_w000.wav,violin,G#4,test,Strings/Violin/ordinario/Vn-ord-G#4-mf-4c-N.wav,0.0,3.0,0.01493,0.1
work/windows/Strings/Violin/ordinario/Vn-ord-G#4-pp-3c-N_w000.wav,violin,G#4,test,Strings/Violin/ordinario/Vn-ord-G#4-pp-3c-N.wav,0.0,3.0,0.00386,0.1
work/windows/Strings/Violin/ordinario/Vn-ord-G#4-pp-4c-N_w000.wav,violin,G#4,test,Strings/Violin/ordinario/Vn-ord-G#4-pp-4c-N.wav,0.0,3.0,0.00461,0.1
work/windows/Strings/Violin/ordinario/Vn-ord-G#5-ff-1c-N_w000.wav,violin,G#5,train,Strings/Violin/ordinario/Vn-ord-G#5-ff-1c-N.wav,0.0,3.0,0.051,0.1
work/windows/Strings/Violin/ordinario/Vn-ord-G#5-ff-2c-N_w000.wav,violin,G#5,train,Strings/Violin/ordinario/Vn-ord-G#5-ff-2c-N.wav,0.0,3.0,0.02692,0.1
work/windows/Strings/Violin/ordinario/Vn-ord-G#5-ff-3c-N_w000.wav,violin,G#5,train,Strings/Violin/ordinario/Vn-ord-G#5-ff-3c-N.wav,0.0,3.0,0.03122,0.1
work/windows/Strings/Violin/ordinario/Vn-ord-G#5-mf-1c-N_w000.wav,violin,G#5,train,Strings/Violin/ordinario/Vn-ord-G#5-mf-1c-N.wav,0.0,3.0,0.01268,0.1
work/windows/Strings/Violin/ordinario/Vn-ord-G#5-mf-2c-N_w000.wav,violin,G#5,train,Strings/Violin/ordinario/Vn-ord-G#5-mf-2c-N.wav,0.0,3.0,0.00823,0.1
work/windows/Strings/Violin/ordinario/Vn-ord-G#5-mf-3c-N_w000.wav,violin,G#5,train,Strings/Violin/ordinario/Vn-ord-G#5-mf-3c-N.wav,0.0,3.0,0.00997,0.1
work/windows/Strings/Violin/ordinario/Vn-ord-G#5-pp-1c-N_w000.wav,violin,G#5,train,Strings/Violin/ordinario/Vn-ord-G#5-pp-1c-N.wav,0.0,3.0,0.00279,0.1
work/windows/Strings/Violin/ordinario/Vn-ord-G#5-pp-2c-N_w000.wav,violin,G#5,train,Strings/Violin/ordinario/Vn-ord-G#5-pp-2c-N.wav,0.0,3.0,0.0024,0.1
work/windows/Strings/Violin/ordinario/Vn-ord-G#5-pp-3c-N_w000.wav,violin,G#5,train,Strings/Violin/ordinario/Vn-ord-G#5-pp-3c-N.wav,0.0,3.0,0.0028,0.1
work/windows/Strings/Violin/ordinario/Vn-ord-G#6-ff-1c-T24d_w000.wav,violin,G#6,train,Strings/Violin/ordinario/Vn-ord-G#6-ff-1c-T24d.wav,0.0,3.0,0.06819,0.1
work/windows/Strings/Violin/ordinario/Vn-ord-G#6-ff-2c-T14d_w000.wav,violin,G#6,train,Strings/Violin/ordinario/Vn-ord-G#6-ff-2c-T14d.wav,0.0,3.0,0.02772,0.1
work/windows/Strings/Violin/ordinario/Vn-ord-G#6-mf-1c-T11d_R100d_w000.wav,violin,G#6,train,Strings/Violin/ordinario/Vn-ord-G#6-mf-1c-T11d_R100d.wav,0.0,3.0,0.00955,0.1
work/windows/Strings/Violin/ordinario/Vn-ord-G#6-mf-2c-T21d_w000.wav,violin,G#6,train,Strings/Violin/ordinario/Vn-ord-G#6-mf-2c-T21d.wav,0.0,3.0,0.0069,0.1
work/windows/Strings/Violin/ordinario/Vn-ord-G#6-pp-1c-N_w000.wav,violin,G#6,train,Strings/Violin/ordinario/Vn-ord-G#6-pp-1c-N.wav,0.0,3.0,0.00255,0.1
work/windows/Strings/Violin/ordinario/Vn-ord-G#6-pp-2c-N_w000.wav,violin,G#6,train,Strings/Violin/ordinario/Vn-ord-G#6-pp-2c-N.wav,0.0,3.0,0.00147,0.1
work/windows/Strings/Violin/ordinario/Vn-ord-G3-ff-4c-N_w000.wav,violin,G3,val,Strings/Violin/ordinario/Vn-ord-G3-ff-4c-N.wav,0.0,3.0,0.03123,0.1
work/windows/Strings/Violin/ordinario/Vn-ord-G3-mf-4c-N_w000.wav,violin,G3,val,Strings/Violin/ordinario/Vn-ord-G3-mf-4c-N.wav,0.0,3.0,0.00598,0.1
work/windows/Strings/Violin/ordinario/Vn-ord-G3-pp-4c-N_w000.wav,violin,G3,val,Strings/Violin/ordinario/Vn-ord-G3-pp-4c-N.wav,0.0,3.0,0.00245,0.1
work/windows/Strings/Violin/ordinario/Vn-ord-G4-ff-3c-N_w000.wav,violin,G4,train,Strings/Violin/ordinario/Vn-ord-G4-ff-3c-N.wav,0.0,3.0,0.02181,0.1
work/windows/Strings/Violin/ordinario/Vn-ord-G4-ff-4c-N_w000.wav,violin,G4,train,Strings/Violin/ordinario/Vn-ord-G4-ff-4c-N.wav,0.0,3.0,0.03681,0.1
work/windows/Strings/Violin/ordinario/Vn-ord-G4-mf-3c-N_w000.wav,violin,G4,train,Strings/Violin/ordinario/Vn-ord-G4-mf-3c-N.wav,0.0,3.0,0.00668,0.1
work/windows/Strings/Violin/ordinario/Vn-ord-G4-mf-4c-N_w000.wav,violin,G4,train,Strings/Violin/ordinario/Vn-ord-G4-mf-4c-N.wav,0.0,3.0,0.00957,0.1
work/windows/Strings/Violin/ordinario/Vn-ord-G4-pp-3c-N_w000.wav,violin,G4,train,Strings/Violin/ordinario/Vn-ord-G4-pp-3c-N.wav,0.0,3.0,0.00222,0.1
work/windows/Strings/Violin/ordinario/Vn-ord-G4-pp-4c-N_w000.wav,violin,G4,train,Strings/Violin/ordinario/Vn-ord-G4-pp-4c-N.wav,0.0,3.0,0.00279,0.1
work/windows/Strings/Violin/ordinario/Vn-ord-G5-ff-1c-T11d_w000.wav,violin,G5,train,Strings/Violin/ordinario/Vn-ord-G5-ff-1c-T11d.wav,0.0,3.0,0.03565,0.1
work/windows/Strings/Violin/ordinario/Vn-ord-G5-ff-2c-N_w000.wav,violin,G5,train,Strings/Violin/ordinario/Vn-ord-G5-ff-2c-N.wav,0.0,3.0,0.02068,0.1
work/windows/Strings/Violin/ordinario/Vn-ord-G5-ff-3c-N_w000.wav,violin,G5,train,Strings/Violin/ordinario/Vn-ord-G5-ff-3c-N.wav,0.0,3.0,0.02368,0.1
work/windows/Strings/Violin/ordinario/Vn-ord-G5-mf-1c-N_w000.wav,violin,G5,train,Strings/Violin/ordinario/Vn-ord-G5-mf-1c-N.wav,0.0,3.0,0.00807,0.1
work/windows/Strings/Violin/ordinario/Vn-ord-G5-mf-2c-N_w000.wav,violin,G5,train,Strings/Violin/ordinario/Vn-ord-G5-mf-2c-N.wav,0.0,3.0,0.00499,0.1
work/windows/Strings/Violin/ordinario/Vn-ord-G5-mf-3c-N_w000.wav,violin,G5,train,Strings/Violin/ordinario/Vn-ord-G5-mf-3c-N.wav,0.0,3.0,0.00502,0.1
work/windows/Strings/Violin/ordinario/Vn-ord-G5-pp-1c-N_w000.wav,violin,G5,train,Strings/Violin/ordinario/Vn-ord-G5-pp-1c-N.wav,0.0,3.0,0.00239,0.1
work/windows/Strings/Violin/ordinario/Vn-ord-G5-pp-2c-N_w000.wav,violin,G5,train,Strings/Violin/ordinario/Vn-ord-G5-pp-2c-N.wav,0.0,3.0,0.00115,0.1
work/windows/Strings/Violin/ordinario/Vn-ord-G5-pp-3c-N_w000.wav,violin,G5,train,Strings/Violin/ordinario/Vn-ord-G5-pp-3c-N.wav,0.0,3.0,0.00166,0.1
work/windows/Strings/Violin/ordinario/Vn-ord-G6-ff-1c-T12d_R100u_w000.wav,violin,G6,val,Strings/Violin/ordinario/Vn-ord-G6-ff-1c-T12d_R100u.wav,0.0,3.0,0.04401,0.1
work/windows/Strings/Violin/ordinario/Vn-ord-G6-ff-2c-T12d_w000.wav,violin,G6,val,Strings/Violin/ordinario/Vn-ord-G6-ff-2c-T12d.wav,0.0,3.0,0.03275,0.1
work/windows/Strings/Violin/ordinario/Vn-ord-G6-mf-1c-T15d_w000.wav,violin,G6,val,Strings/Violin/ordinario/Vn-ord-G6-mf-1c-T15d.wav,0.0,3.0,0.00542,0.1
work/windows/Strings/Violin/ordinario/Vn-ord-G6-mf-2c-T12d_w000.wav,violin,G6,val,Strings/Violin/ordinario/Vn-ord-G6-mf-2c-T12d.wav,0.0,3.0,0.00923,0.1
work/windows/Strings/Violin/ordinario/Vn-ord-G6-pp-1c-T12d_w000.wav,violin,G6,val,Strings/Violin/ordinario/Vn-ord-G6-pp-1c-T12d.wav,0.0,3.0,0.00211,0.1
work/windows/Strings/Violin/ordinario/Vn-ord-G6-pp-2c-N_w000.wav,violin,G6,val,Strings/Violin/ordinario/Vn-ord-G6-pp-2c-N.wav,0.0,3.0,0.00201,0.1
work/windows/Strings/Violoncello/ordinario/Vc-ord-A#2-ff-3c-N_w000.wav,cello,A#2,test,Strings/Violoncello/ordinario/Vc-ord-A#2-ff-3c-N.wav,0.0,3.0,0.04329,0.1
work/windows/Strings/Violoncello/ordinario/Vc-ord-A#2-ff-4c-N_w000.wav,cello,A#2,test,Strings/Violoncello/ordinario/Vc-ord-A#2-ff-4c-N.wav,0.0,3.0,0.06792,0.1
work/windows/Strings/Violoncello/ordinario/Vc-ord-A#2-mf-3c-T13u_w000.wav,cello,A#2,test,Strings/Violoncello/ordinario/Vc-ord-A#2-mf-3c-T13u.wav,0.0,3.0,0.01355,0.1
work/windows/Strings/Violoncello/ordinario/Vc-ord-A#2-mf-4c-N_w000.wav,cello,A#2,test,Strings/Violoncello/ordinario/Vc-ord-A#2-mf-4c-N.wav,0.0,3.0,0.02504,0.1
work/windows/Strings/Violoncello/ordinario/Vc-ord-A#2-pp-3c-N_w000.wav,cello,A#2,test,Strings/Violoncello/ordinario/Vc-ord-A#2-pp-3c-N.wav,0.0,3.0,0.00536,0.1
work/windows/Strings/Violoncello/ordinario/Vc-ord-A#2-pp-4c-N_w000.wav,cello,A#2,test,Strings/Violoncello/ordinario/Vc-ord-A#2-pp-4c-N.wav,0.0,3.0,0.00756,0.1
work/windows/Strings/Violoncello/ordinario/Vc-ord-A#3-ff-1c-N_w000.wav,cello,A#3,train,Strings/Violoncello/ordinario/Vc-ord-A#3-ff-1c-N.wav,0.0,3.0,0.03611,0.1
work/windows/Strings/Violoncello/ordinario/Vc-ord-A#3-ff-2c-T12u_w000.wav,cello,A#3,train,Strings/Violoncello/ordinario/Vc-ord-A#3-ff-2c-T12u.wav,0.0,3.0,0.02967,0.1
work/windows/Strings/Violoncello/ordinario/Vc-ord-A#3-ff-3c-N_w000.wav,cello,A#3,train,Strings/Violoncello/ordinario/Vc-ord-A#3-ff-3c-N.wav,0.0,3.0,0.0542,0.1
work/windows/Strings/Violoncello/ordinario/Vc-ord-A#3-ff-4c-N_w000.wav,cello,A#3,train,Strings/Violoncello/ordinario/Vc-ord-A#3-ff-4c-N.wav,0.0,3.0,0.04753,0.1
work/windows/Strings/Violoncello/ordinario/Vc-ord-A#3-mf-1c-N_w000.wav,cello,A#3,train,Strings/Violoncello/ordinario/Vc-ord-A#3-mf-1c-N.wav,0.0,3.0,0.01129,0.1
work/windows/Strings/Violoncello/ordinario/Vc-ord-A#3-mf-2c-T12u_w000.wav,cello,A#3,train,Strings/Violoncello/ordinario/Vc-ord-A#3-mf-2c-T12u.wav,0.0,3.0,0.01112,0.1
work/windows/Strings/Violoncello/ordinario/Vc-ord-A#3-mf-3c-T16d_R100u_w000.wav,cello,A#3,train,Strings/Violoncello/ordinario/Vc-ord-A#3-mf-3c-T16d_R100u.wav,0.0,3.0,0.01263,0.1
work/windows/Strings/Violoncello/ordinario/Vc-ord-A#3-mf-4c-N_w000.wav,cello,A#3,train,Strings/Violoncello/ordinario/Vc-ord-A#3-mf-4c-N.wav,0.0,3.0,0.01771,0.1
work/windows/Strings/Violoncello/ordinario/Vc-ord-A#3-pp-1c-N_w000.wav,cello,A#3,train,Strings/Violoncello/ordinario/Vc-ord-A#3-pp-1c-N.wav,0.0,3.0,0.00237,0.1
work/windows/Strings/Violoncello/ordinario/Vc-ord-A#3-pp-2c-T12u_w000.wav,cello,A#3,train,Strings/Violoncello/ordinario/Vc-ord-A#3-pp-2c-T12u.wav,0.0,3.0,0.0035,0.1
work/windows/Strings/Violoncello/ordinario/Vc-ord-A#3-pp-3c-N_w000.wav,cello,A#3,train,Strings/Violoncello/ordinario/Vc-ord-A#3-pp-3c-N.wav,0.0,3.0,0.00683,0.1
work/windows/Strings/Violoncello/ordinario/Vc-ord-A#3-pp-4c-N_w000.wav,cello,A#3,train,Strings/Violoncello/ordinario/Vc-ord-A#3-pp-4c-N.wav,0.0,3.0,0.00704,0.1
work/windows/Strings/Violoncello/ordinario/Vc-ord-A#4-ff-1c-N_w000.wav,cello,A#4,train,Strings/Violoncello/ordinario/Vc-ord-A#4-ff-1c-N.wav,0.0,3.0,0.03601,0.1
work/windows/Strings/Violoncello/ordinario/Vc-ord-A#4-ff-2c-N_w000.wav,cello,A#4,train,Strings/Violoncello/ordinario/Vc-ord-A#4-ff-2c-N.wav,0.0,3.0,0.01974,0.1
work/windows/Strings/Violoncello/ordinario/Vc-ord-A#4-mf-1c-N_w000.wav,cello,A#4,train,Strings/Violoncello/ordinario/Vc-ord-A#4-mf-1c-N.wav,0.0,3.0,0.01482,0.1
work/windows/Strings/Violoncello/ordinario/Vc-ord-A#4-mf-2c-N_w000.wav,cello,A#4,train,Strings/Violoncello/ordinario/Vc-ord-A#4-mf-2c-N.wav,0.0,3.0,0.00709,0.1
work/windows/Strings/Violoncello/ordinario/Vc-ord-A#4-pp-1c-N_w000.wav,cello,A#4,train,Strings/Violoncello/ordinario/Vc-ord-A#4-pp-1c-N.wav,0.0,3.0,0.00436,0.1
work/windows/Strings/Violoncello/ordinario/Vc-ord-A#4-pp-2c-N_w000.wav,cello,A#4,train,Strings/Violoncello/ordinario/Vc-ord-A#4-pp-2c-N.wav,0.0,3.0,0.00296,0.1
work/windows/Strings/Violoncello/ordinario/Vc-ord-A#5-ff-1c-N_w000.wav,cello,A#5,val,Strings/Violoncello/ordinario/Vc-ord-A#5-ff-1c-N.wav,0.0,3.0,0.03562,0.1
work/windows/Strings/Violoncello/ordinario/Vc-ord-A#5-mf-1c-N_w000.wav,cello,A#5,val,Strings/Violoncello/ordinario/Vc-ord-A#5-mf-1c-N.wav,0.0,3.0,0.01323,0.1
work/windows/Strings/Violoncello/ordinario/Vc-ord-A#5-pp-1c-N_w000.wav,cello,A#5,val,Strings/Violoncello/ordinario/Vc-ord-A#5-pp-1c-N.wav,0.0,3.0,0.00394,0.1
work/windows/Strings/Violoncello/ordinario/Vc-ord-A2-ff-3c-T19d_w000.wav,cello,A2,val,Strings/Violoncello/ordinario/Vc-ord-A2-ff-3c-T19d.wav,0.0,3.0,0.05781,0.1
work/windows/Strings/Violoncello/ordinario/Vc-ord-A2-ff-4c-N_w000.wav,cello,A2,val,Strings/Violoncello/ordinario/Vc-ord-A2-ff-4c-N.wav,0.0,3.0,0.07372,0.1
work/windows/Strings/Violoncello/ordinario/Vc-ord-A2-mf-3c-N_w000.wav,cello,A2,val,Strings/Violoncello/ordinario/Vc-ord-A2-mf-3c-N.wav,0.0,3.0,0.01686,0.1
work/windows/Strings/Violoncello/ordinario/Vc-ord-A2-mf-4c-N_w000.wav,cello,A2,val,Strings/Violoncello/ordinario/Vc-ord-A2-mf-4c-N.wav,0.0,3.0,0.02135,0.1
work/windows/Strings/Violoncello/ordinario/Vc-ord-A2-pp-3c-N_w000.wav,cello,A2,val,Strings/Violoncello/ordinario/Vc-ord-A2-pp-3c-N.wav,0.0,3.0,0.00566,0.1
work/windows/Strings/Violoncello/ordinario/Vc-ord-A2-pp-4c-N_w000.wav,cello,A2,val,Strings/Violoncello/ordinario/Vc-ord-A2-pp-4c-N.wav,0.0,3.0,0.00777,0.1
work/windows/Strings/Violoncello/ordinario/Vc-ord-A3-ff-1c-N_w000.wav,cello,A3,train,Strings/Violoncello/ordinario/Vc-ord-A3-ff-1c-N.wav,0.0,3.0,0.04001,0.1
work/windows/Strings/Violoncello/ordinario/Vc-ord-A3-ff-2c-N_w000.wav,cello,A3,train,Strings/Violoncello/ordinario/Vc-ord-A3-ff-2c-N.wav,0.0,3.0,0.03803,0.1
work/windows/Strings/Violoncello/ordinario/Vc-ord-A3-ff-3c-T21d_w000.wav,cello,A3,train,Strings/Violoncello/ordinario/Vc-ord-A3-ff-3c-T21d.wav,0.0,3.0,0.03994,0.1
work/windows/Strings/Violoncello/ordinario/Vc-ord-A3-ff-4c-N_w000.wav,cello,A3,train,Strings/Violoncello/ordinario/Vc-ord-A3-ff-4c-N.wav,0.0,3.0,0.05676,0.1
work/windows/Strings/Violoncello/ordinario/Vc-ord-A3-mf-1c-N_w000.wav,cello,A3,train,Strings/Violoncello/ordinario/Vc-ord-A3-mf-1c-N.wav,0.0,3.0,0.01219,0.1
work/windows/Strings/Violoncello/ordinario/Vc-ord-A3-mf-2c-N_w000.wav,cello,A3,train,Strings/Violoncello/ordinario/Vc-ord-A3-mf-2c-N.wav,0.0,3.0,0.01354,0.1
work/windows/Strings/Violoncello/ordinario/Vc-ord-A3-mf-3c-T16d_w000.wav,cello,A3,train,Strings/Violoncello/ordinario/Vc-ord-A3-mf-3c-T16d.wav,0.0,3.0,0.01249,0.1
work/windows/Strings/Violoncello/ordinario/Vc-ord-A3-mf-4c-N_w000.wav,cello,A3,train,Strings/Violoncello/ordinario/Vc-ord-A3-mf-4c-N.wav,0.0,3.0,0.02133,0.1
work/windows/Strings/Violoncello/ordinario/Vc-ord-A3-pp-1c-N_w000.wav,cello,A3,train,Strings/Violoncello/ordinario/Vc-ord-A3-pp-1c-N.wav,0.0,3.0,0.00254,0.1
work/windows/Strings/Violoncello/ordinario/Vc-ord-A3-pp-2c-N_w000.wav,cello,A3,train,Strings/Violoncello/ordinario/Vc-ord-A3-pp-2c-N.wav,0.0,3.0,0.00365,0.1
work/windows/Strings/Violoncello/ordinario/Vc-ord-A3-pp-3c-N_w000.wav,cello,A3,train,Strings/Violoncello/ordinario/Vc-ord-A3-pp-3c-N.wav,0.0,3.0,0.00543,0.1
work/windows/Strings/Violoncello/ordinario/Vc-ord-A3-pp-4c-N_w000.wav,cello,A3,train,Strings/Violoncello/ordinario/Vc-ord-A3-pp-4c-N.wav,0.0,3.0,0.00577,0.1
work/windows/Strings/Violoncello/ordinario/Vc-ord-A4-ff-1c-N_w000.wav,cello,A4,val,Strings/Violoncello/ordinario/Vc-ord-A4-ff-1c-N.wav,0.0,3.0,0.02452,0.1
work/windows/Strings/Violoncello/ordinario/Vc-ord-A4-ff-2c-N_w000.wav,cello,A4,val,Strings/Violoncello/ordinario/Vc-ord-A4-ff-2c-N.wav,0.0,3.0,0.02839,0.1
work/windows/Strings/Violoncello/ordinario/Vc-ord-A4-mf-1c-N_w000.wav,cello,A4,val,Strings/Violoncello/ordinario/Vc-ord-A4-mf-1c-N.wav,0.0,3.0,0.00766,0.1
work/windows/Strings/Violoncello/ordinario/Vc-ord-A4-mf-2c-N_w000.wav,cello,A4,val,Strings/Violoncello/ordinario/Vc-ord-A4-mf-2c-N.wav,0.0,3.0,0.00835,0.1
work/windows/Strings/Violoncello/ordinario/Vc-ord-A4-pp-1c-N_w000.wav,cello,A4,val,Strings/Violoncello/ordinario/Vc-ord-A4-pp-1c-N.wav,0.0,3.0,0.00198,0.1
work/windows/Strings/Violoncello/ordinario/Vc-ord-A4-pp-2c-N_w000.wav,cello,A4,val,Strings/Violoncello/ordinario/Vc-ord-A4-pp-2c-N.wav,0.0,3.0,0.00217,0.1
work/windows/Strings/Violoncello/ordinario/Vc-ord-A5-ff-1c-T13d_w000.wav,cello,A5,val,Strings/Violoncello/ordinario/Vc-ord-A5-ff-1c-T13d.wav,0.0,3.0,0.01855,0.1
work/windows/Strings/Violoncello/ordinario/Vc-ord-A5-mf-1c-N_w000.wav,cello,A5,val,Strings/Violoncello/ordinario/Vc-ord-A5-mf-1c-N.wav,0.0,3.0,0.00752,0.1
work/windows/Strings/Violoncello/ordinario/Vc-ord-A5-pp-1c-N_w000.wav,cello,A5,val,Strings/Violoncello/ordinario/Vc-ord-A5-pp-1c-N.wav,0.0,3.0,0.00148,0.1
work/windows/Strings/Violoncello/ordinario/Vc-ord-B2-ff-3c-N_w000.wav,cello,B2,train,Strings/Violoncello/ordinario/Vc-ord-B2-ff-3c-N.wav,0.0,3.0,0.04281,0.1
work/windows/Strings/Violoncello/ordinario/Vc-ord-B2-ff-4c-T11u_w000.wav,cello,B2,train,Strings/Violoncello/ordinario/Vc-ord-B2-ff-4c-T11u.wav,0.0,3.0,0.05614,0.1
work/windows/Strings/Violoncello/ordinario/Vc-ord-B2-mf-3c-N_w000.wav,cello,B2,train,Strings/Violoncello/ordinario/Vc-ord-B2-mf-3c-N.wav,0.0,3.0,0.01223,0.1
work/windows/Strings/Violoncello/ordinario/Vc-ord-B2-mf-4c-T20u_w000.wav,cello,B2,train,Strings/Violoncello/ordinario/Vc-ord-B2-mf-4c-T20u.wav,0.0,3.0,0.01537,0.1
work/windows/Strings/Violoncello/ordinario/Vc-ord-B2-pp-3c-N_w000.wav,cello,B2,train,Strings/Violoncello/ordinario/Vc-ord-B2-pp-3c-N.wav,0.0,3.0,0.00361,0.1
work/windows/Strings/Violoncello/ordinario/Vc-ord-B2-pp-4c-T16u_w000.wav,cello,B2,train,Strings/Violoncello/ordinario/Vc-ord-B2-pp-4c-T16u.wav,0.0,3.0,0.0062,0.1
work/windows/Strings/Violoncello/ordinario/Vc-ord-B3-ff-1c-T11u_w000.wav,cello,B3,train,Strings/Violoncello/ordinario/Vc-ord-B3-ff-1c-T11u.wav,0.0,3.0,0.03771,0.1
work/windows/Strings/Violoncello/ordinario/Vc-ord-B3-ff-2c-N_w000.wav,cello,B3,train,Strings/Violoncello/ordinario/Vc-ord-B3-ff-2c-N.wav,0.0,3.0,0.03896,0.1
work/windows/Strings/Violoncello/ordinario/Vc-ord-B3-ff-3c-T11u_w000.wav,cello,B3,train,Strings/Violoncello/ordinario/Vc-ord-B3-ff-3c-T11u.wav,0.0,3.0,0.05068,0.1
work/windows/Strings/Violoncello/ordinario/Vc-ord-B3-mf-1c-N_w000.wav,cello,B3,train,Strings/Violoncello/ordinario/Vc-ord-B3-mf-1c-N.wav,0.0,3.0,0.00998,0.1
work/windows/Strings/Violoncello/ordinario/Vc-ord-B3-mf-2c-N_w000.wav,cello,B3,train,Strings/Violoncello/ordinario/Vc-ord-B3-mf-2c-N.wav,0.0,3.0,0.01647,0.1
work/windows/Strings/Violoncello/ordinario/Vc-ord-B3-mf-3c-N_w000.wav,cello,B3,train,Strings/Violoncello/ordinario/Vc-ord-B3-mf-3c-N.wav,0.0,3.0,0.00638,0.1
work/windows/Strings/Violoncello/ordinario/Vc-ord-B3-pp-1c-N_w000.wav,cello,B3,train,Strings/Violoncello/ordinario/Vc-ord-B3-pp-1c-N.wav,0.0,3.0,0.00227,0.1
work/windows/Strings/Violoncello/ordinario/Vc-ord-B3-pp-2c-N_w000.wav,cello,B3,train,Strings/Violoncello/ordinario/Vc-ord-B3-pp-2c-N.wav,0.0,3.0,0.0057,0.1
work/windows/Strings/Violoncello/ordinario/Vc-ord-B3-pp-3c-N_w000.wav,cello,B3,train,Strings/Violoncello/ordinario/Vc-ord-B3-pp-3c-N.wav,0.0,3.0,0.00448,0.1
work/windows/Strings/Violoncello/ordinario/Vc-ord-B4-ff-1c-N_w000.wav,cello,B4,test,Strings/Violoncello/ordinario/Vc-ord-B4-ff-1c-N.wav,0.0,3.0,0.04565,0.1
work/windows/Strings/Violoncello/ordinario/Vc-ord-B4-ff-2c-N_w000.wav,cello,B4,test,Strings/Violoncello/ordinario/Vc-ord-B4-ff-2c-N.wav,0.0,3.0,0.02718,0.1
work/windows/Strings/Violoncello/ordinario/Vc-ord-B4-mf-1c-N_w000.wav,cello,B4,test,Strings/Violoncello/ordinario/Vc-ord-B4-mf-1c-N.wav,0.0,3.0,0.01556,0.1
work/windows/Strings/Violoncello/ordinario/Vc-ord-B4-mf-2c-N_w000.wav,cello,B4,test,Strings/Violoncello/ordinario/Vc-ord-B4-mf-2c-N.wav,0.0,3.0,0.0081,0.1
work/windows/Strings/Violoncello/ordinario/Vc-ord-B4-pp-1c-N_w000.wav,cello,B4,test,Strings/Violoncello/ordinario/Vc-ord-B4-pp-1c-N.wav,0.0,3.0,0.00387,0.1
work/windows/Strings/Violoncello/ordinario/Vc-ord-B4-pp-2c-N_w000.wav,cello,B4,test,Strings/Violoncello/ordinario/Vc-ord-B4-pp-2c-N.wav,0.0,3.0,0.00232,0.1
work/windows/Strings/Violoncello/ordinario/Vc-ord-B5-ff-1c-N_w000.wav,cello,B5,val,Strings/Violoncello/ordinario/Vc-ord-B5-ff-1c-N.wav,0.0,3.0,0.03664,0.1
work/windows/Strings/Violoncello/ordinario/Vc-ord-B5-mf-1c-N_w000.wav,cello,B5,val,Strings/Violoncello/ordinario/Vc-ord-B5-mf-1c-N.wav,0.0,3.0,0.01176,0.1
work/windows/Strings/Violoncello/ordinario/Vc-ord-B5-pp-1c-N_w000.wav,cello,B5,val,Strings/Violoncello/ordinario/Vc-ord-B5-pp-1c-N.wav,0.0,3.0,0.00459,0.1
work/windows/Strings/Violoncello/ordinario/Vc-ord-C#2-ff-4c-N_w000.wav,cello,C#2,test,Strings/Violoncello/ordinario/Vc-ord-C#2-ff-4c-N.wav,0.0,3.0,0.06865,0.1
work/windows/Strings/Violoncello/ordinario/Vc-ord-C#2-mf-4c-N_w000.wav,cello,C#2,test,Strings/Violoncello/ordinario/Vc-ord-C#2-mf-4c-N.wav,0.0,3.0,0.02109,0.1
work/windows/Strings/Violoncello/ordinario/Vc-ord-C#2-pp-4c-N_w000.wav,cello,C#2,test,Strings/Violoncello/ordinario/Vc-ord-C#2-pp-4c-N.wav,0.0,3.0,0.00913,0.1
work/windows/Strings/Violoncello/ordinario/Vc-ord-C#3-ff-3c-N_w000.wav,cello,C#3,test,Strings/Violoncello/ordinario/Vc-ord-C#3-ff-3c-N.wav,0.0,3.0,0.05506,0.1
work/windows/Strings/Violoncello/ordinario/Vc-ord-C#3-ff-4c-N_w000.wav,cello,C#3,test,Strings/Violoncello/ordinario/Vc-ord-C#3-ff-4c-N.wav,0.0,3.0,0.06532,0.1
work/windows/Strings/Violoncello/ordinario/Vc-ord-C#3-mf-3c-N_w000.wav,cello,C#3,test,Strings/Violoncello/ordinario/Vc-ord-C#3-mf-3c-N.wav,0.0,3.0,0.01396,0.1
work/windows/Strings/Violoncello/ordinario/Vc-ord-C#3-mf-4c-N_w000.wav,cello,C#3,test,Strings/Violoncello/ordinario/Vc-ord-C#3-mf-4c-N.wav,0.0,3.0,0.02184,0.1
work/windows/Strings/Violoncello/ordinario/Vc-ord-C#3-pp-3c-N_w000.wav,cello,C#3,test,Strings/Violoncello/ordinario/Vc-ord-C#3-pp-3c-N.wav,0.0,3.0,0.00494,0.1
work/windows/Strings/Violoncello/ordinario/Vc-ord-C#3-pp-4c-N_w000.wav,cello,C#3,test,Strings/Violoncello/ordinario/Vc-ord-C#3-pp-4c-N.wav,0.0,3.0,0.00431,0.1
work/windows/Strings/Violoncello/ordinario/Vc-ord-C#4-ff-1c-N_w000.wav,cello,C#4,train,Strings/Violoncello/ordinario/Vc-ord-C#4-ff-1c-N.wav,0.0,3.0,0.03489,0.1
work/windows/Strings/Violoncello/ordinario/Vc-ord-C#4-ff-2c-N_w000.wav,cello,C#4,train,Strings/Violoncello/ordinario/Vc-ord-C#4-ff-2c-N.wav,0.0,3.0,0.03723,0.1
work/windows/Strings/Violoncello/ordinario/Vc-ord-C#4-ff-3c-N_w000.wav,cello,C#4,train,Strings/Violoncello/ordinario/Vc-ord-C#4-ff-3c-N.wav,0.0,3.0,0.04256,0.1
work/windows/Strings/Violoncello/ordinario/Vc-ord-C#4-mf-1c-N_w000.wav,cello,C#4,train,Strings/Violoncello/ordinario/Vc-ord-C#4-mf-1c-N.wav,0.0,3.0,0.01251,0.1
work/windows/Strings/Violoncello/ordinario/Vc-ord-C#4-mf-2c-N_w000.wav,cello,C#4,train,Strings/Violoncello/ordinario/Vc-ord-C#4-mf-2c-N.wav,0.0,3.0,0.01287,0.1
work/windows/Strings/Violoncello/ordinario/Vc-ord-C#4-mf-3c-N_w000.wav,cello,C#4,train,Strings/Violoncello/ordinario/Vc-ord-C#4-mf-3c-N.wav,0.0,3.0,0.01747,0.1
work/windows/Strings/Violoncello/ordinario/Vc-ord-C#4-pp-1c-N_w000.wav,cello,C#4,train,Strings/Violoncello/ordinario/Vc-ord-C#4-pp-1c-N.wav,0.0,3.0,0.00271,0.1
work/windows/Strings/Violoncello/ordinario/Vc-ord-C#4-pp-2c-N_w000.wav,cello,C#4,train,Strings/Violoncello/ordinario/Vc-ord-C#4-pp-2c-N.wav,0.0,3.0,0.00269,0.1
work/windows/Strings/Violoncello/ordinario/Vc-ord-C#4-pp-3c-N_w000.wav,cello,C#4,train,Strings/Violoncello/ordinario/Vc-ord-C#4-pp-3c-N.wav,0.0,3.0,0.00838,0.1
work/windows/Strings/Violoncello/ordinario/Vc-ord-C#5-ff-1c-N_w000.wav,cello,C#5,val,Strings/Violoncello/ordinario/Vc-ord-C#5-ff-1c-N.wav,0.0,3.0,0.03314,0.1
work/windows/Strings/Violoncello/ordinario/Vc-ord-C#5-mf-1c-N_w000.wav,cello,C#5,val,Strings/Violoncello/ordinario/Vc-ord-C#5-mf-1c-N.wav,0.0,3.0,0.01157,0.1
work/windows/Strings/Violoncello/ordinario/Vc-ord-C#5-pp-1c-N_w000.wav,cello,C#5,val,Strings/Violoncello/ordinario/Vc-ord-C#5-pp-1c-N.wav,0.0,3.0,0.00408,0.1
work/windows/Strings/Violoncello/ordinario/Vc-ord-C2-ff-4c-N_w000.wav,cello,C2,train,Strings/Violoncello/ordinario/Vc-ord-C2-ff-4c-N.wav,0.0,3.0,0.0582,0.1
work/windows/Strings/Violoncello/ordinario/Vc-ord-C2-mf-4c-N_w000.wav,cello,C2,train,Strings/Violoncello/ordinario/Vc-ord-C2-mf-4c-N.wav,0.0,3.0,0.01404,0.1
work/windows/Strings/Violoncello/ordinario/Vc-ord-C2-pp-4c-N_w000.wav,cello,C2,train,Strings/Violoncello/ordinario/Vc-ord-C2-pp-4c-N.wav,0.0,3.0,0.00276,0.1
work/windows/Strings/Violoncello/ordinario/Vc-ord-C3-ff-3c-N_w000.wav,cello,C3,val,Strings/Violoncello/ordinario/Vc-ord-C3-ff-3c-N.wav,0.0,3.0,0.03371,0.1
work/windows/Strings/Violoncello/ordinario/Vc-ord-C3-ff-4c-N_w000.wav,cello,C3,val,Strings/Violoncello/ordinario/Vc-ord-C3-ff-4c-N.wav,0.0,3.0,0.06165,0.1
work/windows/Strings/Violoncello/ordinario/Vc-ord-C3-mf-3c-N_w000.wav,cello,C3,val,Strings/Violoncello/ordinario/Vc-ord-C3-mf-3c-N.wav,0.0,3.0,0.01269,0.1
work/windows/Strings/Violoncello/ordinario/Vc-ord-C3-mf-4c-N_w000.wav,cello,C3,val,Strings/Violoncello/ordinario/Vc-ord-C3-mf-4c-N.wav,0.0,3.0,0.01858,0.1
work/windows/Strings/Violoncello/ordinario/Vc-ord-C3-pp-3c-N_w000.wav,cello,C3,val,Strings/Violoncello/ordinario/Vc-ord-C3-pp-3c-N.wav,0.0,3.0,0.00534,0.1
work/windows/Strings/Violoncello/ordinario/Vc-ord-C3-pp-4c-N_w000.wav,cello,C3,val,Strings/Violoncello/ordinario/Vc-ord-C3-pp-4c-N.wav,0.0,3.0,0.00617,0.1
work/windows/Strings/Violoncello/ordinario/Vc-ord-C4-ff-1c-N_w000.wav,cello,C4,train,Strings/Violoncello/ordinario/Vc-ord-C4-ff-1c-N.wav,0.0,3.0,0.02156,0.1
work/windows/Strings/Violoncello/ordinario/Vc-ord-C4-ff-2c-N_w000.wav,cello,C4,train,Strings/Violoncello/ordinario/Vc-ord-C4-ff-2c-N.wav,0.0,3.0,0.04084,0.1
work/windows/Strings/Violoncello/ordinario/Vc-ord-C4-ff-3c-N_w000.wav,cello,C4,train,Strings/Violoncello/ordinario/Vc-ord-C4-ff-3c-N.wav,0.0,3.0,0.04621,0.1
work/windows/Strings/Violoncello/ordinario/Vc-ord-C4-mf-1c-N_w000.wav,cello,C4,train,Strings/Violoncello/ordinario/Vc-ord-C4-mf-1c-N.wav,0.0,3.0,0.01146,0.1
work/windows/Strings/Violoncello/ordinario/Vc-ord-C4-mf-2c-N_w000.wav,cello,C4,train,Strings/Violoncello/ordinario/Vc-ord-C4-mf-2c-N.wav,0.0,3.0,0.01585,0.1
work/windows/Strings/Violoncello/ordinario/Vc-ord-C4-mf-3c-N_w000.wav,cello,C4,train,Strings/Violoncello/ordinario/Vc-ord-C4-mf-3c-N.wav,0.0,3.0,0.01925,0.1
work/windows/Strings/Violoncello/ordinario/Vc-ord-C4-pp-1c-N_w000.wav,cello,C4,train,Strings/Violoncello/ordinario/Vc-ord-C4-pp-1c-N.wav,0.0,3.0,0.00277,0.1
work/windows/Strings/Violoncello/ordinario/Vc-ord-C4-pp-2c-N_w000.wav,cello,C4,train,Strings/Violoncello/ordinario/Vc-ord-C4-pp-2c-N.wav,0.0,3.0,0.00544,0.1
work/windows/Strings/Violoncello/ordinario/Vc-ord-C4-pp-3c-N_w000.wav,cello,C4,train,Strings/Violoncello/ordinario/Vc-ord-C4-pp-3c-N.wav,0.0,3.0,0.0061,0.1
work/windows/Strings/Violoncello/ordinario/Vc-ord-C5-ff-1c-T16u_w000.wav,cello,C5,train,Strings/Violoncello/ordinario/Vc-ord-C5-ff-1c-T16u.wav,0.0,3.0,0.03334,0.1
work/windows/Strings/Violoncello/ordinario/Vc-ord-C5-ff-2c-N_w000.wav,cello,C5,train,Strings/Violoncello/ordinario/Vc-ord-C5-ff-2c-N.wav,0.0,3.0,0.04043,0.1
work/windows/Strings/Violoncello/ordinario/Vc-ord-C5-mf-1c-T11u_w000.wav,cello,C5,train,Strings/Violoncello/ordinario/Vc-ord-C5-mf-1c-T11u.wav,0.0,3.0,0.01135,0.1
work/windows/Strings/Violoncello/ordinario/Vc-ord-C5-mf-2c-T11u_w000.wav,cello,C5,train,Strings/Violoncello/ordinario/Vc-ord-C5-mf-2c-T11u.wav,0.0,3.0,0.01367,0.1
work/windows/Strings/Violoncello/ordinario/Vc-ord-C5-pp-1c-N_w000.wav,cello,C5,train,Strings/Violoncello/ordinario/Vc-ord-C5-pp-1c-N.wav,0.0,3.0,0.00305,0.1
work/windows/Strings/Violoncello/ordinario/Vc-ord-C5-pp-2c-T12u_w000.wav,cello,C5,train,Strings/Violoncello/ordinario/Vc-ord-C5-pp-2c-T12u.wav,0.0,3.0,0.00463,0.1
work/windows/Strings/Violoncello/ordinario/Vc-ord-C6-ff-1c-N_w000.wav,cello,C6,train,Strings/Violoncello/ordinario/Vc-ord-C6-ff-1c-N.wav,0.0,3.0,0.04246,0.1
work/windows/Strings/Violoncello/ordinario/Vc-ord-C6-mf-1c-N_w000.wav,cello,C6,train,Strings/Violoncello/ordinario/Vc-ord-C6-mf-1c-N.wav,0.0,3.0,0.01656,0.1
work/windows/Strings/Violoncello/ordinario/Vc-ord-C6-pp-1c-N_w000.wav,cello,C6,train,Strings/Violoncello/ordinario/Vc-ord-C6-pp-1c-N.wav,0.0,3.0,0.00716,0.1
work/windows/Strings/Violoncello/ordinario/Vc-ord-D#2-ff-4c-N_w000.wav,cello,D#2,test,Strings/Violoncello/ordinario/Vc-ord-D#2-ff-4c-N.wav,0.0,3.0,0.05971,0.1
work/windows/Strings/Violoncello/ordinario/Vc-ord-D#2-mf-4c-N_w000.wav,cello,D#2,test,Strings/Violoncello/ordinario/Vc-ord-D#2-mf-4c-N.wav,0.0,3.0,0.01718,0.1
work/windows/Strings/Violoncello/ordinario/Vc-ord-D#2-pp-4c-N_w000.wav,cello,D#2,test,Strings/Violoncello/ordinario/Vc-ord-D#2-pp-4c-N.wav,0.0,3.0,0.00771,0.1
work/windows/Strings/Violoncello/ordinario/Vc-ord-D#3-ff-2c-T16d_w000.wav,cello,D#3,train,Strings/Violoncello/ordinario/Vc-ord-D#3-ff-2c-T16d.wav,0.0,3.0,0.03008,0.1
work/windows/Strings/Violoncello/ordinario/Vc-ord-D#3-ff-3c-T12u_w000.wav,cello,D#3,train,Strings/Violoncello/ordinario/Vc-ord-D#3-ff-3c-T12u.wav,0.0,3.0,0.04461,0.1
work/windows/Strings/Violoncello/ordinario/Vc-ord-D#3-ff-4c-T16u_w000.wav,cello,D#3,train,Strings/Violoncello/ordinario/Vc-ord-D#3-ff-4c-T16u.wav,0.0,3.0,0.05585,0.1
work/windows/Strings/Violoncello/ordinario/Vc-ord-D#3-mf-2c-N_w000.wav,cello,D#3,train,Strings/Violoncello/ordinario/Vc-ord-D#3-mf-2c-N.wav,0.0,3.0,0.01308,0.1
work/windows/Strings/Violoncello/ordinario/Vc-ord-D#3-mf-3c-N_w000.wav,cello,D#3,train,Strings/Violoncello/ordinario/Vc-ord-D#3-mf-3c-N.wav,0.0,3.0,0.01804,0.1
work/windows/Strings/Violoncello/ordinario/Vc-ord-D#3-mf-4c-T13u_w000.wav,cello,D#3,train,Strings/Violoncello/ordinario/Vc-ord-D#3-mf-4c-T13u.wav,0.0,3.0,0.02177,0.1
work/windows/Strings/Violoncello/ordinario/Vc-ord-D#3-pp-2c-N_w000.wav,cello,D#3,train,Strings/Violoncello/ordinario/Vc-ord-D#3-pp-2c-N.wav,0.0,3.0,0.00407,0.1
work/windows/Strings/Violoncello/ordinario/Vc-ord-D#3-pp-3c-N_w000.wav,cello,D#3,train,Strings/Violoncello/ordinario/Vc-ord-D#3-pp-3c-N.wav,0.0,3.0,0.00585,0.1
work/windows/Strings/Violoncello/ordinario/Vc-ord-D#3-pp-4c-T11u_w000.wav,cello,D#3,train,Strings/Violoncello/ordinario/Vc-ord-D#3-pp-4c-T11u.wav,0.0,3.0,0.00673,0.1
work/windows/Strings/Violoncello/ordinario/Vc-ord-D#4-ff-1c-T22u_w000.wav,cello,D#4,train,Strings/Violoncello/ordinario/Vc-ord-D#4-ff-1c-T22u.wav,0.0,3.0,0.05298,0.1
work/windows/Strings/Violoncello/ordinario/Vc-ord-D#4-ff-2c-T12u_w000.wav,cello,D#4,train,Strings/Violoncello/ordinario/Vc-ord-D#4-ff-2c-T12u.wav,0.0,3.0,0.03136,0.1
work/windows/Strings/Violoncello/ordinario/Vc-ord-D#4-ff-3c-N_w000.wav,cello,D#4,train,Strings/Violoncello/ordinario/Vc-ord-D#4-ff-3c-N.wav,0.0,3.0,0.05807,0.1
work/windows/Strings/Violoncello/ordinario/Vc-ord-D#4-mf-1c-N_w000.wav,cello,D#4,train,Strings/Violoncello/ordinario/Vc-ord-D#4-mf-1c-N.wav,0.0,3.0,0.01709,0.1
work/windows/Strings/Violoncello/ordinario/Vc-ord-D#4-mf-2c-T12u_w000.wav,cello,D#4,train,Strings/Violoncello/ordinario/Vc-ord-D#4-mf-2c-T12u.wav,0.0,3.0,0.01216,0.1
work/windows/Strings/Violoncello/ordinario/Vc-ord-D#4-mf-3c-N_w000.wav,cello,D#4,train,Strings/Violoncello/ordinario/Vc-ord-D#4-mf-3c-N.wav,0.0,3.0,0.02391,0.1
work/windows/Strings/Violoncello/ordinario/Vc-ord-D#4-pp-1c-N_w000.wav,cello,D#4,train,Strings/Violoncello/ordinario/Vc-ord-D#4-pp-1c-N.wav,0.0,3.0,0.00524,0.1
work/windows/Strings/Violoncello/ordinario/Vc-ord-D#4-pp-2c-N_w000.wav,cello,D#4,train,Strings/Violoncello/ordinario/Vc-ord-D#4-pp-2c-N.wav,0.0,3.0,0.00461,0.1
work/windows/Strings/Violoncello/ordinario/Vc-ord-D#4-pp-3c-N_w000.wav,cello,D#4,train,Strings/Violoncello/ordinario/Vc-ord-D#4-pp-3c-N.wav,0.0,3.0,0.00886,0.1
work/windows/Strings/Violoncello/ordinario/Vc-ord-D#5-ff-1c-N_w000.wav,cello,D#5,test,Strings/Violoncello/ordinario/Vc-ord-D#5-ff-1c-N.wav,0.0,3.0,0.02329,0.1
work/windows/Strings/Violoncello/ordinario/Vc-ord-D#5-mf-1c-N_w000.wav,cello,D#5,test,Strings/Violoncello/ordinario/Vc-ord-D#5-mf-1c-N.wav,0.0,3.0,0.00889,0.1
work/windows/Strings/Violoncello/ordinario/Vc-ord-D#5-pp-1c-T10d_w000.wav,cello,D#5,test,Strings/Violoncello/ordinario/Vc-ord-D#5-pp-1c-T10d.wav,0.0,3.0,0.00208,0.1
work/windows/Strings/Violoncello/ordinario/Vc-ord-D2-ff-4c-N_w000.wav,cello,D2,val,Strings/Violoncello/ordinario/Vc-ord-D2-ff-4c-N.wav,0.0,3.0,0.03705,0.1
work/windows/Strings/Violoncello/ordinario/Vc-ord-D2-mf-4c-N_w000.wav,cello,D2,val,Strings/Violoncello/ordinario/Vc-ord-D2-mf-4c-N.wav,0.0,3.0,0.01175,0.1
work/windows/Strings/Violoncello/ordinario/Vc-ord-D2-pp-4c-N_w000.wav,cello,D2,val,Strings/Violoncello/ordinario/Vc-ord-D2-pp-4c-N.wav,0.0,3.0,0.00344,0.1
work/windows/Strings/Violoncello/ordinario/Vc-ord-D3-ff-2c-N_w000.wav,cello,D3,train,Strings/Violoncello/ordinario/Vc-ord-D3-ff-2c-N.wav,0.0,3.0,0.04351,0.1
work/windows/Strings/Violoncello/ordinario/Vc-ord-D3-ff-3c-N_w000.wav,cello,D3,train,Strings/Violoncello/ordinario/Vc-ord-D3-ff-3c-N.wav,0.0,3.0,0.05024,0.1
work/windows/Strings/Violoncello/ordinario/Vc-ord-D3-ff-4c-T10d_w000.wav,cello,D3,train,Strings/Violoncello/ordinario/Vc-ord-D3-ff-4c-T10d.wav,0.0,3.0,0.03703,0.1
work/windows/Strings/Violoncello/ordinario/Vc-ord-D3-mf-2c-N_w000.wav,cello,D3,train,Strings/Violoncello/ordinario/Vc-ord-D3-mf-2c-N.wav,0.0,3.0,0.01386,0.1
work/windows/Strings/Violoncello/ordinario/Vc-ord-D3-mf-3c-N_w000.wav,cello,D3,train,Strings/Violoncello/ordinario/Vc-ord-D3-mf-3c-N.wav,0.0,3.0,0.01914,0.1
work/windows/Strings/Violoncello/ordinario/Vc-ord-D3-mf-4c-N_w000.wav,cello,D3,train,Strings/Violoncello/ordinario/Vc-ord-D3-mf-4c-N.wav,0.0,3.0,0.01469,0.1
work/windows/Strings/Violoncello/ordinario/Vc-ord-D3-pp-2c-N_w000.wav,cello,D3,train,Strings/Violoncello/ordinario/Vc-ord-D3-pp-2c-N.wav,0.0,3.0,0.00278,0.1
work/windows/Strings/Violoncello/ordinario/Vc-ord-D3-pp-3c-N_w000.wav,cello,D3,train,Strings/Violoncello/ordinario/Vc-ord-D3-pp-3c-N.wav,0.0,3.0,0.00442,0.1
work/windows/Strings/Violoncello/ordinario/Vc-ord-D3-pp-4c-N_w000.wav,cello,D3,train,Strings/Violoncello/ordinario/Vc-ord-D3-pp-4c-N.wav,0.0,3.0,0.00535,0.1
work/windows/Strings/Violoncello/ordinario/Vc-ord-D4-ff-1c-N_w000.wav,cello,D4,train,Strings/Violoncello/ordinario/Vc-ord-D4-ff-1c-N.wav,0.0,3.0,0.02701,0.1
work/windows/Strings/Violoncello/ordinario/Vc-ord-D4-ff-2c-N_w000.wav,cello,D4,train,Strings/Violoncello/ordinario/Vc-ord-D4-ff-2c-N.wav,0.0,3.0,0.03206,0.1
work/windows/Strings/Violoncello/ordinario/Vc-ord-D4-ff-3c-N_w000.wav,cello,D4,train,Strings/Violoncello/ordinario/Vc-ord-D4-ff-3c-N.wav,0.0,3.0,0.0325,0.1
work/windows/Strings/Violoncello/ordinario/Vc-ord-D4-mf-1c-N_w000.wav,cello,D4,train,Strings/Violoncello/ordinario/Vc-ord-D4-mf-1c-N.wav,0.0,3.0,0.00824,0.1
work/windows/Strings/Violoncello/ordinario/Vc-ord-D4-mf-2c-N_w000.wav,cello,D4,train,Strings/Violoncello/ordinario/Vc-ord-D4-mf-2c-N.wav,0.0,3.0,0.01513,0.1
work/windows/Strings/Violoncello/ordinario/Vc-ord-D4-mf-3c-N_w000.wav,cello,D4,train,Strings/Violoncello/ordinario/Vc-ord-D4-mf-3c-N.wav,0.0,3.0,0.01023,0.1
work/windows/Strings/Violoncello/ordinario/Vc-ord-D4-pp-1c-N_w000.wav,cello,D4,train,Strings/Violoncello/ordinario/Vc-ord-D4-pp-1c-N.wav,0.0,3.0,0.00217,0.1
work/windows/Strings/Violoncello/ordinario/Vc-ord-D4-pp-2c-N_w000.wav,cello,D4,train,Strings/Violoncello/ordinario/Vc-ord-D4-pp-2c-N.wav,0.0,3.0,0.00462,0.1
work/windows/Strings/Violoncello/ordinario/Vc-ord-D4-pp-3c-N_w000.wav,cello,D4,train,Strings/Violoncello/ordinario/Vc-ord-D4-pp-3c-N.wav,0.0,3.0,0.00368,0.1
work/windows/Strings/Violoncello/ordinario/Vc-ord-D5-ff-1c-N_w000.wav,cello,D5,val,Strings/Violoncello/ordinario/Vc-ord-D5-ff-1c-N.wav,0.0,3.0,0.01789,0.1
work/windows/Strings/Violoncello/ordinario/Vc-ord-D5-mf-1c-N_w000.wav,cello,D5,val,Strings/Violoncello/ordinario/Vc-ord-D5-mf-1c-N.wav,0.0,3.0,0.00553,0.1
work/windows/Strings/Violoncello/ordinario/Vc-ord-D5-pp-1c-N_w000.wav,cello,D5,val,Strings/Violoncello/ordinario/Vc-ord-D5-pp-1c-N.wav,0.0,3.0,0.00181,0.1
work/windows/Strings/Violoncello/ordinario/Vc-ord-E2-ff-4c-N_w000.wav,cello,E2,test,Strings/Violoncello/ordinario/Vc-ord-E2-ff-4c-N.wav,0.0,3.0,0.05442,0.1
work/windows/Strings/Violoncello/ordinario/Vc-ord-E2-mf-4c-N_w000.wav,cello,E2,test,Strings/Violoncello/ordinario/Vc-ord-E2-mf-4c-N.wav,0.0,3.0,0.01622,0.1
work/windows/Strings/Violoncello/ordinario/Vc-ord-E2-pp-4c-N_w000.wav,cello,E2,test,Strings/Violoncello/ordinario/Vc-ord-E2-pp-4c-N.wav,0.0,3.0,0.00453,0.1
work/windows/Strings/Violoncello/ordinario/Vc-ord-E3-ff-2c-N_w000.wav,cello,E3,train,Strings/Violoncello/ordinario/Vc-ord-E3-ff-2c-N.wav,0.0,3.0,0.03713,0.1
work/windows/Strings/Violoncello/ordinario/Vc-ord-E3-ff-3c-T11d_w000.wav,cello,E3,train,Strings/Violoncello/ordinario/Vc-ord-E3-ff-3c-T11d.wav,0.0,3.0,0.03723,0.1
work/windows/Strings/Violoncello/ordinario/Vc-ord-E3-ff-4c-N_w000.wav,cello,E3,train,Strings/Violoncello/ordinario/Vc-ord-E3-ff-4c-N.wav,0.0,3.0,0.04504,0.1
work/windows/Strings/Violoncello/ordinario/Vc-ord-E3-mf-2c-N_w000.wav,cello,E3,train,Strings/Violoncello/ordinario/Vc-ord-E3-mf-2c-N.wav,0.0,3.0,0.00972,0.1
work/windows/Strings/Violoncello/ordinario/Vc-ord-E3-mf-3c-N_w000.wav,cello,E3,train,Strings/Violoncello/ordinario/Vc-ord-E3-mf-3c-N.wav,0.0,3.0,0.01174,0.1
work/windows/Strings/Violoncello/ordinario/Vc-ord-E3-mf-4c-T11u_w000.wav,cello,E3,train,Strings/Violoncello/ordinario/Vc-ord-E3-mf-4c-T11u.wav,0.0,3.0,0.01257,0.1
work/windows/Strings/Violoncello/ordinario/Vc-ord-E3-pp-2c-N_w000.wav,cello,E3,train,Strings/Violoncello/ordinario/Vc-ord-E3-pp-2c-N.wav,0.0,3.0,0.00334,0.1
work/windows/Strings/Violoncello/ordinario/Vc-ord-E3-pp-3c-N_w000.wav,cello,E3,train,Strings/Violoncello/ordinario/Vc-ord-E3-pp-3c-N.wav,0.0,3.0,0.00477,0.1
work/windows/Strings/Violoncello/ordinario/Vc-ord-E3-pp-4c-N_w000.wav,cello,E3,train,Strings/Violoncello/ordinario/Vc-ord-E3-pp-4c-N.wav,0.0,3.0,0.00385,0.1
work/windows/Strings/Violoncello/ordinario/Vc-ord-E4-ff-1c-N_w000.wav,cello,E4,train,Strings/Violoncello/ordinario/Vc-ord-E4-ff-1c-N.wav,0.0,3.0,0.04188,0.1
work/windows/Strings/Violoncello/ordinario/Vc-ord-E4-ff-2c-N_w000.wav,cello,E4,train,Strings/Violoncello/ordinario/Vc-ord-E4-ff-2c-N.wav,0.0,3.0,0.03185,0.1
work/windows/Strings/Violoncello/ordinario/Vc-ord-E4-ff-3c-T10u_w000.wav,cello,E4,train,Strings/Violoncello/ordinario/Vc-ord-E4-ff-3c-T10u.wav,0.0,3.0,0.04469,0.1
work/windows/Strings/Violoncello/ordinario/Vc-ord-E4-mf-1c-N_w000.wav,cello,E4,train,Strings/Violoncello/ordinario/Vc-ord-E4-mf-1c-N.wav,0.0,3.0,0.0143,0.1
work/windows/Strings/Violoncello/ordinario/Vc-ord-E4-mf-2c-N_w000.wav,cello,E4,train,Strings/Violoncello/ordinario/Vc-ord-E4-mf-2c-N.wav,0.0,3.0,0.01183,0.1
work/windows/Strings/Violoncello/ordinario/Vc-ord-E4-mf-3c-N_w000.wav,cello,E4,train,Strings/Violoncello/ordinario/Vc-ord-E4-mf-3c-N.wav,0.0,3.0,0.01877,0.1
work/windows/Strings/Violoncello/ordinario/Vc-ord-E4-pp-1c-N_w000.wav,cello,E4,train,Strings/Violoncello/ordinario/Vc-ord-E4-pp-1c-N.wav,0.0,3.0,0.00413,0.1
work/windows/Strings/Violoncello/ordinario/Vc-ord-E4-pp-2c-N_w000.wav,cello,E4,train,Strings/Violoncello/ordinario/Vc-ord-E4-pp-2c-N.wav,0.0,3.0,0.00321,0.1
work/windows/Strings/Violoncello/ordinario/Vc-ord-E4-pp-3c-N_w000.wav,cello,E4,train,Strings/Violoncello/ordinario/Vc-ord-E4-pp-3c-N.wav,0.0,3.0,0.00654,0.1
work/windows/Strings/Violoncello/ordinario/Vc-ord-E5-ff-1c-N_w000.wav,cello,E5,train,Strings/Violoncello/ordinario/Vc-ord-E5-ff-1c-N.wav,0.0,3.0,0.02748,0.1
work/windows/Strings/Violoncello/ordinario/Vc-ord-E5-mf-1c-N_w000.wav,cello,E5,train,Strings/Violoncello/ordinario/Vc-ord-E5-mf-1c-N.wav,0.0,3.0,0.00889,0.1
work/windows/Strings/Violoncello/ordinario/Vc-ord-E5-pp-1c-N_w000.wav,cello,E5,train,Strings/Violoncello/ordinario/Vc-ord-E5-pp-1c-N.wav,0.0,3.0,0.00259,0.1
work/windows/Strings/Violoncello/ordinario/Vc-ord-F#2-ff-4c-N_w000.wav,cello,F#2,test,Strings/Violoncello/ordinario/Vc-ord-F#2-ff-4c-N.wav,0.0,3.0,0.09136,0.1
work/windows/Strings/Violoncello/ordinario/Vc-ord-F#2-mf-4c-N_w000.wav,cello,F#2,test,Strings/Violoncello/ordinario/Vc-ord-F#2-mf-4c-N.wav,0.0,3.0,0.03143,0.1
work/windows/Strings/Violoncello/ordinario/Vc-ord-F#2-pp-4c-N_w000.wav,cello,F#2,test,Strings/Violoncello/ordinario/Vc-ord-F#2-pp-4c-N.wav,0.0,3.0,0.01094,0.1
work/windows/Strings/Violoncello/ordinario/Vc-ord-F#3-ff-2c-N_w000.wav,cello,F#3,train,Strings/Violoncello/ordinario/Vc-ord-F#3-ff-2c-N.wav,0.0,3.0,0.06912,0.1
work/windows/Strings/Violoncello/ordinario/Vc-ord-F#3-ff-3c-N_w000.wav,cello,F#3,train,Strings/Violoncello/ordinario/Vc-ord-F#3-ff-3c-N.wav,0.0,3.0,0.07234,0.1
work/windows/Strings/Violoncello/ordinario/Vc-ord-F#3-ff-4c-T14u_w000.wav,cello,F#3,train,Strings/Violoncello/ordinario/Vc-ord-F#3-ff-4c-T14u.wav,0.0,3.0,0.05898,0.1
work/windows/Strings/Violoncello/ordinario/Vc-ord-F#3-mf-2c-N_w000.wav,cello,F#3,train,Strings/Violoncello/ordinario/Vc-ord-F#3-mf-2c-N.wav,0.0,3.0,0.02178,0.1
work/windows/Strings/Violoncello/ordinario/Vc-ord-F#3-mf-3c-N_w000.wav,cello,F#3,train,Strings/Violoncello/ordinario/Vc-ord-F#3-mf-3c-N.wav,0.0,3.0,0.02617,0.1
work/windows/Strings/Violoncello/ordinario/Vc-ord-F#3-mf-4c-T15u_w000.wav,cello,F#3,train,Strings/Violoncello/ordinario/Vc-ord-F#3-mf-4c-T15u.wav,0.0,3.0,0.02045,0.1
work/windows/Strings/Violoncello/ordinario/Vc-ord-F#3-pp-2c-N_w000.wav,cello,F#3,train,Strings/Violoncello/ordinario/Vc-ord-F#3-pp-2c-N.wav,0.0,3.0,0.00803,0.1
work/windows/Strings/Violoncello/ordinario/Vc-ord-F#3-pp-3c-N_w000.wav,cello,F#3,train,Strings/Violoncello/ordinario/Vc-ord-F#3-pp-3c-N.wav,0.0,3.0,0.00858,0.1
work/windows/Strings/Violoncello/ordinario/Vc-ord-F#3-pp-4c-N_w000.wav,cello,F#3,train,Strings/Violoncello/ordinario/Vc-ord-F#3-pp-4c-N.wav,0.0,3.0,0.00846,0.1
work/windows/Strings/Violoncello/ordinario/Vc-ord-F#4-ff-1c-N_w000.wav,cello,F#4,train,Strings/Violoncello/ordinario/Vc-ord-F#4-ff-1c-N.wav,0.0,3.0,0.05282,0.1
work/windows/Strings/Violoncello/ordinario/Vc-ord-F#4-ff-2c-N_w000.wav,cello,F#4,train,Strings/Violoncello/ordinario/Vc-ord-F#4-ff-2c-N.wav,0.0,3.0,0.04509,0.1
work/windows/Strings/Violoncello/ordinario/Vc-ord-F#4-mf-1c-N_w000.wav,cello,F#4,train,Strings/Violoncello/ordinario/Vc-ord-F#4-mf-1c-N.wav,0.0,3.0,0.01838,0.1
work/windows/Strings/Violoncello/ordinario/Vc-ord-F#4-mf-2c-N_w000.wav,cello,F#4,train,Strings/Violoncello/ordinario/Vc-ord-F#4-mf-2c-N.wav,0.0,3.0,0.02079,0.1
work/windows/Strings/Violoncello/ordinario/Vc-ord-F#4-pp-1c-N_w000.wav,cello,F#4,train,Strings/Violoncello/ordinario/Vc-ord-F#4-pp-1c-N.wav,0.0,3.0,0.00513,0.1
work/windows/Strings/Violoncello/ordinario/Vc-ord-F#4-pp-2c-N_w000.wav,cello,F#4,train,Strings/Violoncello/ordinario/Vc-ord-F#4-pp-2c-N.wav,0.0,3.0,0.0094,0.1
work/windows/Strings/Violoncello/ordinario/Vc-ord-F#5-ff-1c-T33u_w000.wav,cello,F#5,test,Strings/Violoncello/ordinario/Vc-ord-F#5-ff-1c-T33u.wav,0.0,3.0,0.03179,0.1
work/windows/Strings/Violoncello/ordinario/Vc-ord-F#5-mf-1c-T12u_w000.wav,cello,F#5,test,Strings/Violoncello/ordinario/Vc-ord-F#5-mf-1c-T12u.wav,0.0,3.0,0.01226,0.1
work/windows/Strings/Violoncello/ordinario/Vc-ord-F#5-pp-1c-N_w000.wav,cello,F#5,test,Strings/Violoncello/ordinario/Vc-ord-F#5-pp-1c-N.wav,0.0,3.0,0.00265,0.1
work/windows/Strings/Violoncello/ordinario/Vc-ord-F2-ff-4c-T17u_w000.wav,cello,F2,val,Strings/Violoncello/ordinario/Vc-ord-F2-ff-4c-T17u.wav,0.0,3.0,0.07424,0.1
work/windows/Strings/Violoncello/ordinario/Vc-ord-F2-mf-4c-T17u_w000.wav,cello,F2,val,Strings/Violoncello/ordinario/Vc-ord-F2-mf-4c-T17u.wav,0.0,3.0,0.02102,0.1
work/windows/Strings/Violoncello/ordinario/Vc-ord-F2-pp-4c-T19u_w000.wav,cello,F2,val,Strings/Violoncello/ordinario/Vc-ord-F2-pp-4c-T19u.wav,0.0,3.0,0.00951,0.1
work/windows/Strings/Violoncello/ordinario/Vc-ord-F3-ff-2c-T17d_w000.wav,cello,F3,train,Strings/Violoncello/ordinario/Vc-ord-F3-ff-2c-T17d.wav,0.0,3.0,0.04265,0.1
work/windows/Strings/Violoncello/ordinario/Vc-ord-F3-ff-3c-T17d_w000.wav,cello,F3,train,Strings/Violoncello/ordinario/Vc-ord-F3-ff-3c-T17d.wav,0.0,3.0,0.06298,0.1
work/windows/Strings/Violoncello/ordinario/Vc-ord-F3-ff-4c-T14u_w000.wav,cello,F3,train,Strings/Violoncello/ordinario/Vc-ord-F3-ff-4c-T14u.wav,0.0,3.0,0.04906,0.1
work/windows/Strings/Violoncello/ordinario/Vc-ord-F3-mf-2c-N_w000.wav,cello,F3,train,Strings/Violoncello/ordinario/Vc-ord-F3-mf-2c-N.wav,0.0,3.0,0.01506,0.1
work/windows/Strings/Violoncello/ordinario/Vc-ord-F3-mf-3c-T11d_w000.wav,cello,F3,train,Strings/Violoncello/ordinario/Vc-ord-F3-mf-3c-T11d.wav,0.0,3.0,0.01742,0.1
work/windows/Strings/Violoncello/ordinario/Vc-ord-F3-mf-4c-T17u_w000.wav,cello,F3,train,Strings/Violoncello/ordinario/Vc-ord-F3-mf-4c-T17u.wav,0.0,3.0,0.01426,0.1
work/windows/Strings/Violoncello/ordinario/Vc-ord-F3-pp-2c-N_w000.wav,cello,F3,train,Strings/Violoncello/ordinario/Vc-ord-F3-pp-2c-N.wav,0.0,3.0,0.00391,0.1
work/windows/Strings/Violoncello/ordinario/Vc-ord-F3-pp-3c-N_w000.wav,cello,F3,train,Strings/Violoncello/ordinario/Vc-ord-F3-pp-3c-N.wav,0.0,3.0,0.00507,0.1
work/windows/Strings/Violoncello/ordinario/Vc-ord-F3-pp-4c-N_w000.wav,cello,F3,train,Strings/Violoncello/ordinario/Vc-ord-F3-pp-4c-N.wav,0.0,3.0,0.00494,0.1
work/windows/Strings/Violoncello/ordinario/Vc-ord-F4-ff-1c-N_w000.wav,cello,F4,train,Strings/Violoncello/ordinario/Vc-ord-F4-ff-1c-N.wav,0.0,3.0,0.04824,0.1
work/windows/Strings/Violoncello/ordinario/Vc-ord-F4-ff-2c-N_w000.wav,cello,F4,train,Strings/Violoncello/ordinario/Vc-ord-F4-ff-2c-N.wav,0.0,3.0,0.04946,0.1
work/windows/Strings/Violoncello/ordinario/Vc-ord-F4-ff-3c-T14u_w000.wav,cello,F4,train,Strings/Violoncello/ordinario/Vc-ord-F4-ff-3c-T14u.wav,0.0,3.0,0.05582,0.1
work/windows/Strings/Violoncello/ordinario/Vc-ord-F4-mf-1c-N_w000.wav,cello,F4,train,Strings/Violoncello/ordinario/Vc-ord-F4-mf-1c-N.wav,0.0,3.0,0.01327,0.1
work/windows/Strings/Violoncello/ordinario/Vc-ord-F4-mf-2c-N_w000.wav,cello,F4,train,Strings/Violoncello/ordinario/Vc-ord-F4-mf-2c-N.wav,0.0,3.0,0.0147,0.1
work/windows/Strings/Violoncello/ordinario/Vc-ord-F4-mf-3c-T11u_w000.wav,cello,F4,train,Strings/Violoncello/ordinario/Vc-ord-F4-mf-3c-T11u.wav,0.0,3.0,0.02799,0.1
work/windows/Strings/Violoncello/ordinario/Vc-ord-F4-pp-1c-N_w000.wav,cello,F4,train,Strings/Violoncello/ordinario/Vc-ord-F4-pp-1c-N.wav,0.0,3.0,0.0057,0.1
work/windows/Strings/Violoncello/ordinario/Vc-ord-F4-pp-2c-N_w000.wav,cello,F4,train,Strings/Violoncello/ordinario/Vc-ord-F4-pp-2c-N.wav,0.0,3.0,0.00717,0.1
work/windows/Strings/Violoncello/ordinario/Vc-ord-F4-pp-3c-T18u_w000.wav,cello,F4,train,Strings/Violoncello/ordinario/Vc-ord-F4-pp-3c-T18u.wav,0.0,3.0,0.00968,0.1
work/windows/Strings/Violoncello/ordinario/Vc-ord-F5-ff-1c-N_w000.wav,cello,F5,train,Strings/Violoncello/ordinario/Vc-ord-F5-ff-1c-N.wav,0.0,3.0,0.0344,0.1
work/windows/Strings/Violoncello/ordinario/Vc-ord-F5-mf-1c-N_w000.wav,cello,F5,train,Strings/Violoncello/ordinario/Vc-ord-F5-mf-1c-N.wav,0.0,3.0,0.01186,0.1
work/windows/Strings/Violoncello/ordinario/Vc-ord-F5-pp-1c-N_w000.wav,cello,F5,train,Strings/Violoncello/ordinario/Vc-ord-F5-pp-1c-N.wav,0.0,3.0,0.00578,0.1
work/windows/Strings/Violoncello/ordinario/Vc-ord-G#2-ff-3c-T10d_w000.wav,cello,G#2,val,Strings/Violoncello/ordinario/Vc-ord-G#2-ff-3c-T10d.wav,0.0,3.0,0.07368,0.1
work/windows/Strings/Violoncello/ordinario/Vc-ord-G#2-ff-4c-T12u_w000.wav,cello,G#2,val,Strings/Violoncello/ordinario/Vc-ord-G#2-ff-4c-T12u.wav,0.0,3.0,0.07677,0.1
work/windows/Strings/Violoncello/ordinario/Vc-ord-G#2-mf-3c-N_w000.wav,cello,G#2,val,Strings/Violoncello/ordinario/Vc-ord-G#2-mf-3c-N.wav,0.0,3.0,0.02725,0.1
work/windows/Strings/Violoncello/ordinario/Vc-ord-G#2-mf-4c-N_w000.wav,cello,G#2,val,Strings/Violoncello/ordinario/Vc-ord-G#2-mf-4c-N.wav,0.0,3.0,0.02287,0.1
work/windows/Strings/Violoncello/ordinario/Vc-ord-G#2-pp-3c-N_w000.wav,cello,G#2,val,Strings/Violoncello/ordinario/Vc-ord-G#2-pp-3c-N.wav,0.0,3.0,0.00597,0.1
work/windows/Strings/Violoncello/ordinario/Vc-ord-G#2-pp-4c-N_w000.wav,cello,G#2,val,Strings/Violoncello/ordinario/Vc-ord-G#2-pp-4c-N.wav,0.0,3.0,0.00975,0.1
work/windows/Strings/Violoncello/ordinario/Vc-ord-G#3-ff-2c-N_w000.wav,cello,G#3,train,Strings/Violoncello/ordinario/Vc-ord-G#3-ff-2c-N.wav,0.0,3.0,0.0612,0.1
work/windows/Strings/Violoncello/ordinario/Vc-ord-G#3-ff-3c-N_w000.wav,cello,G#3,train,Strings/Violoncello/ordinario/Vc-ord-G#3-ff-3c-N.wav,0.0,3.0,0.05875,0.1
work/windows/Strings/Violoncello/ordinario/Vc-ord-G#3-ff-4c-T15u_w000.wav,cello,G#3,train,Strings/Violoncello/ordinario/Vc-ord-G#3-ff-4c-T15u.wav,0.0,3.0,0.08051,0.1
work/windows/Strings/Violoncello/ordinario/Vc-ord-G#3-mf-2c-N_w000.wav,cello,G#3,train,Strings/Violoncello/ordinario/Vc-ord-G#3-mf-2c-N.wav,0.0,3.0,0.02245,0.1
work/windows/Strings/Violoncello/ordinario/Vc-ord-G#3-mf-3c-N_w000.wav,cello,G#3,train,Strings/Violoncello/ordinario/Vc-ord-G#3-mf-3c-N.wav,0.0,3.0,0.02663,0.1
work/windows/Strings/Violoncello/ordinario/Vc-ord-G#3-mf-4c-N_w000.wav,cello,G#3,train,Strings/Violoncello/ordinario/Vc-ord-G#3-mf-4c-N.wav,0.0,3.0,0.03049,0.1
work/windows/Strings/Violoncello/ordinario/Vc-ord-G#3-pp-2c-N_w000.wav,cello,G#3,train,Strings/Violoncello/ordinario/Vc-ord-G#3-pp-2c-N.wav,0.0,3.0,0.00528,0.1
work/windows/Strings/Violoncello/ordinario/Vc-ord-G#3-pp-3c-N_w000.wav,cello,G#3,train,Strings/Violoncello/ordinario/Vc-ord-G#3-pp-3c-N.wav,0.0,3.0,0.00837,0.1
work/windows/Strings/Violoncello/ordinario/Vc-ord-G#3-pp-4c-T24u_w000.wav,cello,G#3,train,Strings/Violoncello/ordinario/Vc-ord-G#3-pp-4c-T24u.wav,0.0,3.0,0.00879,0.1
work/windows/Strings/Violoncello/ordinario/Vc-ord-G#4-ff-1c-T18u_w000.wav,cello,G#4,test,Strings/Violoncello/ordinario/Vc-ord-G#4-ff-1c-T18u.wav,0.0,3.0,0.04156,0.1
work/windows/Strings/Violoncello/ordinario/Vc-ord-G#4-ff-2c-N_w000.wav,cello,G#4,test,Strings/Violoncello/ordinario/Vc-ord-G#4-ff-2c-N.wav,0.0,3.0,0.03249,0.1
work/windows/Strings/Violoncello/ordinario/Vc-ord-G#4-mf-1c-N_w000.wav,cello,G#4,test,Strings/Violoncello/ordinario/Vc-ord-G#4-mf-1c-N.wav,0.0,3.0,0.0143,0.1
work/windows/Strings/Violoncello/ordinario/Vc-ord-G#4-mf-2c-N_w000.wav,cello,G#4,test,Strings/Violoncello/ordinario/Vc-ord-G#4-mf-2c-N.wav,0.0,3.0,0.01069,0.1
work/windows/Strings/Violoncello/ordinario/Vc-ord-G#4-pp-1c-N_w000.wav,cello,G#4,test,Strings/Violoncello/ordinario/Vc-ord-G#4-pp-1c-N.wav,0.0,3.0,0.00368,0.1
work/windows/Strings/Violoncello/ordinario/Vc-ord-G#4-pp-2c-T13u_w000.wav,cello,G#4,test,Strings/Violoncello/ordinario/Vc-ord-G#4-pp-2c-T13u.wav,0.0,3.0,0.0031,0.1
work/windows/Strings/Violoncello/ordinario/Vc-ord-G#5-ff-1c-T10u_w000.wav,cello,G#5,train,Strings/Violoncello/ordinario/Vc-ord-G#5-ff-1c-T10u.wav,0.0,3.0,0.03979,0.1
work/windows/Strings/Violoncello/ordinario/Vc-ord-G#5-mf-1c-N_w000.wav,cello,G#5,train,Strings/Violoncello/ordinario/Vc-ord-G#5-mf-1c-N.wav,0.0,3.0,0.01277,0.1
work/windows/Strings/Violoncello/ordinario/Vc-ord-G#5-pp-1c-N_w000.wav,cello,G#5,train,Strings/Violoncello/ordinario/Vc-ord-G#5-pp-1c-N.wav,0.0,3.0,0.00311,0.1
work/windows/Strings/Violoncello/ordinario/Vc-ord-G2-ff-3c-N_w000.wav,cello,G2,train,Strings/Violoncello/ordinario/Vc-ord-G2-ff-3c-N.wav,0.0,3.0,0.06415,0.1
work/windows/Strings/Violoncello/ordinario/Vc-ord-G2-ff-4c-N_w000.wav,cello,G2,train,Strings/Violoncello/ordinario/Vc-ord-G2-ff-4c-N.wav,0.0,3.0,0.09828,0.1
work/windows/Strings/Violoncello/ordinario/Vc-ord-G2-mf-3c-N_w000.wav,cello,G2,train,Strings/Violoncello/ordinario/Vc-ord-G2-mf-3c-N.wav,0.0,3.0,0.01665,0.1
work/windows/Strings/Violoncello/ordinario/Vc-ord-G2-mf-4c-N_w000.wav,cello,G2,train,Strings/Violoncello/ordinario/Vc-ord-G2-mf-4c-N.wav,0.0,3.0,0.03176,0.1
work/windows/Strings/Violoncello/ordinario/Vc-ord-G2-pp-3c-N_w000.wav,cello,G2,train,Strings/Violoncello/ordinario/Vc-ord-G2-pp-3c-N.wav,0.0,3.0,0.00422,0.1
work/windows/Strings/Violoncello/ordinario/Vc-ord-G2-pp-4c-N_w000.wav,cello,G2,train,Strings/Violoncello/ordinario/Vc-ord-G2-pp-4c-N.wav,0.0,3.0,0.01245,0.1
work/windows/Strings/Violoncello/ordinario/Vc-ord-G3-ff-2c-N_w000.wav,cello,G3,train,Strings/Violoncello/ordinario/Vc-ord-G3-ff-2c-N.wav,0.0,3.0,0.03924,0.1
work/windows/Strings/Violoncello/ordinario/Vc-ord-G3-ff-3c-N_w000.wav,cello,G3,train,Strings/Violoncello/ordinario/Vc-ord-G3-ff-3c-N.wav,0.0,3.0,0.05398,0.1
work/windows/Strings/Violoncello/ordinario/Vc-ord-G3-ff-4c-N_w000.wav,cello,G3,train,Strings/Violoncello/ordinario/Vc-ord-G3-ff-4c-N.wav,0.0,3.0,0.05663,0.1
work/windows/Strings/Violoncello/ordinario/Vc-ord-G3-mf-2c-N_w000.wav,cello,G3,train,Strings/Violoncello/ordinario/Vc-ord-G3-mf-2c-N.wav,0.0,3.0,0.02496,0.1
work/windows/Strings/Violoncello/ordinario/Vc-ord-G3-mf-3c-N_w000.wav,cello,G3,train,Strings/Violoncello/ordinario/Vc-ord-G3-mf-3c-N.wav,0.0,3.0,0.02254,0.1
work/windows/Strings/Violoncello/ordinario/Vc-ord-G3-mf-4c-N_w000.wav,cello,G3,train,Strings/Violoncello/ordinario/Vc-ord-G3-mf-4c-N.wav,0.0,3.0,0.01793,0.1
work/windows/Strings/Violoncello/ordinario/Vc-ord-G3-pp-2c-N_w000.wav,cello,G3,train,Strings/Violoncello/ordinario/Vc-ord-G3-pp-2c-N.wav,0.0,3.0,0.00577,0.1
work/windows/Strings/Violoncello/ordinario/Vc-ord-G3-pp-3c-N_w000.wav,cello,G3,train,Strings/Violoncello/ordinario/Vc-ord-G3-pp-3c-N.wav,0.0,3.0,0.00817,0.1
work/windows/Strings/Violoncello/ordinario/Vc-ord-G3-pp-4c-N_w000.wav,cello,G3,train,Strings/Violoncello/ordinario/Vc-ord-G3-pp-4c-N.wav,0.0,3.0,0.01226,0.1
work/windows/Strings/Violoncello/ordinario/Vc-ord-G4-ff-1c-N_w000.wav,cello,G4,train,Strings/Violoncello/ordinario/Vc-ord-G4-ff-1c-N.wav,0.0,3.0,0.0403,0.1
work/windows/Strings/Violoncello/ordinario/Vc-ord-G4-ff-2c-N_w000.wav,cello,G4,train,Strings/Violoncello/ordinario/Vc-ord-G4-ff-2c-N.wav,0.0,3.0,0.03547,0.1
work/windows/Strings/Violoncello/ordinario/Vc-ord-G4-mf-1c-N_w000.wav,cello,G4,train,Strings/Violoncello/ordinario/Vc-ord-G4-mf-1c-N.wav,0.0,3.0,0.01433,0.1
work/windows/Strings/Violoncello/ordinario/Vc-ord-G4-mf-2c-N_w000.wav,cello,G4,train,Strings/Violoncello/ordinario/Vc-ord-G4-mf-2c-N.wav,0.0,3.0,0.01259,0.1
work/windows/Strings/Violoncello/ordinario/Vc-ord-G4-pp-1c-N_w000.wav,cello,G4,train,Strings/Violoncello/ordinario/Vc-ord-G4-pp-1c-N.wav,0.0,3.0,0.00385,0.1
work/windows/Strings/Violoncello/ordinario/Vc-ord-G4-pp-2c-N_w000.wav,cello,G4,train,Strings/Violoncello/ordinario/Vc-ord-G4-pp-2c-N.wav,0.0,3.0,0.00422,0.1
work/windows/Strings/Violoncello/ordinario/Vc-ord-G5-ff-1c-N_w000.wav,cello,G5,train,Strings/Violoncello/ordinario/Vc-ord-G5-ff-1c-N.wav,0.0,3.0,0.01946,0.1
work/windows/Strings/Violoncello/ordinario/Vc-ord-G5-mf-1c-N_w000.wav,cello,G5,train,Strings/Violoncello/ordinario/Vc-ord-G5-mf-1c-N.wav,0.0,3.0,0.00594,0.1
work/windows/Strings/Violoncello/ordinario/Vc-ord-G5-pp-1c-N_w000.wav,cello,G5,train,Strings/Violoncello/ordinario/Vc-ord-G5-pp-1c-N.wav,0.0,3.0,0.00178,0.1
work/windows/Winds/Bassoon/ordinario/Bn-ord-A#1-ff-N-N_w000.wav,bassoon,A#1,train,Winds/Bassoon/ordinario/Bn-ord-A#1-ff-N-N.wav,0.0,3.0,0.03207,0.1
work/windows/Winds/Bassoon/ordinario/Bn-ord-A#1-mf-N-N_w000.wav,bassoon,A#1,train,Winds/Bassoon/ordinario/Bn-ord-A#1-mf-N-N.wav,0.0,3.0,0.00926,0.1
work/windows/Winds/Bassoon/ordinario/Bn-ord-A#1-pp-N-N_w000.wav,bassoon,A#1,train,Winds/Bassoon/ordinario/Bn-ord-A#1-pp-N-N.wav,0.0,3.0,0.00323,0.1
work/windows/Winds/Bassoon/ordinario/Bn-ord-A#2-ff-N-N_w000.wav,bassoon,A#2,train,Winds/Bassoon/ordinario/Bn-ord-A#2-ff-N-N.wav,0.0,3.0,0.07989,0.1
work/windows/Winds/Bassoon/ordinario/Bn-ord-A#2-mf-N-T11u_w000.wav,bassoon,A#2,train,Winds/Bassoon/ordinario/Bn-ord-A#2-mf-N-T11u.wav,0.0,3.0,0.03106,0.1
work/windows/Winds/Bassoon/ordinario/Bn-ord-A#2-pp-N-N_w000.wav,bassoon,A#2,train,Winds/Bassoon/ordinario/Bn-ord-A#2-pp-N-N.wav,0.0,3.0,0.0112,0.1
work/windows/Winds/Bassoon/ordinario/Bn-ord-A#3-ff-N-N_w000.wav,bassoon,A#3,val,Winds/Bassoon/ordinario/Bn-ord-A#3-ff-N-N.wav,0.0,3.0,0.09296,0.1
work/windows/Winds/Bassoon/ordinario/Bn-ord-A#3-mf-N-N_w000.wav,bassoon,A#3,val,Winds/Bassoon/ordinario/Bn-ord-A#3-mf-N-N.wav,0.0,3.0,0.03373,0.1
work/windows/Winds/Bassoon/ordinario/Bn-ord-A#3-pp-N-N_w000.wav,bassoon,A#3,val,Winds/Bassoon/ordinario/Bn-ord-A#3-pp-N-N.wav,0.0,3.0,0.01229,0.1
work/windows/Winds/Bassoon/ordinario/Bn-ord-A#4-ff-N-T11u_w000.wav,bassoon,A#4,test,Winds/Bassoon/ordinario/Bn-ord-A#4-ff-N-T11u.wav,0.0,3.0,0.07962,0.1
work/windows/Winds/Bassoon/ordinario/Bn-ord-A#4-mf-N-T14u_w000.wav,bassoon,A#4,test,Winds/Bassoon/ordinario/Bn-ord-A#4-mf-N-T14u.wav,0.0,3.0,0.02496,0.1
work/windows/Winds/Bassoon/ordinario/Bn-ord-A#4-pp-N-T13u_w000.wav,bassoon,A#4,test,Winds/Bassoon/ordinario/Bn-ord-A#4-pp-N-T13u.wav,0.0,3.0,0.01047,0.1
work/windows/Winds/Bassoon/ordinario/Bn-ord-A2-ff-N-T11d_w000.wav,bassoon,A2,train,Winds/Bassoon/ordinario/Bn-ord-A2-ff-N-T11d.wav,0.0,3.0,0.07844,0.1
work/windows/Winds/Bassoon/ordinario/Bn-ord-A2-mf-N-N_w000.wav,bassoon,A2,train,Winds/Bassoon/ordinario/Bn-ord-A2-mf-N-N.wav,0.0,3.0,0.02843,0.1
work/windows/Winds/Bassoon/ordinario/Bn-ord-A2-pp-N-N_w000.wav,bassoon,A2,train,Winds/Bassoon/ordinario/Bn-ord-A2-pp-N-N.wav,0.0,3.0,0.01126,0.1
work/windows/Winds/Bassoon/ordinario/Bn-ord-A3-ff-N-T14d_w000.wav,bassoon,A3,train,Winds/Bassoon/ordinario/Bn-ord-A3-ff-N-T14d.wav,0.0,3.0,0.07487,0.1
work/windows/Winds/Bassoon/ordinario/Bn-ord-A3-mf-N-N_w000.wav,bassoon,A3,train,Winds/Bassoon/ordinario/Bn-ord-A3-mf-N-N.wav,0.0,3.0,0.02074,0.1
work/windows/Winds/Bassoon/ordinario/Bn-ord-A3-pp-N-T11d_w000.wav,bassoon,A3,train,Winds/Bassoon/ordinario/Bn-ord-A3-pp-N-T11d.wav,0.0,3.0,0.00729,0.1
work/windows/Winds/Bassoon/ordinario/Bn-ord-A4-ff-N-N_w000.wav,bassoon,A4,train,Winds/Bassoon/ordinario/Bn-ord-A4-ff-N-N.wav,0.0,3.0,0.05421,0.1
work/windows/Winds/Bassoon/ordinario/Bn-ord-A4-mf-N-T14u_R100d_w000.wav,bassoon,A4,train,Winds/Bassoon/ordinario/Bn-ord-A4-mf-N-T14u_R100d.wav,0.0,3.0,0.0248,0.1
work/windows/Winds/Bassoon/ordinario/Bn-ord-A4-pp-N-N_w000.wav,bassoon,A4,train,Winds/Bassoon/ordinario/Bn-ord-A4-pp-N-N.wav,0.0,3.0,0.00304,0.1
work/windows/Winds/Bassoon/ordinario/Bn-ord-B1-ff-N-N_w000.wav,bassoon,B1,train,Winds/Bassoon/ordinario/Bn-ord-B1-ff-N-N.wav,0.0,3.0,0.03023,0.1
work/windows/Winds/Bassoon/ordinario/Bn-ord-B1-mf-N-N_w000.wav,bassoon,B1,train,Winds/Bassoon/ordinario/Bn-ord-B1-mf-N-N.wav,0.0,3.0,0.01015,0.1
work/windows/Winds/Bassoon/ordinario/Bn-ord-B1-pp-N-T11d_w000.wav,bassoon,B1,train,Winds/Bassoon/ordinario/Bn-ord-B1-pp-N-T11d.wav,0.0,3.0,0.00459,0.1
work/windows/Winds/Bassoon/ordinario/Bn-ord-B2-ff-N-N_w000.wav,bassoon,B2,train,Winds/Bassoon/ordinario/Bn-ord-B2-ff-N-N.wav,0.0,3.0,0.07856,0.1
work/windows/Winds/Bassoon/ordinario/Bn-ord-B2-mf-N-N_w000.wav,bassoon,B2,train,Winds/Bassoon/ordinario/Bn-ord-B2-mf-N-N.wav,0.0,3.0,0.02916,0.1
work/windows/Winds/Bassoon/ordinario/Bn-ord-B2-pp-N-N_w000.wav,bassoon,B2,train,Winds/Bassoon/ordinario/Bn-ord-B2-pp-N-N.wav,0.0,3.0,0.00872,0.1
work/windows/Winds/Bassoon/ordinario/Bn-ord-B3-ff-N-N_w000.wav,bassoon,B3,test,Winds/Bassoon/ordinario/Bn-ord-B3-ff-N-N.wav,0.0,3.0,0.11526,0.1
work/windows/Winds/Bassoon/ordinario/Bn-ord-B3-mf-N-N_w000.wav,bassoon,B3,test,Winds/Bassoon/ordinario/Bn-ord-B3-mf-N-N.wav,0.0,3.0,0.02896,0.1
work/windows/Winds/Bassoon/ordinario/Bn-ord-B3-pp-N-N_w000.wav,bassoon,B3,test,Winds/Bassoon/ordinario/Bn-ord-B3-pp-N-N.wav,0.0,3.0,0.00956,0.1
work/windows/Winds/Bassoon/ordinario/Bn-ord-B4-ff-N-N_w000.wav,bassoon,B4,train,Winds/Bassoon/ordinario/Bn-ord-B4-ff-N-N.wav,0.0,3.0,0.07315,0.1
work/windows/Winds/Bassoon/ordinario/Bn-ord-B4-mf-N-N_w000.wav,bassoon,B4,train,Winds/Bassoon/ordinario/Bn-ord-B4-mf-N-N.wav,0.0,3.0,0.02091,0.1
work/windows/Winds/Bassoon/ordinario/Bn-ord-B4-pp-N-N_w000.wav,bassoon,B4,train,Winds/Bassoon/ordinario/Bn-ord-B4-pp-N-N.wav,0.0,3.0,0.00779,0.1
work/windows/Winds/Bassoon/ordinario/Bn-ord-C#2-ff-N-N_w000.wav,bassoon,C#2,train,Winds/Bassoon/ordinario/Bn-ord-C#2-ff-N-N.wav,0.0,3.0,0.04284,0.1
work/windows/Winds/Bassoon/ordinario/Bn-ord-C#2-mf-N-N_w000.wav,bassoon,C#2,train,Winds/Bassoon/ordinario/Bn-ord-C#2-mf-N-N.wav,0.0,3.0,0.01571,0.1
work/windows/Winds/Bassoon/ordinario/Bn-ord-C#2-pp-N-N_w000.wav,bassoon,C#2,train,Winds/Bassoon/ordinario/Bn-ord-C#2-pp-N-N.wav,0.0,3.0,0.00637,0.1
work/windows/Winds/Bassoon/ordinario/Bn-ord-C#3-ff-N-N_w000.wav,bassoon,C#3,train,Winds/Bassoon/ordinario/Bn-ord-C#3-ff-N-N.wav,0.0,3.0,0.0694,0.1
work/windows/Winds/Bassoon/ordinario/Bn-ord-C#3-mf-N-R100d_w000.wav,bassoon,C#3,train,Winds/Bassoon/ordinario/Bn-ord-C#3-mf-N-R100d.wav,0.0,3.0,0.03071,0.1
work/windows/Winds/Bassoon/ordinario/Bn-ord-C#3-pp-N-N_w000.wav,bassoon,C#3,train,Winds/Bassoon/ordinario/Bn-ord-C#3-pp-N-N.wav,0.0,3.0,0.00831,0.1
work/windows/Winds/Bassoon/ordinario/Bn-ord-C#4-ff-N-N_w000.wav,bassoon,C#4,test,Winds/Bassoon/ordinario/Bn-ord-C#4-ff-N-N.wav,0.0,3.0,0.11461,0.1
work/windows/Winds/Bassoon/ordinario/Bn-ord-C#4-mf-N-N_w000.wav,bassoon,C#4,test,Winds/Bassoon/ordinario/Bn-ord-C#4-mf-N-N.wav,0.0,3.0,0.04085,0.1
work/windows/Winds/Bassoon/ordinario/Bn-ord-C#4-pp-N-N_w000.wav,bassoon,C#4,test,Winds/Bassoon/ordinario/Bn-ord-C#4-pp-N-N.wav,0.0,3.0,0.00983,0.1
work/windows/Winds/Bassoon/ordinario/Bn-ord-C#5-ff-N-N_w000.wav,bassoon,C#5,train,Winds/Bassoon/ordinario/Bn-ord-C#5-ff-N-N.wav,0.0,3.0,0.15077,0.1
work/windows/Winds/Bassoon/ordinario/Bn-ord-C#5-mf-N-N_w000.wav,bassoon,C#5,train,Winds/Bassoon/ordinario/Bn-ord-C#5-mf-N-N.wav,0.0,3.0,0.06284,0.1
work/windows/Winds/Bassoon/ordinario/Bn-ord-C#5-pp-N-N_w000.wav,bassoon,C#5,train,Winds/Bassoon/ordinario/Bn-ord-C#5-pp-N-N.wav,0.0,3.0,0.02666,0.1
work/windows/Winds/Bassoon/ordinario/Bn-ord-C2-ff-N-N_w000.wav,bassoon,C2,train,Winds/Bassoon/ordinario/Bn-ord-C2-ff-N-N.wav,0.0,3.0,0.0387,0.1
work/windows/Winds/Bassoon/ordinario/Bn-ord-C2-mf-N-N_w000.wav,bassoon,C2,train,Winds/Bassoon/ordinario/Bn-ord-C2-mf-N-N.wav,0.0,3.0,0.0108,0.1
work/windows/Winds/Bassoon/ordinario/Bn-ord-C2-pp-N-T11d_R100u_w000.wav,bassoon,C2,train,Winds/Bassoon/ordinario/Bn-ord-C2-pp-N-T11d_R100u.wav,0.0,3.0,0.00458,0.1
work/windows/Winds/Bassoon/ordinario/Bn-ord-C3-ff-N-T12d_w000.wav,bassoon,C3,train,Winds/Bassoon/ordinario/Bn-ord-C3-ff-N-T12d.wav,0.0,3.0,0.06771,0.1
work/windows/Winds/Bassoon/ordinario/Bn-ord-C3-mf-N-R100u_w000.wav,bassoon,C3,train,Winds/Bassoon/ordinario/Bn-ord-C3-mf-N-R100u.wav,0.0,3.0,0.02908,0.1
work/windows/Winds/Bassoon/ordinario/Bn-ord-C3-pp-N-T15d_w000.wav,bassoon,C3,train,Winds/Bassoon/ordinario/Bn-ord-C3-pp-N-T15d.wav,0.0,3.0,0.00742,0.1
work/windows/Winds/Bassoon/ordinario/Bn-ord-C4-ff-N-N_w000.wav,bassoon,C4,train,Winds/Bassoon/ordinario/Bn-ord-C4-ff-N-N.wav,0.0,3.0,0.05503,0.1
work/windows/Winds/Bassoon/ordinario/Bn-ord-C4-mf-N-N_w000.wav,bassoon,C4,train,Winds/Bassoon/ordinario/Bn-ord-C4-mf-N-N.wav,0.0,3.0,0.01482,0.1
work/windows/Winds/Bassoon/ordinario/Bn-ord-C4-pp-N-N_w000.wav,bassoon,C4,train,Winds/Bassoon/ordinario/Bn-ord-C4-pp-N-N.wav,0.0,3.0,0.00561,0.1
work/windows/Winds/Bassoon/ordinario/Bn-ord-C5-ff-N-N_w000.wav,bassoon,C5,train,Winds/Bassoon/ordinario/Bn-ord-C5-ff-N-N.wav,0.0,3.0,0.12831,0.1
work/windows/Winds/Bassoon/ordinario/Bn-ord-C5-mf-N-N_w000.wav,bassoon,C5,train,Winds/Bassoon/ordinario/Bn-ord-C5-mf-N-N.wav,0.0,3.0,0.04108,0.1
work/windows/Winds/Bassoon/ordinario/Bn-ord-C5-pp-N-N_w000.wav,bassoon,C5,train,Winds/Bassoon/ordinario/Bn-ord-C5-pp-N-N.wav,0.0,3.0,0.01653,0.1
work/windows/Winds/Bassoon/ordinario/Bn-ord-D#2-ff-N-T17d_w000.wav,bassoon,D#2,test,Winds/Bassoon/ordinario/Bn-ord-D#2-ff-N-T17d.wav,0.0,3.0,0.04488,0.1
work/windows/Winds/Bassoon/ordinario/Bn-ord-D#2-mf-N-N_w000.wav,bassoon,D#2,test,Winds/Bassoon/ordinario/Bn-ord-D#2-mf-N-N.wav,0.0,3.0,0.0194,0.1
work/windows/Winds/Bassoon/ordinario/Bn-ord-D#2-pp-N-N_w000.wav,bassoon,D#2,test,Winds/Bassoon/ordinario/Bn-ord-D#2-pp-N-N.wav,0.0,3.0,0.00705,0.1
work/windows/Winds/Bassoon/ordinario/Bn-ord-D#3-ff-N-N_w000.wav,bassoon,D#3,train,Winds/Bassoon/ordinario/Bn-ord-D#3-ff-N-N.wav,0.0,3.0,0.07543,0.1
work/windows/Winds/Bassoon/ordinario/Bn-ord-D#3-mf-N-N_w000.wav,bassoon,D#3,train,Winds/Bassoon/ordinario/Bn-ord-D#3-mf-N-N.wav,0.0,3.0,0.02855,0.1
work/windows/Winds/Bassoon/ordinario/Bn-ord-D#3-pp-N-N_w000.wav,bassoon,D#3,train,Winds/Bassoon/ordinario/Bn-ord-D#3-pp-N-N.wav,0.0,3.0,0.01014,0.1
work/windows/Winds/Bassoon/ordinario/Bn-ord-D#4-ff-N-N_w000.wav,bassoon,D#4,train,Winds/Bassoon/ordinario/Bn-ord-D#4-ff-N-N.wav,0.0,3.0,0.11418,0.1
work/windows/Winds/Bassoon/ordinario/Bn-ord-D#4-mf-N-N_w000.wav,bassoon,D#4,train,Winds/Bassoon/ordinario/Bn-ord-D#4-mf-N-N.wav,0.0,3.0,0.04861,0.1
work/windows/Winds/Bassoon/ordinario/Bn-ord-D#4-pp-N-N_w000.wav,bassoon,D#4,train,Winds/Bassoon/ordinario/Bn-ord-D#4-pp-N-N.wav,0.0,3.0,0.00838,0.1
work/windows/Winds/Bassoon/ordinario/Bn-ord-D#5-ff-N-T14d_w000.wav,bassoon,D#5,train,Winds/Bassoon/ordinario/Bn-ord-D#5-ff-N-T14d.wav,0.0,3.0,0.06372,0.1
work/windows/Winds/Bassoon/ordinario/Bn-ord-D#5-mf-N-N_w000.wav,bassoon,D#5,train,Winds/Bassoon/ordinario/Bn-ord-D#5-mf-N-N.wav,0.0,3.0,0.02537,0.1
work/windows/Winds/Bassoon/ordinario/Bn-ord-D#5-pp-N-N_w000.wav,bassoon,D#5,train,Winds/Bassoon/ordinario/Bn-ord-D#5-pp-N-N.wav,0.0,3.0,0.01287,0.1
work/windows/Winds/Bassoon/ordinario/Bn-ord-D2-ff-N-N_w000.wav,bassoon,D2,train,Winds/Bassoon/ordinario/Bn-ord-D2-ff-N-N.wav,0.0,3.0,0.04404,0.1
work/windows/Winds/Bassoon/ordinario/Bn-ord-D2-mf-N-N_w000.wav,bassoon,D2,train,Winds/Bassoon/ordinario/Bn-ord-D2-mf-N-N.wav,0.0,3.0,0.01979,0.1
work/windows/Winds/Bassoon/ordinario/Bn-ord-D2-pp-N-N_w000.wav,bassoon,D2,train,Winds/Bassoon/ordinario/Bn-ord-D2-pp-N-N.wav,0.0,3.0,0.0103,0.1
work/windows/Winds/Bassoon/ordinario/Bn-ord-D3-ff-N-T11d_w000.wav,bassoon,D3,train,Winds/Bassoon/ordinario/Bn-ord-D3-ff-N-T11d.wav,0.0,3.0,0.08438,0.1
work/windows/Winds/Bassoon/ordinario/Bn-ord-D3-mf-N-N_w000.wav,bassoon,D3,train,Winds/Bassoon/ordinario/Bn-ord-D3-mf-N-N.wav,0.0,3.0,0.03062,0.1
work/windows/Winds/Bassoon/ordinario/Bn-ord-D3-pp-N-T13d_w000.wav,bassoon,D3,train,Winds/Bassoon/ordinario/Bn-ord-D3-pp-N-T13d.wav,0.0,3.0,0.01076,0.1
work/windows/Winds/Bassoon/ordinario/Bn-ord-D4-ff-N-N_w000.wav,bassoon,D4,train,Winds/Bassoon/ordinario/Bn-ord-D4-ff-N-N.wav,0.0,3.0,0.12897,0.1
work/windows/Winds/Bassoon/ordinario/Bn-ord-D4-mf-N-N_w000.wav,bassoon,D4,train,Winds/Bassoon/ordinario/Bn-ord-D4-mf-N-N.wav,0.0,3.0,0.04463,0.1
work/windows/Winds/Bassoon/ordinario/Bn-ord-D4-pp-N-N_w000.wav,bassoon,D4,train,Winds/Bassoon/ordinario/Bn-ord-D4-pp-N-N.wav,0.0,3.0,0.01565,0.1
work/windows/Winds/Bassoon/ordinario/Bn-ord-D5-ff-N-N_w000.wav,bassoon,D5,test,Winds/Bassoon/ordinario/Bn-ord-D5-ff-N-N.wav,0.0,3.0,0.11321,0.1
work/windows/Winds/Bassoon/ordinario/Bn-ord-D5-mf-N-N_w000.wav,bassoon,D5,test,Winds/Bassoon/ordinario/Bn-ord-D5-mf-N-N.wav,0.0,3.0,0.03885,0.1
work/windows/Winds/Bassoon/ordinario/Bn-ord-D5-pp-N-N_w000.wav,bassoon,D5,test,Winds/Bassoon/ordinario/Bn-ord-D5-pp-N-N.wav,0.0,3.0,0.01861,0.1
work/windows/Winds/Bassoon/ordinario/Bn-ord-E2-ff-N-N_w000.wav,bassoon,E2,train,Winds/Bassoon/ordinario/Bn-ord-E2-ff-N-N.wav,0.0,3.0,0.08104,0.1
work/windows/Winds/Bassoon/ordinario/Bn-ord-E2-mf-N-T10u_w000.wav,bassoon,E2,train,Winds/Bassoon/ordinario/Bn-ord-E2-mf-N-T10u.wav,0.0,3.0,0.03171,0.1
work/windows/Winds/Bassoon/ordinario/Bn-ord-E2-pp-N-N_w000.wav,bassoon,E2,train,Winds/Bassoon/ordinario/Bn-ord-E2-pp-N-N.wav,0.0,3.0,0.01679,0.1
work/windows/Winds/Bassoon/ordinario/Bn-ord-E3-ff-N-R100u_w000.wav,bassoon,E3,train,Winds/Bassoon/ordinario/Bn-ord-E3-ff-N-R100u.wav,0.0,3.0,0.07554,0.1
work/windows/Winds/Bassoon/ordinario/Bn-ord-E3-mf-N-T11d_w000.wav,bassoon,E3,train,Winds/Bassoon/ordinario/Bn-ord-E3-mf-N-T11d.wav,0.0,3.0,0.02708,0.1
work/windows/Winds/Bassoon/ordinario/Bn-ord-E3-pp-N-T13d_w000.wav,bassoon,E3,train,Winds/Bassoon/ordinario/Bn-ord-E3-pp-N-T13d.wav,0.0,3.0,0.00946,0.1
work/windows/Winds/Bassoon/ordinario/Bn-ord-E4-ff-N-N_w000.wav,bassoon,E4,val,Winds/Bassoon/ordinario/Bn-ord-E4-ff-N-N.wav,0.0,3.0,0.14678,0.1
work/windows/Winds/Bassoon/ordinario/Bn-ord-E4-mf-N-N_w000.wav,bassoon,E4,val,Winds/Bassoon/ordinario/Bn-ord-E4-mf-N-N.wav,0.0,3.0,0.04698,0.1
work/windows/Winds/Bassoon/ordinario/Bn-ord-E4-pp-N-N_w000.wav,bassoon,E4,val,Winds/Bassoon/ordinario/Bn-ord-E4-pp-N-N.wav,0.0,3.0,0.01219,0.1
work/windows/Winds/Bassoon/ordinario/Bn-ord-F#2-ff-N-N_w000.wav,bassoon,F#2,val,Winds/Bassoon/ordinario/Bn-ord-F#2-ff-N-N.wav,0.0,3.0,0.06603,0.1
work/windows/Winds/Bassoon/ordinario/Bn-ord-F#2-mf-N-N_w000.wav,bassoon,F#2,val,Winds/Bassoon/ordinario/Bn-ord-F#2-mf-N-N.wav,0.0,3.0,0.02521,0.1
work/windows/Winds/Bassoon/ordinario/Bn-ord-F#2-pp-N-T12d_w000.wav,bassoon,F#2,val,Winds/Bassoon/ordinario/Bn-ord-F#2-pp-N-T12d.wav,0.0,3.0,0.01058,0.1
work/windows/Winds/Bassoon/ordinario/Bn-ord-F#3-ff-N-T13d_w000.wav,bassoon,F#3,val,Winds/Bassoon/ordinario/Bn-ord-F#3-ff-N-T13d.wav,0.0,3.0,0.116,0.1
work/windows/Winds/Bassoon/ordinario/Bn-ord-F#3-mf-N-T16d_w000.wav,bassoon,F#3,val,Winds/Bassoon/ordinario/Bn-ord-F#3-mf-N-T16d.wav,0.0,3.0,0.04719,0.1
work/windows/Winds/Bassoon/ordinario/Bn-ord-F#3-pp-N-T23d_w000.wav,bassoon,F#3,val,Winds/Bassoon/ordinario/Bn-ord-F#3-pp-N-T23d.wav,0.0,3.0,0.01704,0.1
work/windows/Winds/Bassoon/ordinario/Bn-ord-F#4-ff-N-N_w000.wav,bassoon,F#4,test,Winds/Bassoon/ordinario/Bn-ord-F#4-ff-N-N.wav,0.0,3.0,0.08306,0.1
work/windows/Winds/Bassoon/ordinario/Bn-ord-F#4-mf-N-N_w000.wav,bassoon,F#4,test,Winds/Bassoon/ordinario/Bn-ord-F#4-mf-N-N.wav,0.0,3.0,0.02825,0.1
work/windows/Winds/Bassoon/ordinario/Bn-ord-F#4-pp-N-N_w000.wav,bassoon,F#4,test,Winds/Bassoon/ordinario/Bn-ord-F#4-pp-N-N.wav,0.0,3.0,0.01095,0.1
work/windows/Winds/Bassoon/ordinario/Bn-ord-F2-ff-N-T10d_w000.wav,bassoon,F2,train,Winds/Bassoon/ordinario/Bn-ord-F2-ff-N-T10d.wav,0.0,3.0,0.04249,0.1
work/windows/Winds/Bassoon/ordinario/Bn-ord-F2-mf-N-N_w000.wav,bassoon,F2,train,Winds/Bassoon/ordinario/Bn-ord-F2-mf-N-N.wav,0.0,3.0,0.01496,0.1
work/windows/Winds/Bassoon/ordinario/Bn-ord-F2-pp-N-T17d_w000.wav,bassoon,F2,train,Winds/Bassoon/ordinario/Bn-ord-F2-pp-N-T17d.wav,0.0,3.0,0.0055,0.1
work/windows/Winds/Bassoon/ordinario/Bn-ord-F3-ff-N-T10d_w000.wav,bassoon,F3,val,Winds/Bassoon/ordinario/Bn-ord-F3-ff-N-T10d.wav,0.0,3.0,0.05653,0.1
work/windows/Winds/Bassoon/ordinario/Bn-ord-F3-mf-N-N_w000.wav,bassoon,F3,val,Winds/Bassoon/ordinario/Bn-ord-F3-mf-N-N.wav,0.0,3.0,0.0151,0.1
work/windows/Winds/Bassoon/ordinario/Bn-ord-F3-pp-N-T15d_w000.wav,bassoon,F3,val,Winds/Bassoon/ordinario/Bn-ord-F3-pp-N-T15d.wav,0.0,3.0,0.00489,0.1
work/windows/Winds/Bassoon/ordinario/Bn-ord-F4-ff-N-N_w000.wav,bassoon,F4,train,Winds/Bassoon/ordinario/Bn-ord-F4-ff-N-N.wav,0.0,3.0,0.12898,0.1
work/windows/Winds/Bassoon/ordinario/Bn-ord-F4-mf-N-N_w000.wav,bassoon,F4,train,Winds/Bassoon/ordinario/Bn-ord-F4-mf-N-N.wav,0.0,3.0,0.02823,0.1
work/windows/Winds/Bassoon/ordinario/Bn-ord-F4-pp-N-N_w000.wav,bassoon,F4,train,Winds/Bassoon/ordinario/Bn-ord-F4-pp-N-N.wav,0.0,3.0,0.00972,0.1
work/windows/Winds/Bassoon/ordinario/Bn-ord-G#2-ff-N-N_w000.wav,bassoon,G#2,train,Winds/Bassoon/ordinario/Bn-ord-G#2-ff-N-N.wav,0.0,3.0,0.06288,0.1
work/windows/Winds/Bassoon/ordinario/Bn-ord-G#2-mf-N-R100d_w000.wav,bassoon,G#2,train,Winds/Bassoon/ordinario/Bn-ord-G#2-mf-N-R100d.wav,0.0,3.0,0.02839,0.1
work/windows/Winds/Bassoon/ordinario/Bn-ord-G#2-pp-N-T16d_w000.wav,bassoon,G#2,train,Winds/Bassoon/ordinario/Bn-ord-G#2-pp-N-T16d.wav,0.0,3.0,0.00816,0.1
work/windows/Winds/Bassoon/ordinario/Bn-ord-G#3-ff-N-N_w000.wav,bassoon,G#3,train,Winds/Bassoon/ordinario/Bn-ord-G#3-ff-N-N.wav,0.0,3.0,0.0824,0.1
work/windows/Winds/Bassoon/ordinario/Bn-ord-G#3-mf-N-N_w000.wav,bassoon,G#3,train,Winds/Bassoon/ordinario/Bn-ord-G#3-mf-N-N.wav,0.0,3.0,0.02692,0.1
work/windows/Winds/Bassoon/ordinario/Bn-ord-G#3-pp-N-T19d_w000.wav,bassoon,G#3,train,Winds/Bassoon/ordinario/Bn-ord-G#3-pp-N-T19d.wav,0.0,3.0,0.00807,0.1
work/windows/Winds/Bassoon/ordinario/Bn-ord-G#4-ff-N-N_w000.wav,bassoon,G#4,val,Winds/Bassoon/ordinario/Bn-ord-G#4-ff-N-N.wav,0.0,3.0,0.08104,0.1
work/windows/Winds/Bassoon/ordinario/Bn-ord-G#4-mf-N-R100u_w000.wav,bassoon,G#4,val,Winds/Bassoon/ordinario/Bn-ord-G#4-mf-N-R100u.wav,0.0,3.0,0.00694,0.1
work/windows/Winds/Bassoon/ordinario/Bn-ord-G#4-pp-N-N_w000.wav,bassoon,G#4,val,Winds/Bassoon/ordinario/Bn-ord-G#4-pp-N-N.wav,0.0,3.0,0.01011,0.1
work/windows/Winds/Bassoon/ordinario/Bn-ord-G2-ff-N-N_w000.wav,bassoon,G2,train,Winds/Bassoon/ordinario/Bn-ord-G2-ff-N-N.wav,0.0,3.0,0.09388,0.1
work/windows/Winds/Bassoon/ordinario/Bn-ord-G2-mf-N-T10d_w000.wav,bassoon,G2,train,Winds/Bassoon/ordinario/Bn-ord-G2-mf-N-T10d.wav,0.0,3.0,0.03381,0.1
work/windows/Winds/Bassoon/ordinario/Bn-ord-G2-pp-N-N_w000.wav,bassoon,G2,train,Winds/Bassoon/ordinario/Bn-ord-G2-pp-N-N.wav,0.0,3.0,0.01288,0.1
work/windows/Winds/Bassoon/ordinario/Bn-ord-G3-ff-N-N_w000.wav,bassoon,G3,train,Winds/Bassoon/ordinario/Bn-ord-G3-ff-N-N.wav,0.0,3.0,0.09453,0.1
work/windows/Winds/Bassoon/ordinario/Bn-ord-G3-mf-N-N_w000.wav,bassoon,G3,train,Winds/Bassoon/ordinario/Bn-ord-G3-mf-N-N.wav,0.0,3.0,0.03029,0.1
work/windows/Winds/Bassoon/ordinario/Bn-ord-G3-pp-N-N_w000.wav,bassoon,G3,train,Winds/Bassoon/ordinario/Bn-ord-G3-pp-N-N.wav,0.0,3.0,0.00936,0.1
work/windows/Winds/Bassoon/ordinario/Bn-ord-G4-ff-N-N_w000.wav,bassoon,G4,train,Winds/Bassoon/ordinario/Bn-ord-G4-ff-N-N.wav,0.0,3.0,0.02532,0.1
work/windows/Winds/Bassoon/ordinario/Bn-ord-G4-mf-N-N_w000.wav,bassoon,G4,train,Winds/Bassoon/ordinario/Bn-ord-G4-mf-N-N.wav,0.0,3.0,0.00694,0.1
work/windows/Winds/Bassoon/ordinario/Bn-ord-G4-pp-N-N_w000.wav,bassoon,G4,train,Winds/Bassoon/ordinario/Bn-ord-G4-pp-N-N.wav,0.0,3.0,0.00248,0.1
work/windows/Winds/Clarinet_Bb/ordinario/ClBb-ord-A#3-ff-N-T13u_w000.wav,clarinet,A#3,train,Winds/Clarinet_Bb/ordinario/ClBb-ord-A#3-ff-N-T13u.wav,0.0,3.0,0.07426,0.1
work/windows/Winds/Clarinet_Bb/ordinario/ClBb-ord-A#3-mf-N-N_w000.wav,clarinet,A#3,train,Winds/Clarinet_Bb/ordinario/ClBb-ord-A#3-mf-N-N.wav,0.0,3.0,0.01537,0.1
work/windows/Winds/Clarinet_Bb/ordinario/ClBb-ord-A#3-pp-N-N_w000.wav,clarinet,A#3,train,Winds/Clarinet_Bb/ordinario/ClBb-ord-A#3-pp-N-N.wav,0.0,3.0,0.00399,0.1
work/windows/Winds/Clarinet_Bb/ordinario/ClBb-ord-A#4-ff-N-N_w000.wav,clarinet,A#4,train,Winds/Clarinet_Bb/ordinario/ClBb-ord-A#4-ff-N-N.wav,0.0,3.0,0.06464,0.1
work/windows/Winds/Clarinet_Bb/ordinario/ClBb-ord-A#4-mf-N-N_w000.wav,clarinet,A#4,train,Winds/Clarinet_Bb/ordinario/ClBb-ord-A#4-mf-N-N.wav,0.0,3.0,0.02682,0.1
work/windows/Winds/Clarinet_Bb/ordinario/ClBb-ord-A#4-pp-N-T15d_w000.wav,clarinet,A#4,train,Winds/Clarinet_Bb/ordinario/ClBb-ord-A#4-pp-N-T15d.wav,0.0,3.0,0.00791,0.1
work/windows/Winds/Clarinet_Bb/ordinario/ClBb-ord-A#5-ff-N-N_w000.wav,clarinet,A#5,val,Winds/Clarinet_Bb/ordinario/ClBb-ord-A#5-ff-N-N.wav,0.0,3.0,0.11527,0.1
work/windows/Winds/Clarinet_Bb/ordinario/ClBb-ord-A#5-mf-N-N_w000.wav,clarinet,A#5,val,Winds/Clarinet_Bb/ordinario/ClBb-ord-A#5-mf-N-N.wav,0.0,3.0,0.03407,0.1
work/windows/Winds/Clarinet_Bb/ordinario/ClBb-ord-A#5-pp-N-N_w000.wav,clarinet,A#5,val,Winds/Clarinet_Bb/ordinario/ClBb-ord-A#5-pp-N-N.wav,0.0,3.0,0.00658,0.1
work/windows/Winds/Clarinet_Bb/ordinario/ClBb-ord-A3-ff-N-T22u_w000.wav,clarinet,A3,train,Winds/Clarinet_Bb/ordinario/ClBb-ord-A3-ff-N-T22u.wav,0.0,3.0,0.06484,0.1
work/windows/Winds/Clarinet_Bb/ordinario/ClBb-ord-A3-mf-N-N_w000.wav,clarinet,A3,train,Winds/Clarinet_Bb/ordinario/ClBb-ord-A3-mf-N-N.wav,0.0,3.0,0.01446,0.1
work/windows/Winds/Clarinet_Bb/ordinario/ClBb-ord-A3-pp-N-N_w000.wav,clarinet,A3,train,Winds/Clarinet_Bb/ordinario/ClBb-ord-A3-pp-N-N.wav,0.0,3.0,0.00356,0.1
work/windows/Winds/Clarinet_Bb/ordinario/ClBb-ord-A4-ff-N-N_w000.wav,clarinet,A4,test,Winds/Clarinet_Bb/ordinario/ClBb-ord-A4-ff-N-N.wav,0.0,3.0,0.07057,0.1
work/windows/Winds/Clarinet_Bb/ordinario/ClBb-ord-A4-mf-N-N_w000.wav,clarinet,A4,test,Winds/Clarinet_Bb/ordinario/ClBb-ord-A4-mf-N-N.wav,0.0,3.0,0.02025,0.1
work/windows/Winds/Clarinet_Bb/ordinario/ClBb-ord-A4-pp-N-T13d_w000.wav,clarinet,A4,test,Winds/Clarinet_Bb/ordinario/ClBb-ord-A4-pp-N-T13d.wav,0.0,3.0,0.00484,0.1
work/windows/Winds/Clarinet_Bb/ordinario/ClBb-ord-A5-ff-N-N_w000.wav,clarinet,A5,val,Winds/Clarinet_Bb/ordinario/ClBb-ord-A5-ff-N-N.wav,0.0,3.0,0.1399,0.1
work/windows/Winds/Clarinet_Bb/ordinario/ClBb-ord-A5-mf-N-N_w000.wav,clarinet,A5,val,Winds/Clarinet_Bb/ordinario/ClBb-ord-A5-mf-N-N.wav,0.0,3.0,0.04362,0.1
work/windows/Winds/Clarinet_Bb/ordinario/ClBb-ord-A5-pp-N-N_w000.wav,clarinet,A5,val,Winds/Clarinet_Bb/ordinario/ClBb-ord-A5-pp-N-N.wav,0.0,3.0,0.00772,0.1
work/windows/Winds/Clarinet_Bb/ordinario/ClBb-ord-B3-ff-N-T16u_w000.wav,clarinet,B3,train,Winds/Clarinet_Bb/ordinario/ClBb-ord-B3-ff-N-T16u.wav,0.0,3.0,0.05818,0.1
work/windows/Winds/Clarinet_Bb/ordinario/ClBb-ord-B3-mf-N-N_w000.wav,clarinet,B3,train,Winds/Clarinet_Bb/ordinario/ClBb-ord-B3-mf-N-N.wav,0.0,3.0,0.01121,0.1
work/windows/Winds/Clarinet_Bb/ordinario/ClBb-ord-B3-pp-N-T12d_w000.wav,clarinet,B3,train,Winds/Clarinet_Bb/ordinario/ClBb-ord-B3-pp-N-T12d.wav,0.0,3.0,0.00353,0.1
work/windows/Winds/Clarinet_Bb/ordinario/ClBb-ord-B4-ff-N-T21u_w000.wav,clarinet,B4,train,Winds/Clarinet_Bb/ordinario/ClBb-ord-B4-ff-N-T21u.wav,0.0,3.0,0.05984,0.1
work/windows/Winds/Clarinet_Bb/ordinario/ClBb-ord-B4-mf-N-T12u_w000.wav,clarinet,B4,train,Winds/Clarinet_Bb/ordinario/ClBb-ord-B4-mf-N-T12u.wav,0.0,3.0,0.01055,0.1
work/windows/Winds/Clarinet_Bb/ordinario/ClBb-ord-B4-pp-N-N_w000.wav,clarinet,B4,train,Winds/Clarinet_Bb/ordinario/ClBb-ord-B4-pp-N-N.wav,0.0,3.0,0.00106,0.1
work/windows/Winds/Clarinet_Bb/ordinario/ClBb-ord-B5-ff-N-N_w000.wav,clarinet,B5,train,Winds/Clarinet_Bb/ordinario/ClBb-ord-B5-ff-N-N.wav,0.0,3.0,0.09195,0.1
work/windows/Winds/Clarinet_Bb/ordinario/ClBb-ord-B5-mf-N-N_w000.wav,clarinet,B5,train,Winds/Clarinet_Bb/ordinario/ClBb-ord-B5-mf-N-N.wav,0.0,3.0,0.0316,0.1
work/windows/Winds/Clarinet_Bb/ordinario/ClBb-ord-B5-pp-N-N_w000.wav,clarinet,B5,train,Winds/Clarinet_Bb/ordinario/ClBb-ord-B5-pp-N-N.wav,0.0,3.0,0.00325,0.1
work/windows/Winds/Clarinet_Bb/ordinario/ClBb-ord-C#4-ff-N-T15u_w000.wav,clarinet,C#4,test,Winds/Clarinet_Bb/ordinario/ClBb-ord-C#4-ff-N-T15u.wav,0.0,3.0,0.05428,0.1
work/windows/Winds/Clarinet_Bb/ordinario/ClBb-ord-C#4-mf-N-N_w000.wav,clarinet,C#4,test,Winds/Clarinet_Bb/ordinario/ClBb-ord-C#4-mf-N-N.wav,0.0,3.0,0.01736,0.1
work/windows/Winds/Clarinet_Bb/ordinario/ClBb-ord-C#4-pp-N-N_w000.wav,clarinet,C#4,test,Winds/Clarinet_Bb/ordinario/ClBb-ord-C#4-pp-N-N.wav,0.0,3.0,0.00502,0.1
work/windows/Winds/Clarinet_Bb/ordinario/ClBb-ord-C#5-ff-N-T13u_w000.wav,clarinet,C#5,train,Winds/Clarinet_Bb/ordinario/ClBb-ord-C#5-ff-N-T13u.wav,0.0,3.0,0.09066,0.1
work/windows/Winds/Clarinet_Bb/ordinario/ClBb-ord-C#5-mf-N-N_w000.wav,clarinet,C#5,train,Winds/Clarinet_Bb/ordinario/ClBb-ord-C#5-mf-N-N.wav,0.0,3.0,0.01469,0.1
work/windows/Winds/Clarinet_Bb/ordinario/ClBb-ord-C#5-pp-N-N_w000.wav,clarinet,C#5,train,Winds/Clarinet_Bb/ordinario/ClBb-ord-C#5-pp-N-N.wav,0.0,3.0,0.00331,0.1
work/windows/Winds/Clarinet_Bb/ordinario/ClBb-ord-C#6-ff-N-N_w000.wav,clarinet,C#6,train,Winds/Clarinet_Bb/ordinario/ClBb-ord-C#6-ff-N-N.wav,0.0,3.0,0.12946,0.1
work/windows/Winds/Clarinet_Bb/ordinario/ClBb-ord-C#6-mf-N-N_w000.wav,clarinet,C#6,train,Winds/Clarinet_Bb/ordinario/ClBb-ord-C#6-mf-N-N.wav,0.0,3.0,0.04288,0.1
work/windows/Winds/Clarinet_Bb/ordinario/ClBb-ord-C#6-pp-N-N_w000.wav,clarinet,C#6,train,Winds/Clarinet_Bb/ordinario/ClBb-ord-C#6-pp-N-N.wav,0.0,3.0,0.00725,0.1
work/windows/Winds/Clarinet_Bb/ordinario/ClBb-ord-C4-ff-N-T33u_w000.wav,clarinet,C4,train,Winds/Clarinet_Bb/ordinario/ClBb-ord-C4-ff-N-T33u.wav,0.0,3.0,0.06336,0.1
work/windows/Winds/Clarinet_Bb/ordinario/ClBb-ord-C4-mf-N-N_w000.wav,clarinet,C4,train,Winds/Clarinet_Bb/ordinario/ClBb-ord-C4-mf-N-N.wav,0.0,3.0,0.01278,0.1
work/windows/Winds/Clarinet_Bb/ordinario/ClBb-ord-C4-pp-N-N_w000.wav,clarinet,C4,train,Winds/Clarinet_Bb/ordinario/ClBb-ord-C4-pp-N-N.wav,0.0,3.0,0.00275,0.1
work/windows/Winds/Clarinet_Bb/ordinario/ClBb-ord-C5-ff-N-N_w000.wav,clarinet,C5,test,Winds/Clarinet_Bb/ordinario/ClBb-ord-C5-ff-N-N.wav,0.0,3.0,0.06823,0.1
work/windows/Winds/Clarinet_Bb/ordinario/ClBb-ord-C5-mf-N-N_w000.wav,clarinet,C5,test,Winds/Clarinet_Bb/ordinario/ClBb-ord-C5-mf-N-N.wav,0.0,3.0,0.01083,0.1
work/windows/Winds/Clarinet_Bb/ordinario/ClBb-ord-C5-pp-N-N_w000.wav,clarinet,C5,test,Winds/Clarinet_Bb/ordinario/ClBb-ord-C5-pp-N-N.wav,0.0,3.0,0.00369,0.1
work/windows/Winds/Clarinet_Bb/ordinario/ClBb-ord-C6-ff-N-N_w000.wav,clarinet,C6,train,Winds/Clarinet_Bb/ordinario/ClBb-ord-C6-ff-N-N.wav,0.0,3.0,0.12058,0.1
work/windows/Winds/Clarinet_Bb/ordinario/ClBb-ord-C6-mf-N-N_w000.wav,clarinet,C6,train,Winds/Clarinet_Bb/ordinario/ClBb-ord-C6-mf-N-N.wav,0.0,3.0,0.02588,0.1
work/windows/Winds/Clarinet_Bb/ordinario/ClBb-ord-C6-pp-N-N_w000.wav,clarinet,C6,train,Winds/Clarinet_Bb/ordinario/ClBb-ord-C6-pp-N-N.wav,0.0,3.0,0.00559,0.1
work/windows/Winds/Clarinet_Bb/ordinario/ClBb-ord-D#3-ff-N-T35u_w000.wav,clarinet,D#3,test,Winds/Clarinet_Bb/ordinario/ClBb-ord-D#3-ff-N-T35u.wav,0.0,3.0,0.04633,0.1
work/windows/Winds/Clarinet_Bb/ordinario/ClBb-ord-D#3-mf-N-N_w000.wav,clarinet,D#3,test,Winds/Clarinet_Bb/ordinario/ClBb-ord-D#3-mf-N-N.wav,0.0,3.0,0.00616,0.1
work/windows/Winds/Clarinet_Bb/ordinario/ClBb-ord-D#3-pp-N-N_w000.wav,clarinet,D#3,test,Winds/Clarinet_Bb/ordinario/ClBb-ord-D#3-pp-N-N.wav,0.0,3.0,0.00111,0.1
work/windows/Winds/Clarinet_Bb/ordinario/ClBb-ord-D#4-ff-N-T20u_w000.wav,clarinet,D#4,train,Winds/Clarinet_Bb/ordinario/ClBb-ord-D#4-ff-N-T20u.wav,0.0,3.0,0.06428,0.1
work/windows/Winds/Clarinet_Bb/ordinario/ClBb-ord-D#4-mf-N-N_w000.wav,clarinet,D#4,train,Winds/Clarinet_Bb/ordinario/ClBb-ord-D#4-mf-N-N.wav,0.0,3.0,0.019,0.1
work/windows/Winds/Clarinet_Bb/ordinario/ClBb-ord-D#4-pp-N-T12d_w000.wav,clarinet,D#4,train,Winds/Clarinet_Bb/ordinario/ClBb-ord-D#4-pp-N-T12d.wav,0.0,3.0,0.00345,0.1
work/windows/Winds/Clarinet_Bb/ordinario/ClBb-ord-D#5-ff-N-T11u_w000.wav,clarinet,D#5,train,Winds/Clarinet_Bb/ordinario/ClBb-ord-D#5-ff-N-T11u.wav,0.0,3.0,0.11628,0.1
work/windows/Winds/Clarinet_Bb/ordinario/ClBb-ord-D#5-mf-N-N_w000.wav,clarinet,D#5,train,Winds/Clarinet_Bb/ordinario/ClBb-ord-D#5-mf-N-N.wav,0.0,3.0,0.0293,0.1
work/windows/Winds/Clarinet_Bb/ordinario/ClBb-ord-D#5-pp-N-N_w000.wav,clarinet,D#5,train,Winds/Clarinet_Bb/ordinario/ClBb-ord-D#5-pp-N-N.wav,0.0,3.0,0.00079,0.1
work/windows/Winds/Clarinet_Bb/ordinario/ClBb-ord-D#6-ff-N-N_w000.wav,clarinet,D#6,train,Winds/Clarinet_Bb/ordinario/ClBb-ord-D#6-ff-N-N.wav,0.0,3.0,0.14284,0.1
work/windows/Winds/Clarinet_Bb/ordinario/ClBb-ord-D#6-mf-N-N_w000.wav,clarinet,D#6,train,Winds/Clarinet_Bb/ordinario/ClBb-ord-D#6-mf-N-N.wav,0.0,3.0,0.0327,0.1
work/windows/Winds/Clarinet_Bb/ordinario/ClBb-ord-D#6-pp-N-N_w000.wav,clarinet,D#6,train,Winds/Clarinet_Bb/ordinario/ClBb-ord-D#6-pp-N-N.wav,0.0,3.0,0.00757,0.1
work/windows/Winds/Clarinet_Bb/ordinario/ClBb-ord-D3-ff-N-T31u_w000.wav,clarinet,D3,train,Winds/Clarinet_Bb/ordinario/ClBb-ord-D3-ff-N-T31u.wav,0.0,3.0,0.06199,0.1
work/windows/Winds/Clarinet_Bb/ordinario/ClBb-ord-D3-mf-N-N_w000.wav,clarinet,D3,train,Winds/Clarinet_Bb/ordinario/ClBb-ord-D3-mf-N-N.wav,0.0,3.0,0.01293,0.1
work/windows/Winds/Clarinet_Bb/ordinario/ClBb-ord-D3-pp-N-N_w000.wav,clarinet,D3,train,Winds/Clarinet_Bb/ordinario/ClBb-ord-D3-pp-N-N.wav,0.0,3.0,0.00173,0.1
work/windows/Winds/Clarinet_Bb/ordinario/ClBb-ord-D4-ff-N-T19u_w000.wav,clarinet,D4,train,Winds/Clarinet_Bb/ordinario/ClBb-ord-D4-ff-N-T19u.wav,0.0,3.0,0.05293,0.1
work/windows/Winds/Clarinet_Bb/ordinario/ClBb-ord-D4-mf-N-N_w000.wav,clarinet,D4,train,Winds/Clarinet_Bb/ordinario/ClBb-ord-D4-mf-N-N.wav,0.0,3.0,0.0139,0.1
work/windows/Winds/Clarinet_Bb/ordinario/ClBb-ord-D4-pp-N-T12d_w000.wav,clarinet,D4,train,Winds/Clarinet_Bb/ordinario/ClBb-ord-D4-pp-N-T12d.wav,0.0,3.0,0.00459,0.1
work/windows/Winds/Clarinet_Bb/ordinario/ClBb-ord-D5-ff-N-T14u_w000.wav,clarinet,D5,val,Winds/Clarinet_Bb/ordinario/ClBb-ord-D5-ff-N-T14u.wav,0.0,3.0,0.11147,0.1
work/windows/Winds/Clarinet_Bb/ordinario/ClBb-ord-D5-mf-N-N_w000.wav,clarinet,D5,val,Winds/Clarinet_Bb/ordinario/ClBb-ord-D5-mf-N-N.wav,0.0,3.0,0.02284,0.1
work/windows/Winds/Clarinet_Bb/ordinario/ClBb-ord-D5-pp-N-N_w000.wav,clarinet,D5,val,Winds/Clarinet_Bb/ordinario/ClBb-ord-D5-pp-N-N.wav,0.0,3.0,0.00127,0.1
work/windows/Winds/Clarinet_Bb/ordinario/ClBb-ord-D6-ff-N-N_w000.wav,clarinet,D6,train,Winds/Clarinet_Bb/ordinario/ClBb-ord-D6-ff-N-N.wav,0.0,3.0,0.12735,0.1
work/windows/Winds/Clarinet_Bb/ordinario/ClBb-ord-D6-mf-N-N_w000.wav,clarinet,D6,train,Winds/Clarinet_Bb/ordinario/ClBb-ord-D6-mf-N-N.wav,0.0,3.0,0.02753,0.1
work/windows/Winds/Clarinet_Bb/ordinario/ClBb-ord-D6-pp-N-N_w000.wav,clarinet,D6,train,Winds/Clarinet_Bb/ordinario/ClBb-ord-D6-pp-N-N.wav,0.0,3.0,0.00643,0.1
work/windows/Winds/Clarinet_Bb/ordinario/ClBb-ord-E3-ff-N-T20u_w000.wav,clarinet,E3,train,Winds/Clarinet_Bb/ordinario/ClBb-ord-E3-ff-N-T20u.wav,0.0,3.0,0.04208,0.1
work/windows/Winds/Clarinet_Bb/ordinario/ClBb-ord-E3-mf-N-N_w000.wav,clarinet,E3,train,Winds/Clarinet_Bb/ordinario/ClBb-ord-E3-mf-N-N.wav,0.0,3.0,0.01004,0.1
work/windows/Winds/Clarinet_Bb/ordinario/ClBb-ord-E3-pp-N-N_w000.wav,clarinet,E3,train,Winds/Clarinet_Bb/ordinario/ClBb-ord-E3-pp-N-N.wav,0.0,3.0,0.00184,0.1
work/windows/Winds/Clarinet_Bb/ordinario/ClBb-ord-E4-ff-N-T30u_w000.wav,clarinet,E4,train,Winds/Clarinet_Bb/ordinario/ClBb-ord-E4-ff-N-T30u.wav,0.0,3.0,0.07762,0.1
work/windows/Winds/Clarinet_Bb/ordinario/ClBb-ord-E4-mf-N-N_w000.wav,clarinet,E4,train,Winds/Clarinet_Bb/ordinario/ClBb-ord-E4-mf-N-N.wav,0.0,3.0,0.01873,0.1
work/windows/Winds/Clarinet_Bb/ordinario/ClBb-ord-E4-pp-N-N_w000.wav,clarinet,E4,train,Winds/Clarinet_Bb/ordinario/ClBb-ord-E4-pp-N-N.wav,0.0,3.0,0.00332,0.1
work/windows/Winds/Clarinet_Bb/ordinario/ClBb-ord-E5-ff-N-N_w000.wav,clarinet,E5,val,Winds/Clarinet_Bb/ordinario/ClBb-ord-E5-ff-N-N.wav,0.0,3.0,0.08734,0.1
work/windows/Winds/Clarinet_Bb/ordinario/ClBb-ord-E5-mf-N-N_w000.wav,clarinet,E5,val,Winds/Clarinet_Bb/ordinario/ClBb-ord-E5-mf-N-N.wav,0.0,3.0,0.02825,0.1
work/windows/Winds/Clarinet_Bb/ordinario/ClBb-ord-E5-pp-N-N_w000.wav,clarinet,E5,val,Winds/Clarinet_Bb/ordinario/ClBb-ord-E5-pp-N-N.wav,0.0,3.0,0.00404,0.1
work/windows/Winds/Clarinet_Bb/ordinario/ClBb-ord-E6-ff-N-T10d_w000.wav,clarinet,E6,val,Winds/Clarinet_Bb/ordinario/ClBb-ord-E6-ff-N-T10d.wav,0.0,3.0,0.1931,0.1
work/windows/Winds/Clarinet_Bb/ordinario/ClBb-ord-E6-mf-N-T19d_w000.wav,clarinet,E6,val,Winds/Clarinet_Bb/ordinario/ClBb-ord-E6-mf-N-T19d.wav,0.0,3.0,0.05002,0.1
work/windows/Winds/Clarinet_Bb/ordinario/ClBb-ord-E6-pp-N-N_w000.wav,clarinet,E6,val,Winds/Clarinet_Bb/ordinario/ClBb-ord-E6-pp-N-N.wav,0.0,3.0,0.00449,0.1
work/windows/Winds/Clarinet_Bb/ordinario/ClBb-ord-F#3-ff-N-T21u_w000.wav,clarinet,F#3,val,Winds/Clarinet_Bb/ordinario/ClBb-ord-F#3-ff-N-T21u.wav,0.0,3.0,0.05228,0.1
work/windows/Winds/Clarinet_Bb/ordinario/ClBb-ord-F#3-mf-N-T15d_w000.wav,clarinet,F#3,val,Winds/Clarinet_Bb/ordinario/ClBb-ord-F#3-mf-N-T15d.wav,0.0,3.0,0.00694,0.1
work/windows/Winds/Clarinet_Bb/ordinario/ClBb-ord-F#3-pp-N-N_w000.wav,clarinet,F#3,val,Winds/Clarinet_Bb/ordinario/ClBb-ord-F#3-pp-N-N.wav,0.0,3.0,0.00276,0.1
work/windows/Winds/Clarinet_Bb/ordinario/ClBb-ord-F#4-ff-N-T24u_w000.wav,clarinet,F#4,test,Winds/Clarinet_Bb/ordinario/ClBb-ord-F#4-ff-N-T24u.wav,0.0,3.0,0.05479,0.1
work/windows/Winds/Clarinet_Bb/ordinario/ClBb-ord-F#4-mf-N-N_w000.wav,clarinet,F#4,test,Winds/Clarinet_Bb/ordinario/ClBb-ord-F#4-mf-N-N.wav,0.0,3.0,0.01905,0.1
work/windows/Winds/Clarinet_Bb/ordinario/ClBb-ord-F#4-pp-N-N_w000.wav,clarinet,F#4,test,Winds/Clarinet_Bb/ordinario/ClBb-ord-F#4-pp-N-N.wav,0.0,3.0,0.00294,0.1
work/windows/Winds/Clarinet_Bb/ordinario/ClBb-ord-F#5-ff-N-N_w000.wav,clarinet,F#5,train,Winds/Clarinet_Bb/ordinario/ClBb-ord-F#5-ff-N-N.wav,0.0,3.0,0.07646,0.1
work/windows/Winds/Clarinet_Bb/ordinario/ClBb-ord-F#5-mf-N-N_w000.wav,clarinet,F#5,train,Winds/Clarinet_Bb/ordinario/ClBb-ord-F#5-mf-N-N.wav,0.0,3.0,0.02596,0.1
work/windows/Winds/Clarinet_Bb/ordinario/ClBb-ord-F#5-pp-N-T11d_w000.wav,clarinet,F#5,train,Winds/Clarinet_Bb/ordinario/ClBb-ord-F#5-pp-N-T11d.wav,0.0,3.0,0.00576,0.1
work/windows/Winds/Clarinet_Bb/ordinario/ClBb-ord-F#6-ff-N-T15u_w000.wav,clarinet,F#6,train,Winds/Clarinet_Bb/ordinario/ClBb-ord-F#6-ff-N-T15u.wav,0.0,3.0,0.11172,0.1
work/windows/Winds/Clarinet_Bb/ordinario/ClBb-ord-F#6-mf-N-T10u_w000.wav,clarinet,F#6,train,Winds/Clarinet_Bb/ordinario/ClBb-ord-F#6-mf-N-T10u.wav,0.0,3.0,0.02606,0.1
work/windows/Winds/Clarinet_Bb/ordinario/ClBb-ord-F#6-pp-N-T16d_w000.wav,clarinet,F#6,train,Winds/Clarinet_Bb/ordinario/ClBb-ord-F#6-pp-N-T16d.wav,0.0,3.0,0.00332,0.1
work/windows/Winds/Clarinet_Bb/ordinario/ClBb-ord-F3-ff-N-T16u_w000.wav,clarinet,F3,train,Winds/Clarinet_Bb/ordinario/ClBb-ord-F3-ff-N-T16u.wav,0.0,3.0,0.03969,0.1
work/windows/Winds/Clarinet_Bb/ordinario/ClBb-ord-F3-mf-N-N_w000.wav,clarinet,F3,train,Winds/Clarinet_Bb/ordinario/ClBb-ord-F3-mf-N-N.wav,0.0,3.0,0.00656,0.1
work/windows/Winds/Clarinet_Bb/ordinario/ClBb-ord-F3-pp-N-T10d_w000.wav,clarinet,F3,train,Winds/Clarinet_Bb/ordinario/ClBb-ord-F3-pp-N-T10d.wav,0.0,3.0,0.00202,0.1
work/windows/Winds/Clarinet_Bb/ordinario/ClBb-ord-F4-ff-N-T13u_w000.wav,clarinet,F4,train,Winds/Clarinet_Bb/ordinario/ClBb-ord-F4-ff-N-T13u.wav,0.0,3.0,0.04703,0.1
work/windows/Winds/Clarinet_Bb/ordinario/ClBb-ord-F4-mf-N-N_w000.wav,clarinet,F4,train,Winds/Clarinet_Bb/ordinario/ClBb-ord-F4-mf-N-N.wav,0.0,3.0,0.01334,0.1
work/windows/Winds/Clarinet_Bb/ordinario/ClBb-ord-F4-pp-N-T14d_w000.wav,clarinet,F4,train,Winds/Clarinet_Bb/ordinario/ClBb-ord-F4-pp-N-T14d.wav,0.0,3.0,0.00321,0.1
work/windows/Winds/Clarinet_Bb/ordinario/ClBb-ord-F5-ff-N-N_w000.wav,clarinet,F5,train,Winds/Clarinet_Bb/ordinario/ClBb-ord-F5-ff-N-N.wav,0.0,3.0,0.09779,0.1
work/windows/Winds/Clarinet_Bb/ordinario/ClBb-ord-F5-mf-N-N_w000.wav,clarinet,F5,train,Winds/Clarinet_Bb/ordinario/ClBb-ord-F5-mf-N-N.wav,0.0,3.0,0.03121,0.1
work/windows/Winds/Clarinet_Bb/ordinario/ClBb-ord-F5-pp-N-N_w000.wav,clarinet,F5,train,Winds/Clarinet_Bb/ordinario/ClBb-ord-F5-pp-N-N.wav,0.0,3.0,0.00639,0.1
work/windows/Winds/Clarinet_Bb/ordinario/ClBb-ord-F6-ff-N-T10u_w000.wav,clarinet,F6,test,Winds/Clarinet_Bb/ordinario/ClBb-ord-F6-ff-N-T10u.wav,0.0,3.0,0.10348,0.1
work/windows/Winds/Clarinet_Bb/ordinario/ClBb-ord-F6-mf-N-N_w000.wav,clarinet,F6,test,Winds/Clarinet_Bb/ordinario/ClBb-ord-F6-mf-N-N.wav,0.0,3.0,0.03087,0.1
work/windows/Winds/Clarinet_Bb/ordinario/ClBb-ord-F6-pp-N-N_w000.wav,clarinet,F6,test,Winds/Clarinet_Bb/ordinario/ClBb-ord-F6-pp-N-N.wav,0.0,3.0,0.00607,0.1
work/windows/Winds/Clarinet_Bb/ordinario/ClBb-ord-G#3-ff-N-T19u_w000.wav,clarinet,G#3,train,Winds/Clarinet_Bb/ordinario/ClBb-ord-G#3-ff-N-T19u.wav,0.0,3.0,0.0634,0.1
work/windows/Winds/Clarinet_Bb/ordinario/ClBb-ord-G#3-mf-N-N_w000.wav,clarinet,G#3,train,Winds/Clarinet_Bb/ordinario/ClBb-ord-G#3-mf-N-N.wav,0.0,3.0,0.01116,0.1
work/windows/Winds/Clarinet_Bb/ordinario/ClBb-ord-G#3-pp-N-N_w000.wav,clarinet,G#3,train,Winds/Clarinet_Bb/ordinario/ClBb-ord-G#3-pp-N-N.wav,0.0,3.0,0.0034,0.1
work/windows/Winds/Clarinet_Bb/ordinario/ClBb-ord-G#4-ff-N-N_w000.wav,clarinet,G#4,train,Winds/Clarinet_Bb/ordinario/ClBb-ord-G#4-ff-N-N.wav,0.0,3.0,0.06623,0.1
work/windows/Winds/Clarinet_Bb/ordinario/ClBb-ord-G#4-mf-N-N_w000.wav,clarinet,G#4,train,Winds/Clarinet_Bb/ordinario/ClBb-ord-G#4-mf-N-N.wav,0.0,3.0,0.01859,0.1
work/windows/Winds/Clarinet_Bb/ordinario/ClBb-ord-G#4-pp-N-N_w000.wav,clarinet,G#4,train,Winds/Clarinet_Bb/ordinario/ClBb-ord-G#4-pp-N-N.wav,0.0,3.0,0.00616,0.1
work/windows/Winds/Clarinet_Bb/ordinario/ClBb-ord-G#5-ff-N-N_w000.wav,clarinet,G#5,train,Winds/Clarinet_Bb/ordinario/ClBb-ord-G#5-ff-N-N.wav,0.0,3.0,0.10522,0.1
work/windows/Winds/Clarinet_Bb/ordinario/ClBb-ord-G#5-mf-N-N_w000.wav,clarinet,G#5,train,Winds/Clarinet_Bb/ordinario/ClBb-ord-G#5-mf-N-N.wav,0.0,3.0,0.02955,0.1
work/windows/Winds/Clarinet_Bb/ordinario/ClBb-ord-G#5-pp-N-N_w000.wav,clarinet,G#5,train,Winds/Clarinet_Bb/ordinario/ClBb-ord-G#5-pp-N-N.wav,0.0,3.0,0.00401,0.1
work/windows/Winds/Clarinet_Bb/ordinario/ClBb-ord-G3-ff-N-T20u_w000.wav,clarinet,G3,train,Winds/Clarinet_Bb/ordinario/ClBb-ord-G3-ff-N-T20u.wav,0.0,3.0,0.06546,0.1
work/windows/Winds/Clarinet_Bb/ordinario/ClBb-ord-G3-mf-N-N_w000.wav,clarinet,G3,train,Winds/Clarinet_Bb/ordinario/ClBb-ord-G3-mf-N-N.wav,0.0,3.0,0.00891,0.1
work/windows/Winds/Clarinet_Bb/ordinario/ClBb-ord-G3-pp-N-T12d_w000.wav,clarinet,G3,train,Winds/Clarinet_Bb/ordinario/ClBb-ord-G3-pp-N-T12d.wav,0.0,3.0,0.00306,0.1
work/windows/Winds/Clarinet_Bb/ordinario/ClBb-ord-G4-ff-N-T30u_w000.wav,clarinet,G4,train,Winds/Clarinet_Bb/ordinario/ClBb-ord-G4-ff-N-T30u.wav,0.0,3.0,0.05119,0.1
work/windows/Winds/Clarinet_Bb/ordinario/ClBb-ord-G4-mf-N-N_w000.wav,clarinet,G4,train,Winds/Clarinet_Bb/ordinario/ClBb-ord-G4-mf-N-N.wav,0.0,3.0,0.01873,0.1
work/windows/Winds/Clarinet_Bb/ordinario/ClBb-ord-G4-pp-N-N_w000.wav,clarinet,G4,train,Winds/Clarinet_Bb/ordinario/ClBb-ord-G4-pp-N-N.wav,0.0,3.0,0.00222,0.1
work/windows/Winds/Clarinet_Bb/ordinario/ClBb-ord-G5-ff-N-T12u_w000.wav,clarinet,G5,train,Winds/Clarinet_Bb/ordinario/ClBb-ord-G5-ff-N-T12u.wav,0.0,3.0,0.08815,0.1
work/windows/Winds/Clarinet_Bb/ordinario/ClBb-ord-G5-mf-N-N_w000.wav,clarinet,G5,train,Winds/Clarinet_Bb/ordinario/ClBb-ord-G5-mf-N-N.wav,0.0,3.0,0.03016,0.1
work/windows/Winds/Clarinet_Bb/ordinario/ClBb-ord-G5-pp-N-N_w000.wav,clarinet,G5,train,Winds/Clarinet_Bb/ordinario/ClBb-ord-G5-pp-N-N.wav,0.0,3.0,0.00687,0.1
work/windows/Winds/Clarinet_Bb/ordinario/ClBb-ord-G6-ff-N-N_w000.wav,clarinet,G6,train,Winds/Clarinet_Bb/ordinario/ClBb-ord-G6-ff-N-N.wav,0.0,3.0,0.08395,0.1
work/windows/Winds/Clarinet_Bb/ordinario/ClBb-ord-G6-mf-N-N_w000.wav,clarinet,G6,train,Winds/Clarinet_Bb/ordinario/ClBb-ord-G6-mf-N-N.wav,0.0,3.0,0.02185,0.1
work/windows/Winds/Clarinet_Bb/ordinario/ClBb-ord-G6-pp-N-N_w000.wav,clarinet,G6,train,Winds/Clarinet_Bb/ordinario/ClBb-ord-G6-pp-N-N.wav,0.0,3.0,0.00628,0.1
work/windows/Winds/Flute/ordinario/Fl-ord-A#4-ff-N-N_w000.wav,flute,A#4,train,Winds/Flute/ordinario/Fl-ord-A#4-ff-N-N.wav,0.0,3.0,0.04042,0.1
work/windows/Winds/Flute/ordinario/Fl-ord-A#4-mf-N-N_w000.wav,flute,A#4,train,Winds/Flute/ordinario/Fl-ord-A#4-mf-N-N.wav,0.0,3.0,0.01334,0.1
work/windows/Winds/Flute/ordinario/Fl-ord-A#4-pp-N-T11u_w000.wav,flute,A#4,train,Winds/Flute/ordinario/Fl-ord-A#4-pp-N-T11u.wav,0.0,3.0,0.0038,0.1
work/windows/Winds/Flute/ordinario/Fl-ord-A#5-ff-N-T21d_w000.wav,flute,A#5,train,Winds/Flute/ordinario/Fl-ord-A#5-ff-N-T21d.wav,0.0,3.0,0.10048,0.1
work/windows/Winds/Flute/ordinario/Fl-ord-A#5-mf-N-T18d_w000.wav,flute,A#5,train,Winds/Flute/ordinario/Fl-ord-A#5-mf-N-T18d.wav,0.0,3.0,0.02701,0.1
work/windows/Winds/Flute/ordinario/Fl-ord-A#5-pp-N-N_w000.wav,flute,A#5,train,Winds/Flute/ordinario/Fl-ord-A#5-pp-N-N.wav,0.0,3.0,0.00845,0.1
work/windows/Winds/Flute/ordinario/Fl-ord-A#6-ff-N-T15d_w000.wav,flute,A#6,train,Winds/Flute/ordinario/Fl-ord-A#6-ff-N-T15d.wav,0.0,3.0,0.07955,0.1
work/windows/Winds/Flute/ordinario/Fl-ord-A#6-mf-N-T11d_w000.wav,flute,A#6,train,Winds/Flute/ordinario/Fl-ord-A#6-mf-N-T11d.wav,0.0,3.0,0.02758,0.1
work/windows/Winds/Flute/ordinario/Fl-ord-A#6-pp-N-N_w000.wav,flute,A#6,train,Winds/Flute/ordinario/Fl-ord-A#6-pp-N-N.wav,0.0,3.0,0.00382,0.1
work/windows/Winds/Flute/ordinario/Fl-ord-A4-ff-N-N_w000.wav,flute,A4,val,Winds/Flute/ordinario/Fl-ord-A4-ff-N-N.wav,0.0,3.0,0.05295,0.1
work/windows/Winds/Flute/ordinario/Fl-ord-A4-mf-N-N_w000.wav,flute,A4,val,Winds/Flute/ordinario/Fl-ord-A4-mf-N-N.wav,0.0,3.0,0.01009,0.1
work/windows/Winds/Flute/ordinario/Fl-ord-A4-pp-N-T18u_w000.wav,flute,A4,val,Winds/Flute/ordinario/Fl-ord-A4-pp-N-T18u.wav,0.0,3.0,0.00361,0.1
work/windows/Winds/Flute/ordinario/Fl-ord-A5-ff-N-T22d_w000.wav,flute,A5,train,Winds/Flute/ordinario/Fl-ord-A5-ff-N-T22d.wav,0.0,3.0,0.08694,0.1
work/windows/Winds/Flute/ordinario/Fl-ord-A5-mf-N-T11d_w000.wav,flute,A5,train,Winds/Flute/ordinario/Fl-ord-A5-mf-N-T11d.wav,0.0,3.0,0.02588,0.1
work/windows/Winds/Flute/ordinario/Fl-ord-A5-pp-N-N_w000.wav,flute,A5,train,Winds/Flute/ordinario/Fl-ord-A5-pp-N-N.wav,0.0,3.0,0.00658,0.1
work/windows/Winds/Flute/ordinario/Fl-ord-A6-ff-N-T13d_w000.wav,flute,A6,val,Winds/Flute/ordinario/Fl-ord-A6-ff-N-T13d.wav,0.0,3.0,0.15703,0.1
work/windows/Winds/Flute/ordinario/Fl-ord-A6-mf-N-N_w000.wav,flute,A6,val,Winds/Flute/ordinario/Fl-ord-A6-mf-N-N.wav,0.0,3.0,0.07963,0.1
work/windows/Winds/Flute/ordinario/Fl-ord-A6-pp-N-N_w000.wav,flute,A6,val,Winds/Flute/ordinario/Fl-ord-A6-pp-N-N.wav,0.0,3.0,0.00413,0.1
work/windows/Winds/Flute/ordinario/Fl-ord-B3-ff-N-N_w000.wav,flute,B3,train,Winds/Flute/ordinario/Fl-ord-B3-ff-N-N.wav,0.0,3.0,0.02451,0.1
work/windows/Winds/Flute/ordinario/Fl-ord-B3-mf-N-N_w000.wav,flute,B3,train,Winds/Flute/ordinario/Fl-ord-B3-mf-N-N.wav,0.0,3.0,0.00661,0.1
work/windows/Winds/Flute/ordinario/Fl-ord-B3-pp-N-T19u_w000.wav,flute,B3,train,Winds/Flute/ordinario/Fl-ord-B3-pp-N-T19u.wav,0.0,3.0,0.00152,0.1
work/windows/Winds/Flute/ordinario/Fl-ord-B4-ff-N-T10d_w000.wav,flute,B4,train,Winds/Flute/ordinario/Fl-ord-B4-ff-N-T10d.wav,0.0,3.0,0.0459,0.1
work/windows/Winds/Flute/ordinario/Fl-ord-B4-mf-N-N_w000.wav,flute,B4,train,Winds/Flute/ordinario/Fl-ord-B4-mf-N-N.wav,0.0,3.0,0.01027,0.1
work/windows/Winds/Flute/ordinario/Fl-ord-B4-pp-N-N_w000.wav,flute,B4,train,Winds/Flute/ordinario/Fl-ord-B4-pp-N-N.wav,0.0,3.0,0.00314,0.1
work/windows/Winds/Flute/ordinario/Fl-ord-B5-ff-N-T20d_w000.wav,flute,B5,val,Winds/Flute/ordinario/Fl-ord-B5-ff-N-T20d.wav,0.0,3.0,0.07291,0.1
work/windows/Winds/Flute/ordinario/Fl-ord-B5-mf-N-T17d_w000.wav,flute,B5,val,Winds/Flute/ordinario/Fl-ord-B5-mf-N-T17d.wav,0.0,3.0,0.02467,0.1
work/windows/Winds/Flute/ordinario/Fl-ord-B5-pp-N-N_w000.wav,flute,B5,val,Winds/Flute/ordinario/Fl-ord-B5-pp-N-N.wav,0.0,3.0,0.00648,0.1
work/windows/Winds/Flute/ordinario/Fl-ord-B6-ff-N-T21d_w000.wav,flute,B6,train,Winds/Flute/ordinario/Fl-ord-B6-ff-N-T21d.wav,0.0,3.0,0.24749,0.1
work/windows/Winds/Flute/ordinario/Fl-ord-B6-mf-N-N_w000.wav,flute,B6,train,Winds/Flute/ordinario/Fl-ord-B6-mf-N-N.wav,0.0,3.0,0.0679,0.1
work/windows/Winds/Flute/ordinario/Fl-ord-B6-pp-N-T11u_w000.wav,flute,B6,train,Winds/Flute/ordinario/Fl-ord-B6-pp-N-T11u.wav,0.0,3.0,0.00839,0.1
work/windows/Winds/Flute/ordinario/Fl-ord-C#4-ff-N-N_w000.wav,flute,C#4,test,Winds/Flute/ordinario/Fl-ord-C#4-ff-N-N.wav,0.0,3.0,0.02714,0.1
work/windows/Winds/Flute/ordinario/Fl-ord-C#4-mf-N-N_w000.wav,flute,C#4,test,Winds/Flute/ordinario/Fl-ord-C#4-mf-N-N.wav,0.0,3.0,0.01257,0.1
work/windows/Winds/Flute/ordinario/Fl-ord-C#4-pp-N-N_w000.wav,flute,C#4,test,Winds/Flute/ordinario/Fl-ord-C#4-pp-N-N.wav,0.0,3.0,0.00263,0.1
work/windows/Winds/Flute/ordinario/Fl-ord-C#5-ff-N-N_w000.wav,flute,C#5,train,Winds/Flute/ordinario/Fl-ord-C#5-ff-N-N.wav,0.0,3.0,0.04354,0.1
work/windows/Winds/Flute/ordinario/Fl-ord-C#5-mf-N-N_w000.wav,flute,C#5,train,Winds/Flute/ordinario/Fl-ord-C#5-mf-N-N.wav,0.0,3.0,0.01016,0.1
work/windows/Winds/Flute/ordinario/Fl-ord-C#5-pp-N-T10u_w000.wav,flute,C#5,train,Winds/Flute/ordinario/Fl-ord-C#5-pp-N-T10u.wav,0.0,3.0,0.00283,0.1
work/windows/Winds/Flute/ordinario/Fl-ord-C#6-ff-N-T30d_w000.wav,flute,C#6,train,Winds/Flute/ordinario/Fl-ord-C#6-ff-N-T30d.wav,0.0,3.0,0.05391,0.1
work/windows/Winds/Flute/ordinario/Fl-ord-C#6-mf-N-T15d_w000.wav,flute,C#6,train,Winds/Flute/ordinario/Fl-ord-C#6-mf-N-T15d.wav,0.0,3.0,0.01657,0.1
work/windows/Winds/Flute/ordinario/Fl-ord-C#6-pp-N-T12d_w000.wav,flute,C#6,train,Winds/Flute/ordinario/Fl-ord-C#6-pp-N-T12d.wav,0.0,3.0,0.00455,0.1
work/windows/Winds/Flute/ordinario/Fl-ord-C#7-ff-N-N_w000.wav,flute,C#7,train,Winds/Flute/ordinario/Fl-ord-C#7-ff-N-N.wav,0.0,3.0,0.19806,0.1
work/windows/Winds/Flute/ordinario/Fl-ord-C#7-p-N-T12u_w000.wav,flute,C#7,train,Winds/Flute/ordinario/Fl-ord-C#7-p-N-T12u.wav,0.0,3.0,0.00979,0.1
work/windows/Winds/Flute/ordinario/Fl-ord-C4-ff-N-N_w000.wav,flute,C4,val,Winds/Flute/ordinario/Fl-ord-C4-ff-N-N.wav,0.0,3.0,0.02744,0.1
work/windows/Winds/Flute/ordinario/Fl-ord-C4-mf-N-T14d_w000.wav,flute,C4,val,Winds/Flute/ordinario/Fl-ord-C4-mf-N-T14d.wav,0.0,3.0,0.00804,0.1
work/windows/Winds/Flute/ordinario/Fl-ord-C4-pp-N-N_w000.wav,flute,C4,val,Winds/Flute/ordinario/Fl-ord-C4-pp-N-N.wav,0.0,3.0,0.00185,0.1
work/windows/Winds/Flute/ordinario/Fl-ord-C5-ff-N-T19d_w000.wav,flute,C5,train,Winds/Flute/ordinario/Fl-ord-C5-ff-N-T19d.wav,0.0,3.0,0.04078,0.1
work/windows/Winds/Flute/ordinario/Fl-ord-C5-mf-N-T17d_w000.wav,flute,C5,train,Winds/Flute/ordinario/Fl-ord-C5-mf-N-T17d.wav,0.0,3.0,0.01457,0.1
work/windows/Winds/Flute/ordinario/Fl-ord-C5-pp-N-N_w000.wav,flute,C5,train,Winds/Flute/ordinario/Fl-ord-C5-pp-N-N.wav,0.0,3.0,0.00371,0.1
work/windows/Winds/Flute/ordinario/Fl-ord-C6-ff-N-T38d_w000.wav,flute,C6,test,Winds/Flute/ordinario/Fl-ord-C6-ff-N-T38d.wav,0.0,3.0,0.11133,0.1
work/windows/Winds/Flute/ordinario/Fl-ord-C6-mf-N-T25d_w000.wav,flute,C6,test,Winds/Flute/ordinario/Fl-ord-C6-mf-N-T25d.wav,0.0,3.0,0.02436,0.1
work/windows/Winds/Flute/ordinario/Fl-ord-C6-pp-N-N_w000.wav,flute,C6,test,Winds/Flute/ordinario/Fl-ord-C6-pp-N-N.wav,0.0,3.0,0.00878,0.1
work/windows/Winds/Flute/ordinario/Fl-ord-C7-ff-N-N_w000.wav,flute,C7,train,Winds/Flute/ordinario/Fl-ord-C7-ff-N-N.wav,0.0,3.0,0.127,0.1
work/windows/Winds/Flute/ordinario/Fl-ord-C7-mf-N-N_w000.wav,flute,C7,train,Winds/Flute/ordinario/Fl-ord-C7-mf-N-N.wav,0.0,3.0,0.07305,0.1
work/windows/Winds/Flute/ordinario/Fl-ord-C7-pp-N-N_w000.wav,flute,C7,train,Winds/Flute/ordinario/Fl-ord-C7-pp-N-N.wav,0.0,3.0,0.00445,0.1
work/windows/Winds/Flute/ordinario/Fl-ord-D#4-ff-N-N_w000.wav,flute,D#4,train,Winds/Flute/ordinario/Fl-ord-D#4-ff-N-N.wav,0.0,3.0,0.03158,0.1
work/windows/Winds/Flute/ordinario/Fl-ord-D#4-mf-N-N_w000.wav,flute,D#4,train,Winds/Flute/ordinario/Fl-ord-D#4-mf-N-N.wav,0.0,3.0,0.01516,0.1
work/windows/Winds/Flute/ordinario/Fl-ord-D#4-pp-N-N_w000.wav,flute,D#4,train,Winds/Flute/ordinario/Fl-ord-D#4-pp-N-N.wav,0.0,3.0,0.00261,0.1
work/windows/Winds/Flute/ordinario/Fl-ord-D#5-ff-N-N_w000.wav,flute,D#5,test,Winds/Flute/ordinario/Fl-ord-D#5-ff-N-N.wav,0.0,3.0,0.06101,0.1
work/windows/Winds/Flute/ordinario/Fl-ord-D#5-mf-N-N_w000.wav,flute,D#5,test,Winds/Flute/ordinario/Fl-ord-D#5-mf-N-N.wav,0.0,3.0,0.02924,0.1
work/windows/Winds/Flute/ordinario/Fl-ord-D#5-pp-N-T10u_w000.wav,flute,D#5,test,Winds/Flute/ordinario/Fl-ord-D#5-pp-N-T10u.wav,0.0,3.0,0.00725,0.1
work/windows/Winds/Flute/ordinario/Fl-ord-D#6-ff-N-T16d_w000.wav,flute,D#6,train,Winds/Flute/ordinario/Fl-ord-D#6-ff-N-T16d.wav,0.0,3.0,0.1494,0.1
work/windows/Winds/Flute/ordinario/Fl-ord-D#6-mf-N-T12d_w000.wav,flute,D#6,train,Winds/Flute/ordinario/Fl-ord-D#6-mf-N-T12d.wav,0.0,3.0,0.03113,0.1
work/windows/Winds/Flute/ordinario/Fl-ord-D#6-pp-N-N_w000.wav,flute,D#6,train,Winds/Flute/ordinario/Fl-ord-D#6-pp-N-N.wav,0.0,3.0,0.00471,0.1
work/windows/Winds/Flute/ordinario/Fl-ord-D4-ff-N-N_w000.wav,flute,D4,train,Winds/Flute/ordinario/Fl-ord-D4-ff-N-N.wav,0.0,3.0,0.03157,0.1
work/windows/Winds/Flute/ordinario/Fl-ord-D4-mf-N-N_w000.wav,flute,D4,train,Winds/Flute/ordinario/Fl-ord-D4-mf-N-N.wav,0.0,3.0,0.01104,0.1
work/windows/Winds/Flute/ordinario/Fl-ord-D4-pp-N-N_w000.wav,flute,D4,train,Winds/Flute/ordinario/Fl-ord-D4-pp-N-N.wav,0.0,3.0,0.00199,0.1
work/windows/Winds/Flute/ordinario/Fl-ord-D5-ff-N-N_w000.wav,flute,D5,val,Winds/Flute/ordinario/Fl-ord-D5-ff-N-N.wav,0.0,3.0,0.06793,0.1
work/windows/Winds/Flute/ordinario/Fl-ord-D5-mf-N-T11d_w000.wav,flute,D5,val,Winds/Flute/ordinario/Fl-ord-D5-mf-N-T11d.wav,0.0,3.0,0.02196,0.1
work/windows/Winds/Flute/ordinario/Fl-ord-D5-pp-N-N_w000.wav,flute,D5,val,Winds/Flute/ordinario/Fl-ord-D5-pp-N-N.wav,0.0,3.0,0.00518,0.1
work/windows/Winds/Flute/ordinario/Fl-ord-D6-ff-N-T20d_w000.wav,flute,D6,train,Winds/Flute/ordinario/Fl-ord-D6-ff-N-T20d.wav,0.0,3.0,0.09779,0.1
work/windows/Winds/Flute/ordinario/Fl-ord-D6-mf-N-T11d_w000.wav,flute,D6,train,Winds/Flute/ordinario/Fl-ord-D6-mf-N-T11d.wav,0.0,3.0,0.0304,0.1
work/windows/Winds/Flute/ordinario/Fl-ord-D6-pp-N-N_w000.wav,flute,D6,train,Winds/Flute/ordinario/Fl-ord-D6-pp-N-N.wav,0.0,3.0,0.00572,0.1
work/windows/Winds/Flute/ordinario/Fl-ord-D7-ff-N-N_w000.wav,flute,D7,test,Winds/Flute/ordinario/Fl-ord-D7-ff-N-N.wav,0.0,3.0,0.09167,0.1
work/windows/Winds/Flute/ordinario/Fl-ord-D7-p-N-N_w000.wav,flute,D7,test,Winds/Flute/ordinario/Fl-ord-D7-p-N-N.wav,0.0,3.0,0.01791,0.1
work/windows/Winds/Flute/ordinario/Fl-ord-E4-ff-N-N_w000.wav,flute,E4,val,Winds/Flute/ordinario/Fl-ord-E4-ff-N-N.wav,0.0,3.0,0.02952,0.1
work/windows/Winds/Flute/ordinario/Fl-ord-E4-mf-N-N_w000.wav,flute,E4,val,Winds/Flute/ordinario/Fl-ord-E4-mf-N-N.wav,0.0,3.0,0.01033,0.1
work/windows/Winds/Flute/ordinario/Fl-ord-E4-pp-N-N_w000.wav,flute,E4,val,Winds/Flute/ordinario/Fl-ord-E4-pp-N-N.wav,0.0,3.0,0.00225,0.1
work/windows/Winds/Flute/ordinario/Fl-ord-E5-ff-N-N_w000.wav,flute,E5,train,Winds/Flute/ordinario/Fl-ord-E5-ff-N-N.wav,0.0,3.0,0.06291,0.1
work/windows/Winds/Flute/ordinario/Fl-ord-E5-mf-N-N_w000.wav,flute,E5,train,Winds/Flute/ordinario/Fl-ord-E5-mf-N-N.wav,0.0,3.0,0.02253,0.1
work/windows/Winds/Flute/ordinario/Fl-ord-E5-pp-N-T13u_w000.wav,flute,E5,train,Winds/Flute/ordinario/Fl-ord-E5-pp-N-T13u.wav,0.0,3.0,0.0055,0.1
work/windows/Winds/Flute/ordinario/Fl-ord-E6-ff-N-T25d_w000.wav,flute,E6,test,Winds/Flute/ordinario/Fl-ord-E6-ff-N-T25d.wav,0.0,3.0,0.11065,0.1
work/windows/Winds/Flute/ordinario/Fl-ord-E6-mf-N-T17d_w000.wav,flute,E6,test,Winds/Flute/ordinario/Fl-ord-E6-mf-N-T17d.wav,0.0,3.0,0.01993,0.1
work/windows/Winds/Flute/ordinario/Fl-ord-E6-pp-N-N_w000.wav,flute,E6,test,Winds/Flute/ordinario/Fl-ord-E6-pp-N-N.wav,0.0,3.0,0.00603,0.1
work/windows/Winds/Flute/ordinario/Fl-ord-F#4-ff-N-N_w000.wav,flute,F#4,train,Winds/Flute/ordinario/Fl-ord-F#4-ff-N-N.wav,0.0,3.0,0.0283,0.1
work/windows/Winds/Flute/ordinario/Fl-ord-F#4-mf-N-N_w000.wav,flute,F#4,train,Winds/Flute/ordinario/Fl-ord-F#4-mf-N-N.wav,0.0,3.0,0.00826,0.1
work/windows/Winds/Flute/ordinario/Fl-ord-F#4-pp-N-N_w000.wav,flute,F#4,train,Winds/Flute/ordinario/Fl-ord-F#4-pp-N-N.wav,0.0,3.0,0.00124,0.1
work/windows/Winds/Flute/ordinario/Fl-ord-F#5-ff-N-T11d_w000.wav,flute,F#5,train,Winds/Flute/ordinario/Fl-ord-F#5-ff-N-T11d.wav,0.0,3.0,0.04348,0.1
work/windows/Winds/Flute/ordinario/Fl-ord-F#5-mf-N-N_w000.wav,flute,F#5,train,Winds/Flute/ordinario/Fl-ord-F#5-mf-N-N.wav,0.0,3.0,0.01083,0.1
work/windows/Winds/Flute/ordinario/Fl-ord-F#5-pp-N-N_w000.wav,flute,F#5,train,Winds/Flute/ordinario/Fl-ord-F#5-pp-N-N.wav,0.0,3.0,0.00498,0.1
work/windows/Winds/Flute/ordinario/Fl-ord-F#6-ff-N-T19d_w000.wav,flute,F#6,train,Winds/Flute/ordinario/Fl-ord-F#6-ff-N-T19d.wav,0.0,3.0,0.1774,0.1
work/windows/Winds/Flute/ordinario/Fl-ord-F#6-mf-N-T10d_w000.wav,flute,F#6,train,Winds/Flute/ordinario/Fl-ord-F#6-mf-N-T10d.wav,0.0,3.0,0.06868,0.1
work/windows/Winds/Flute/ordinario/Fl-ord-F#6-pp-N-N_w000.wav,flute,F#6,train,Winds/Flute/ordinario/Fl-ord-F#6-pp-N-N.wav,0.0,3.0,0.01116,0.1
work/windows/Winds/Flute/ordinario/Fl-ord-F4-ff-N-N_w000.wav,flute,F4,train,Winds/Flute/ordinario/Fl-ord-F4-ff-N-N.wav,0.0,3.0,0.02775,0.1
work/windows/Winds/Flute/ordinario/Fl-ord-F4-mf-N-N_w000.wav,flute,F4,train,Winds/Flute/ordinario/Fl-ord-F4-mf-N-N.wav,0.0,3.0,0.00925,0.1
work/windows/Winds/Flute/ordinario/Fl-ord-F4-pp-N-N_w000.wav,flute,F4,train,Winds/Flute/ordinario/Fl-ord-F4-pp-N-N.wav,0.0,3.0,0.00207,0.1
work/windows/Winds/Flute/ordinario/Fl-ord-F5-ff-N-T13d_w000.wav,flute,F5,train,Winds/Flute/ordinario/Fl-ord-F5-ff-N-T13d.wav,0.0,3.0,0.04376,0.1
work/windows/Winds/Flute/ordinario/Fl-ord-F5-mf-N-N_w000.wav,flute,F5,train,Winds/Flute/ordinario/Fl-ord-F5-mf-N-N.wav,0.0,3.0,0.01347,0.1
work/windows/Winds/Flute/ordinario/Fl-ord-F5-pp-N-N_w000.wav,flute,F5,train,Winds/Flute/ordinario/Fl-ord-F5-pp-N-N.wav,0.0,3.0,0.00463,0.1
work/windows/Winds/Flute/ordinario/Fl-ord-F6-ff-N-T15d_w000.wav,flute,F6,train,Winds/Flute/ordinario/Fl-ord-F6-ff-N-T15d.wav,0.0,3.0,0.1838,0.1
work/windows/Winds/Flute/ordinario/Fl-ord-F6-mf-N-N_w000.wav,flute,F6,train,Winds/Flute/ordinario/Fl-ord-F6-mf-N-N.wav,0.0,3.0,0.02079,0.1
work/windows/Winds/Flute/ordinario/Fl-ord-F6-pp-N-N_w000.wav,flute,F6,train,Winds/Flute/ordinario/Fl-ord-F6-pp-N-N.wav,0.0,3.0,0.0044,0.1
work/windows/Winds/Flute/ordinario/Fl-ord-G#4-ff-N-N_w000.wav,flute,G#4,train,Winds/Flute/ordinario/Fl-ord-G#4-ff-N-N.wav,0.0,3.0,0.02429,0.1
work/windows/Winds/Flute/ordinario/Fl-ord-G#4-mf-N-N_w000.wav,flute,G#4,train,Winds/Flute/ordinario/Fl-ord-G#4-mf-N-N.wav,0.0,3.0,0.00928,0.1
work/windows/Winds/Flute/ordinario/Fl-ord-G#4-pp-N-N_w000.wav,flute,G#4,train,Winds/Flute/ordinario/Fl-ord-G#4-pp-N-N.wav,0.0,3.0,0.00245,0.1
work/windows/Winds/Flute/ordinario/Fl-ord-G#5-ff-N-T19d_w000.wav,flute,G#5,train,Winds/Flute/ordinario/Fl-ord-G#5-ff-N-T19d.wav,0.0,3.0,0.05255,0.1
work/windows/Winds/Flute/ordinario/Fl-ord-G#5-mf-N-N_w000.wav,flute,G#5,train,Winds/Flute/ordinario/Fl-ord-G#5-mf-N-N.wav,0.0,3.0,0.01801,0.1
work/windows/Winds/Flute/ordinario/Fl-ord-G#5-pp-N-N_w000.wav,flute,G#5,train,Winds/Flute/ordinario/Fl-ord-G#5-pp-N-N.wav,0.0,3.0,0.00462,0.1
work/windows/Winds/Flute/ordinario/Fl-ord-G#6-ff-N-T17d_w000.wav,flute,G#6,train,Winds/Flute/ordinario/Fl-ord-G#6-ff-N-T17d.wav,0.0,3.0,0.11642,0.1
work/windows/Winds/Flute/ordinario/Fl-ord-G#6-mf-N-T14d_w000.wav,flute,G#6,train,Winds/Flute/ordinario/Fl-ord-G#6-mf-N-T14d.wav,0.0,3.0,0.06241,0.1
work/windows/Winds/Flute/ordinario/Fl-ord-G#6-pp-N-N_w000.wav,flute,G#6,train,Winds/Flute/ordinario/Fl-ord-G#6-pp-N-N.wav,0.0,3.0,0.00669,0.1
work/windows/Winds/Flute/ordinario/Fl-ord-G4-ff-N-N_w000.wav,flute,G4,test,Winds/Flute/ordinario/Fl-ord-G4-ff-N-N.wav,0.0,3.0,0.02665,0.1
work/windows/Winds/Flute/ordinario/Fl-ord-G4-mf-N-N_w000.wav,flute,G4,test,Winds/Flute/ordinario/Fl-ord-G4-mf-N-N.wav,0.0,3.0,0.01059,0.1
work/windows/Winds/Flute/ordinario/Fl-ord-G4-pp-N-N_w000.wav,flute,G4,test,Winds/Flute/ordinario/Fl-ord-G4-pp-N-N.wav,0.0,3.0,0.00147,0.1
work/windows/Winds/Flute/ordinario/Fl-ord-G5-ff-N-T14d_w000.wav,flute,G5,train,Winds/Flute/ordinario/Fl-ord-G5-ff-N-T14d.wav,0.0,3.0,0.02679,0.1
work/windows/Winds/Flute/ordinario/Fl-ord-G5-mf-N-T16d_w000.wav,flute,G5,train,Winds/Flute/ordinario/Fl-ord-G5-mf-N-T16d.wav,0.0,3.0,0.0074,0.1
work/windows/Winds/Flute/ordinario/Fl-ord-G5-pp-N-T11u_w000.wav,flute,G5,train,Winds/Flute/ordinario/Fl-ord-G5-pp-N-T11u.wav,0.0,3.0,0.00254,0.1
work/windows/Winds/Flute/ordinario/Fl-ord-G6-ff-N-N_w000.wav,flute,G6,train,Winds/Flute/ordinario/Fl-ord-G6-ff-N-N.wav,0.0,3.0,0.07865,0.1
work/windows/Winds/Flute/ordinario/Fl-ord-G6-mf-N-N_w000.wav,flute,G6,train,Winds/Flute/ordinario/Fl-ord-G6-mf-N-N.wav,0.0,3.0,0.04786,0.1
work/windows/Winds/Flute/ordinario/Fl-ord-G6-pp-N-N_w000.wav,flute,G6,train,Winds/Flute/ordinario/Fl-ord-G6-pp-N-N.wav,0.0,3.0,0.01543,0.1
work/windows/Winds/Oboe/ordinario/Ob-ord-A#3-ff-N-T10d_w000.wav,oboe,A#3,val,Winds/Oboe/ordinario/Ob-ord-A#3-ff-N-T10d.wav,0.0,3.0,0.06907,0.1
work/windows/Winds/Oboe/ordinario/Ob-ord-A#3-mf-N-N_w000.wav,oboe,A#3,val,Winds/Oboe/ordinario/Ob-ord-A#3-mf-N-N.wav,0.0,3.0,0.03718,0.1
work/windows/Winds/Oboe/ordinario/Ob-ord-A#3-pp-N-T12d_w000.wav,oboe,A#3,val,Winds/Oboe/ordinario/Ob-ord-A#3-pp-N-T12d.wav,0.0,3.0,0.01235,0.1
work/windows/Winds/Oboe/ordinario/Ob-ord-A#4-ff-N-N_w000.wav,oboe,A#4,train,Winds/Oboe/ordinario/Ob-ord-A#4-ff-N-N.wav,0.0,3.0,0.0974,0.1
work/windows/Winds/Oboe/ordinario/Ob-ord-A#4-mf-N-R100u_w000.wav,oboe,A#4,train,Winds/Oboe/ordinario/Ob-ord-A#4-mf-N-R100u.wav,0.0,3.0,0.02997,0.1
work/windows/Winds/Oboe/ordinario/Ob-ord-A#4-pp-N-N_w000.wav,oboe,A#4,train,Winds/Oboe/ordinario/Ob-ord-A#4-pp-N-N.wav,0.0,3.0,0.01035,0.1
work/windows/Winds/Oboe/ordinario/Ob-ord-A#5-ff-N-N_w000.wav,oboe,A#5,test,Winds/Oboe/ordinario/Ob-ord-A#5-ff-N-N.wav,0.0,3.0,0.10479,0.1
work/windows/Winds/Oboe/ordinario/Ob-ord-A#5-mf-N-N_w000.wav,oboe,A#5,test,Winds/Oboe/ordinario/Ob-ord-A#5-mf-N-N.wav,0.0,3.0,0.0353,0.1
work/windows/Winds/Oboe/ordinario/Ob-ord-A#5-pp-N-T14u_w000.wav,oboe,A#5,test,Winds/Oboe/ordinario/Ob-ord-A#5-pp-N-T14u.wav,0.0,3.0,0.01146,0.1
work/windows/Winds/Oboe/ordinario/Ob-ord-A4-ff-N-N_w000.wav,oboe,A4,val,Winds/Oboe/ordinario/Ob-ord-A4-ff-N-N.wav,0.0,3.0,0.06512,0.1
work/windows/Winds/Oboe/ordinario/Ob-ord-A4-mf-N-N_w000.wav,oboe,A4,val,Winds/Oboe/ordinario/Ob-ord-A4-mf-N-N.wav,0.0,3.0,0.02991,0.1
work/windows/Winds/Oboe/ordinario/Ob-ord-A4-pp-N-N_w000.wav,oboe,A4,val,Winds/Oboe/ordinario/Ob-ord-A4-pp-N-N.wav,0.0,3.0,0.01107,0.1
work/windows/Winds/Oboe/ordinario/Ob-ord-A5-ff-N-T19u_w000.wav,oboe,A5,test,Winds/Oboe/ordinario/Ob-ord-A5-ff-N-T19u.wav,0.0,3.0,0.08889,0.1
work/windows/Winds/Oboe/ordinario/Ob-ord-A5-mf-N-T11u_w000.wav,oboe,A5,test,Winds/Oboe/ordinario/Ob-ord-A5-mf-N-T11u.wav,0.0,3.0,0.03135,0.1
work/windows/Winds/Oboe/ordinario/Ob-ord-A5-pp-N-N_w000.wav,oboe,A5,test,Winds/Oboe/ordinario/Ob-ord-A5-pp-N-N.wav,0.0,3.0,0.0104,0.1
work/windows/Winds/Oboe/ordinario/Ob-ord-A6-ff-N-T18u_w000.wav,oboe,A6,val,Winds/Oboe/ordinario/Ob-ord-A6-ff-N-T18u.wav,0.0,3.0,0.05861,0.1
work/windows/Winds/Oboe/ordinario/Ob-ord-A6-pp-N-N_w000.wav,oboe,A6,val,Winds/Oboe/ordinario/Ob-ord-A6-pp-N-N.wav,0.0,3.0,0.01102,0.1
work/windows/Winds/Oboe/ordinario/Ob-ord-B3-ff-N-N_w000.wav,oboe,B3,train,Winds/Oboe/ordinario/Ob-ord-B3-ff-N-N.wav,0.0,3.0,0.08292,0.1
work/windows/Winds/Oboe/ordinario/Ob-ord-B3-mf-N-N_w000.wav,oboe,B3,train,Winds/Oboe/ordinario/Ob-ord-B3-mf-N-N.wav,0.0,3.0,0.03057,0.1
work/windows/Winds/Oboe/ordinario/Ob-ord-B3-pp-N-N_w000.wav,oboe,B3,train,Winds/Oboe/ordinario/Ob-ord-B3-pp-N-N.wav,0.0,3.0,0.01273,0.1
work/windows/Winds/Oboe/ordinario/Ob-ord-B4-ff-N-T13d_w000.wav,oboe,B4,train,Winds/Oboe/ordinario/Ob-ord-B4-ff-N-T13d.wav,0.0,3.0,0.05679,0.1
work/windows/Winds/Oboe/ordinario/Ob-ord-B4-mf-N-N_w000.wav,oboe,B4,train,Winds/Oboe/ordinario/Ob-ord-B4-mf-N-N.wav,0.0,3.0,0.02986,0.1
work/windows/Winds/Oboe/ordinario/Ob-ord-B4-pp-N-N_w000.wav,oboe,B4,train,Winds/Oboe/ordinario/Ob-ord-B4-pp-N-N.wav,0.0,3.0,0.0098,0.1
work/windows/Winds/Oboe/ordinario/Ob-ord-B5-ff-N-T11u_w000.wav,oboe,B5,train,Winds/Oboe/ordinario/Ob-ord-B5-ff-N-T11u.wav,0.0,3.0,0.04401,0.1
work/windows/Winds/Oboe/ordinario/Ob-ord-B5-mf-N-T12u_w000.wav,oboe,B5,train,Winds/Oboe/ordinario/Ob-ord-B5-mf-N-T12u.wav,0.0,3.0,0.02137,0.1
work/windows/Winds/Oboe/ordinario/Ob-ord-B5-pp-N-T20u_w000.wav,oboe,B5,train,Winds/Oboe/ordinario/Ob-ord-B5-pp-N-T20u.wav,0.0,3.0,0.00762,0.1
work/windows/Winds/Oboe/ordinario/Ob-ord-C#4-ff-N-N_w000.wav,oboe,C#4,train,Winds/Oboe/ordinario/Ob-ord-C#4-ff-N-N.wav,0.0,3.0,0.08486,0.1
work/windows/Winds/Oboe/ordinario/Ob-ord-C#4-mf-N-N_w000.wav,oboe,C#4,train,Winds/Oboe/ordinario/Ob-ord-C#4-mf-N-N.wav,0.0,3.0,0.03621,0.1
work/windows/Winds/Oboe/ordinario/Ob-ord-C#4-pp-N-R100u_w000.wav,oboe,C#4,train,Winds/Oboe/ordinario/Ob-ord-C#4-pp-N-R100u.wav,0.0,3.0,0.01349,0.1
work/windows/Winds/Oboe/ordinario/Ob-ord-C#5-ff-N-N_w000.wav,oboe,C#5,train,Winds/Oboe/ordinario/Ob-ord-C#5-ff-N-N.wav,0.0,3.0,0.12934,0.1
work/windows/Winds/Oboe/ordinario/Ob-ord-C#5-mf-N-N_w000.wav,oboe,C#5,train,Winds/Oboe/ordinario/Ob-ord-C#5-mf-N-N.wav,0.0,3.0,0.03571,0.1
work/windows/Winds/Oboe/ordinario/Ob-ord-C#5-pp-N-N_w000.wav,oboe,C#5,train,Winds/Oboe/ordinario/Ob-ord-C#5-pp-N-N.wav,0.0,3.0,0.01285,0.1
work/windows/Winds/Oboe/ordinario/Ob-ord-C#6-ff-N-N_w000.wav,oboe,C#6,train,Winds/Oboe/ordinario/Ob-ord-C#6-ff-N-N.wav,0.0,3.0,0.12433,0.1
work/windows/Winds/Oboe/ordinario/Ob-ord-C#6-mf-N-N_w000.wav,oboe,C#6,train,Winds/Oboe/ordinario/Ob-ord-C#6-mf-N-N.wav,0.0,3.0,0.05784,0.1
work/windows/Winds/Oboe/ordinario/Ob-ord-C#6-pp-N-T10u_w000.wav,oboe,C#6,train,Winds/Oboe/ordinario/Ob-ord-C#6-pp-N-T10u.wav,0.0,3.0,0.02216,0.1
work/windows/Winds/Oboe/ordinario/Ob-ord-C4-ff-N-N_w000.wav,oboe,C4,test,Winds/Oboe/ordinario/Ob-ord-C4-ff-N-N.wav,0.0,3.0,0.08073,0.1
work/windows/Winds/Oboe/ordinario/Ob-ord-C4-mf-N-N_w000.wav,oboe,C4,test,Winds/Oboe/ordinario/Ob-ord-C4-mf-N-N.wav,0.0,3.0,0.03401,0.1
work/windows/Winds/Oboe/ordinario/Ob-ord-C4-pp-N-N_w000.wav,oboe,C4,test,Winds/Oboe/ordinario/Ob-ord-C4-pp-N-N.wav,0.0,3.0,0.01352,0.1
work/windows/Winds/Oboe/ordinario/Ob-ord-C5-ff-N-N_w000.wav,oboe,C5,val,Winds/Oboe/ordinario/Ob-ord-C5-ff-N-N.wav,0.0,3.0,0.06049,0.1
work/windows/Winds/Oboe/ordinario/Ob-ord-C5-mf-N-N_w000.wav,oboe,C5,val,Winds/Oboe/ordinario/Ob-ord-C5-mf-N-N.wav,0.0,3.0,0.02159,0.1
work/windows/Winds/Oboe/ordinario/Ob-ord-C5-pp-N-N_w000.wav,oboe,C5,val,Winds/Oboe/ordinario/Ob-ord-C5-pp-N-N.wav,0.0,3.0,0.00496,0.1
work/windows/Winds/Oboe/ordinario/Ob-ord-C6-ff-N-N_w000.wav,oboe,C6,train,Winds/Oboe/ordinario/Ob-ord-C6-ff-N-N.wav,0.0,3.0,0.05932,0.1
work/windows/Winds/Oboe/ordinario/Ob-ord-C6-mf-N-N_w000.wav,oboe,C6,train,Winds/Oboe/ordinario/Ob-ord-C6-mf-N-N.wav,0.0,3.0,0.02913,0.1
work/windows/Winds/Oboe/ordinario/Ob-ord-C6-pp-N-T13u_w000.wav,oboe,C6,train,Winds/Oboe/ordinario/Ob-ord-C6-pp-N-T13u.wav,0.0,3.0,0.00892,0.1
work/windows/Winds/Oboe/ordinario/Ob-ord-D#4-ff-N-N_w000.wav,oboe,D#4,train,Winds/Oboe/ordinario/Ob-ord-D#4-ff-N-N.wav,0.0,3.0,0.07368,0.1
work/windows/Winds/Oboe/ordinario/Ob-ord-D#4-mf-N-N_w000.wav,oboe,D#4,train,Winds/Oboe/ordinario/Ob-ord-D#4-mf-N-N.wav,0.0,3.0,0.03531,0.1
work/windows/Winds/Oboe/ordinario/Ob-ord-D#4-pp-N-N_w000.wav,oboe,D#4,train,Winds/Oboe/ordinario/Ob-ord-D#4-pp-N-N.wav,0.0,3.0,0.01146,0.1
work/windows/Winds/Oboe/ordinario/Ob-ord-D#5-ff-N-N_w000.wav,oboe,D#5,train,Winds/Oboe/ordinario/Ob-ord-D#5-ff-N-N.wav,0.0,3.0,0.09781,0.1
work/windows/Winds/Oboe/ordinario/Ob-ord-D#5-mf-N-N_w000.wav,oboe,D#5,train,Winds/Oboe/ordinario/Ob-ord-D#5-mf-N-N.wav,0.0,3.0,0.03493,0.1
work/windows/Winds/Oboe/ordinario/Ob-ord-D#5-pp-N-N_w000.wav,oboe,D#5,train,Winds/Oboe/ordinario/Ob-ord-D#5-pp-N-N.wav,0.0,3.0,0.01202,0.1
work/windows/Winds/Oboe/ordinario/Ob-ord-D#6-ff-N-N_w000.wav,oboe,D#6,val,Winds/Oboe/ordinario/Ob-ord-D#6-ff-N-N.wav,0.0,3.0,0.22744,0.1
work/windows/Winds/Oboe/ordinario/Ob-ord-D#6-mf-N-N_w000.wav,oboe,D#6,val,Winds/Oboe/ordinario/Ob-ord-D#6-mf-N-N.wav,0.0,3.0,0.07156,0.1
work/windows/Winds/Oboe/ordinario/Ob-ord-D#6-pp-N-N_w000.wav,oboe,D#6,val,Winds/Oboe/ordinario/Ob-ord-D#6-pp-N-N.wav,0.0,3.0,0.02041,0.1
work/windows/Winds/Oboe/ordinario/Ob-ord-D4-ff-N-N_w000.wav,oboe,D4,train,Winds/Oboe/ordinario/Ob-ord-D4-ff-N-N.wav,0.0,3.0,0.08985,0.1
work/windows/Winds/Oboe/ordinario/Ob-ord-D4-mf-N-N_w000.wav,oboe,D4,train,Winds/Oboe/ordinario/Ob-ord-D4-mf-N-N.wav,0.0,3.0,0.03919,0.1
work/windows/Winds/Oboe/ordinario/Ob-ord-D4-pp-N-N_w000.wav,oboe,D4,train,Winds/Oboe/ordinario/Ob-ord-D4-pp-N-N.wav,0.0,3.0,0.01748,0.1
work/windows/Winds/Oboe/ordinario/Ob-ord-D5-ff-N-N_w000.wav,oboe,D5,train,Winds/Oboe/ordinario/Ob-ord-D5-ff-N-N.wav,0.0,3.0,0.09428,0.1
work/windows/Winds/Oboe/ordinario/Ob-ord-D5-mf-N-N_w000.wav,oboe,D5,train,Winds/Oboe/ordinario/Ob-ord-D5-mf-N-N.wav,0.0,3.0,0.03689,0.1
work/windows/Winds/Oboe/ordinario/Ob-ord-D5-pp-N-N_w000.wav,oboe,D5,train,Winds/Oboe/ordinario/Ob-ord-D5-pp-N-N.wav,0.0,3.0,0.00878,0.1
work/windows/Winds/Oboe/ordinario/Ob-ord-D6-ff-N-R100u_w000.wav,oboe,D6,train,Winds/Oboe/ordinario/Ob-ord-D6-ff-N-R100u.wav,0.0,3.0,0.12366,0.1
work/windows/Winds/Oboe/ordinario/Ob-ord-D6-mf-N-N_w000.wav,oboe,D6,train,Winds/Oboe/ordinario/Ob-ord-D6-mf-N-N.wav,0.0,3.0,0.02622,0.1
work/windows/Winds/Oboe/ordinario/Ob-ord-D6-pp-N-N_w000.wav,oboe,D6,train,Winds/Oboe/ordinario/Ob-ord-D6-pp-N-N.wav,0.0,3.0,0.00682,0.1
work/windows/Winds/Oboe/ordinario/Ob-ord-E4-ff-N-N_w000.wav,oboe,E4,test,Winds/Oboe/ordinario/Ob-ord-E4-ff-N-N.wav,0.0,3.0,0.06718,0.1
work/windows/Winds/Oboe/ordinario/Ob-ord-E4-mf-N-N_w000.wav,oboe,E4,test,Winds/Oboe/ordinario/Ob-ord-E4-mf-N-N.wav,0.0,3.0,0.03273,0.1
work/windows/Winds/Oboe/ordinario/Ob-ord-E4-pp-N-R100u_w000.wav,oboe,E4,test,Winds/Oboe/ordinario/Ob-ord-E4-pp-N-R100u.wav,0.0,3.0,0.01144,0.1
work/windows/Winds/Oboe/ordinario/Ob-ord-E5-ff-N-N_w000.wav,oboe,E5,train,Winds/Oboe/ordinario/Ob-ord-E5-ff-N-N.wav,0.0,3.0,0.1381,0.1
work/windows/Winds/Oboe/ordinario/Ob-ord-E5-mf-N-T10u_w000.wav,oboe,E5,train,Winds/Oboe/ordinario/Ob-ord-E5-mf-N-T10u.wav,0.0,3.0,0.04016,0.1
work/windows/Winds/Oboe/ordinario/Ob-ord-E5-pp-N-N_w000.wav,oboe,E5,train,Winds/Oboe/ordinario/Ob-ord-E5-pp-N-N.wav,0.0,3.0,0.0171,0.1
work/windows/Winds/Oboe/ordinario/Ob-ord-E6-ff-N-N_w000.wav,oboe,E6,train,Winds/Oboe/ordinario/Ob-ord-E6-ff-N-N.wav,0.0,3.0,0.09638,0.1
work/windows/Winds/Oboe/ordinario/Ob-ord-E6-mf-N-T22u_w000.wav,oboe,E6,train,Winds/Oboe/ordinario/Ob-ord-E6-mf-N-T22u.wav,0.0,3.0,0.03337,0.1
work/windows/Winds/Oboe/ordinario/Ob-ord-E6-pp-N-T23u_w000.wav,oboe,E6,train,Winds/Oboe/ordinario/Ob-ord-E6-pp-N-T23u.wav,0.0,3.0,0.02159,0.1
work/windows/Winds/Oboe/ordinario/Ob-ord-F#4-ff-N-T11d_w000.wav,oboe,F#4,train,Winds/Oboe/ordinario/Ob-ord-F#4-ff-N-T11d.wav,0.0,3.0,0.06575,0.1
work/windows/Winds/Oboe/ordinario/Ob-ord-F#4-mf-N-N_w000.wav,oboe,F#4,train,Winds/Oboe/ordinario/Ob-ord-F#4-mf-N-N.wav,0.0,3.0,0.03371,0.1
work/windows/Winds/Oboe/ordinario/Ob-ord-F#4-pp-N-N_w000.wav,oboe,F#4,train,Winds/Oboe/ordinario/Ob-ord-F#4-pp-N-N.wav,0.0,3.0,0.01076,0.1
work/windows/Winds/Oboe/ordinario/Ob-ord-F#5-ff-N-N_w000.wav,oboe,F#5,train,Winds/Oboe/ordinario/Ob-ord-F#5-ff-N-N.wav,0.0,3.0,0.12298,0.1
work/windows/Winds/Oboe/ordinario/Ob-ord-F#5-mf-N-N_w000.wav,oboe,F#5,train,Winds/Oboe/ordinario/Ob-ord-F#5-mf-N-N.wav,0.0,3.0,0.0578,0.1
work/windows/Winds/Oboe/ordinario/Ob-ord-F#5-pp-N-T12d_w000.wav,oboe,F#5,train,Winds/Oboe/ordinario/Ob-ord-F#5-pp-N-T12d.wav,0.0,3.0,0.02287,0.1
work/windows/Winds/Oboe/ordinario/Ob-ord-F#6-ff-N-T12u_w000.wav,oboe,F#6,train,Winds/Oboe/ordinario/Ob-ord-F#6-ff-N-T12u.wav,0.0,3.0,0.05395,0.1
work/windows/Winds/Oboe/ordinario/Ob-ord-F#6-mf-N-T12u_w000.wav,oboe,F#6,train,Winds/Oboe/ordinario/Ob-ord-F#6-mf-N-T12u.wav,0.0,3.0,0.01619,0.1
work/windows/Winds/Oboe/ordinario/Ob-ord-F#6-pp-N-N_w000.wav,oboe,F#6,train,Winds/Oboe/ordinario/Ob-ord-F#6-pp-N-N.wav,0.0,3.0,0.00535,0.1
work/windows/Winds/Oboe/ordinario/Ob-ord-F4-ff-N-N_w000.wav,oboe,F4,train,Winds/Oboe/ordinario/Ob-ord-F4-ff-N-N.wav,0.0,3.0,0.12051,0.1
work/windows/Winds/Oboe/ordinario/Ob-ord-F4-mf-N-N_w000.wav,oboe,F4,train,Winds/Oboe/ordinario/Ob-ord-F4-mf-N-N.wav,0.0,3.0,0.05526,0.1
work/windows/Winds/Oboe/ordinario/Ob-ord-F4-pp-N-N_w000.wav,oboe,F4,train,Winds/Oboe/ordinario/Ob-ord-F4-pp-N-N.wav,0.0,3.0,0.01445,0.1
work/windows/Winds/Oboe/ordinario/Ob-ord-F5-ff-N-T10u_w000.wav,oboe,F5,train,Winds/Oboe/ordinario/Ob-ord-F5-ff-N-T10u.wav,0.0,3.0,0.1039,0.1
work/windows/Winds/Oboe/ordinario/Ob-ord-F5-mf-N-T12u_w000.wav,oboe,F5,train,Winds/Oboe/ordinario/Ob-ord-F5-mf-N-T12u.wav,0.0,3.0,0.03873,0.1
work/windows/Winds/Oboe/ordinario/Ob-ord-F5-pp-N-N_w000.wav,oboe,F5,train,Winds/Oboe/ordinario/Ob-ord-F5-pp-N-N.wav,0.0,3.0,0.01226,0.1
work/windows/Winds/Oboe/ordinario/Ob-ord-F6-ff-N-N_w000.wav,oboe,F6,test,Winds/Oboe/ordinario/Ob-ord-F6-ff-N-N.wav,0.0,3.0,0.12425,0.1
work/windows/Winds/Oboe/ordinario/Ob-ord-F6-mf-N-N_w000.wav,oboe,F6,test,Winds/Oboe/ordinario/Ob-ord-F6-mf-N-N.wav,0.0,3.0,0.05025,0.1
work/windows/Winds/Oboe/ordinario/Ob-ord-F6-pp-N-T11u_w000.wav,oboe,F6,test,Winds/Oboe/ordinario/Ob-ord-F6-pp-N-T11u.wav,0.0,3.0,0.01066,0.1
work/windows/Winds/Oboe/ordinario/Ob-ord-G#4-ff-N-N_w000.wav,oboe,G#4,train,Winds/Oboe/ordinario/Ob-ord-G#4-ff-N-N.wav,0.0,3.0,0.05995,0.1
work/windows/Winds/Oboe/ordinario/Ob-ord-G#4-mf-N-N_w000.wav,oboe,G#4,train,Winds/Oboe/ordinario/Ob-ord-G#4-mf-N-N.wav,0.0,3.0,0.02464,0.1
work/windows/Winds/Oboe/ordinario/Ob-ord-G#4-pp-N-N_w000.wav,oboe,G#4,train,Winds/Oboe/ordinario/Ob-ord-G#4-pp-N-N.wav,0.0,3.0,0.01091,0.1
work/windows/Winds/Oboe/ordinario/Ob-ord-G#5-ff-N-N_w000.wav,oboe,G#5,train,Winds/Oboe/ordinario/Ob-ord-G#5-ff-N-N.wav,0.0,3.0,0.09131,0.1
work/windows/Winds/Oboe/ordinario/Ob-ord-G#5-mf-N-N_w000.wav,oboe,G#5,train,Winds/Oboe/ordinario/Ob-ord-G#5-mf-N-N.wav,0.0,3.0,0.03645,0.1
work/windows/Winds/Oboe/ordinario/Ob-ord-G#5-pp-N-T11u_w000.wav,oboe,G#5,train,Winds/Oboe/ordinario/Ob-ord-G#5-pp-N-T11u.wav,0.0,3.0,0.01133,0.1
work/windows/Winds/Oboe/ordinario/Ob-ord-G#6-ff-N-N_w000.wav,oboe,G#6,val,Winds/Oboe/ordinario/Ob-ord-G#6-ff-N-N.wav,0.0,3.0,0.14381,0.1
work/windows/Winds/Oboe/ordinario/Ob-ord-G#6-mf-N-N_w000.wav,oboe,G#6,val,Winds/Oboe/ordinario/Ob-ord-G#6-mf-N-N.wav,0.0,3.0,0.04905,0.1
work/windows/Winds/Oboe/ordinario/Ob-ord-G#6-pp-N-T12d_w000.wav,oboe,G#6,val,Winds/Oboe/ordinario/Ob-ord-G#6-pp-N-T12d.wav,0.0,3.0,0.01679,0.1
work/windows/Winds/Oboe/ordinario/Ob-ord-G4-ff-N-N_w000.wav,oboe,G4,train,Winds/Oboe/ordinario/Ob-ord-G4-ff-N-N.wav,0.0,3.0,0.06624,0.1
work/windows/Winds/Oboe/ordinario/Ob-ord-G4-mf-N-R100u_w000.wav,oboe,G4,train,Winds/Oboe/ordinario/Ob-ord-G4-mf-N-R100u.wav,0.0,3.0,0.03374,0.1
work/windows/Winds/Oboe/ordinario/Ob-ord-G4-pp-N-N_w000.wav,oboe,G4,train,Winds/Oboe/ordinario/Ob-ord-G4-pp-N-N.wav,0.0,3.0,0.0078,0.1
work/windows/Winds/Oboe/ordinario/Ob-ord-G5-ff-N-N_w000.wav,oboe,G5,train,Winds/Oboe/ordinario/Ob-ord-G5-ff-N-N.wav,0.0,3.0,0.1165,0.1
work/windows/Winds/Oboe/ordinario/Ob-ord-G5-mf-N-N_w000.wav,oboe,G5,train,Winds/Oboe/ordinario/Ob-ord-G5-mf-N-N.wav,0.0,3.0,0.06534,0.1
work/windows/Winds/Oboe/ordinario/Ob-ord-G5-pp-N-N_w000.wav,oboe,G5,train,Winds/Oboe/ordinario/Ob-ord-G5-pp-N-N.wav,0.0,3.0,0.01021,0.1
work/windows/Winds/Oboe/ordinario/Ob-ord-G6-ff-N-T16u_w000.wav,oboe,G6,train,Winds/Oboe/ordinario/Ob-ord-G6-ff-N-T16u.wav,0.0,3.0,0.06474,0.1
work/windows/Winds/Oboe/ordinario/Ob-ord-G6-mf-N-T15u_w000.wav,oboe,G6,train,Winds/Oboe/ordinario/Ob-ord-G6-mf-N-T15u.wav,0.0,3.0,0.03316,0.1
work/windows/Winds/Oboe/ordinario/Ob-ord-G6-pp-N-T19u_w000.wav,oboe,G6,train,Winds/Oboe/ordinario/Ob-ord-G6-pp-N-T19u.wav,0.0,3.0,0.00518,0.1
