model,label,noise_type,snr_db,replicate,clean_recall,noisy_recall,recall_loss
svm,bassoon,white,50,0,0.907216494845,0.783505154639,0.123711340206
svm,cello,white,50,0,0.982608695652,0.95652173913,0.0260869565217
svm,clarinet,white,50,0,0.990990990991,0.963963963964,0.027027027027
svm,double-bass,white,50,0,1,0.965217391304,0.0347826086957
svm,flute,white,50,0,0.991452991453,1,-0.00854700854701
svm,french-horn,white,50,0,0.987951807229,0.951807228916,0.0361445783133
svm,oboe,white,50,0,0.962025316456,0.658227848101,0.303797468354
svm,trombone,white,50,0,1,1,0
svm,trumpet,white,50,0,0.969230769231,0.830769230769,0.138461538462
svm,tuba,white,50,0,1,0.798387096774,0.201612903226
svm,viola,white,50,0,0.990566037736,0.943396226415,0.0471698113208
svm,violin,white,50,0,0.968992248062,0.945736434109,0.0232558139535
svm,bassoon,white,40,0,0.907216494845,0.19587628866,0.711340206186
svm,cello,white,40,0,0.982608695652,0.834782608696,0.147826086957
svm,clarinet,white,40,0,0.990990990991,0.873873873874,0.117117117117
svm,double-bass,white,40,0,1,0.426086956522,0.573913043478
svm,flute,white,40,0,0.991452991453,1,-0.00854700854701
svm,french-horn,white,40,0,0.987951807229,0.771084337349,0.21686746988
svm,oboe,white,40,0,0.962025316456,0.0379746835443,0.924050632911
svm,trombone,white,40,0,1,1,0
svm,trumpet,white,40,0,0.969230769231,0.523076923077,0.446153846154
svm,tuba,white,40,0,1,0.129032258065,0.870967741935
svm,viola,white,40,0,0.990566037736,0.669811320755,0.320754716981
svm,violin,white,40,0,0.968992248062,0.922480620155,0.046511627907
svm,bassoon,white,30,0,0.907216494845,0,0.907216494845
svm,cello,white,30,0,0.982608695652,0.4,0.582608695652
svm,clarinet,white,30,0,0.990990990991,0.468468468468,0.522522522523
svm,double-bass,white,30,0,1,0,1
svm,flute,white,30,0,0.991452991453,0.965811965812,0.025641025641
svm,french-horn,white,30,0,0.987951807229,0.33734939759,0.650602409639
svm,oboe,white,30,0,0.962025316456,0,0.962025316456
svm,trombone,white,30,0,1,0.798245614035,0.201754385965
svm,trumpet,white,30,0,0.969230769231,0.169230769231,0.8
svm,tuba,white,30,0,1,0,1
svm,viola,white,30,0,0.990566037736,0,0.990566037736
svm,violin,white,30,0,0.968992248062,0.945736434109,0.0232558139535
svm,bassoon,white,20,0,0.907216494845,0,0.907216494845
svm,cello,white,20,0,0.982608695652,0,0.982608695652
svm,clarinet,white,20,0,0.990990990991,0.027027027027,0.963963963964
svm,double-bass,white,20,0,1,0,1
svm,flute,white,20,0,0.991452991453,0.777777777778,0.213675213675
svm,french-horn,white,20,0,0.987951807229,0.0240963855422,0.963855421687
svm,oboe,white,20,0,0.962025316456,0,0.962025316456
svm,trombone,white,20,0,1,0.412280701754,0.587719298246
svm,trumpet,white,20,0,0.969230769231,0.0153846153846,0.953846153846
svm,tuba,white,20,0,1,0,1
svm,viola,white,20,0,0.990566037736,0,0.990566037736
svm,violin,white,20,0,0.968992248062,0.937984496124,0.031007751938
svm,bassoon,white,10,0,0.907216494845,0,0.907216494845
svm,cello,white,10,0,0.982608695652,0,0.982608695652
svm,clarinet,white,10,0,0.990990990991,0,0.990990990991
svm,double-bass,white,10,0,1,0,1
svm,flute,white,10,0,0.991452991453,0.487179487179,0.504273504274
svm,french-horn,white,10,0,0.987951807229,0,0.987951807229
svm,oboe,white,10,0,0.962025316456,0,0.962025316456
svm,trombone,white,10,0,1,0.201754385965,0.798245614035
svm,trumpet,white,10,0,0.969230769231,0,0.969230769231
svm,tuba,white,10,0,1,0,1
svm,viola,white,10,0,0.990566037736,0,0.990566037736
svm,violin,white,10,0,0.968992248062,0.961240310078,0.0077519379845
svm,bassoon,white,0,0,0.907216494845,0,0.907216494845
svm,cello,white,0,0,0.982608695652,0,0.982608695652
svm,clarinet,white,0,0,0.990990990991,0,0.990990990991
svm,double-bass,white,0,0,1,0,1
svm,flute,white,0,0,0.991452991453,0.991452991453,0
svm,french-horn,white,0,0,0.987951807229,0,0.987951807229
svm,oboe,white,0,0,0.962025316456,0,0.962025316456
svm,trombone,white,0,0,1,0.0526315789474,0.947368421053
svm,trumpet,white,0,0,0.969230769231,0,0.969230769231
svm,tuba,white,0,0,1,0,1
svm,viola,white,0,0,0.990566037736,0,0.990566037736
svm,violin,white,0,0,0.968992248062,0.031007751938,0.937984496124
svm,bassoon,white,-5,0,0.907216494845,0,0.907216494845
svm,cello,white,-5,0,0.982608695652,0,0.982608695652
svm,clarinet,white,-5,0,0.990990990991,0.0540540540541,0.936936936937
svm,double-bass,white,-5,0,1,0,1
svm,flute,white,-5,0,0.991452991453,0.897435897436,0.0940170940171
svm,french-horn,white,-5,0,0.987951807229,0,0.987951807229
svm,oboe,white,-5,0,0.962025316456,0,0.962025316456
svm,trombone,white,-5,0,1,0,1
svm,trumpet,white,-5,0,0.969230769231,0.246153846154,0.723076923077
svm,tuba,white,-5,0,1,0,1
svm,viola,white,-5,0,0.990566037736,0,0.990566037736
svm,violin,white,-5,0,0.968992248062,0,0.968992248062
svm,bassoon,white,-10,0,0.907216494845,0,0.907216494845
svm,cello,white,-10,0,0.982608695652,0,0.982608695652
svm,clarinet,white,-10,0,0.990990990991,1,-0.00900900900901
svm,double-bass,white,-10,0,1,0,1
svm,flute,white,-10,0,0.991452991453,0,0.991452991453
svm,french-horn,white,-10,0,0.987951807229,0,0.987951807229
svm,oboe,white,-10,0,0.962025316456,0,0.962025316456
svm,trombone,white,-10,0,1,0,1
svm,trumpet,white,-10,0,0.969230769231,0,0.969230769231
svm,tuba,white,-10,0,1,0,1
svm,viola,white,-10,0,0.990566037736,0,0.990566037736
svm,violin,white,-10,0,0.968992248062,0,0.968992248062
svm,bassoon,white,50,1,0.907216494845,0.783505154639,0.123711340206
svm,cello,white,50,1,0.982608695652,0.95652173913,0.0260869565217
svm,clarinet,white,50,1,0.990990990991,0.945945945946,0.045045045045
svm,double-bass,white,50,1,1,0.965217391304,0.0347826086957
svm,flute,white,50,1,0.991452991453,1,-0.00854700854701
svm,french-horn,white,50,1,0.987951807229,0.951807228916,0.0361445783133
svm,oboe,white,50,1,0.962025316456,0.645569620253,0.316455696203
svm,trombone,white,50,1,1,1,0
svm,trumpet,white,50,1,0.969230769231,0.846153846154,0.123076923077
svm,tuba,white,50,1,1,0.806451612903,0.193548387097
svm,viola,white,50,1,0.990566037736,0.943396226415,0.0471698113208
svm,violin,white,50,1,0.968992248062,0.953488372093,0.015503875969
svm,bassoon,white,40,1,0.907216494845,0.19587628866,0.711340206186
svm,cello,white,40,1,0.982608695652,0.808695652174,0.173913043478
svm,clarinet,white,40,1,0.990990990991,0.855855855856,0.135135135135
svm,double-bass,white,40,1,1,0.417391304348,0.582608695652
svm,flute,white,40,1,0.991452991453,1,-0.00854700854701
svm,french-horn,white,40,1,0.987951807229,0.771084337349,0.21686746988
svm,oboe,white,40,1,0.962025316456,0.0379746835443,0.924050632911
svm,trombone,white,40,1,1,1,0
svm,trumpet,white,40,1,0.969230769231,0.523076923077,0.446153846154
svm,tuba,white,40,1,1,0.129032258065,0.870967741935
svm,viola,white,40,1,0.990566037736,0.650943396226,0.339622641509
svm,violin,white,40,1,0.968992248062,0.922480620155,0.046511627907
svm,bassoon,white,30,1,0.907216494845,0,0.907216494845
svm,cello,white,30,1,0.982608695652,0.44347826087,0.539130434783
svm,clarinet,white,30,1,0.990990990991,0.495495495495,0.495495495495
svm,double-bass,white,30,1,1,0,1
svm,flute,white,30,1,0.991452991453,0.974358974359,0.017094017094
svm,french-horn,white,30,1,0.987951807229,0.33734939759,0.650602409639
svm,oboe,white,30,1,0.962025316456,0,0.962025316456
svm,trombone,white,30,1,1,0.763157894737,0.236842105263
svm,trumpet,white,30,1,0.969230769231,0.184615384615,0.784615384615
svm,tuba,white,30,1,1,0,1
svm,viola,white,30,1,0.990566037736,0,0.990566037736
svm,violin,white,30,1,0.968992248062,0.953488372093,0.015503875969
svm,bassoon,white,20,1,0.907216494845,0,0.907216494845
svm,cello,white,20,1,0.982608695652,0,0.982608695652
svm,clarinet,white,20,1,0.990990990991,0.018018018018,0.972972972973
svm,double-bass,white,20,1,1,0,1
svm,flute,white,20,1,0.991452991453,0.794871794872,0.196581196581
svm,french-horn,white,20,1,0.987951807229,0.0240963855422,0.963855421687
svm,oboe,white,20,1,0.962025316456,0,0.962025316456
svm,trombone,white,20,1,1,0.394736842105,0.605263157895
svm,trumpet,white,20,1,0.969230769231,0.0153846153846,0.953846153846
svm,tuba,white,20,1,1,0,1
svm,viola,white,20,1,0.990566037736,0,0.990566037736
svm,violin,white,20,1,0.968992248062,0.93023255814,0.0387596899225
svm,bassoon,white,10,1,0.907216494845,0,0.907216494845
svm,cello,white,10,1,0.982608695652,0,0.982608695652
svm,clarinet,white,10,1,0.990990990991,0,0.990990990991
svm,double-bass,white,10,1,1,0,1
svm,flute,white,10,1,0.991452991453,0.504273504274,0.487179487179
svm,french-horn,white,10,1,0.987951807229,0,0.987951807229
svm,oboe,white,10,1,0.962025316456,0,0.962025316456
svm,trombone,white,10,1,1,0.201754385965,0.798245614035
svm,trumpet,white,10,1,0.969230769231,0,0.969230769231
svm,tuba,white,10,1,1,0,1
svm,viola,white,10,1,0.990566037736,0,0.990566037736
svm,violin,white,10,1,0.968992248062,0.976744186047,-0.0077519379845
svm,bassoon,white,0,1,0.907216494845,0,0.907216494845
svm,cello,white,0,1,0.982608695652,0,0.982608695652
svm,clarinet,white,0,1,0.990990990991,0,0.990990990991
svm,double-bass,white,0,1,1,0,1
svm,flute,white,0,1,0.991452991453,1,-0.00854700854701
svm,french-horn,white,0,1,0.987951807229,0,0.987951807229
svm,oboe,white,0,1,0.962025316456,0,0.962025316456
svm,trombone,white,0,1,1,0.0350877192982,0.964912280702
svm,trumpet,white,0,1,0.969230769231,0,0.969230769231
svm,tuba,white,0,1,1,0,1
svm,viola,white,0,1,0.990566037736,0,0.990566037736
svm,violin,white,0,1,0.968992248062,0.0232558139535,0.945736434109
svm,bassoon,white,-5,1,0.907216494845,0,0.907216494845
svm,cello,white,-5,1,0.982608695652,0,0.982608695652
svm,clarinet,white,-5,1,0.990990990991,0.0630630630631,0.927927927928
svm,double-bass,white,-5,1,1,0,1
svm,flute,white,-5,1,0.991452991453,0.863247863248,0.128205128205
svm,french-horn,white,-5,1,0.987951807229,0,0.987951807229
svm,oboe,white,-5,1,0.962025316456,0,0.962025316456
svm,trombone,white,-5,1,1,0,1
svm,trumpet,white,-5,1,0.969230769231,0.276923076923,0.692307692308
svm,tuba,white,-5,1,1,0,1
svm,viola,white,-5,1,0.990566037736,0,0.990566037736
svm,violin,white,-5,1,0.968992248062,0,0.968992248062
svm,bassoon,white,-10,1,0.907216494845,0,0.907216494845
svm,cello,white,-10,1,0.982608695652,0,0.982608695652
svm,clarinet,white,-10,1,0.990990990991,1,-0.00900900900901
svm,double-bass,white,-10,1,1,0,1
svm,flute,white,-10,1,0.991452991453,0,0.991452991453
svm,french-horn,white,-10,1,0.987951807229,0,0.987951807229
svm,oboe,white,-10,1,0.962025316456,0,0.962025316456
svm,trombone,white,-10,1,1,0,1
svm,trumpet,white,-10,1,0.969230769231,0,0.969230769231
svm,tuba,white,-10,1,1,0,1
svm,viola,white,-10,1,0.990566037736,0,0.990566037736
svm,violin,white,-10,1,0.968992248062,0,0.968992248062
svm,bassoon,audience,50,0,0.907216494845,0.896907216495,0.0103092783505
svm,cello,audience,50,0,0.982608695652,0.973913043478,0.00869565217391
svm,clarinet,audience,50,0,0.990990990991,0.990990990991,0
svm,double-bass,audience,50,0,1,1,0
svm,flute,audience,50,0,0.991452991453,0.974358974359,0.017094017094
svm,french-horn,audience,50,0,0.987951807229,0.963855421687,0.0240963855422
svm,oboe,audience,50,0,0.962025316456,0.924050632911,0.0379746835443
svm,trombone,audience,50,0,1,1,0
svm,trumpet,audience,50,0,0.969230769231,0.984615384615,-0.0153846153846
svm,tuba,audience,50,0,1,1,0
svm,viola,audience,50,0,0.990566037736,0.990566037736,0
svm,violin,audience,50,0,0.968992248062,0.953488372093,0.015503875969
svm,bassoon,audience,40,0,0.907216494845,0.886597938144,0.020618556701
svm,cello,audience,40,0,0.982608695652,0.947826086957,0.0347826086957
svm,clarinet,audience,40,0,0.990990990991,0.981981981982,0.00900900900901
svm,double-bass,audience,40,0,1,1,0
svm,flute,audience,40,0,0.991452991453,0.965811965812,0.025641025641
svm,french-horn,audience,40,0,0.987951807229,0.915662650602,0.0722891566265
svm,oboe,audience,40,0,0.962025316456,0.822784810127,0.139240506329
svm,trombone,audience,40,0,1,0.991228070175,0.00877192982456
svm,trumpet,audience,40,0,0.969230769231,0.938461538462,0.0307692307692
svm,tuba,audience,40,0,1,0.870967741935,0.129032258065
svm,viola,audience,40,0,0.990566037736,0.990566037736,0
svm,violin,audience,40,0,0.968992248062,0.953488372093,0.015503875969
svm,bassoon,audience,30,0,0.907216494845,0.762886597938,0.144329896907
svm,cello,audience,30,0,0.982608695652,0.860869565217,0.121739130435
svm,clarinet,audience,30,0,0.990990990991,0.954954954955,0.036036036036
svm,double-bass,audience,30,0,1,0.991304347826,0.00869565217391
svm,flute,audience,30,0,0.991452991453,0.871794871795,0.119658119658
svm,french-horn,audience,30,0,0.987951807229,0.807228915663,0.180722891566
svm,oboe,audience,30,0,0.962025316456,0.556962025316,0.405063291139
svm,trombone,audience,30,0,1,0.877192982456,0.122807017544
svm,trumpet,audience,30,0,0.969230769231,0.892307692308,0.0769230769231
svm,tuba,audience,30,0,1,0.5,0.5
svm,viola,audience,30,0,0.990566037736,0.971698113208,0.0188679245283
svm,violin,audience,30,0,0.968992248062,0.922480620155,0.046511627907
svm,bassoon,audience,20,0,0.907216494845,0.628865979381,0.278350515464
svm,cello,audience,20,0,0.982608695652,0.64347826087,0.339130434783
svm,clarinet,audience,20,0,0.990990990991,0.828828828829,0.162162162162
svm,double-bass,audience,20,0,1,0.921739130435,0.0782608695652
svm,flute,audience,20,0,0.991452991453,0.692307692308,0.299145299145
svm,french-horn,audience,20,0,0.987951807229,0.638554216867,0.349397590361
svm,oboe,audience,20,0,0.962025316456,0.316455696203,0.645569620253
svm,trombone,audience,20,0,1,0.710526315789,0.289473684211
svm,trumpet,audience,20,0,0.969230769231,0.723076923077,0.246153846154
svm,tuba,audience,20,0,1,0.153225806452,0.846774193548
svm,viola,audience,20,0,0.990566037736,0.877358490566,0.11320754717
svm,violin,audience,20,0,0.968992248062,0.798449612403,0.170542635659
svm,bassoon,audience,10,0,0.907216494845,0.474226804124,0.432989690722
svm,cello,audience,10,0,0.982608695652,0.460869565217,0.521739130435
svm,clarinet,audience,10,0,0.990990990991,0.711711711712,0.279279279279
svm,double-bass,audience,10,0,1,0.773913043478,0.226086956522
svm,flute,audience,10,0,0.991452991453,0.564102564103,0.42735042735
svm,french-horn,audience,10,0,0.987951807229,0.361445783133,0.626506024096
svm,oboe,audience,10,0,0.962025316456,0.151898734177,0.810126582278
svm,trombone,audience,10,0,1,0.456140350877,0.543859649123
svm,trumpet,audience,10,0,0.969230769231,0.492307692308,0.476923076923
svm,tuba,audience,10,0,1,0.0725806451613,0.927419354839
svm,viola,audience,10,0,0.990566037736,0.707547169811,0.283018867925
svm,violin,audience,10,0,0.968992248062,0.573643410853,0.395348837209
svm,bassoon,audience,0,0,0.907216494845,0.309278350515,0.59793814433
svm,cello,audience,0,0,0.982608695652,0.278260869565,0.704347826087
svm,clarinet,audience,0,0,0.990990990991,0.675675675676,0.315315315315
svm,double-bass,audience,0,0,1,0.44347826087,0.55652173913
svm,flute,audience,0,0,0.991452991453,0.452991452991,0.538461538462
svm,french-horn,audience,0,0,0.987951807229,0.21686746988,0.771084337349
svm,oboe,audience,0,0,0.962025316456,0.0759493670886,0.886075949367
svm,trombone,audience,0,0,1,0.236842105263,0.763157894737
svm,trumpet,audience,0,0,0.969230769231,0.323076923077,0.646153846154
svm,tuba,audience,0,0,1,0.0241935483871,0.975806451613
svm,viola,audience,0,0,0.990566037736,0.660377358491,0.330188679245
svm,violin,audience,0,0,0.968992248062,0.271317829457,0.697674418605
svm,bassoon,audience,-5,0,0.907216494845,0.154639175258,0.752577319588
svm,cello,audience,-5,0,0.982608695652,0.173913043478,0.808695652174
svm,clarinet,audience,-5,0,0.990990990991,0.765765765766,0.225225225225
svm,double-bass,audience,-5,0,1,0.130434782609,0.869565217391
svm,flute,audience,-5,0,0.991452991453,0.367521367521,0.623931623932
svm,french-horn,audience,-5,0,0.987951807229,0.156626506024,0.831325301205
svm,oboe,audience,-5,0,0.962025316456,0.0759493670886,0.886075949367
svm,trombone,audience,-5,0,1,0.114035087719,0.885964912281
svm,trumpet,audience,-5,0,0.969230769231,0.292307692308,0.676923076923
svm,tuba,audience,-5,0,1,0.0241935483871,0.975806451613
svm,viola,audience,-5,0,0.990566037736,0.349056603774,0.641509433962
svm,violin,audience,-5,0,0.968992248062,0.302325581395,0.666666666667
svm,bassoon,audience,-10,0,0.907216494845,0,0.907216494845
svm,cello,audience,-10,0,0.982608695652,0.0608695652174,0.921739130435
svm,clarinet,audience,-10,0,0.990990990991,0.81981981982,0.171171171171
svm,double-bass,audience,-10,0,1,0,1
svm,flute,audience,-10,0,0.991452991453,0,0.991452991453
svm,french-horn,audience,-10,0,0.987951807229,0.132530120482,0.855421686747
svm,oboe,audience,-10,0,0.962025316456,0.0379746835443,0.924050632911
svm,trombone,audience,-10,0,1,0.122807017544,0.877192982456
svm,trumpet,audience,-10,0,0.969230769231,0.2,0.769230769231
svm,tuba,audience,-10,0,1,0.0806451612903,0.91935483871
svm,viola,audience,-10,0,0.990566037736,0,0.990566037736
svm,violin,audience,-10,0,0.968992248062,0.170542635659,0.798449612403
svm,bassoon,audience,50,1,0.907216494845,0.907216494845,0
svm,cello,audience,50,1,0.982608695652,0.973913043478,0.00869565217391
svm,clarinet,audience,50,1,0.990990990991,1,-0.00900900900901
svm,double-bass,audience,50,1,1,1,0
svm,flute,audience,50,1,0.991452991453,0.974358974359,0.017094017094
svm,french-horn,audience,50,1,0.987951807229,0.963855421687,0.0240963855422
svm,oboe,audience,50,1,0.962025316456,0.936708860759,0.0253164556962
svm,trombone,audience,50,1,1,1,0
svm,trumpet,audience,50,1,0.969230769231,1,-0.0307692307692
svm,tuba,audience,50,1,1,1,0
svm,viola,audience,50,1,0.990566037736,0.990566037736,0
svm,violin,audience,50,1,0.968992248062,0.968992248062,0
svm,bassoon,audience,40,1,0.907216494845,0.896907216495,0.0103092783505
svm,cello,audience,40,1,0.982608695652,0.939130434783,0.0434782608696
svm,clarinet,audience,40,1,0.990990990991,1,-0.00900900900901
svm,double-bass,audience,40,1,1,1,0
svm,flute,audience,40,1,0.991452991453,0.940170940171,0.0512820512821
svm,french-horn,audience,40,1,0.987951807229,0.915662650602,0.0722891566265
svm,oboe,audience,40,1,0.962025316456,0.911392405063,0.0506329113924
svm,trombone,audience,40,1,1,0.991228070175,0.00877192982456
svm,trumpet,audience,40,1,0.969230769231,1,-0.0307692307692
svm,tuba,audience,40,1,1,0.91935483871,0.0806451612903
svm,viola,audience,40,1,0.990566037736,0.990566037736,0
svm,violin,audience,40,1,0.968992248062,0.937984496124,0.031007751938
svm,bassoon,audience,30,1,0.907216494845,0.79381443299,0.113402061856
svm,cello,audience,30,1,0.982608695652,0.869565217391,0.113043478261
svm,clarinet,audience,30,1,0.990990990991,0.981981981982,0.00900900900901
svm,double-bass,audience,30,1,1,1,0
svm,flute,audience,30,1,0.991452991453,0.880341880342,0.111111111111
svm,french-horn,audience,30,1,0.987951807229,0.78313253012,0.204819277108
svm,oboe,audience,30,1,0.962025316456,0.607594936709,0.354430379747
svm,trombone,audience,30,1,1,0.938596491228,0.0614035087719
svm,trumpet,audience,30,1,0.969230769231,0.938461538462,0.0307692307692
svm,tuba,audience,30,1,1,0.564516129032,0.435483870968
svm,viola,audience,30,1,0.990566037736,0.933962264151,0.0566037735849
svm,violin,audience,30,1,0.968992248062,0.922480620155,0.046511627907
svm,bassoon,audience,20,1,0.907216494845,0.701030927835,0.20618556701
svm,cello,audience,20,1,0.982608695652,0.660869565217,0.321739130435
svm,clarinet,audience,20,1,0.990990990991,0.864864864865,0.126126126126
svm,double-bass,audience,20,1,1,0.965217391304,0.0347826086957
svm,flute,audience,20,1,0.991452991453,0.769230769231,0.222222222222
svm,french-horn,audience,20,1,0.987951807229,0.626506024096,0.361445783133
svm,oboe,audience,20,1,0.962025316456,0.379746835443,0.582278481013
svm,trombone,audience,20,1,1,0.657894736842,0.342105263158
svm,trumpet,audience,20,1,0.969230769231,0.8,0.169230769231
svm,tuba,audience,20,1,1,0.274193548387,0.725806451613
svm,viola,audience,20,1,0.990566037736,0.792452830189,0.198113207547
svm,violin,audience,20,1,0.968992248062,0.77519379845,0.193798449612
svm,bassoon,audience,10,1,0.907216494845,0.494845360825,0.412371134021
svm,cello,audience,10,1,0.982608695652,0.434782608696,0.547826086957
svm,clarinet,audience,10,1,0.990990990991,0.756756756757,0.234234234234
svm,double-bass,audience,10,1,1,0.904347826087,0.095652173913
svm,flute,audience,10,1,0.991452991453,0.581196581197,0.410256410256
svm,french-horn,audience,10,1,0.987951807229,0.493975903614,0.493975903614
svm,oboe,audience,10,1,0.962025316456,0.20253164557,0.759493670886
svm,trombone,audience,10,1,1,0.464912280702,0.535087719298
svm,trumpet,audience,10,1,0.969230769231,0.553846153846,0.415384615385
svm,tuba,audience,10,1,1,0.0806451612903,0.91935483871
svm,viola,audience,10,1,0.990566037736,0.566037735849,0.424528301887
svm,violin,audience,10,1,0.968992248062,0.53488372093,0.434108527132
svm,bassoon,audience,0,1,0.907216494845,0.381443298969,0.525773195876
svm,cello,audience,0,1,0.982608695652,0.304347826087,0.678260869565
svm,clarinet,audience,0,1,0.990990990991,0.675675675676,0.315315315315
svm,double-bass,audience,0,1,1,0.565217391304,0.434782608696
svm,flute,audience,0,1,0.991452991453,0.478632478632,0.512820512821
svm,french-horn,audience,0,1,0.987951807229,0.289156626506,0.698795180723
svm,oboe,audience,0,1,0.962025316456,0.126582278481,0.835443037975
svm,trombone,audience,0,1,1,0.184210526316,0.815789473684
svm,trumpet,audience,0,1,0.969230769231,0.323076923077,0.646153846154
svm,tuba,audience,0,1,1,0,1
svm,viola,audience,0,1,0.990566037736,0.518867924528,0.471698113208
svm,violin,audience,0,1,0.968992248062,0.302325581395,0.666666666667
svm,bassoon,audience,-5,1,0.907216494845,0.19587628866,0.711340206186
svm,cello,audience,-5,1,0.982608695652,0.234782608696,0.747826086957
svm,clarinet,audience,-5,1,0.990990990991,0.702702702703,0.288288288288
svm,double-bass,audience,-5,1,1,0.173913043478,0.826086956522
svm,flute,audience,-5,1,0.991452991453,0.350427350427,0.641025641026
svm,french-horn,audience,-5,1,0.987951807229,0.192771084337,0.795180722892
svm,oboe,audience,-5,1,0.962025316456,0.113924050633,0.848101265823
svm,trombone,audience,-5,1,1,0.149122807018,0.850877192982
svm,trumpet,audience,-5,1,0.969230769231,0.307692307692,0.661538461538
svm,tuba,audience,-5,1,1,0.0161290322581,0.983870967742
svm,viola,audience,-5,1,0.990566037736,0.254716981132,0.735849056604
svm,violin,audience,-5,1,0.968992248062,0.255813953488,0.713178294574
svm,bassoon,audience,-10,1,0.907216494845,0.0103092783505,0.896907216495
svm,cello,audience,-10,1,0.982608695652,0.0434782608696,0.939130434783
svm,clarinet,audience,-10,1,0.990990990991,0.711711711712,0.279279279279
svm,double-bass,audience,-10,1,1,0,1
svm,flute,audience,-10,1,0.991452991453,0.025641025641,0.965811965812
svm,french-horn,audience,-10,1,0.987951807229,0.132530120482,0.855421686747
svm,oboe,audience,-10,1,0.962025316456,0.0759493670886,0.886075949367
svm,trombone,audience,-10,1,1,0.0964912280702,0.90350877193
svm,trumpet,audience,-10,1,0.969230769231,0.276923076923,0.692307692308
svm,tuba,audience,-10,1,1,0.120967741935,0.879032258065
svm,viola,audience,-10,1,0.990566037736,0,0.990566037736
svm,violin,audience,-10,1,0.968992248062,0.131782945736,0.837209302326
svm,bassoon,studio,50,0,0.907216494845,0.917525773196,-0.0103092783505
svm,cello,studio,50,0,0.982608695652,0.982608695652,0
svm,clarinet,studio,50,0,0.990990990991,0.972972972973,0.018018018018
svm,double-bass,studio,50,0,1,1,0
svm,flute,studio,50,0,0.991452991453,0.982905982906,0.00854700854701
svm,french-horn,studio,50,0,0.987951807229,0.951807228916,0.0361445783133
svm,oboe,studio,50,0,0.962025316456,0.898734177215,0.0632911392405
svm,trombone,studio,50,0,1,1,0
svm,trumpet,studio,50,0,0.969230769231,0.984615384615,-0.0153846153846
svm,tuba,studio,50,0,1,1,0
svm,viola,studio,50,0,0.990566037736,0.990566037736,0
svm,violin,studio,50,0,0.968992248062,0.953488372093,0.015503875969
svm,bassoon,studio,40,0,0.907216494845,0.886597938144,0.020618556701
svm,cello,studio,40,0,0.982608695652,0.982608695652,0
svm,clarinet,studio,40,0,0.990990990991,0.936936936937,0.0540540540541
svm,double-bass,studio,40,0,1,1,0
svm,flute,studio,40,0,0.991452991453,0.931623931624,0.0598290598291
svm,french-horn,studio,40,0,0.987951807229,0.831325301205,0.156626506024
svm,oboe,studio,40,0,0.962025316456,0.759493670886,0.20253164557
svm,trombone,studio,40,0,1,0.973684210526,0.0263157894737
svm,trumpet,studio,40,0,0.969230769231,0.923076923077,0.0461538461538
svm,tuba,studio,40,0,1,0.927419354839,0.0725806451613
svm,viola,studio,40,0,0.990566037736,0.990566037736,0
svm,violin,studio,40,0,0.968992248062,0.953488372093,0.015503875969
svm,bassoon,studio,30,0,0.907216494845,0.752577319588,0.154639175258
svm,cello,studio,30,0,0.982608695652,0.869565217391,0.113043478261
svm,clarinet,studio,30,0,0.990990990991,0.900900900901,0.0900900900901
svm,double-bass,studio,30,0,1,1,0
svm,flute,studio,30,0,0.991452991453,0.820512820513,0.17094017094
svm,french-horn,studio,30,0,0.987951807229,0.759036144578,0.228915662651
svm,oboe,studio,30,0,0.962025316456,0.379746835443,0.582278481013
svm,trombone,studio,30,0,1,0.850877192982,0.149122807018
svm,trumpet,studio,30,0,0.969230769231,0.846153846154,0.123076923077
svm,tuba,studio,30,0,1,0.620967741935,0.379032258065
svm,viola,studio,30,0,0.990566037736,0.962264150943,0.0283018867925
svm,violin,studio,30,0,0.968992248062,0.922480620155,0.046511627907
svm,bassoon,studio,20,0,0.907216494845,0.556701030928,0.350515463918
svm,cello,studio,20,0,0.982608695652,0.660869565217,0.321739130435
svm,clarinet,studio,20,0,0.990990990991,0.765765765766,0.225225225225
svm,double-bass,studio,20,0,1,0.982608695652,0.0173913043478
svm,flute,studio,20,0,0.991452991453,0.692307692308,0.299145299145
svm,french-horn,studio,20,0,0.987951807229,0.626506024096,0.361445783133
svm,oboe,studio,20,0,0.962025316456,0.139240506329,0.822784810127
svm,trombone,studio,20,0,1,0.605263157895,0.394736842105
svm,trumpet,studio,20,0,0.969230769231,0.615384615385,0.353846153846
svm,tuba,studio,20,0,1,0.258064516129,0.741935483871
svm,viola,studio,20,0,0.990566037736,0.688679245283,0.301886792453
svm,violin,studio,20,0,0.968992248062,0.806201550388,0.162790697674
svm,bassoon,studio,10,0,0.907216494845,0.309278350515,0.59793814433
svm,cello,studio,10,0,0.982608695652,0.434782608696,0.547826086957
svm,clarinet,studio,10,0,0.990990990991,0.558558558559,0.432432432432
svm,double-bass,studio,10,0,1,0.930434782609,0.0695652173913
svm,flute,studio,10,0,0.991452991453,0.547008547009,0.444444444444
svm,french-horn,studio,10,0,0.987951807229,0.373493975904,0.614457831325
svm,oboe,studio,10,0,0.962025316456,0.0506329113924,0.911392405063
svm,trombone,studio,10,0,1,0.254385964912,0.745614035088
svm,trumpet,studio,10,0,0.969230769231,0.230769230769,0.738461538462
svm,tuba,studio,10,0,1,0.137096774194,0.862903225806
svm,viola,studio,10,0,0.990566037736,0.396226415094,0.594339622642
svm,violin,studio,10,0,0.968992248062,0.589147286822,0.37984496124
svm,bassoon,studio,0,0,0.907216494845,0.0824742268041,0.824742268041
svm,cello,studio,0,0,0.982608695652,0.139130434783,0.84347826087
svm,clarinet,studio,0,0,0.990990990991,0.675675675676,0.315315315315
svm,double-bass,studio,0,0,1,0.660869565217,0.339130434783
svm,flute,studio,0,0,0.991452991453,0.504273504274,0.487179487179
svm,french-horn,studio,0,0,0.987951807229,0.120481927711,0.867469879518
svm,oboe,studio,0,0,0.962025316456,0,0.962025316456
svm,trombone,studio,0,0,1,0,1
svm,trumpet,studio,0,0,0.969230769231,0.0307692307692,0.938461538462
svm,tuba,studio,0,0,1,0.0564516129032,0.943548387097
svm,viola,studio,0,0,0.990566037736,0.509433962264,0.481132075472
svm,violin,studio,0,0,0.968992248062,0.062015503876,0.906976744186
svm,bassoon,studio,-5,0,0.907216494845,0,0.907216494845
svm,cello,studio,-5,0,0.982608695652,0.0173913043478,0.965217391304
svm,clarinet,studio,-5,0,0.990990990991,0.891891891892,0.0990990990991
svm,double-bass,studio,-5,0,1,0,1
svm,flute,studio,-5,0,0.991452991453,0.264957264957,0.726495726496
svm,french-horn,studio,-5,0,0.987951807229,0.0120481927711,0.975903614458
svm,oboe,studio,-5,0,0.962025316456,0,0.962025316456
svm,trombone,studio,-5,0,1,0,1
svm,trumpet,studio,-5,0,0.969230769231,0,0.969230769231
svm,tuba,studio,-5,0,1,0.00806451612903,0.991935483871
svm,viola,studio,-5,0,0.990566037736,0.0754716981132,0.915094339623
svm,violin,studio,-5,0,0.968992248062,0.015503875969,0.953488372093
svm,bassoon,studio,-10,0,0.907216494845,0,0.907216494845
svm,cello,studio,-10,0,0.982608695652,0,0.982608695652
svm,clarinet,studio,-10,0,0.990990990991,1,-0.00900900900901
svm,double-bass,studio,-10,0,1,0,1
svm,flute,studio,-10,0,0.991452991453,0,0.991452991453
svm,french-horn,studio,-10,0,0.987951807229,0,0.987951807229
svm,oboe,studio,-10,0,0.962025316456,0,0.962025316456
svm,trombone,studio,-10,0,1,0,1
svm,trumpet,studio,-10,0,0.969230769231,0,0.969230769231
svm,tuba,studio,-10,0,1,0,1
svm,viola,studio,-10,0,0.990566037736,0,0.990566037736
svm,violin,studio,-10,0,0.968992248062,0,0.968992248062
svm,bassoon,studio,50,1,0.907216494845,0.917525773196,-0.0103092783505
svm,cello,studio,50,1,0.982608695652,0.982608695652,0
svm,clarinet,studio,50,1,0.990990990991,0.963963963964,0.027027027027
svm,double-bass,studio,50,1,1,1,0
svm,flute,studio,50,1,0.991452991453,0.974358974359,0.017094017094
svm,french-horn,studio,50,1,0.987951807229,0.963855421687,0.0240963855422
svm,oboe,studio,50,1,0.962025316456,0.911392405063,0.0506329113924
svm,trombone,studio,50,1,1,1,0
svm,trumpet,studio,50,1,0.969230769231,0.984615384615,-0.0153846153846
svm,tuba,studio,50,1,1,1,0
svm,viola,studio,50,1,0.990566037736,0.990566037736,0
svm,violin,studio,50,1,0.968992248062,0.953488372093,0.015503875969
svm,bassoon,studio,40,1,0.907216494845,0.886597938144,0.020618556701
svm,cello,studio,40,1,0.982608695652,0.973913043478,0.00869565217391
svm,clarinet,studio,40,1,0.990990990991,0.954954954955,0.036036036036
svm,double-bass,studio,40,1,1,1,0
svm,flute,studio,40,1,0.991452991453,0.931623931624,0.0598290598291
svm,french-horn,studio,40,1,0.987951807229,0.89156626506,0.0963855421687
svm,oboe,studio,40,1,0.962025316456,0.73417721519,0.227848101266
svm,trombone,studio,40,1,1,0.982456140351,0.0175438596491
svm,trumpet,studio,40,1,0.969230769231,0.953846153846,0.0153846153846
svm,tuba,studio,40,1,1,0.935483870968,0.0645161290323
svm,viola,studio,40,1,0.990566037736,0.990566037736,0
svm,violin,studio,40,1,0.968992248062,0.968992248062,0
svm,bassoon,studio,30,1,0.907216494845,0.752577319588,0.154639175258
svm,cello,studio,30,1,0.982608695652,0.878260869565,0.104347826087
svm,clarinet,studio,30,1,0.990990990991,0.90990990991,0.0810810810811
svm,double-bass,studio,30,1,1,1,0
svm,flute,studio,30,1,0.991452991453,0.820512820513,0.17094017094
svm,french-horn,studio,30,1,0.987951807229,0.771084337349,0.21686746988
svm,oboe,studio,30,1,0.962025316456,0.430379746835,0.53164556962
svm,trombone,studio,30,1,1,0.842105263158,0.157894736842
svm,trumpet,studio,30,1,0.969230769231,0.876923076923,0.0923076923077
svm,tuba,studio,30,1,1,0.596774193548,0.403225806452
svm,viola,studio,30,1,0.990566037736,0.915094339623,0.0754716981132
svm,violin,studio,30,1,0.968992248062,0.906976744186,0.062015503876
svm,bassoon,studio,20,1,0.907216494845,0.463917525773,0.443298969072
svm,cello,studio,20,1,0.982608695652,0.652173913043,0.330434782609
svm,clarinet,studio,20,1,0.990990990991,0.756756756757,0.234234234234
svm,double-bass,studio,20,1,1,0.95652173913,0.0434782608696
svm,flute,studio,20,1,0.991452991453,0.615384615385,0.376068376068
svm,french-horn,studio,20,1,0.987951807229,0.638554216867,0.349397590361
svm,oboe,studio,20,1,0.962025316456,0.164556962025,0.79746835443
svm,trombone,studio,20,1,1,0.666666666667,0.333333333333
svm,trumpet,studio,20,1,0.969230769231,0.553846153846,0.415384615385
svm,tuba,studio,20,1,1,0.258064516129,0.741935483871
svm,viola,studio,20,1,0.990566037736,0.622641509434,0.367924528302
svm,violin,studio,20,1,0.968992248062,0.821705426357,0.147286821705
svm,bassoon,studio,10,1,0.907216494845,0.309278350515,0.59793814433
svm,cello,studio,10,1,0.982608695652,0.408695652174,0.573913043478
svm,clarinet,studio,10,1,0.990990990991,0.477477477477,0.513513513514
svm,double-bass,studio,10,1,1,0.939130434783,0.0608695652174
svm,flute,studio,10,1,0.991452991453,0.512820512821,0.478632478632
svm,french-horn,studio,10,1,0.987951807229,0.457831325301,0.530120481928
svm,oboe,studio,10,1,0.962025316456,0.0632911392405,0.898734177215
svm,trombone,studio,10,1,1,0.289473684211,0.710526315789
svm,trumpet,studio,10,1,0.969230769231,0.138461538462,0.830769230769
svm,tuba,studio,10,1,1,0.120967741935,0.879032258065
svm,viola,studio,10,1,0.990566037736,0.405660377358,0.584905660377
svm,violin,studio,10,1,0.968992248062,0.558139534884,0.410852713178
svm,bassoon,studio,0,1,0.907216494845,0.0515463917526,0.855670103093
svm,cello,studio,0,1,0.982608695652,0.121739130435,0.860869565217
svm,clarinet,studio,0,1,0.990990990991,0.531531531532,0.459459459459
svm,double-bass,studio,0,1,1,0.634782608696,0.365217391304
svm,flute,studio,0,1,0.991452991453,0.470085470085,0.521367521368
svm,french-horn,studio,0,1,0.987951807229,0.21686746988,0.771084337349
svm,oboe,studio,0,1,0.962025316456,0,0.962025316456
svm,trombone,studio,0,1,1,0,1
svm,trumpet,studio,0,1,0.969230769231,0.0153846153846,0.953846153846
svm,tuba,studio,0,1,1,0.0645161290323,0.935483870968
svm,viola,studio,0,1,0.990566037736,0.471698113208,0.518867924528
svm,violin,studio,0,1,0.968992248062,0.0542635658915,0.914728682171
svm,bassoon,studio,-5,1,0.907216494845,0,0.907216494845
svm,cello,studio,-5,1,0.982608695652,0,0.982608695652
svm,clarinet,studio,-5,1,0.990990990991,0.774774774775,0.216216216216
svm,double-bass,studio,-5,1,1,0.00869565217391,0.991304347826
svm,flute,studio,-5,1,0.991452991453,0.230769230769,0.760683760684
svm,french-horn,studio,-5,1,0.987951807229,0.0602409638554,0.927710843373
svm,oboe,studio,-5,1,0.962025316456,0,0.962025316456
svm,trombone,studio,-5,1,1,0,1
svm,trumpet,studio,-5,1,0.969230769231,0,0.969230769231
svm,tuba,studio,-5,1,1,0.0241935483871,0.975806451613
svm,viola,studio,-5,1,0.990566037736,0.0283018867925,0.962264150943
svm,violin,studio,-5,1,0.968992248062,0,0.968992248062
svm,bassoon,studio,-10,1,0.907216494845,0,0.907216494845
svm,cello,studio,-10,1,0.982608695652,0,0.982608695652
svm,clarinet,studio,-10,1,0.990990990991,1,-0.00900900900901
svm,double-bass,studio,-10,1,1,0,1
svm,flute,studio,-10,1,0.991452991453,0,0.991452991453
svm,french-horn,studio,-10,1,0.987951807229,0,0.987951807229
svm,oboe,studio,-10,1,0.962025316456,0,0.962025316456
svm,trombone,studio,-10,1,1,0,1
svm,trumpet,studio,-10,1,0.969230769231,0,0.969230769231
svm,tuba,studio,-10,1,1,0.0161290322581,0.983870967742
svm,viola,studio,-10,1,0.990566037736,0,0.990566037736
svm,violin,studio,-10,1,0.968992248062,0,0.968992248062
cnn,bassoon,white,50,0,0.876288659794,0.783505154639,0.0927835051546
cnn,cello,white,50,0,0.973913043478,0.904347826087,0.0695652173913
cnn,clarinet,white,50,0,1,1,0
cnn,double-bass,white,50,0,0.973913043478,0.95652173913,0.0173913043478
cnn,flute,white,50,0,1,1,0
cnn,french-horn,white,50,0,0.939759036145,0.807228915663,0.132530120482
cnn,oboe,white,50,0,1,0.949367088608,0.0506329113924
cnn,trombone,white,50,0,0.973684210526,0.973684210526,0
cnn,trumpet,white,50,0,1,0.553846153846,0.446153846154
cnn,tuba,white,50,0,1,0.0967741935484,0.903225806452
cnn,viola,white,50,0,0.971698113208,0.971698113208,0
cnn,violin,white,50,0,0.953488372093,0.961240310078,-0.0077519379845
cnn,bassoon,white,40,0,0.876288659794,0.711340206186,0.164948453608
cnn,cello,white,40,0,0.973913043478,0.95652173913,0.0173913043478
cnn,clarinet,white,40,0,1,0.981981981982,0.018018018018
cnn,double-bass,white,40,0,0.973913043478,0.965217391304,0.00869565217391
cnn,flute,white,40,0,1,0.982905982906,0.017094017094
cnn,french-horn,white,40,0,0.939759036145,0.614457831325,0.325301204819
cnn,oboe,white,40,0,1,0.417721518987,0.582278481013
cnn,trombone,white,40,0,0.973684210526,0.956140350877,0.0175438596491
cnn,trumpet,white,40,0,1,0.107692307692,0.892307692308
cnn,tuba,white,40,0,1,0,1
cnn,viola,white,40,0,0.971698113208,0.981132075472,-0.00943396226415
cnn,violin,white,40,0,0.953488372093,0.906976744186,0.046511627907
cnn,bassoon,white,30,0,0.876288659794,0.463917525773,0.412371134021
cnn,cello,white,30,0,0.973913043478,0.686956521739,0.286956521739
cnn,clarinet,white,30,0,1,0.990990990991,0.00900900900901
cnn,double-bass,white,30,0,0.973913043478,0.991304347826,-0.0173913043478
cnn,flute,white,30,0,1,0.948717948718,0.0512820512821
cnn,french-horn,white,30,0,0.939759036145,0.0722891566265,0.867469879518
cnn,oboe,white,30,0,1,0,1
cnn,trombone,white,30,0,0.973684210526,0.789473684211,0.184210526316
cnn,trumpet,white,30,0,1,0,1
cnn,tuba,white,30,0,1,0,1
cnn,viola,white,30,0,0.971698113208,0.924528301887,0.0471698113208
cnn,violin,white,30,0,0.953488372093,0.682170542636,0.271317829457
cnn,bassoon,white,20,0,0.876288659794,0.298969072165,0.577319587629
cnn,cello,white,20,0,0.973913043478,0.0608695652174,0.913043478261
cnn,clarinet,white,20,0,1,0.576576576577,0.423423423423
cnn,double-bass,white,20,0,0.973913043478,1,-0.0260869565217
cnn,flute,white,20,0,1,0.769230769231,0.230769230769
cnn,french-horn,white,20,0,0.939759036145,0.0481927710843,0.89156626506
cnn,oboe,white,20,0,1,0,1
cnn,trombone,white,20,0,0.973684210526,0.728070175439,0.245614035088
cnn,trumpet,white,20,0,1,0,1
cnn,tuba,white,20,0,1,0,1
cnn,viola,white,20,0,0.971698113208,0.537735849057,0.433962264151
cnn,violin,white,20,0,0.953488372093,0.279069767442,0.674418604651
cnn,bassoon,white,10,0,0.876288659794,0,0.876288659794
cnn,cello,white,10,0,0.973913043478,0,0.973913043478
cnn,clarinet,white,10,0,1,0,1
cnn,double-bass,white,10,0,0.973913043478,0.973913043478,0
cnn,flute,white,10,0,1,0.188034188034,0.811965811966
cnn,french-horn,white,10,0,0.939759036145,0.0843373493976,0.855421686747
cnn,oboe,white,10,0,1,0,1
cnn,trombone,white,10,0,0.973684210526,0.614035087719,0.359649122807
cnn,trumpet,white,10,0,1,0,1
cnn,tuba,white,10,0,1,0,1
cnn,viola,white,10,0,0.971698113208,0,0.971698113208
cnn,violin,white,10,0,0.953488372093,0.403100775194,0.550387596899
cnn,bassoon,white,0,0,0.876288659794,0,0.876288659794
cnn,cello,white,0,0,0.973913043478,0,0.973913043478
cnn,clarinet,white,0,0,1,0,1
cnn,double-bass,white,0,0,0.973913043478,0,0.973913043478
cnn,flute,white,0,0,1,0,1
cnn,french-horn,white,0,0,0.939759036145,0.0602409638554,0.879518072289
cnn,oboe,white,0,0,1,0,1
cnn,trombone,white,0,0,0.973684210526,0.745614035088,0.228070175439
cnn,trumpet,white,0,0,1,0,1
cnn,tuba,white,0,0,1,0,1
cnn,viola,white,0,0,0.971698113208,0,0.971698113208
cnn,violin,white,0,0,0.953488372093,1,-0.046511627907
cnn,bassoon,white,-5,0,0.876288659794,0,0.876288659794
cnn,cello,white,-5,0,0.973913043478,0,0.973913043478
cnn,clarinet,white,-5,0,1,0,1
cnn,double-bass,white,-5,0,0.973913043478,0,0.973913043478
cnn,flute,white,-5,0,1,0,1
cnn,french-horn,white,-5,0,0.939759036145,0,0.939759036145
cnn,oboe,white,-5,0,1,0,1
cnn,trombone,white,-5,0,0.973684210526,0.991228070175,-0.0175438596491
cnn,trumpet,white,-5,0,1,0,1
cnn,tuba,white,-5,0,1,0,1
cnn,viola,white,-5,0,0.971698113208,0,0.971698113208
cnn,violin,white,-5,0,0.953488372093,0.170542635659,0.782945736434
cnn,bassoon,white,-10,0,0.876288659794,0,0.876288659794
cnn,cello,white,-10,0,0.973913043478,0,0.973913043478
cnn,clarinet,white,-10,0,1,0,1
cnn,double-bass,white,-10,0,0.973913043478,0,0.973913043478
cnn,flute,white,-10,0,1,0,1
cnn,french-horn,white,-10,0,0.939759036145,0,0.939759036145
cnn,oboe,white,-10,0,1,0,1
cnn,trombone,white,-10,0,0.973684210526,1,-0.0263157894737
cnn,trumpet,white,-10,0,1,0,1
cnn,tuba,white,-10,0,1,0,1
cnn,viola,white,-10,0,0.971698113208,0,0.971698113208
cnn,violin,white,-10,0,0.953488372093,0,0.953488372093
cnn,bassoon,white,50,1,0.876288659794,0.783505154639,0.0927835051546
cnn,cello,white,50,1,0.973913043478,0.904347826087,0.0695652173913
cnn,clarinet,white,50,1,1,1,0
cnn,double-bass,white,50,1,0.973913043478,0.95652173913,0.0173913043478
cnn,flute,white,50,1,1,1,0
cnn,french-horn,white,50,1,0.939759036145,0.807228915663,0.132530120482
cnn,oboe,white,50,1,1,0.949367088608,0.0506329113924
cnn,trombone,white,50,1,0.973684210526,0.973684210526,0
cnn,trumpet,white,50,1,1,0.553846153846,0.446153846154
cnn,tuba,white,50,1,1,0.0967741935484,0.903225806452
cnn,viola,white,50,1,0.971698113208,0.971698113208,0
cnn,violin,white,50,1,0.953488372093,0.953488372093,0
cnn,bassoon,white,40,1,0.876288659794,0.670103092784,0.20618556701
cnn,cello,white,40,1,0.973913043478,0.973913043478,0
cnn,clarinet,white,40,1,1,0.990990990991,0.00900900900901
cnn,double-bass,white,40,1,0.973913043478,0.965217391304,0.00869565217391
cnn,flute,white,40,1,1,0.982905982906,0.017094017094
cnn,french-horn,white,40,1,0.939759036145,0.614457831325,0.325301204819
cnn,oboe,white,40,1,1,0.405063291139,0.594936708861
cnn,trombone,white,40,1,0.973684210526,0.964912280702,0.00877192982456
cnn,trumpet,white,40,1,1,0.107692307692,0.892307692308
cnn,tuba,white,40,1,1,0,1
cnn,viola,white,40,1,0.971698113208,0.981132075472,-0.00943396226415
cnn,violin,white,40,1,0.953488372093,0.906976744186,0.046511627907
cnn,bassoon,white,30,1,0.876288659794,0.463917525773,0.412371134021
cnn,cello,white,30,1,0.973913043478,0.669565217391,0.304347826087
cnn,clarinet,white,30,1,1,0.990990990991,0.00900900900901
cnn,double-bass,white,30,1,0.973913043478,0.991304347826,-0.0173913043478
cnn,flute,white,30,1,1,0.940170940171,0.0598290598291
cnn,french-horn,white,30,1,0.939759036145,0.0602409638554,0.879518072289
cnn,oboe,white,30,1,1,0,1
cnn,trombone,white,30,1,0.973684210526,0.815789473684,0.157894736842
cnn,trumpet,white,30,1,1,0,1
cnn,tuba,white,30,1,1,0,1
cnn,viola,white,30,1,0.971698113208,0.924528301887,0.0471698113208
cnn,violin,white,30,1,0.953488372093,0.666666666667,0.286821705426
cnn,bassoon,white,20,1,0.876288659794,0.309278350515,0.567010309278
cnn,cello,white,20,1,0.973913043478,0.0695652173913,0.904347826087
cnn,clarinet,white,20,1,1,0.594594594595,0.405405405405
cnn,double-bass,white,20,1,0.973913043478,1,-0.0260869565217
cnn,flute,white,20,1,1,0.777777777778,0.222222222222
cnn,french-horn,white,20,1,0.939759036145,0.0481927710843,0.89156626506
cnn,oboe,white,20,1,1,0,1
cnn,trombone,white,20,1,0.973684210526,0.710526315789,0.263157894737
cnn,trumpet,white,20,1,1,0,1
cnn,tuba,white,20,1,1,0,1
cnn,viola,white,20,1,0.971698113208,0.5,0.471698113208
cnn,violin,white,20,1,0.953488372093,0.294573643411,0.658914728682
cnn,bassoon,white,10,1,0.876288659794,0,0.876288659794
cnn,cello,white,10,1,0.973913043478,0,0.973913043478
cnn,clarinet,white,10,1,1,0,1
cnn,double-bass,white,10,1,0.973913043478,0.95652173913,0.0173913043478
cnn,flute,white,10,1,1,0.145299145299,0.854700854701
cnn,french-horn,white,10,1,0.939759036145,0.0843373493976,0.855421686747
cnn,oboe,white,10,1,1,0,1
cnn,trombone,white,10,1,0.973684210526,0.631578947368,0.342105263158
cnn,trumpet,white,10,1,1,0,1
cnn,tuba,white,10,1,1,0,1
cnn,viola,white,10,1,0.971698113208,0,0.971698113208
cnn,violin,white,10,1,0.953488372093,0.395348837209,0.558139534884
cnn,bassoon,white,0,1,0.876288659794,0,0.876288659794
cnn,cello,white,0,1,0.973913043478,0,0.973913043478
cnn,clarinet,white,0,1,1,0,1
cnn,double-bass,white,0,1,0.973913043478,0,0.973913043478
cnn,flute,white,0,1,1,0,1
cnn,french-horn,white,0,1,0.939759036145,0.0481927710843,0.89156626506
cnn,oboe,white,0,1,1,0,1
cnn,trombone,white,0,1,0.973684210526,0.754385964912,0.219298245614
cnn,trumpet,white,0,1,1,0,1
cnn,tuba,white,0,1,1,0,1
cnn,viola,white,0,1,0.971698113208,0,0.971698113208
cnn,violin,white,0,1,0.953488372093,0.984496124031,-0.031007751938
cnn,bassoon,white,-5,1,0.876288659794,0,0.876288659794
cnn,cello,white,-5,1,0.973913043478,0,0.973913043478
cnn,clarinet,white,-5,1,1,0,1
cnn,double-bass,white,-5,1,0.973913043478,0,0.973913043478
cnn,flute,white,-5,1,1,0,1
cnn,french-horn,white,-5,1,0.939759036145,0,0.939759036145
cnn,oboe,white,-5,1,1,0,1
cnn,trombone,white,-5,1,0.973684210526,0.991228070175,-0.0175438596491
cnn,trumpet,white,-5,1,1,0,1
cnn,tuba,white,-5,1,1,0,1
cnn,viola,white,-5,1,0.971698113208,0,0.971698113208
cnn,violin,white,-5,1,0.953488372093,0.186046511628,0.767441860465
cnn,bassoon,white,-10,1,0.876288659794,0,0.876288659794
cnn,cello,white,-10,1,0.973913043478,0,0.973913043478
cnn,clarinet,white,-10,1,1,0,1
cnn,double-bass,white,-10,1,0.973913043478,0,0.973913043478
cnn,flute,white,-10,1,1,0,1
cnn,french-horn,white,-10,1,0.939759036145,0,0.939759036145
cnn,oboe,white,-10,1,1,0,1
cnn,trombone,white,-10,1,0.973684210526,1,-0.0263157894737
cnn,trumpet,white,-10,1,1,0,1
cnn,tuba,white,-10,1,1,0,1
cnn,viola,white,-10,1,0.971698113208,0,0.971698113208
cnn,violin,white,-10,1,0.953488372093,0,0.953488372093
cnn,bassoon,audience,50,0,0.876288659794,0.876288659794,0
cnn,cello,audience,50,0,0.973913043478,0.973913043478,0
cnn,clarinet,audience,50,0,1,1,0
cnn,double-bass,audience,50,0,0.973913043478,0.982608695652,-0.00869565217391
cnn,flute,audience,50,0,1,1,0
cnn,french-horn,audience,50,0,0.939759036145,0.915662650602,0.0240963855422
cnn,oboe,audience,50,0,1,1,0
cnn,trombone,audience,50,0,0.973684210526,0.973684210526,0
cnn,trumpet,audience,50,0,1,1,0
cnn,tuba,audience,50,0,1,0.983870967742,0.0161290322581
cnn,viola,audience,50,0,0.971698113208,0.971698113208,0
cnn,violin,audience,50,0,0.953488372093,0.961240310078,-0.0077519379845
cnn,bassoon,audience,40,0,0.876288659794,0.855670103093,0.020618556701
cnn,cello,audience,40,0,0.973913043478,0.982608695652,-0.00869565217391
cnn,clarinet,audience,40,0,1,1,0
cnn,double-bass,audience,40,0,0.973913043478,0.982608695652,-0.00869565217391
cnn,flute,audience,40,0,1,0.965811965812,0.034188034188
cnn,french-horn,audience,40,0,0.939759036145,0.759036144578,0.180722891566
cnn,oboe,audience,40,0,1,0.962025316456,0.0379746835443
cnn,trombone,audience,40,0,0.973684210526,0.973684210526,0
cnn,trumpet,audience,40,0,1,0.923076923077,0.0769230769231
cnn,tuba,audience,40,0,1,0.741935483871,0.258064516129
cnn,viola,audience,40,0,0.971698113208,0.971698113208,0
cnn,violin,audience,40,0,0.953488372093,0.914728682171,0.0387596899225
cnn,bassoon,audience,30,0,0.876288659794,0.680412371134,0.19587628866
cnn,cello,audience,30,0,0.973913043478,0.939130434783,0.0347826086957
cnn,clarinet,audience,30,0,1,1,0
cnn,double-bass,audience,30,0,0.973913043478,1,-0.0260869565217
cnn,flute,audience,30,0,1,0.863247863248,0.136752136752
cnn,french-horn,audience,30,0,0.939759036145,0.506024096386,0.433734939759
cnn,oboe,audience,30,0,1,0.73417721519,0.26582278481
cnn,trombone,audience,30,0,0.973684210526,0.885964912281,0.0877192982456
cnn,trumpet,audience,30,0,1,0.676923076923,0.323076923077
cnn,tuba,audience,30,0,1,0.387096774194,0.612903225806
cnn,viola,audience,30,0,0.971698113208,0.981132075472,-0.00943396226415
cnn,violin,audience,30,0,0.953488372093,0.852713178295,0.100775193798
cnn,bassoon,audience,20,0,0.876288659794,0.39175257732,0.484536082474
cnn,cello,audience,20,0,0.973913043478,0.669565217391,0.304347826087
cnn,clarinet,audience,20,0,1,0.927927927928,0.0720720720721
cnn,double-bass,audience,20,0,0.973913043478,1,-0.0260869565217
cnn,flute,audience,20,0,1,0.777777777778,0.222222222222
cnn,french-horn,audience,20,0,0.939759036145,0.253012048193,0.686746987952
cnn,oboe,audience,20,0,1,0.392405063291,0.607594936709
cnn,trombone,audience,20,0,0.973684210526,0.745614035088,0.228070175439
cnn,trumpet,audience,20,0,1,0.523076923077,0.476923076923
cnn,tuba,audience,20,0,1,0.241935483871,0.758064516129
cnn,viola,audience,20,0,0.971698113208,0.962264150943,0.00943396226415
cnn,violin,audience,20,0,0.953488372093,0.697674418605,0.255813953488
cnn,bassoon,audience,10,0,0.876288659794,0.164948453608,0.711340206186
cnn,cello,audience,10,0,0.973913043478,0.408695652174,0.565217391304
cnn,clarinet,audience,10,0,1,0.531531531532,0.468468468468
cnn,double-bass,audience,10,0,0.973913043478,1,-0.0260869565217
cnn,flute,audience,10,0,1,0.581196581197,0.418803418803
cnn,french-horn,audience,10,0,0.939759036145,0.21686746988,0.722891566265
cnn,oboe,audience,10,0,1,0.215189873418,0.784810126582
cnn,trombone,audience,10,0,0.973684210526,0.605263157895,0.368421052632
cnn,trumpet,audience,10,0,1,0.323076923077,0.676923076923
cnn,tuba,audience,10,0,1,0.185483870968,0.814516129032
cnn,viola,audience,10,0,0.971698113208,0.783018867925,0.188679245283
cnn,violin,audience,10,0,0.953488372093,0.62015503876,0.333333333333
cnn,bassoon,audience,0,0,0.876288659794,0.113402061856,0.762886597938
cnn,cello,audience,0,0,0.973913043478,0.165217391304,0.808695652174
cnn,clarinet,audience,0,0,1,0.261261261261,0.738738738739
cnn,double-bass,audience,0,0,0.973913043478,0.686956521739,0.286956521739
cnn,flute,audience,0,0,1,0.367521367521,0.632478632479
cnn,french-horn,audience,0,0,0.939759036145,0.21686746988,0.722891566265
cnn,oboe,audience,0,0,1,0.0759493670886,0.924050632911
cnn,trombone,audience,0,0,0.973684210526,0.517543859649,0.456140350877
cnn,trumpet,audience,0,0,1,0.261538461538,0.738461538462
cnn,tuba,audience,0,0,1,0.112903225806,0.887096774194
cnn,viola,audience,0,0,0.971698113208,0.433962264151,0.537735849057
cnn,violin,audience,0,0,0.953488372093,0.736434108527,0.217054263566
cnn,bassoon,audience,-5,0,0.876288659794,0.0927835051546,0.783505154639
cnn,cello,audience,-5,0,0.973913043478,0.113043478261,0.860869565217
cnn,clarinet,audience,-5,0,1,0.216216216216,0.783783783784
cnn,double-bass,audience,-5,0,0.973913043478,0.347826086957,0.626086956522
cnn,flute,audience,-5,0,1,0.273504273504,0.726495726496
cnn,french-horn,audience,-5,0,0.939759036145,0.204819277108,0.734939759036
cnn,oboe,audience,-5,0,1,0.0759493670886,0.924050632911
cnn,trombone,audience,-5,0,0.973684210526,0.473684210526,0.5
cnn,trumpet,audience,-5,0,1,0.2,0.8
cnn,tuba,audience,-5,0,1,0.0967741935484,0.903225806452
cnn,viola,audience,-5,0,0.971698113208,0.264150943396,0.707547169811
cnn,violin,audience,-5,0,0.953488372093,0.829457364341,0.124031007752
cnn,bassoon,audience,-10,0,0.876288659794,0.0927835051546,0.783505154639
cnn,cello,audience,-10,0,0.973913043478,0.0782608695652,0.895652173913
cnn,clarinet,audience,-10,0,1,0.126126126126,0.873873873874
cnn,double-bass,audience,-10,0,0.973913043478,0.173913043478,0.8
cnn,flute,audience,-10,0,1,0.205128205128,0.794871794872
cnn,french-horn,audience,-10,0,0.939759036145,0.168674698795,0.771084337349
cnn,oboe,audience,-10,0,1,0.0759493670886,0.924050632911
cnn,trombone,audience,-10,0,0.973684210526,0.438596491228,0.535087719298
cnn,trumpet,audience,-10,0,1,0.169230769231,0.830769230769
cnn,tuba,audience,-10,0,1,0.0967741935484,0.903225806452
cnn,viola,audience,-10,0,0.971698113208,0.150943396226,0.820754716981
cnn,violin,audience,-10,0,0.953488372093,0.868217054264,0.0852713178295
cnn,bassoon,audience,50,1,0.876288659794,0.855670103093,0.020618556701
cnn,cello,audience,50,1,0.973913043478,0.973913043478,0
cnn,clarinet,audience,50,1,1,1,0
cnn,double-bass,audience,50,1,0.973913043478,0.982608695652,-0.00869565217391
cnn,flute,audience,50,1,1,0.991452991453,0.00854700854701
cnn,french-horn,audience,50,1,0.939759036145,0.89156626506,0.0481927710843
cnn,oboe,audience,50,1,1,1,0
cnn,trombone,audience,50,1,0.973684210526,0.973684210526,0
cnn,trumpet,audience,50,1,1,0.969230769231,0.0307692307692
cnn,tuba,audience,50,1,1,0.991935483871,0.00806451612903
cnn,viola,audience,50,1,0.971698113208,0.971698113208,0
cnn,violin,audience,50,1,0.953488372093,0.937984496124,0.015503875969
cnn,bassoon,audience,40,1,0.876288659794,0.824742268041,0.0515463917526
cnn,cello,audience,40,1,0.973913043478,0.965217391304,0.00869565217391
cnn,clarinet,audience,40,1,1,1,0
cnn,double-bass,audience,40,1,0.973913043478,0.982608695652,-0.00869565217391
cnn,flute,audience,40,1,1,0.974358974359,0.025641025641
cnn,french-horn,audience,40,1,0.939759036145,0.819277108434,0.120481927711
cnn,oboe,audience,40,1,1,0.974683544304,0.0253164556962
cnn,trombone,audience,40,1,0.973684210526,0.964912280702,0.00877192982456
cnn,trumpet,audience,40,1,1,0.861538461538,0.138461538462
cnn,tuba,audience,40,1,1,0.790322580645,0.209677419355
cnn,viola,audience,40,1,0.971698113208,0.981132075472,-0.00943396226415
cnn,violin,audience,40,1,0.953488372093,0.914728682171,0.0387596899225
cnn,bassoon,audience,30,1,0.876288659794,0.659793814433,0.216494845361
cnn,cello,audience,30,1,0.973913043478,0.930434782609,0.0434782608696
cnn,clarinet,audience,30,1,1,0.990990990991,0.00900900900901
cnn,double-bass,audience,30,1,0.973913043478,0.973913043478,0
cnn,flute,audience,30,1,1,0.846153846154,0.153846153846
cnn,french-horn,audience,30,1,0.939759036145,0.542168674699,0.397590361446
cnn,oboe,audience,30,1,1,0.759493670886,0.240506329114
cnn,trombone,audience,30,1,0.973684210526,0.842105263158,0.131578947368
cnn,trumpet,audience,30,1,1,0.676923076923,0.323076923077
cnn,tuba,audience,30,1,1,0.491935483871,0.508064516129
cnn,viola,audience,30,1,0.971698113208,0.990566037736,-0.0188679245283
cnn,violin,audience,30,1,0.953488372093,0.868217054264,0.0852713178295
cnn,bassoon,audience,20,1,0.876288659794,0.453608247423,0.422680412371
cnn,cello,audience,20,1,0.973913043478,0.730434782609,0.24347826087
cnn,clarinet,audience,20,1,1,0.882882882883,0.117117117117
cnn,double-bass,audience,20,1,0.973913043478,0.973913043478,0
cnn,flute,audience,20,1,1,0.717948717949,0.282051282051
cnn,french-horn,audience,20,1,0.939759036145,0.33734939759,0.602409638554
cnn,oboe,audience,20,1,1,0.417721518987,0.582278481013
cnn,trombone,audience,20,1,0.973684210526,0.719298245614,0.254385964912
cnn,trumpet,audience,20,1,1,0.553846153846,0.446153846154
cnn,tuba,audience,20,1,1,0.33064516129,0.66935483871
cnn,viola,audience,20,1,0.971698113208,0.905660377358,0.0660377358491
cnn,violin,audience,20,1,0.953488372093,0.751937984496,0.201550387597
cnn,bassoon,audience,10,1,0.876288659794,0.278350515464,0.59793814433
cnn,cello,audience,10,1,0.973913043478,0.417391304348,0.55652173913
cnn,clarinet,audience,10,1,1,0.513513513514,0.486486486486
cnn,double-bass,audience,10,1,0.973913043478,0.982608695652,-0.00869565217391
cnn,flute,audience,10,1,1,0.564102564103,0.435897435897
cnn,french-horn,audience,10,1,0.939759036145,0.277108433735,0.66265060241
cnn,oboe,audience,10,1,1,0.227848101266,0.772151898734
cnn,trombone,audience,10,1,0.973684210526,0.59649122807,0.377192982456
cnn,trumpet,audience,10,1,1,0.4,0.6
cnn,tuba,audience,10,1,1,0.193548387097,0.806451612903
cnn,viola,audience,10,1,0.971698113208,0.575471698113,0.396226415094
cnn,violin,audience,10,1,0.953488372093,0.658914728682,0.294573643411
cnn,bassoon,audience,0,1,0.876288659794,0.20618556701,0.670103092784
cnn,cello,audience,0,1,0.973913043478,0.182608695652,0.791304347826
cnn,clarinet,audience,0,1,1,0.315315315315,0.684684684685
cnn,double-bass,audience,0,1,0.973913043478,0.704347826087,0.269565217391
cnn,flute,audience,0,1,1,0.358974358974,0.641025641026
cnn,french-horn,audience,0,1,0.939759036145,0.228915662651,0.710843373494
cnn,oboe,audience,0,1,1,0.151898734177,0.848101265823
cnn,trombone,audience,0,1,0.973684210526,0.473684210526,0.5
cnn,trumpet,audience,0,1,1,0.230769230769,0.769230769231
cnn,tuba,audience,0,1,1,0.145161290323,0.854838709677
cnn,viola,audience,0,1,0.971698113208,0.339622641509,0.632075471698
cnn,violin,audience,0,1,0.953488372093,0.821705426357,0.131782945736
cnn,bassoon,audience,-5,1,0.876288659794,0.175257731959,0.701030927835
cnn,cello,audience,-5,1,0.973913043478,0.113043478261,0.860869565217
cnn,clarinet,audience,-5,1,1,0.279279279279,0.720720720721
cnn,double-bass,audience,-5,1,0.973913043478,0.434782608696,0.539130434783
cnn,flute,audience,-5,1,1,0.299145299145,0.700854700855
cnn,french-horn,audience,-5,1,0.939759036145,0.204819277108,0.734939759036
cnn,oboe,audience,-5,1,1,0.126582278481,0.873417721519
cnn,trombone,audience,-5,1,0.973684210526,0.447368421053,0.526315789474
cnn,trumpet,audience,-5,1,1,0.2,0.8
cnn,tuba,audience,-5,1,1,0.112903225806,0.887096774194
cnn,viola,audience,-5,1,0.971698113208,0.207547169811,0.764150943396
cnn,violin,audience,-5,1,0.953488372093,0.813953488372,0.139534883721
cnn,bassoon,audience,-10,1,0.876288659794,0.134020618557,0.742268041237
cnn,cello,audience,-10,1,0.973913043478,0.0608695652174,0.913043478261
cnn,clarinet,audience,-10,1,1,0.198198198198,0.801801801802
cnn,double-bass,audience,-10,1,0.973913043478,0.269565217391,0.704347826087
cnn,flute,audience,-10,1,1,0.239316239316,0.760683760684
cnn,french-horn,audience,-10,1,0.939759036145,0.180722891566,0.759036144578
cnn,oboe,audience,-10,1,1,0.101265822785,0.898734177215
cnn,trombone,audience,-10,1,0.973684210526,0.429824561404,0.543859649123
cnn,trumpet,audience,-10,1,1,0.169230769231,0.830769230769
cnn,tuba,audience,-10,1,1,0.0967741935484,0.903225806452
cnn,viola,audience,-10,1,0.971698113208,0.132075471698,0.839622641509
cnn,violin,audience,-10,1,0.953488372093,0.84496124031,0.108527131783
cnn,bassoon,studio,50,0,0.876288659794,0.876288659794,0
cnn,cello,studio,50,0,0.973913043478,0.973913043478,0
cnn,clarinet,studio,50,0,1,1,0
cnn,double-bass,studio,50,0,0.973913043478,0.973913043478,0
cnn,flute,studio,50,0,1,0.974358974359,0.025641025641
cnn,french-horn,studio,50,0,0.939759036145,0.903614457831,0.0361445783133
cnn,oboe,studio,50,0,1,1,0
cnn,trombone,studio,50,0,0.973684210526,0.973684210526,0
cnn,trumpet,studio,50,0,1,0.984615384615,0.0153846153846
cnn,tuba,studio,50,0,1,0.975806451613,0.0241935483871
cnn,viola,studio,50,0,0.971698113208,0.971698113208,0
cnn,violin,studio,50,0,0.953488372093,0.953488372093,0
cnn,bassoon,studio,40,0,0.876288659794,0.865979381443,0.0103092783505
cnn,cello,studio,40,0,0.973913043478,0.982608695652,-0.00869565217391
cnn,clarinet,studio,40,0,1,0.990990990991,0.00900900900901
cnn,double-bass,studio,40,0,0.973913043478,0.982608695652,-0.00869565217391
cnn,flute,studio,40,0,1,0.897435897436,0.102564102564
cnn,french-horn,studio,40,0,0.939759036145,0.746987951807,0.192771084337
cnn,oboe,studio,40,0,1,0.936708860759,0.0632911392405
cnn,trombone,studio,40,0,0.973684210526,0.973684210526,0
cnn,trumpet,studio,40,0,1,0.815384615385,0.184615384615
cnn,tuba,studio,40,0,1,0.725806451613,0.274193548387
cnn,viola,studio,40,0,0.971698113208,0.971698113208,0
cnn,violin,studio,40,0,0.953488372093,0.937984496124,0.015503875969
cnn,bassoon,studio,30,0,0.876288659794,0.59793814433,0.278350515464
cnn,cello,studio,30,0,0.973913043478,0.947826086957,0.0260869565217
cnn,clarinet,studio,30,0,1,0.945945945946,0.0540540540541
cnn,double-bass,studio,30,0,0.973913043478,0.973913043478,0
cnn,flute,studio,30,0,1,0.623931623932,0.376068376068
cnn,french-horn,studio,30,0,0.939759036145,0.530120481928,0.409638554217
cnn,oboe,studio,30,0,1,0.582278481013,0.417721518987
cnn,trombone,studio,30,0,0.973684210526,0.80701754386,0.166666666667
cnn,trumpet,studio,30,0,1,0.569230769231,0.430769230769
cnn,tuba,studio,30,0,1,0.290322580645,0.709677419355
cnn,viola,studio,30,0,0.971698113208,0.971698113208,0
cnn,violin,studio,30,0,0.953488372093,0.736434108527,0.217054263566
cnn,bassoon,studio,20,0,0.876288659794,0.237113402062,0.639175257732
cnn,cello,studio,20,0,0.973913043478,0.704347826087,0.269565217391
cnn,clarinet,studio,20,0,1,0.459459459459,0.540540540541
cnn,double-bass,studio,20,0,0.973913043478,1,-0.0260869565217
cnn,flute,studio,20,0,1,0.410256410256,0.589743589744
cnn,french-horn,studio,20,0,0.939759036145,0.240963855422,0.698795180723
cnn,oboe,studio,20,0,1,0.177215189873,0.822784810127
cnn,trombone,studio,20,0,0.973684210526,0.508771929825,0.464912280702
cnn,trumpet,studio,20,0,1,0.323076923077,0.676923076923
cnn,tuba,studio,20,0,1,0.129032258065,0.870967741935
cnn,viola,studio,20,0,0.971698113208,0.735849056604,0.235849056604
cnn,violin,studio,20,0,0.953488372093,0.488372093023,0.46511627907
cnn,bassoon,studio,10,0,0.876288659794,0.113402061856,0.762886597938
cnn,cello,studio,10,0,0.973913043478,0.286956521739,0.686956521739
cnn,clarinet,studio,10,0,1,0.027027027027,0.972972972973
cnn,double-bass,studio,10,0,0.973913043478,0.991304347826,-0.0173913043478
cnn,flute,studio,10,0,1,0.299145299145,0.700854700855
cnn,french-horn,studio,10,0,0.939759036145,0.10843373494,0.831325301205
cnn,oboe,studio,10,0,1,0.0253164556962,0.974683544304
cnn,trombone,studio,10,0,0.973684210526,0.210526315789,0.763157894737
cnn,trumpet,studio,10,0,1,0.123076923077,0.876923076923
cnn,tuba,studio,10,0,1,0.0564516129032,0.943548387097
cnn,viola,studio,10,0,0.971698113208,0.27358490566,0.698113207547
cnn,violin,studio,10,0,0.953488372093,0.356589147287,0.596899224806
cnn,bassoon,studio,0,0,0.876288659794,0.0309278350515,0.845360824742
cnn,cello,studio,0,0,0.973913043478,0.104347826087,0.869565217391
cnn,clarinet,studio,0,0,1,0,1
cnn,double-bass,studio,0,0,0.973913043478,0.84347826087,0.130434782609
cnn,flute,studio,0,0,1,0.273504273504,0.726495726496
cnn,french-horn,studio,0,0,0.939759036145,0.0481927710843,0.89156626506
cnn,oboe,studio,0,0,1,0.0126582278481,0.987341772152
cnn,trombone,studio,0,0,0.973684210526,0.0614035087719,0.912280701754
cnn,trumpet,studio,0,0,1,0.107692307692,0.892307692308
cnn,tuba,studio,0,0,1,0,1
cnn,viola,studio,0,0,0.971698113208,0.141509433962,0.830188679245
cnn,violin,studio,0,0,0.953488372093,0.418604651163,0.53488372093
cnn,bassoon,studio,-5,0,0.876288659794,0,0.876288659794
cnn,cello,studio,-5,0,0.973913043478,0.0347826086957,0.939130434783
cnn,clarinet,studio,-5,0,1,0,1
cnn,double-bass,studio,-5,0,0.973913043478,0.547826086957,0.426086956522
cnn,flute,studio,-5,0,1,0.222222222222,0.777777777778
cnn,french-horn,studio,-5,0,0.939759036145,0.0602409638554,0.879518072289
cnn,oboe,studio,-5,0,1,0,1
cnn,trombone,studio,-5,0,0.973684210526,0.0438596491228,0.929824561404
cnn,trumpet,studio,-5,0,1,0.0615384615385,0.938461538462
cnn,tuba,studio,-5,0,1,0,1
cnn,viola,studio,-5,0,0.971698113208,0.132075471698,0.839622641509
cnn,violin,studio,-5,0,0.953488372093,0.635658914729,0.317829457364
cnn,bassoon,studio,-10,0,0.876288659794,0,0.876288659794
cnn,cello,studio,-10,0,0.973913043478,0.00869565217391,0.965217391304
cnn,clarinet,studio,-10,0,1,0,1
cnn,double-bass,studio,-10,0,0.973913043478,0.217391304348,0.75652173913
cnn,flute,studio,-10,0,1,0.213675213675,0.786324786325
cnn,french-horn,studio,-10,0,0.939759036145,0.156626506024,0.78313253012
cnn,oboe,studio,-10,0,1,0,1
cnn,trombone,studio,-10,0,0.973684210526,0.114035087719,0.859649122807
cnn,trumpet,studio,-10,0,1,0,1
cnn,tuba,studio,-10,0,1,0,1
cnn,viola,studio,-10,0,0.971698113208,0.122641509434,0.849056603774
cnn,violin,studio,-10,0,0.953488372093,0.643410852713,0.31007751938
cnn,bassoon,studio,50,1,0.876288659794,0.876288659794,0
cnn,cello,studio,50,1,0.973913043478,0.973913043478,0
cnn,clarinet,studio,50,1,1,1,0
cnn,double-bass,studio,50,1,0.973913043478,0.982608695652,-0.00869565217391
cnn,flute,studio,50,1,1,0.974358974359,0.025641025641
cnn,french-horn,studio,50,1,0.939759036145,0.927710843373,0.0120481927711
cnn,oboe,studio,50,1,1,0.987341772152,0.0126582278481
cnn,trombone,studio,50,1,0.973684210526,0.973684210526,0
cnn,trumpet,studio,50,1,1,1,0
cnn,tuba,studio,50,1,1,0.975806451613,0.0241935483871
cnn,viola,studio,50,1,0.971698113208,0.971698113208,0
cnn,violin,studio,50,1,0.953488372093,0.953488372093,0
cnn,bassoon,studio,40,1,0.876288659794,0.835051546392,0.0412371134021
cnn,cello,studio,40,1,0.973913043478,0.973913043478,0
cnn,clarinet,studio,40,1,1,1,0
cnn,double-bass,studio,40,1,0.973913043478,0.973913043478,0
cnn,flute,studio,40,1,1,0.923076923077,0.0769230769231
cnn,french-horn,studio,40,1,0.939759036145,0.78313253012,0.156626506024
cnn,oboe,studio,40,1,1,0.924050632911,0.0759493670886
cnn,trombone,studio,40,1,0.973684210526,0.956140350877,0.0175438596491
cnn,trumpet,studio,40,1,1,0.8,0.2
cnn,tuba,studio,40,1,1,0.782258064516,0.217741935484
cnn,viola,studio,40,1,0.971698113208,0.981132075472,-0.00943396226415
cnn,violin,studio,40,1,0.953488372093,0.891472868217,0.062015503876
cnn,bassoon,studio,30,1,0.876288659794,0.577319587629,0.298969072165
cnn,cello,studio,30,1,0.973913043478,0.913043478261,0.0608695652174
cnn,clarinet,studio,30,1,1,0.954954954955,0.045045045045
cnn,double-bass,studio,30,1,0.973913043478,0.982608695652,-0.00869565217391
cnn,flute,studio,30,1,1,0.632478632479,0.367521367521
cnn,french-horn,studio,30,1,0.939759036145,0.542168674699,0.397590361446
cnn,oboe,studio,30,1,1,0.582278481013,0.417721518987
cnn,trombone,studio,30,1,0.973684210526,0.736842105263,0.236842105263
cnn,trumpet,studio,30,1,1,0.523076923077,0.476923076923
cnn,tuba,studio,30,1,1,0.298387096774,0.701612903226
cnn,viola,studio,30,1,0.971698113208,0.952830188679,0.0188679245283
cnn,violin,studio,30,1,0.953488372093,0.744186046512,0.209302325581
cnn,bassoon,studio,20,1,0.876288659794,0.288659793814,0.587628865979
cnn,cello,studio,20,1,0.973913043478,0.739130434783,0.234782608696
cnn,clarinet,studio,20,1,1,0.486486486486,0.513513513514
cnn,double-bass,studio,20,1,0.973913043478,0.991304347826,-0.0173913043478
cnn,flute,studio,20,1,1,0.376068376068,0.623931623932
cnn,french-horn,studio,20,1,0.939759036145,0.253012048193,0.686746987952
cnn,oboe,studio,20,1,1,0.20253164557,0.79746835443
cnn,trombone,studio,20,1,0.973684210526,0.508771929825,0.464912280702
cnn,trumpet,studio,20,1,1,0.292307692308,0.707692307692
cnn,tuba,studio,20,1,1,0.120967741935,0.879032258065
cnn,viola,studio,20,1,0.971698113208,0.707547169811,0.264150943396
cnn,violin,studio,20,1,0.953488372093,0.496124031008,0.457364341085
cnn,bassoon,studio,10,1,0.876288659794,0.103092783505,0.773195876289
cnn,cello,studio,10,1,0.973913043478,0.286956521739,0.686956521739
cnn,clarinet,studio,10,1,1,0.0720720720721,0.927927927928
cnn,double-bass,studio,10,1,0.973913043478,1,-0.0260869565217
cnn,flute,studio,10,1,1,0.264957264957,0.735042735043
cnn,french-horn,studio,10,1,0.939759036145,0.144578313253,0.795180722892
cnn,oboe,studio,10,1,1,0.0379746835443,0.962025316456
cnn,trombone,studio,10,1,0.973684210526,0.19298245614,0.780701754386
cnn,trumpet,studio,10,1,1,0.123076923077,0.876923076923
cnn,tuba,studio,10,1,1,0.0645161290323,0.935483870968
cnn,viola,studio,10,1,0.971698113208,0.320754716981,0.650943396226
cnn,violin,studio,10,1,0.953488372093,0.263565891473,0.68992248062
cnn,bassoon,studio,0,1,0.876288659794,0.0103092783505,0.865979381443
cnn,cello,studio,0,1,0.973913043478,0.095652173913,0.878260869565
cnn,clarinet,studio,0,1,1,0,1
cnn,double-bass,studio,0,1,0.973913043478,0.860869565217,0.113043478261
cnn,flute,studio,0,1,1,0.264957264957,0.735042735043
cnn,french-horn,studio,0,1,0.939759036145,0.0963855421687,0.843373493976
cnn,oboe,studio,0,1,1,0,1
cnn,trombone,studio,0,1,0.973684210526,0.0526315789474,0.921052631579
cnn,trumpet,studio,0,1,1,0.0461538461538,0.953846153846
cnn,tuba,studio,0,1,1,0,1
cnn,viola,studio,0,1,0.971698113208,0.179245283019,0.792452830189
cnn,violin,studio,0,1,0.953488372093,0.387596899225,0.565891472868
cnn,bassoon,studio,-5,1,0.876288659794,0,0.876288659794
cnn,cello,studio,-5,1,0.973913043478,0.0434782608696,0.930434782609
cnn,clarinet,studio,-5,1,1,0,1
cnn,double-bass,studio,-5,1,0.973913043478,0.44347826087,0.530434782609
cnn,flute,studio,-5,1,1,0.290598290598,0.709401709402
cnn,french-horn,studio,-5,1,0.939759036145,0.132530120482,0.807228915663
cnn,oboe,studio,-5,1,1,0,1
cnn,trombone,studio,-5,1,0.973684210526,0.0526315789474,0.921052631579
cnn,trumpet,studio,-5,1,1,0.0461538461538,0.953846153846
cnn,tuba,studio,-5,1,1,0,1
cnn,viola,studio,-5,1,0.971698113208,0.150943396226,0.820754716981
cnn,violin,studio,-5,1,0.953488372093,0.596899224806,0.356589147287
cnn,bassoon,studio,-10,1,0.876288659794,0,0.876288659794
cnn,cello,studio,-10,1,0.973913043478,0.00869565217391,0.965217391304
cnn,clarinet,studio,-10,1,1,0,1
cnn,double-bass,studio,-10,1,0.973913043478,0.165217391304,0.808695652174
cnn,flute,studio,-10,1,1,0.196581196581,0.803418803419
cnn,french-horn,studio,-10,1,0.939759036145,0.132530120482,0.807228915663
cnn,oboe,studio,-10,1,1,0,1
cnn,trombone,studio,-10,1,0.973684210526,0.105263157895,0.868421052632
cnn,trumpet,studio,-10,1,1,0.0153846153846,0.984615384615
cnn,tuba,studio,-10,1,1,0,1
cnn,viola,studio,-10,1,0.971698113208,0.132075471698,0.839622641509
cnn,violin,studio,-10,1,0.953488372093,0.62015503876,0.333333333333
crnn,bassoon,white,50,0,0.876288659794,0.577319587629,0.298969072165
crnn,cello,white,50,0,0.991304347826,0.930434782609,0.0608695652174
crnn,clarinet,white,50,0,1,1,0
crnn,double-bass,white,50,0,1,1,0
crnn,flute,white,50,0,0.991452991453,0.991452991453,0
crnn,french-horn,white,50,0,0.951807228916,0.771084337349,0.180722891566
crnn,oboe,white,50,0,0.987341772152,0.987341772152,0
crnn,trombone,white,50,0,0.991228070175,0.991228070175,0
crnn,trumpet,white,50,0,1,0.584615384615,0.415384615385
crnn,tuba,white,50,0,1,0.298387096774,0.701612903226
crnn,viola,white,50,0,0.990566037736,0.990566037736,0
crnn,violin,white,50,0,0.922480620155,0.945736434109,-0.0232558139535
crnn,bassoon,white,40,0,0.876288659794,0.525773195876,0.350515463918
crnn,cello,white,40,0,0.991304347826,0.860869565217,0.130434782609
crnn,clarinet,white,40,0,1,0.981981981982,0.018018018018
crnn,double-bass,white,40,0,1,1,0
crnn,flute,white,40,0,0.991452991453,0.957264957265,0.034188034188
crnn,french-horn,white,40,0,0.951807228916,0.590361445783,0.361445783133
crnn,oboe,white,40,0,0.987341772152,0.367088607595,0.620253164557
crnn,trombone,white,40,0,0.991228070175,0.991228070175,0
crnn,trumpet,white,40,0,1,0.246153846154,0.753846153846
crnn,tuba,white,40,0,1,0,1
crnn,viola,white,40,0,0.990566037736,0.990566037736,0
crnn,violin,white,40,0,0.922480620155,0.945736434109,-0.0232558139535
crnn,bassoon,white,30,0,0.876288659794,0.515463917526,0.360824742268
crnn,cello,white,30,0,0.991304347826,0.24347826087,0.747826086957
crnn,clarinet,white,30,0,1,0.891891891892,0.108108108108
crnn,double-bass,white,30,0,1,0.826086956522,0.173913043478
crnn,flute,white,30,0,0.991452991453,0.897435897436,0.0940170940171
crnn,french-horn,white,30,0,0.951807228916,0.192771084337,0.759036144578
crnn,oboe,white,30,0,0.987341772152,0,0.987341772152
crnn,trombone,white,30,0,0.991228070175,0.842105263158,0.149122807018
crnn,trumpet,white,30,0,1,0.0307692307692,0.969230769231
crnn,tuba,white,30,0,1,0,1
crnn,viola,white,30,0,0.990566037736,0.896226415094,0.0943396226415
crnn,violin,white,30,0,0.922480620155,0.891472868217,0.031007751938
crnn,bassoon,white,20,0,0.876288659794,0.257731958763,0.618556701031
crnn,cello,white,20,0,0.991304347826,0,0.991304347826
crnn,clarinet,white,20,0,1,0.927927927928,0.0720720720721
crnn,double-bass,white,20,0,1,0,1
crnn,flute,white,20,0,0.991452991453,0.880341880342,0.111111111111
crnn,french-horn,white,20,0,0.951807228916,0.0120481927711,0.939759036145
crnn,oboe,white,20,0,0.987341772152,0,0.987341772152
crnn,trombone,white,20,0,0.991228070175,0.736842105263,0.254385964912
crnn,trumpet,white,20,0,1,0.0153846153846,0.984615384615
crnn,tuba,white,20,0,1,0,1
crnn,viola,white,20,0,0.990566037736,0.141509433962,0.849056603774
crnn,violin,white,20,0,0.922480620155,0.759689922481,0.162790697674
crnn,bassoon,white,10,0,0.876288659794,0,0.876288659794
crnn,cello,white,10,0,0.991304347826,0,0.991304347826
crnn,clarinet,white,10,0,1,0,1
crnn,double-bass,white,10,0,1,0,1
crnn,flute,white,10,0,0.991452991453,0.931623931624,0.0598290598291
crnn,french-horn,white,10,0,0.951807228916,0,0.951807228916
crnn,oboe,white,10,0,0.987341772152,0,0.987341772152
crnn,trombone,white,10,0,0.991228070175,0.771929824561,0.219298245614
crnn,trumpet,white,10,0,1,0.0615384615385,0.938461538462
crnn,tuba,white,10,0,1,0,1
crnn,viola,white,10,0,0.990566037736,0,0.990566037736
crnn,violin,white,10,0,0.922480620155,0.643410852713,0.279069767442
crnn,bassoon,white,0,0,0.876288659794,0,0.876288659794
crnn,cello,white,0,0,0.991304347826,0,0.991304347826
crnn,clarinet,white,0,0,1,0,1
crnn,double-bass,white,0,0,1,0,1
crnn,flute,white,0,0,0.991452991453,0.00854700854701,0.982905982906
crnn,french-horn,white,0,0,0.951807228916,0,0.951807228916
crnn,oboe,white,0,0,0.987341772152,0,0.987341772152
crnn,trombone,white,0,0,0.991228070175,0.219298245614,0.771929824561
crnn,trumpet,white,0,0,1,0,1
crnn,tuba,white,0,0,1,0,1
crnn,viola,white,0,0,0.990566037736,0,0.990566037736
crnn,violin,white,0,0,0.922480620155,1,-0.077519379845
crnn,bassoon,white,-5,0,0.876288659794,0,0.876288659794
crnn,cello,white,-5,0,0.991304347826,0,0.991304347826
crnn,clarinet,white,-5,0,1,0,1
crnn,double-bass,white,-5,0,1,0,1
crnn,flute,white,-5,0,0.991452991453,0,0.991452991453
crnn,french-horn,white,-5,0,0.951807228916,0,0.951807228916
crnn,oboe,white,-5,0,0.987341772152,0,0.987341772152
crnn,trombone,white,-5,0,0.991228070175,0.0526315789474,0.938596491228
crnn,trumpet,white,-5,0,1,0,1
crnn,tuba,white,-5,0,1,0,1
crnn,viola,white,-5,0,0.990566037736,0,0.990566037736
crnn,violin,white,-5,0,0.922480620155,1,-0.077519379845
crnn,bassoon,white,-10,0,0.876288659794,0,0.876288659794
crnn,cello,white,-10,0,0.991304347826,0,0.991304347826
crnn,clarinet,white,-10,0,1,0,1
crnn,double-bass,white,-10,0,1,0,1
crnn,flute,white,-10,0,0.991452991453,0,0.991452991453
crnn,french-horn,white,-10,0,0.951807228916,0,0.951807228916
crnn,oboe,white,-10,0,0.987341772152,0,0.987341772152
crnn,trombone,white,-10,0,0.991228070175,0,0.991228070175
crnn,trumpet,white,-10,0,1,0,1
crnn,tuba,white,-10,0,1,0,1
crnn,viola,white,-10,0,0.990566037736,0,0.990566037736
crnn,violin,white,-10,0,0.922480620155,1,-0.077519379845
crnn,bassoon,white,50,1,0.876288659794,0.618556701031,0.257731958763
crnn,cello,white,50,1,0.991304347826,0.930434782609,0.0608695652174
crnn,clarinet,white,50,1,1,1,0
crnn,double-bass,white,50,1,1,1,0
crnn,flute,white,50,1,0.991452991453,0.991452991453,0
crnn,french-horn,white,50,1,0.951807228916,0.759036144578,0.192771084337
crnn,oboe,white,50,1,0.987341772152,0.987341772152,0
crnn,trombone,white,50,1,0.991228070175,0.991228070175,0
crnn,trumpet,white,50,1,1,0.584615384615,0.415384615385
crnn,tuba,white,50,1,1,0.306451612903,0.693548387097
crnn,viola,white,50,1,0.990566037736,0.990566037736,0
crnn,violin,white,50,1,0.922480620155,0.945736434109,-0.0232558139535
crnn,bassoon,white,40,1,0.876288659794,0.494845360825,0.381443298969
crnn,cello,white,40,1,0.991304347826,0.886956521739,0.104347826087
crnn,clarinet,white,40,1,1,0.981981981982,0.018018018018
crnn,double-bass,white,40,1,1,1,0
crnn,flute,white,40,1,0.991452991453,0.957264957265,0.034188034188
crnn,french-horn,white,40,1,0.951807228916,0.602409638554,0.349397590361
crnn,oboe,white,40,1,0.987341772152,0.354430379747,0.632911392405
crnn,trombone,white,40,1,0.991228070175,0.991228070175,0
crnn,trumpet,white,40,1,1,0.276923076923,0.723076923077
crnn,tuba,white,40,1,1,0,1
crnn,viola,white,40,1,0.990566037736,0.990566037736,0
crnn,violin,white,40,1,0.922480620155,0.961240310078,-0.0387596899225
crnn,bassoon,white,30,1,0.876288659794,0.484536082474,0.39175257732
crnn,cello,white,30,1,0.991304347826,0.234782608696,0.75652173913
crnn,clarinet,white,30,1,1,0.873873873874,0.126126126126
crnn,double-bass,white,30,1,1,0.834782608696,0.165217391304
crnn,flute,white,30,1,0.991452991453,0.897435897436,0.0940170940171
crnn,french-horn,white,30,1,0.951807228916,0.168674698795,0.78313253012
crnn,oboe,white,30,1,0.987341772152,0,0.987341772152
crnn,trombone,white,30,1,0.991228070175,0.842105263158,0.149122807018
crnn,trumpet,white,30,1,1,0.0307692307692,0.969230769231
crnn,tuba,white,30,1,1,0,1
crnn,viola,white,30,1,0.990566037736,0.896226415094,0.0943396226415
crnn,violin,white,30,1,0.922480620155,0.906976744186,0.015503875969
crnn,bassoon,white,20,1,0.876288659794,0.247422680412,0.628865979381
crnn,cello,white,20,1,0.991304347826,0,0.991304347826
crnn,clarinet,white,20,1,1,0.90990990991,0.0900900900901
crnn,double-bass,white,20,1,1,0.00869565217391,0.991304347826
crnn,flute,white,20,1,0.991452991453,0.871794871795,0.119658119658
crnn,french-horn,white,20,1,0.951807228916,0.0120481927711,0.939759036145
crnn,oboe,white,20,1,0.987341772152,0,0.987341772152
crnn,trombone,white,20,1,0.991228070175,0.754385964912,0.236842105263
crnn,trumpet,white,20,1,1,0.0153846153846,0.984615384615
crnn,tuba,white,20,1,1,0,1
crnn,viola,white,20,1,0.990566037736,0.141509433962,0.849056603774
crnn,violin,white,20,1,0.922480620155,0.759689922481,0.162790697674
crnn,bassoon,white,10,1,0.876288659794,0,0.876288659794
crnn,cello,white,10,1,0.991304347826,0,0.991304347826
crnn,clarinet,white,10,1,1,0,1
crnn,double-bass,white,10,1,1,0,1
crnn,flute,white,10,1,0.991452991453,0.931623931624,0.0598290598291
crnn,french-horn,white,10,1,0.951807228916,0,0.951807228916
crnn,oboe,white,10,1,0.987341772152,0,0.987341772152
crnn,trombone,white,10,1,0.991228070175,0.763157894737,0.228070175439
crnn,trumpet,white,10,1,1,0.0769230769231,0.923076923077
crnn,tuba,white,10,1,1,0,1
crnn,viola,white,10,1,0.990566037736,0,0.990566037736
crnn,violin,white,10,1,0.922480620155,0.658914728682,0.263565891473
crnn,bassoon,white,0,1,0.876288659794,0,0.876288659794
crnn,cello,white,0,1,0.991304347826,0,0.991304347826
crnn,clarinet,white,0,1,1,0,1
crnn,double-bass,white,0,1,1,0,1
crnn,flute,white,0,1,0.991452991453,0,0.991452991453
crnn,french-horn,white,0,1,0.951807228916,0,0.951807228916
crnn,oboe,white,0,1,0.987341772152,0,0.987341772152
crnn,trombone,white,0,1,0.991228070175,0.219298245614,0.771929824561
crnn,trumpet,white,0,1,1,0,1
crnn,tuba,white,0,1,1,0,1
crnn,viola,white,0,1,0.990566037736,0,0.990566037736
crnn,violin,white,0,1,0.922480620155,1,-0.077519379845
crnn,bassoon,white,-5,1,0.876288659794,0,0.876288659794
crnn,cello,white,-5,1,0.991304347826,0,0.991304347826
crnn,clarinet,white,-5,1,1,0,1
crnn,double-bass,white,-5,1,1,0,1
crnn,flute,white,-5,1,0.991452991453,0,0.991452991453
crnn,french-horn,white,-5,1,0.951807228916,0,0.951807228916
crnn,oboe,white,-5,1,0.987341772152,0,0.987341772152
crnn,trombone,white,-5,1,0.991228070175,0.0701754385965,0.921052631579
crnn,trumpet,white,-5,1,1,0,1
crnn,tuba,white,-5,1,1,0,1
crnn,viola,white,-5,1,0.990566037736,0,0.990566037736
crnn,violin,white,-5,1,0.922480620155,1,-0.077519379845
crnn,bassoon,white,-10,1,0.876288659794,0,0.876288659794
crnn,cello,white,-10,1,0.991304347826,0,0.991304347826
crnn,clarinet,white,-10,1,1,0,1
crnn,double-bass,white,-10,1,1,0,1
crnn,flute,white,-10,1,0.991452991453,0,0.991452991453
crnn,french-horn,white,-10,1,0.951807228916,0,0.951807228916
crnn,oboe,white,-10,1,0.987341772152,0,0.987341772152
crnn,trombone,white,-10,1,0.991228070175,0,0.991228070175
crnn,trumpet,white,-10,1,1,0,1
crnn,tuba,white,-10,1,1,0,1
crnn,viola,white,-10,1,0.990566037736,0,0.990566037736
crnn,violin,white,-10,1,0.922480620155,1,-0.077519379845
crnn,bassoon,audience,50,0,0.876288659794,0.876288659794,0
crnn,cello,audience,50,0,0.991304347826,0.991304347826,0
crnn,clarinet,audience,50,0,1,1,0
crnn,double-bass,audience,50,0,1,1,0
crnn,flute,audience,50,0,0.991452991453,0.982905982906,0.00854700854701
crnn,french-horn,audience,50,0,0.951807228916,0.903614457831,0.0481927710843
crnn,oboe,audience,50,0,0.987341772152,1,-0.0126582278481
crnn,trombone,audience,50,0,0.991228070175,0.982456140351,0.00877192982456
crnn,trumpet,audience,50,0,1,1,0
crnn,tuba,audience,50,0,1,0.983870967742,0.0161290322581
crnn,viola,audience,50,0,0.990566037736,0.990566037736,0
crnn,violin,audience,50,0,0.922480620155,0.922480620155,0
crnn,bassoon,audience,40,0,0.876288659794,0.814432989691,0.0618556701031
crnn,cello,audience,40,0,0.991304347826,0.982608695652,0.00869565217391
crnn,clarinet,audience,40,0,1,1,0
crnn,double-bass,audience,40,0,1,1,0
crnn,flute,audience,40,0,0.991452991453,0.957264957265,0.034188034188
crnn,french-horn,audience,40,0,0.951807228916,0.710843373494,0.240963855422
crnn,oboe,audience,40,0,0.987341772152,0.949367088608,0.0379746835443
crnn,trombone,audience,40,0,0.991228070175,0.973684210526,0.0175438596491
crnn,trumpet,audience,40,0,1,0.861538461538,0.138461538462
crnn,tuba,audience,40,0,1,0.814516129032,0.185483870968
crnn,viola,audience,40,0,0.990566037736,0.990566037736,0
crnn,violin,audience,40,0,0.922480620155,0.891472868217,0.031007751938
crnn,bassoon,audience,30,0,0.876288659794,0.701030927835,0.175257731959
crnn,cello,audience,30,0,0.991304347826,0.869565217391,0.121739130435
crnn,clarinet,audience,30,0,1,1,0
crnn,double-bass,audience,30,0,1,1,0
crnn,flute,audience,30,0,0.991452991453,0.854700854701,0.136752136752
crnn,french-horn,audience,30,0,0.951807228916,0.506024096386,0.44578313253
crnn,oboe,audience,30,0,0.987341772152,0.658227848101,0.329113924051
crnn,trombone,audience,30,0,0.991228070175,0.938596491228,0.0526315789474
crnn,trumpet,audience,30,0,1,0.661538461538,0.338461538462
crnn,tuba,audience,30,0,1,0.41935483871,0.58064516129
crnn,viola,audience,30,0,0.990566037736,0.990566037736,0
crnn,violin,audience,30,0,0.922480620155,0.868217054264,0.0542635658915
crnn,bassoon,audience,20,0,0.876288659794,0.60824742268,0.268041237113
crnn,cello,audience,20,0,0.991304347826,0.669565217391,0.321739130435
crnn,clarinet,audience,20,0,1,0.918918918919,0.0810810810811
crnn,double-bass,audience,20,0,1,1,0
crnn,flute,audience,20,0,0.991452991453,0.786324786325,0.205128205128
crnn,french-horn,audience,20,0,0.951807228916,0.33734939759,0.614457831325
crnn,oboe,audience,20,0,0.987341772152,0.379746835443,0.607594936709
crnn,trombone,audience,20,0,0.991228070175,0.877192982456,0.114035087719
crnn,trumpet,audience,20,0,1,0.584615384615,0.415384615385
crnn,tuba,audience,20,0,1,0.25,0.75
crnn,viola,audience,20,0,0.990566037736,0.943396226415,0.0471698113208
crnn,violin,audience,20,0,0.922480620155,0.705426356589,0.217054263566
crnn,bassoon,audience,10,0,0.876288659794,0.412371134021,0.463917525773
crnn,cello,audience,10,0,0.991304347826,0.4,0.591304347826
crnn,clarinet,audience,10,0,1,0.540540540541,0.459459459459
crnn,double-bass,audience,10,0,1,0.904347826087,0.095652173913
crnn,flute,audience,10,0,0.991452991453,0.675213675214,0.316239316239
crnn,french-horn,audience,10,0,0.951807228916,0.168674698795,0.78313253012
crnn,oboe,audience,10,0,0.987341772152,0.20253164557,0.784810126582
crnn,trombone,audience,10,0,0.991228070175,0.701754385965,0.289473684211
crnn,trumpet,audience,10,0,1,0.4,0.6
crnn,tuba,audience,10,0,1,0.16935483871,0.83064516129
crnn,viola,audience,10,0,0.990566037736,0.72641509434,0.264150943396
crnn,violin,audience,10,0,0.922480620155,0.635658914729,0.286821705426
crnn,bassoon,audience,0,0,0.876288659794,0.175257731959,0.701030927835
crnn,cello,audience,0,0,0.991304347826,0.226086956522,0.765217391304
crnn,clarinet,audience,0,0,1,0.234234234234,0.765765765766
crnn,double-bass,audience,0,0,1,0.408695652174,0.591304347826
crnn,flute,audience,0,0,0.991452991453,0.512820512821,0.478632478632
crnn,french-horn,audience,0,0,0.951807228916,0.10843373494,0.843373493976
crnn,oboe,audience,0,0,0.987341772152,0.0886075949367,0.898734177215
crnn,trombone,audience,0,0,0.991228070175,0.552631578947,0.438596491228
crnn,trumpet,audience,0,0,1,0.307692307692,0.692307692308
crnn,tuba,audience,0,0,1,0.104838709677,0.895161290323
crnn,viola,audience,0,0,0.990566037736,0.38679245283,0.603773584906
crnn,violin,audience,0,0,0.922480620155,0.782945736434,0.139534883721
crnn,bassoon,audience,-5,0,0.876288659794,0.123711340206,0.752577319588
crnn,cello,audience,-5,0,0.991304347826,0.165217391304,0.826086956522
crnn,clarinet,audience,-5,0,1,0.135135135135,0.864864864865
crnn,double-bass,audience,-5,0,1,0.260869565217,0.739130434783
crnn,flute,audience,-5,0,0.991452991453,0.367521367521,0.623931623932
crnn,french-horn,audience,-5,0,0.951807228916,0.0963855421687,0.855421686747
crnn,oboe,audience,-5,0,0.987341772152,0.0632911392405,0.924050632911
crnn,trombone,audience,-5,0,0.991228070175,0.447368421053,0.543859649123
crnn,trumpet,audience,-5,0,1,0.246153846154,0.753846153846
crnn,tuba,audience,-5,0,1,0.0967741935484,0.903225806452
crnn,viola,audience,-5,0,0.990566037736,0.292452830189,0.698113207547
crnn,violin,audience,-5,0,0.922480620155,0.868217054264,0.0542635658915
crnn,bassoon,audience,-10,0,0.876288659794,0.113402061856,0.762886597938
crnn,cello,audience,-10,0,0.991304347826,0.130434782609,0.860869565217
crnn,clarinet,audience,-10,0,1,0.0990990990991,0.900900900901
crnn,double-bass,audience,-10,0,1,0.139130434783,0.860869565217
crnn,flute,audience,-10,0,0.991452991453,0.282051282051,0.709401709402
crnn,french-horn,audience,-10,0,0.951807228916,0.0963855421687,0.855421686747
crnn,oboe,audience,-10,0,0.987341772152,0.0632911392405,0.924050632911
crnn,trombone,audience,-10,0,0.991228070175,0.40350877193,0.587719298246
crnn,trumpet,audience,-10,0,1,0.2,0.8
crnn,tuba,audience,-10,0,1,0.0887096774194,0.911290322581
crnn,viola,audience,-10,0,0.990566037736,0.207547169811,0.783018867925
crnn,violin,audience,-10,0,0.922480620155,0.899224806202,0.0232558139535
crnn,bassoon,audience,50,1,0.876288659794,0.855670103093,0.020618556701
crnn,cello,audience,50,1,0.991304347826,0.991304347826,0
crnn,clarinet,audience,50,1,1,1,0
crnn,double-bass,audience,50,1,1,1,0
crnn,flute,audience,50,1,0.991452991453,0.974358974359,0.017094017094
crnn,french-horn,audience,50,1,0.951807228916,0.903614457831,0.0481927710843
crnn,oboe,audience,50,1,0.987341772152,0.987341772152,0
crnn,trombone,audience,50,1,0.991228070175,0.991228070175,0
crnn,trumpet,audience,50,1,1,0.969230769231,0.0307692307692
crnn,tuba,audience,50,1,1,0.991935483871,0.00806451612903
crnn,viola,audience,50,1,0.990566037736,0.990566037736,0
crnn,violin,audience,50,1,0.922480620155,0.914728682171,0.0077519379845
crnn,bassoon,audience,40,1,0.876288659794,0.80412371134,0.0721649484536
crnn,cello,audience,40,1,0.991304347826,0.973913043478,0.0173913043478
crnn,clarinet,audience,40,1,1,1,0
crnn,double-bass,audience,40,1,1,1,0
crnn,flute,audience,40,1,0.991452991453,0.957264957265,0.034188034188
crnn,french-horn,audience,40,1,0.951807228916,0.78313253012,0.168674698795
crnn,oboe,audience,40,1,0.987341772152,0.974683544304,0.0126582278481
crnn,trombone,audience,40,1,0.991228070175,0.991228070175,0
crnn,trumpet,audience,40,1,1,0.846153846154,0.153846153846
crnn,tuba,audience,40,1,1,0.814516129032,0.185483870968
crnn,viola,audience,40,1,0.990566037736,0.990566037736,0
crnn,violin,audience,40,1,0.922480620155,0.914728682171,0.0077519379845
crnn,bassoon,audience,30,1,0.876288659794,0.680412371134,0.19587628866
crnn,cello,audience,30,1,0.991304347826,0.886956521739,0.104347826087
crnn,clarinet,audience,30,1,1,0.981981981982,0.018018018018
crnn,double-bass,audience,30,1,1,1,0
crnn,flute,audience,30,1,0.991452991453,0.854700854701,0.136752136752
crnn,french-horn,audience,30,1,0.951807228916,0.626506024096,0.325301204819
crnn,oboe,audience,30,1,0.987341772152,0.73417721519,0.253164556962
crnn,trombone,audience,30,1,0.991228070175,0.938596491228,0.0526315789474
crnn,trumpet,audience,30,1,1,0.676923076923,0.323076923077
crnn,tuba,audience,30,1,1,0.516129032258,0.483870967742
crnn,viola,audience,30,1,0.990566037736,0.981132075472,0.00943396226415
crnn,violin,audience,30,1,0.922480620155,0.852713178295,0.0697674418605
crnn,bassoon,audience,20,1,0.876288659794,0.618556701031,0.257731958763
crnn,cello,audience,20,1,0.991304347826,0.64347826087,0.347826086957
crnn,clarinet,audience,20,1,1,0.882882882883,0.117117117117
crnn,double-bass,audience,20,1,1,0.982608695652,0.0173913043478
crnn,flute,audience,20,1,0.991452991453,0.717948717949,0.273504273504
crnn,french-horn,audience,20,1,0.951807228916,0.397590361446,0.55421686747
crnn,oboe,audience,20,1,0.987341772152,0.367088607595,0.620253164557
crnn,trombone,audience,20,1,0.991228070175,0.824561403509,0.166666666667
crnn,trumpet,audience,20,1,1,0.507692307692,0.492307692308
crnn,tuba,audience,20,1,1,0.338709677419,0.661290322581
crnn,viola,audience,20,1,0.990566037736,0.877358490566,0.11320754717
crnn,violin,audience,20,1,0.922480620155,0.720930232558,0.201550387597
crnn,bassoon,audience,10,1,0.876288659794,0.525773195876,0.350515463918
crnn,cello,audience,10,1,0.991304347826,0.426086956522,0.565217391304
crnn,clarinet,audience,10,1,1,0.567567567568,0.432432432432
crnn,double-bass,audience,10,1,1,0.886956521739,0.113043478261
crnn,flute,audience,10,1,0.991452991453,0.589743589744,0.401709401709
crnn,french-horn,audience,10,1,0.951807228916,0.21686746988,0.734939759036
crnn,oboe,audience,10,1,0.987341772152,0.189873417722,0.79746835443
crnn,trombone,audience,10,1,0.991228070175,0.780701754386,0.210526315789
crnn,trumpet,audience,10,1,1,0.384615384615,0.615384615385
crnn,tuba,audience,10,1,1,0.201612903226,0.798387096774
crnn,viola,audience,10,1,0.990566037736,0.518867924528,0.471698113208
crnn,violin,audience,10,1,0.922480620155,0.635658914729,0.286821705426
crnn,bassoon,audience,0,1,0.876288659794,0.257731958763,0.618556701031
crnn,cello,audience,0,1,0.991304347826,0.226086956522,0.765217391304
crnn,clarinet,audience,0,1,1,0.306306306306,0.693693693694
crnn,double-bass,audience,0,1,1,0.521739130435,0.478260869565
crnn,flute,audience,0,1,0.991452991453,0.42735042735,0.564102564103
crnn,french-horn,audience,0,1,0.951807228916,0.21686746988,0.734939759036
crnn,oboe,audience,0,1,0.987341772152,0.113924050633,0.873417721519
crnn,trombone,audience,0,1,0.991228070175,0.552631578947,0.438596491228
crnn,trumpet,audience,0,1,1,0.292307692308,0.707692307692
crnn,tuba,audience,0,1,1,0.129032258065,0.870967741935
crnn,viola,audience,0,1,0.990566037736,0.311320754717,0.679245283019
crnn,violin,audience,0,1,0.922480620155,0.798449612403,0.124031007752
crnn,bassoon,audience,-5,1,0.876288659794,0.226804123711,0.649484536082
crnn,cello,audience,-5,1,0.991304347826,0.165217391304,0.826086956522
crnn,clarinet,audience,-5,1,1,0.243243243243,0.756756756757
crnn,double-bass,audience,-5,1,1,0.365217391304,0.634782608696
crnn,flute,audience,-5,1,0.991452991453,0.393162393162,0.598290598291
crnn,french-horn,audience,-5,1,0.951807228916,0.180722891566,0.771084337349
crnn,oboe,audience,-5,1,0.987341772152,0.0886075949367,0.898734177215
crnn,trombone,audience,-5,1,0.991228070175,0.456140350877,0.535087719298
crnn,trumpet,audience,-5,1,1,0.292307692308,0.707692307692
crnn,tuba,audience,-5,1,1,0.104838709677,0.895161290323
crnn,viola,audience,-5,1,0.990566037736,0.207547169811,0.783018867925
crnn,violin,audience,-5,1,0.922480620155,0.860465116279,0.062015503876
crnn,bassoon,audience,-10,1,0.876288659794,0.164948453608,0.711340206186
crnn,cello,audience,-10,1,0.991304347826,0.113043478261,0.878260869565
crnn,clarinet,audience,-10,1,1,0.171171171171,0.828828828829
crnn,double-bass,audience,-10,1,1,0.234782608696,0.765217391304
crnn,flute,audience,-10,1,0.991452991453,0.316239316239,0.675213675214
crnn,french-horn,audience,-10,1,0.951807228916,0.132530120482,0.819277108434
crnn,oboe,audience,-10,1,0.987341772152,0.0886075949367,0.898734177215
crnn,trombone,audience,-10,1,0.991228070175,0.40350877193,0.587719298246
crnn,trumpet,audience,-10,1,1,0.184615384615,0.815384615385
crnn,tuba,audience,-10,1,1,0.0887096774194,0.911290322581
crnn,viola,audience,-10,1,0.990566037736,0.122641509434,0.867924528302
crnn,violin,audience,-10,1,0.922480620155,0.868217054264,0.0542635658915
crnn,bassoon,studio,50,0,0.876288659794,0.876288659794,0
crnn,cello,studio,50,0,0.991304347826,0.991304347826,0
crnn,clarinet,studio,50,0,1,1,0
crnn,double-bass,studio,50,0,1,1,0
crnn,flute,studio,50,0,0.991452991453,0.974358974359,0.017094017094
crnn,french-horn,studio,50,0,0.951807228916,0.927710843373,0.0240963855422
crnn,oboe,studio,50,0,0.987341772152,0.987341772152,0
crnn,trombone,studio,50,0,0.991228070175,0.991228070175,0
crnn,trumpet,studio,50,0,1,0.984615384615,0.0153846153846
crnn,tuba,studio,50,0,1,0.983870967742,0.0161290322581
crnn,viola,studio,50,0,0.990566037736,0.990566037736,0
crnn,violin,studio,50,0,0.922480620155,0.914728682171,0.0077519379845
crnn,bassoon,studio,40,0,0.876288659794,0.80412371134,0.0721649484536
crnn,cello,studio,40,0,0.991304347826,0.991304347826,0
crnn,clarinet,studio,40,0,1,1,0
crnn,double-bass,studio,40,0,1,1,0
crnn,flute,studio,40,0,0.991452991453,0.905982905983,0.0854700854701
crnn,french-horn,studio,40,0,0.951807228916,0.771084337349,0.180722891566
crnn,oboe,studio,40,0,0.987341772152,0.962025316456,0.0253164556962
crnn,trombone,studio,40,0,0.991228070175,0.973684210526,0.0175438596491
crnn,trumpet,studio,40,0,1,0.846153846154,0.153846153846
crnn,tuba,studio,40,0,1,0.790322580645,0.209677419355
crnn,viola,studio,40,0,0.990566037736,0.990566037736,0
crnn,violin,studio,40,0,0.922480620155,0.906976744186,0.015503875969
crnn,bassoon,studio,30,0,0.876288659794,0.567010309278,0.309278350515
crnn,cello,studio,30,0,0.991304347826,0.826086956522,0.165217391304
crnn,clarinet,studio,30,0,1,0.972972972973,0.027027027027
crnn,double-bass,studio,30,0,1,0.991304347826,0.00869565217391
crnn,flute,studio,30,0,0.991452991453,0.564102564103,0.42735042735
crnn,french-horn,studio,30,0,0.951807228916,0.614457831325,0.33734939759
crnn,oboe,studio,30,0,0.987341772152,0.569620253165,0.417721518987
crnn,trombone,studio,30,0,0.991228070175,0.912280701754,0.0789473684211
crnn,trumpet,studio,30,0,1,0.584615384615,0.415384615385
crnn,tuba,studio,30,0,1,0.346774193548,0.653225806452
crnn,viola,studio,30,0,0.990566037736,0.952830188679,0.0377358490566
crnn,violin,studio,30,0,0.922480620155,0.744186046512,0.178294573643
crnn,bassoon,studio,20,0,0.876288659794,0.432989690722,0.443298969072
crnn,cello,studio,20,0,0.991304347826,0.504347826087,0.486956521739
crnn,clarinet,studio,20,0,1,0.630630630631,0.369369369369
crnn,double-bass,studio,20,0,1,0.982608695652,0.0173913043478
crnn,flute,studio,20,0,0.991452991453,0.358974358974,0.632478632479
crnn,french-horn,studio,20,0,0.951807228916,0.397590361446,0.55421686747
crnn,oboe,studio,20,0,0.987341772152,0.189873417722,0.79746835443
crnn,trombone,studio,20,0,0.991228070175,0.59649122807,0.394736842105
crnn,trumpet,studio,20,0,1,0.4,0.6
crnn,tuba,studio,20,0,1,0.177419354839,0.822580645161
crnn,viola,studio,20,0,0.990566037736,0.688679245283,0.301886792453
crnn,violin,studio,20,0,0.922480620155,0.550387596899,0.372093023256
crnn,bassoon,studio,10,0,0.876288659794,0.319587628866,0.556701030928
crnn,cello,studio,10,0,0.991304347826,0.234782608696,0.75652173913
crnn,clarinet,studio,10,0,1,0.0540540540541,0.945945945946
crnn,double-bass,studio,10,0,1,0.84347826087,0.15652173913
crnn,flute,studio,10,0,0.991452991453,0.418803418803,0.57264957265
crnn,french-horn,studio,10,0,0.951807228916,0.168674698795,0.78313253012
crnn,oboe,studio,10,0,0.987341772152,0.0379746835443,0.949367088608
crnn,trombone,studio,10,0,0.991228070175,0.201754385965,0.789473684211
crnn,trumpet,studio,10,0,1,0.169230769231,0.830769230769
crnn,tuba,studio,10,0,1,0.0483870967742,0.951612903226
crnn,viola,studio,10,0,0.990566037736,0.27358490566,0.716981132075
crnn,violin,studio,10,0,0.922480620155,0.457364341085,0.46511627907
crnn,bassoon,studio,0,0,0.876288659794,0.0515463917526,0.824742268041
crnn,cello,studio,0,0,0.991304347826,0.0782608695652,0.913043478261
crnn,clarinet,studio,0,0,1,0.018018018018,0.981981981982
crnn,double-bass,studio,0,0,1,0.330434782609,0.669565217391
crnn,flute,studio,0,0,0.991452991453,0.649572649573,0.34188034188
crnn,french-horn,studio,0,0,0.951807228916,0.0602409638554,0.89156626506
crnn,oboe,studio,0,0,0.987341772152,0.0253164556962,0.962025316456
crnn,trombone,studio,0,0,0.991228070175,0.0438596491228,0.947368421053
crnn,trumpet,studio,0,0,1,0.0615384615385,0.938461538462
crnn,tuba,studio,0,0,1,0,1
crnn,viola,studio,0,0,0.990566037736,0.103773584906,0.88679245283
crnn,violin,studio,0,0,0.922480620155,0.542635658915,0.37984496124
crnn,bassoon,studio,-5,0,0.876288659794,0.020618556701,0.855670103093
crnn,cello,studio,-5,0,0.991304347826,0.0260869565217,0.965217391304
crnn,clarinet,studio,-5,0,1,0,1
crnn,double-bass,studio,-5,0,1,0.121739130435,0.878260869565
crnn,flute,studio,-5,0,0.991452991453,0.675213675214,0.316239316239
crnn,french-horn,studio,-5,0,0.951807228916,0.0481927710843,0.903614457831
crnn,oboe,studio,-5,0,0.987341772152,0.0126582278481,0.974683544304
crnn,trombone,studio,-5,0,0.991228070175,0.0263157894737,0.964912280702
crnn,trumpet,studio,-5,0,1,0.0307692307692,0.969230769231
crnn,tuba,studio,-5,0,1,0,1
crnn,viola,studio,-5,0,0.990566037736,0.0849056603774,0.905660377358
crnn,violin,studio,-5,0,0.922480620155,0.596899224806,0.325581395349
crnn,bassoon,studio,-10,0,0.876288659794,0,0.876288659794
crnn,cello,studio,-10,0,0.991304347826,0.00869565217391,0.982608695652
crnn,clarinet,studio,-10,0,1,0,1
crnn,double-bass,studio,-10,0,1,0.0521739130435,0.947826086957
crnn,flute,studio,-10,0,0.991452991453,0.495726495726,0.495726495726
crnn,french-horn,studio,-10,0,0.951807228916,0.0361445783133,0.915662650602
crnn,oboe,studio,-10,0,0.987341772152,0,0.987341772152
crnn,trombone,studio,-10,0,0.991228070175,0,0.991228070175
crnn,trumpet,studio,-10,0,1,0.0153846153846,0.984615384615
crnn,tuba,studio,-10,0,1,0,1
crnn,viola,studio,-10,0,0.990566037736,0.0754716981132,0.915094339623
crnn,violin,studio,-10,0,0.922480620155,0.658914728682,0.263565891473
crnn,bassoon,studio,50,1,0.876288659794,0.876288659794,0
crnn,cello,studio,50,1,0.991304347826,0.991304347826,0
crnn,clarinet,studio,50,1,1,1,0
crnn,double-bass,studio,50,1,1,1,0
crnn,flute,studio,50,1,0.991452991453,0.965811965812,0.025641025641
crnn,french-horn,studio,50,1,0.951807228916,0.927710843373,0.0240963855422
crnn,oboe,studio,50,1,0.987341772152,0.987341772152,0
crnn,trombone,studio,50,1,0.991228070175,0.973684210526,0.0175438596491
crnn,trumpet,studio,50,1,1,0.984615384615,0.0153846153846
crnn,tuba,studio,50,1,1,0.991935483871,0.00806451612903
crnn,viola,studio,50,1,0.990566037736,0.990566037736,0
crnn,violin,studio,50,1,0.922480620155,0.914728682171,0.0077519379845
crnn,bassoon,studio,40,1,0.876288659794,0.814432989691,0.0618556701031
crnn,cello,studio,40,1,0.991304347826,0.991304347826,0
crnn,clarinet,studio,40,1,1,1,0
crnn,double-bass,studio,40,1,1,1,0
crnn,flute,studio,40,1,0.991452991453,0.888888888889,0.102564102564
crnn,french-horn,studio,40,1,0.951807228916,0.771084337349,0.180722891566
crnn,oboe,studio,40,1,0.987341772152,0.924050632911,0.0632911392405
crnn,trombone,studio,40,1,0.991228070175,0.973684210526,0.0175438596491
crnn,trumpet,studio,40,1,1,0.784615384615,0.215384615385
crnn,tuba,studio,40,1,1,0.862903225806,0.137096774194
crnn,viola,studio,40,1,0.990566037736,0.990566037736,0
crnn,violin,studio,40,1,0.922480620155,0.883720930233,0.0387596899225
crnn,bassoon,studio,30,1,0.876288659794,0.463917525773,0.412371134021
crnn,cello,studio,30,1,0.991304347826,0.860869565217,0.130434782609
crnn,clarinet,studio,30,1,1,0.981981981982,0.018018018018
crnn,double-bass,studio,30,1,1,0.991304347826,0.00869565217391
crnn,flute,studio,30,1,0.991452991453,0.555555555556,0.435897435897
crnn,french-horn,studio,30,1,0.951807228916,0.638554216867,0.313253012048
crnn,oboe,studio,30,1,0.987341772152,0.569620253165,0.417721518987
crnn,trombone,studio,30,1,0.991228070175,0.90350877193,0.0877192982456
crnn,trumpet,studio,30,1,1,0.523076923077,0.476923076923
crnn,tuba,studio,30,1,1,0.346774193548,0.653225806452
crnn,viola,studio,30,1,0.990566037736,0.952830188679,0.0377358490566
crnn,violin,studio,30,1,0.922480620155,0.728682170543,0.193798449612
crnn,bassoon,studio,20,1,0.876288659794,0.39175257732,0.484536082474
crnn,cello,studio,20,1,0.991304347826,0.530434782609,0.460869565217
crnn,clarinet,studio,20,1,1,0.558558558559,0.441441441441
crnn,double-bass,studio,20,1,1,0.991304347826,0.00869565217391
crnn,flute,studio,20,1,0.991452991453,0.34188034188,0.649572649573
crnn,french-horn,studio,20,1,0.951807228916,0.44578313253,0.506024096386
crnn,oboe,studio,20,1,0.987341772152,0.240506329114,0.746835443038
crnn,trombone,studio,20,1,0.991228070175,0.561403508772,0.429824561404
crnn,trumpet,studio,20,1,1,0.307692307692,0.692307692308
crnn,tuba,studio,20,1,1,0.145161290323,0.854838709677
crnn,viola,studio,20,1,0.990566037736,0.707547169811,0.283018867925
crnn,violin,studio,20,1,0.922480620155,0.503875968992,0.418604651163
crnn,bassoon,studio,10,1,0.876288659794,0.309278350515,0.567010309278
crnn,cello,studio,10,1,0.991304347826,0.252173913043,0.739130434783
crnn,clarinet,studio,10,1,1,0.0630630630631,0.936936936937
crnn,double-bass,studio,10,1,1,0.826086956522,0.173913043478
crnn,flute,studio,10,1,0.991452991453,0.401709401709,0.589743589744
crnn,french-horn,studio,10,1,0.951807228916,0.289156626506,0.66265060241
crnn,oboe,studio,10,1,0.987341772152,0.0632911392405,0.924050632911
crnn,trombone,studio,10,1,0.991228070175,0.19298245614,0.798245614035
crnn,trumpet,studio,10,1,1,0.153846153846,0.846153846154
crnn,tuba,studio,10,1,1,0.0645161290323,0.935483870968
crnn,viola,studio,10,1,0.990566037736,0.254716981132,0.735849056604
crnn,violin,studio,10,1,0.922480620155,0.395348837209,0.527131782946
crnn,bassoon,studio,0,1,0.876288659794,0.0309278350515,0.845360824742
crnn,cello,studio,0,1,0.991304347826,0.0608695652174,0.930434782609
crnn,clarinet,studio,0,1,1,0.00900900900901,0.990990990991
crnn,double-bass,studio,0,1,1,0.269565217391,0.730434782609
crnn,flute,studio,0,1,0.991452991453,0.692307692308,0.299145299145
crnn,french-horn,studio,0,1,0.951807228916,0.144578313253,0.807228915663
crnn,oboe,studio,0,1,0.987341772152,0,0.987341772152
crnn,trombone,studio,0,1,0.991228070175,0.0175438596491,0.973684210526
crnn,trumpet,studio,0,1,1,0.0307692307692,0.969230769231
crnn,tuba,studio,0,1,1,0,1
crnn,viola,studio,0,1,0.990566037736,0.141509433962,0.849056603774
crnn,violin,studio,0,1,0.922480620155,0.511627906977,0.410852713178
crnn,bassoon,studio,-5,1,0.876288659794,0,0.876288659794
crnn,cello,studio,-5,1,0.991304347826,0.0434782608696,0.947826086957
crnn,clarinet,studio,-5,1,1,0,1
crnn,double-bass,studio,-5,1,1,0.0695652173913,0.930434782609
crnn,flute,studio,-5,1,0.991452991453,0.555555555556,0.435897435897
crnn,french-horn,studio,-5,1,0.951807228916,0.120481927711,0.831325301205
crnn,oboe,studio,-5,1,0.987341772152,0,0.987341772152
crnn,trombone,studio,-5,1,0.991228070175,0.00877192982456,0.982456140351
crnn,trumpet,studio,-5,1,1,0,1
crnn,tuba,studio,-5,1,1,0,1
crnn,viola,studio,-5,1,0.990566037736,0.103773584906,0.88679245283
crnn,violin,studio,-5,1,0.922480620155,0.542635658915,0.37984496124
crnn,bassoon,studio,-10,1,0.876288659794,0,0.876288659794
crnn,cello,studio,-10,1,0.991304347826,0.0173913043478,0.973913043478
crnn,clarinet,studio,-10,1,1,0,1
crnn,double-bass,studio,-10,1,1,0.0521739130435,0.947826086957
crnn,flute,studio,-10,1,0.991452991453,0.470085470085,0.521367521368
crnn,french-horn,studio,-10,1,0.951807228916,0.0722891566265,0.879518072289
crnn,oboe,studio,-10,1,0.987341772152,0,0.987341772152
crnn,trombone,studio,-10,1,0.991228070175,0,0.991228070175
crnn,trumpet,studio,-10,1,1,0,1
crnn,tuba,studio,-10,1,1,0,1
crnn,viola,studio,-10,1,0.990566037736,0.0754716981132,0.915094339623
crnn,violin,studio,-10,1,0.922480620155,0.697674418605,0.22480620155
mert,bassoon,white,50,0,0.855670103093,0.731958762887,0.123711340206
mert,cello,white,50,0,0.75652173913,0.739130434783,0.0173913043478
mert,clarinet,white,50,0,0.963963963964,0.936936936937,0.027027027027
mert,double-bass,white,50,0,0.965217391304,0.95652173913,0.00869565217391
mert,flute,white,50,0,0.803418803419,0.846153846154,-0.042735042735
mert,french-horn,white,50,0,0.879518072289,0.855421686747,0.0240963855422
mert,oboe,white,50,0,0.873417721519,0.696202531646,0.177215189873
mert,trombone,white,50,0,0.964912280702,0.991228070175,-0.0263157894737
mert,trumpet,white,50,0,0.892307692308,0.907692307692,-0.0153846153846
mert,tuba,white,50,0,1,0.733870967742,0.266129032258
mert,viola,white,50,0,0.962264150943,0.962264150943,0
mert,violin,white,50,0,0.821705426357,0.860465116279,-0.0387596899225
mert,bassoon,white,40,0,0.855670103093,0.711340206186,0.144329896907
mert,cello,white,40,0,0.75652173913,0.669565217391,0.0869565217391
mert,clarinet,white,40,0,0.963963963964,0.792792792793,0.171171171171
mert,double-bass,white,40,0,0.965217391304,0.947826086957,0.0173913043478
mert,flute,white,40,0,0.803418803419,0.871794871795,-0.0683760683761
mert,french-horn,white,40,0,0.879518072289,0.78313253012,0.0963855421687
mert,oboe,white,40,0,0.873417721519,0.20253164557,0.670886075949
mert,trombone,white,40,0,0.964912280702,0.991228070175,-0.0263157894737
mert,trumpet,white,40,0,0.892307692308,0.769230769231,0.123076923077
mert,tuba,white,40,0,1,0.314516129032,0.685483870968
mert,viola,white,40,0,0.962264150943,0.915094339623,0.0471698113208
mert,violin,white,40,0,0.821705426357,0.84496124031,-0.0232558139535
mert,bassoon,white,30,0,0.855670103093,0.659793814433,0.19587628866
mert,cello,white,30,0,0.75652173913,0.495652173913,0.260869565217
mert,clarinet,white,30,0,0.963963963964,0.684684684685,0.279279279279
mert,double-bass,white,30,0,0.965217391304,0.965217391304,0
mert,flute,white,30,0,0.803418803419,0.880341880342,-0.0769230769231
mert,french-horn,white,30,0,0.879518072289,0.698795180723,0.180722891566
mert,oboe,white,30,0,0.873417721519,0.0126582278481,0.860759493671
mert,trombone,white,30,0,0.964912280702,0.947368421053,0.0175438596491
mert,trumpet,white,30,0,0.892307692308,0.492307692308,0.4
mert,tuba,white,30,0,1,0.0483870967742,0.951612903226
mert,viola,white,30,0,0.962264150943,0.849056603774,0.11320754717
mert,violin,white,30,0,0.821705426357,0.84496124031,-0.0232558139535
mert,bassoon,white,20,0,0.855670103093,0.536082474227,0.319587628866
mert,cello,white,20,0,0.75652173913,0.147826086957,0.608695652174
mert,clarinet,white,20,0,0.963963963964,0.387387387387,0.576576576577
mert,double-bass,white,20,0,0.965217391304,0.982608695652,-0.0173913043478
mert,flute,white,20,0,0.803418803419,0.777777777778,0.025641025641
mert,french-horn,white,20,0,0.879518072289,0.542168674699,0.33734939759
mert,oboe,white,20,0,0.873417721519,0,0.873417721519
mert,trombone,white,20,0,0.964912280702,0.80701754386,0.157894736842
mert,trumpet,white,20,0,0.892307692308,0.292307692308,0.6
mert,tuba,white,20,0,1,0,1
mert,viola,white,20,0,0.962264150943,0.660377358491,0.301886792453
mert,violin,white,20,0,0.821705426357,0.84496124031,-0.0232558139535
mert,bassoon,white,10,0,0.855670103093,0.298969072165,0.556701030928
mert,cello,white,10,0,0.75652173913,0.00869565217391,0.747826086957
mert,clarinet,white,10,0,0.963963963964,0.0540540540541,0.90990990991
mert,double-bass,white,10,0,0.965217391304,0.982608695652,-0.0173913043478
mert,flute,white,10,0,0.803418803419,0.529914529915,0.273504273504
mert,french-horn,white,10,0,0.879518072289,0.228915662651,0.650602409639
mert,oboe,white,10,0,0.873417721519,0,0.873417721519
mert,trombone,white,10,0,0.964912280702,0.684210526316,0.280701754386
mert,trumpet,white,10,0,0.892307692308,0.107692307692,0.784615384615
mert,tuba,white,10,0,1,0,1
mert,viola,white,10,0,0.962264150943,0.0566037735849,0.905660377358
mert,violin,white,10,0,0.821705426357,0.829457364341,-0.0077519379845
mert,bassoon,white,0,0,0.855670103093,0,0.855670103093
mert,cello,white,0,0,0.75652173913,0,0.75652173913
mert,clarinet,white,0,0,0.963963963964,0,0.963963963964
mert,double-bass,white,0,0,0.965217391304,1,-0.0347826086957
mert,flute,white,0,0,0.803418803419,0,0.803418803419
mert,french-horn,white,0,0,0.879518072289,0,0.879518072289
mert,oboe,white,0,0,0.873417721519,0,0.873417721519
mert,trombone,white,0,0,0.964912280702,0.359649122807,0.605263157895
mert,trumpet,white,0,0,0.892307692308,0,0.892307692308
mert,tuba,white,0,0,1,0,1
mert,viola,white,0,0,0.962264150943,0,0.962264150943
mert,violin,white,0,0,0.821705426357,0.945736434109,-0.124031007752
mert,bassoon,white,-5,0,0.855670103093,0,0.855670103093
mert,cello,white,-5,0,0.75652173913,0,0.75652173913
mert,clarinet,white,-5,0,0.963963963964,0,0.963963963964
mert,double-bass,white,-5,0,0.965217391304,0.95652173913,0.00869565217391
mert,flute,white,-5,0,0.803418803419,0,0.803418803419
mert,french-horn,white,-5,0,0.879518072289,0,0.879518072289
mert,oboe,white,-5,0,0.873417721519,0,0.873417721519
mert,trombone,white,-5,0,0.964912280702,0.0701754385965,0.894736842105
mert,trumpet,white,-5,0,0.892307692308,0,0.892307692308
mert,tuba,white,-5,0,1,0,1
mert,viola,white,-5,0,0.962264150943,0,0.962264150943
mert,violin,white,-5,0,0.821705426357,0.953488372093,-0.131782945736
mert,bassoon,white,-10,0,0.855670103093,0,0.855670103093
mert,cello,white,-10,0,0.75652173913,0,0.75652173913
mert,clarinet,white,-10,0,0.963963963964,0,0.963963963964
mert,double-bass,white,-10,0,0.965217391304,0.617391304348,0.347826086957
mert,flute,white,-10,0,0.803418803419,0,0.803418803419
mert,french-horn,white,-10,0,0.879518072289,0,0.879518072289
mert,oboe,white,-10,0,0.873417721519,0,0.873417721519
mert,trombone,white,-10,0,0.964912280702,0,0.964912280702
mert,trumpet,white,-10,0,0.892307692308,0,0.892307692308
mert,tuba,white,-10,0,1,0,1
mert,viola,white,-10,0,0.962264150943,0,0.962264150943
mert,violin,white,-10,0,0.821705426357,0.968992248062,-0.147286821705
mert,bassoon,white,50,1,0.855670103093,0.731958762887,0.123711340206
mert,cello,white,50,1,0.75652173913,0.739130434783,0.0173913043478
mert,clarinet,white,50,1,0.963963963964,0.936936936937,0.027027027027
mert,double-bass,white,50,1,0.965217391304,0.95652173913,0.00869565217391
mert,flute,white,50,1,0.803418803419,0.846153846154,-0.042735042735
mert,french-horn,white,50,1,0.879518072289,0.855421686747,0.0240963855422
mert,oboe,white,50,1,0.873417721519,0.683544303797,0.189873417722
mert,trombone,white,50,1,0.964912280702,0.991228070175,-0.0263157894737
mert,trumpet,white,50,1,0.892307692308,0.907692307692,-0.0153846153846
mert,tuba,white,50,1,1,0.75,0.25
mert,viola,white,50,1,0.962264150943,0.962264150943,0
mert,violin,white,50,1,0.821705426357,0.875968992248,-0.0542635658915
mert,bassoon,white,40,1,0.855670103093,0.701030927835,0.154639175258
mert,cello,white,40,1,0.75652173913,0.669565217391,0.0869565217391
mert,clarinet,white,40,1,0.963963963964,0.783783783784,0.18018018018
mert,double-bass,white,40,1,0.965217391304,0.939130434783,0.0260869565217
mert,flute,white,40,1,0.803418803419,0.871794871795,-0.0683760683761
mert,french-horn,white,40,1,0.879518072289,0.78313253012,0.0963855421687
mert,oboe,white,40,1,0.873417721519,0.227848101266,0.645569620253
mert,trombone,white,40,1,0.964912280702,0.991228070175,-0.0263157894737
mert,trumpet,white,40,1,0.892307692308,0.753846153846,0.138461538462
mert,tuba,white,40,1,1,0.306451612903,0.693548387097
mert,viola,white,40,1,0.962264150943,0.915094339623,0.0471698113208
mert,violin,white,40,1,0.821705426357,0.84496124031,-0.0232558139535
mert,bassoon,white,30,1,0.855670103093,0.659793814433,0.19587628866
mert,cello,white,30,1,0.75652173913,0.486956521739,0.269565217391
mert,clarinet,white,30,1,0.963963963964,0.675675675676,0.288288288288
mert,double-bass,white,30,1,0.965217391304,0.95652173913,0.00869565217391
mert,flute,white,30,1,0.803418803419,0.905982905983,-0.102564102564
mert,french-horn,white,30,1,0.879518072289,0.698795180723,0.180722891566
mert,oboe,white,30,1,0.873417721519,0.0126582278481,0.860759493671
mert,trombone,white,30,1,0.964912280702,0.964912280702,0
mert,trumpet,white,30,1,0.892307692308,0.476923076923,0.415384615385
mert,tuba,white,30,1,1,0.0645161290323,0.935483870968
mert,viola,white,30,1,0.962264150943,0.858490566038,0.103773584906
mert,violin,white,30,1,0.821705426357,0.84496124031,-0.0232558139535
mert,bassoon,white,20,1,0.855670103093,0.515463917526,0.340206185567
mert,cello,white,20,1,0.75652173913,0.15652173913,0.6
mert,clarinet,white,20,1,0.963963963964,0.396396396396,0.567567567568
mert,double-bass,white,20,1,0.965217391304,0.982608695652,-0.0173913043478
mert,flute,white,20,1,0.803418803419,0.769230769231,0.034188034188
mert,french-horn,white,20,1,0.879518072289,0.55421686747,0.325301204819
mert,oboe,white,20,1,0.873417721519,0,0.873417721519
mert,trombone,white,20,1,0.964912280702,0.815789473684,0.149122807018
mert,trumpet,white,20,1,0.892307692308,0.292307692308,0.6
mert,tuba,white,20,1,1,0,1
mert,viola,white,20,1,0.962264150943,0.650943396226,0.311320754717
mert,violin,white,20,1,0.821705426357,0.821705426357,0
mert,bassoon,white,10,1,0.855670103093,0.288659793814,0.567010309278
mert,cello,white,10,1,0.75652173913,0.00869565217391,0.747826086957
mert,clarinet,white,10,1,0.963963963964,0.0720720720721,0.891891891892
mert,double-bass,white,10,1,0.965217391304,0.991304347826,-0.0260869565217
mert,flute,white,10,1,0.803418803419,0.529914529915,0.273504273504
mert,french-horn,white,10,1,0.879518072289,0.228915662651,0.650602409639
mert,oboe,white,10,1,0.873417721519,0,0.873417721519
mert,trombone,white,10,1,0.964912280702,0.69298245614,0.271929824561
mert,trumpet,white,10,1,0.892307692308,0.107692307692,0.784615384615
mert,tuba,white,10,1,1,0,1
mert,viola,white,10,1,0.962264150943,0.0849056603774,0.877358490566
mert,violin,white,10,1,0.821705426357,0.837209302326,-0.015503875969
mert,bassoon,white,0,1,0.855670103093,0,0.855670103093
mert,cello,white,0,1,0.75652173913,0,0.75652173913
mert,clarinet,white,0,1,0.963963963964,0,0.963963963964
mert,double-bass,white,0,1,0.965217391304,0.991304347826,-0.0260869565217
mert,flute,white,0,1,0.803418803419,0,0.803418803419
mert,french-horn,white,0,1,0.879518072289,0,0.879518072289
mert,oboe,white,0,1,0.873417721519,0,0.873417721519
mert,trombone,white,0,1,0.964912280702,0.368421052632,0.59649122807
mert,trumpet,white,0,1,0.892307692308,0,0.892307692308
mert,tuba,white,0,1,1,0,1
mert,viola,white,0,1,0.962264150943,0,0.962264150943
mert,violin,white,0,1,0.821705426357,0.945736434109,-0.124031007752
mert,bassoon,white,-5,1,0.855670103093,0,0.855670103093
mert,cello,white,-5,1,0.75652173913,0,0.75652173913
mert,clarinet,white,-5,1,0.963963963964,0,0.963963963964
mert,double-bass,white,-5,1,0.965217391304,0.947826086957,0.0173913043478
mert,flute,white,-5,1,0.803418803419,0,0.803418803419
mert,french-horn,white,-5,1,0.879518072289,0,0.879518072289
mert,oboe,white,-5,1,0.873417721519,0,0.873417721519
mert,trombone,white,-5,1,0.964912280702,0.0964912280702,0.868421052632
mert,trumpet,white,-5,1,0.892307692308,0,0.892307692308
mert,tuba,white,-5,1,1,0,1
mert,viola,white,-5,1,0.962264150943,0,0.962264150943
mert,violin,white,-5,1,0.821705426357,0.968992248062,-0.147286821705
mert,bassoon,white,-10,1,0.855670103093,0,0.855670103093
mert,cello,white,-10,1,0.75652173913,0,0.75652173913
mert,clarinet,white,-10,1,0.963963963964,0,0.963963963964
mert,double-bass,white,-10,1,0.965217391304,0.608695652174,0.35652173913
mert,flute,white,-10,1,0.803418803419,0,0.803418803419
mert,french-horn,white,-10,1,0.879518072289,0,0.879518072289
mert,oboe,white,-10,1,0.873417721519,0,0.873417721519
mert,trombone,white,-10,1,0.964912280702,0,0.964912280702
mert,trumpet,white,-10,1,0.892307692308,0,0.892307692308
mert,tuba,white,-10,1,1,0,1
mert,viola,white,-10,1,0.962264150943,0,0.962264150943
mert,violin,white,-10,1,0.821705426357,0.976744186047,-0.15503875969
mert,bassoon,audience,50,0,0.855670103093,0.80412371134,0.0515463917526
mert,cello,audience,50,0,0.75652173913,0.75652173913,0
mert,clarinet,audience,50,0,0.963963963964,0.963963963964,0
mert,double-bass,audience,50,0,0.965217391304,0.965217391304,0
mert,flute,audience,50,0,0.803418803419,0.811965811966,-0.00854700854701
mert,french-horn,audience,50,0,0.879518072289,0.879518072289,0
mert,oboe,audience,50,0,0.873417721519,0.873417721519,0
mert,trombone,audience,50,0,0.964912280702,0.964912280702,0
mert,trumpet,audience,50,0,0.892307692308,0.907692307692,-0.0153846153846
mert,tuba,audience,50,0,1,0.991935483871,0.00806451612903
mert,viola,audience,50,0,0.962264150943,0.962264150943,0
mert,violin,audience,50,0,0.821705426357,0.829457364341,-0.0077519379845
mert,bassoon,audience,40,0,0.855670103093,0.783505154639,0.0721649484536
mert,cello,audience,40,0,0.75652173913,0.739130434783,0.0173913043478
mert,clarinet,audience,40,0,0.963963963964,0.954954954955,0.00900900900901
mert,double-bass,audience,40,0,0.965217391304,0.965217391304,0
mert,flute,audience,40,0,0.803418803419,0.820512820513,-0.017094017094
mert,french-horn,audience,40,0,0.879518072289,0.843373493976,0.0361445783133
mert,oboe,audience,40,0,0.873417721519,0.810126582278,0.0632911392405
mert,trombone,audience,40,0,0.964912280702,0.982456140351,-0.0175438596491
mert,trumpet,audience,40,0,0.892307692308,0.892307692308,0
mert,tuba,audience,40,0,1,0.911290322581,0.0887096774194
mert,viola,audience,40,0,0.962264150943,0.962264150943,0
mert,violin,audience,40,0,0.821705426357,0.829457364341,-0.0077519379845
mert,bassoon,audience,30,0,0.855670103093,0.752577319588,0.103092783505
mert,cello,audience,30,0,0.75652173913,0.695652173913,0.0608695652174
mert,clarinet,audience,30,0,0.963963963964,0.900900900901,0.0630630630631
mert,double-bass,audience,30,0,0.965217391304,0.965217391304,0
mert,flute,audience,30,0,0.803418803419,0.820512820513,-0.017094017094
mert,french-horn,audience,30,0,0.879518072289,0.843373493976,0.0361445783133
mert,oboe,audience,30,0,0.873417721519,0.658227848101,0.215189873418
mert,trombone,audience,30,0,0.964912280702,0.973684210526,-0.00877192982456
mert,trumpet,audience,30,0,0.892307692308,0.861538461538,0.0307692307692
mert,tuba,audience,30,0,1,0.685483870968,0.314516129032
mert,viola,audience,30,0,0.962264150943,0.924528301887,0.0377358490566
mert,violin,audience,30,0,0.821705426357,0.837209302326,-0.015503875969
mert,bassoon,audience,20,0,0.855670103093,0.659793814433,0.19587628866
mert,cello,audience,20,0,0.75652173913,0.513043478261,0.24347826087
mert,clarinet,audience,20,0,0.963963963964,0.747747747748,0.216216216216
mert,double-bass,audience,20,0,0.965217391304,0.947826086957,0.0173913043478
mert,flute,audience,20,0,0.803418803419,0.735042735043,0.0683760683761
mert,french-horn,audience,20,0,0.879518072289,0.698795180723,0.180722891566
mert,oboe,audience,20,0,0.873417721519,0.455696202532,0.417721518987
mert,trombone,audience,20,0,0.964912280702,0.885964912281,0.0789473684211
mert,trumpet,audience,20,0,0.892307692308,0.646153846154,0.246153846154
mert,tuba,audience,20,0,1,0.411290322581,0.588709677419
mert,viola,audience,20,0,0.962264150943,0.858490566038,0.103773584906
mert,violin,audience,20,0,0.821705426357,0.837209302326,-0.015503875969
mert,bassoon,audience,10,0,0.855670103093,0.443298969072,0.412371134021
mert,cello,audience,10,0,0.75652173913,0.35652173913,0.4
mert,clarinet,audience,10,0,0.963963963964,0.396396396396,0.567567567568
mert,double-bass,audience,10,0,0.965217391304,0.878260869565,0.0869565217391
mert,flute,audience,10,0,0.803418803419,0.495726495726,0.307692307692
mert,french-horn,audience,10,0,0.879518072289,0.409638554217,0.469879518072
mert,oboe,audience,10,0,0.873417721519,0.303797468354,0.569620253165
mert,trombone,audience,10,0,0.964912280702,0.69298245614,0.271929824561
mert,trumpet,audience,10,0,0.892307692308,0.492307692308,0.4
mert,tuba,audience,10,0,1,0.225806451613,0.774193548387
mert,viola,audience,10,0,0.962264150943,0.811320754717,0.150943396226
mert,violin,audience,10,0,0.821705426357,0.821705426357,0
mert,bassoon,audience,0,0,0.855670103093,0.19587628866,0.659793814433
mert,cello,audience,0,0,0.75652173913,0.24347826087,0.513043478261
mert,clarinet,audience,0,0,0.963963963964,0.144144144144,0.81981981982
mert,double-bass,audience,0,0,0.965217391304,0.8,0.165217391304
mert,flute,audience,0,0,0.803418803419,0.153846153846,0.649572649573
mert,french-horn,audience,0,0,0.879518072289,0.144578313253,0.734939759036
mert,oboe,audience,0,0,0.873417721519,0.0886075949367,0.784810126582
mert,trombone,audience,0,0,0.964912280702,0.394736842105,0.570175438596
mert,trumpet,audience,0,0,0.892307692308,0.323076923077,0.569230769231
mert,tuba,audience,0,0,1,0.0967741935484,0.903225806452
mert,viola,audience,0,0,0.962264150943,0.5,0.462264150943
mert,violin,audience,0,0,0.821705426357,0.751937984496,0.0697674418605
mert,bassoon,audience,-5,0,0.855670103093,0.0927835051546,0.762886597938
mert,cello,audience,-5,0,0.75652173913,0.2,0.55652173913
mert,clarinet,audience,-5,0,0.963963963964,0.0810810810811,0.882882882883
mert,double-bass,audience,-5,0,0.965217391304,0.669565217391,0.295652173913
mert,flute,audience,-5,0,0.803418803419,0.102564102564,0.700854700855
mert,french-horn,audience,-5,0,0.879518072289,0.10843373494,0.771084337349
mert,oboe,audience,-5,0,0.873417721519,0.0632911392405,0.810126582278
mert,trombone,audience,-5,0,0.964912280702,0.245614035088,0.719298245614
mert,trumpet,audience,-5,0,0.892307692308,0.276923076923,0.615384615385
mert,tuba,audience,-5,0,1,0.0322580645161,0.967741935484
mert,viola,audience,-5,0,0.962264150943,0.27358490566,0.688679245283
mert,violin,audience,-5,0,0.821705426357,0.728682170543,0.093023255814
mert,bassoon,audience,-10,0,0.855670103093,0.0618556701031,0.79381443299
mert,cello,audience,-10,0,0.75652173913,0.139130434783,0.617391304348
mert,clarinet,audience,-10,0,0.963963963964,0.018018018018,0.945945945946
mert,double-bass,audience,-10,0,0.965217391304,0.55652173913,0.408695652174
mert,flute,audience,-10,0,0.803418803419,0.0512820512821,0.752136752137
mert,french-horn,audience,-10,0,0.879518072289,0.0843373493976,0.795180722892
mert,oboe,audience,-10,0,0.873417721519,0.0253164556962,0.848101265823
mert,trombone,audience,-10,0,0.964912280702,0.210526315789,0.754385964912
mert,trumpet,audience,-10,0,0.892307692308,0.261538461538,0.630769230769
mert,tuba,audience,-10,0,1,0,1
mert,viola,audience,-10,0,0.962264150943,0.103773584906,0.858490566038
mert,violin,audience,-10,0,0.821705426357,0.682170542636,0.139534883721
mert,bassoon,audience,50,1,0.855670103093,0.80412371134,0.0515463917526
mert,cello,audience,50,1,0.75652173913,0.765217391304,-0.00869565217391
mert,clarinet,audience,50,1,0.963963963964,0.963963963964,0
mert,double-bass,audience,50,1,0.965217391304,0.965217391304,0
mert,flute,audience,50,1,0.803418803419,0.803418803419,0
mert,french-horn,audience,50,1,0.879518072289,0.89156626506,-0.0120481927711
mert,oboe,audience,50,1,0.873417721519,0.848101265823,0.0253164556962
mert,trombone,audience,50,1,0.964912280702,0.973684210526,-0.00877192982456
mert,trumpet,audience,50,1,0.892307692308,0.892307692308,0
mert,tuba,audience,50,1,1,0.991935483871,0.00806451612903
mert,viola,audience,50,1,0.962264150943,0.962264150943,0
mert,violin,audience,50,1,0.821705426357,0.829457364341,-0.0077519379845
mert,bassoon,audience,40,1,0.855670103093,0.783505154639,0.0721649484536
mert,cello,audience,40,1,0.75652173913,0.75652173913,0
mert,clarinet,audience,40,1,0.963963963964,0.945945945946,0.018018018018
mert,double-bass,audience,40,1,0.965217391304,0.982608695652,-0.0173913043478
mert,flute,audience,40,1,0.803418803419,0.811965811966,-0.00854700854701
mert,french-horn,audience,40,1,0.879518072289,0.867469879518,0.0120481927711
mert,oboe,audience,40,1,0.873417721519,0.79746835443,0.0759493670886
mert,trombone,audience,40,1,0.964912280702,0.982456140351,-0.0175438596491
mert,trumpet,audience,40,1,0.892307692308,0.892307692308,0
mert,tuba,audience,40,1,1,0.935483870968,0.0645161290323
mert,viola,audience,40,1,0.962264150943,0.962264150943,0
mert,violin,audience,40,1,0.821705426357,0.829457364341,-0.0077519379845
mert,bassoon,audience,30,1,0.855670103093,0.742268041237,0.113402061856
mert,cello,audience,30,1,0.75652173913,0.739130434783,0.0173913043478
mert,clarinet,audience,30,1,0.963963963964,0.927927927928,0.036036036036
mert,double-bass,audience,30,1,0.965217391304,0.982608695652,-0.0173913043478
mert,flute,audience,30,1,0.803418803419,0.803418803419,0
mert,french-horn,audience,30,1,0.879518072289,0.795180722892,0.0843373493976
mert,oboe,audience,30,1,0.873417721519,0.670886075949,0.20253164557
mert,trombone,audience,30,1,0.964912280702,0.973684210526,-0.00877192982456
mert,trumpet,audience,30,1,0.892307692308,0.861538461538,0.0307692307692
mert,tuba,audience,30,1,1,0.725806451613,0.274193548387
mert,viola,audience,30,1,0.962264150943,0.943396226415,0.0188679245283
mert,violin,audience,30,1,0.821705426357,0.837209302326,-0.015503875969
mert,bassoon,audience,20,1,0.855670103093,0.670103092784,0.185567010309
mert,cello,audience,20,1,0.75652173913,0.539130434783,0.217391304348
mert,clarinet,audience,20,1,0.963963963964,0.720720720721,0.243243243243
mert,double-bass,audience,20,1,0.965217391304,0.982608695652,-0.0173913043478
mert,flute,audience,20,1,0.803418803419,0.726495726496,0.0769230769231
mert,french-horn,audience,20,1,0.879518072289,0.66265060241,0.21686746988
mert,oboe,audience,20,1,0.873417721519,0.53164556962,0.341772151899
mert,trombone,audience,20,1,0.964912280702,0.833333333333,0.131578947368
mert,trumpet,audience,20,1,0.892307692308,0.738461538462,0.153846153846
mert,tuba,audience,20,1,1,0.516129032258,0.483870967742
mert,viola,audience,20,1,0.962264150943,0.896226415094,0.0660377358491
mert,violin,audience,20,1,0.821705426357,0.829457364341,-0.0077519379845
mert,bassoon,audience,10,1,0.855670103093,0.494845360825,0.360824742268
mert,cello,audience,10,1,0.75652173913,0.313043478261,0.44347826087
mert,clarinet,audience,10,1,0.963963963964,0.396396396396,0.567567567568
mert,double-bass,audience,10,1,0.965217391304,0.973913043478,-0.00869565217391
mert,flute,audience,10,1,0.803418803419,0.478632478632,0.324786324786
mert,french-horn,audience,10,1,0.879518072289,0.44578313253,0.433734939759
mert,oboe,audience,10,1,0.873417721519,0.291139240506,0.582278481013
mert,trombone,audience,10,1,0.964912280702,0.684210526316,0.280701754386
mert,trumpet,audience,10,1,0.892307692308,0.569230769231,0.323076923077
mert,tuba,audience,10,1,1,0.314516129032,0.685483870968
mert,viola,audience,10,1,0.962264150943,0.745283018868,0.216981132075
mert,violin,audience,10,1,0.821705426357,0.813953488372,0.0077519379845
mert,bassoon,audience,0,1,0.855670103093,0.226804123711,0.628865979381
mert,cello,audience,0,1,0.75652173913,0.278260869565,0.478260869565
mert,clarinet,audience,0,1,0.963963963964,0.126126126126,0.837837837838
mert,double-bass,audience,0,1,0.965217391304,0.860869565217,0.104347826087
mert,flute,audience,0,1,0.803418803419,0.119658119658,0.683760683761
mert,french-horn,audience,0,1,0.879518072289,0.240963855422,0.638554216867
mert,oboe,audience,0,1,0.873417721519,0.0759493670886,0.79746835443
mert,trombone,audience,0,1,0.964912280702,0.429824561404,0.535087719298
mert,trumpet,audience,0,1,0.892307692308,0.338461538462,0.553846153846
mert,tuba,audience,0,1,1,0.0806451612903,0.91935483871
mert,viola,audience,0,1,0.962264150943,0.405660377358,0.556603773585
mert,violin,audience,0,1,0.821705426357,0.790697674419,0.031007751938
mert,bassoon,audience,-5,1,0.855670103093,0.134020618557,0.721649484536
mert,cello,audience,-5,1,0.75652173913,0.2,0.55652173913
mert,clarinet,audience,-5,1,0.963963963964,0.0630630630631,0.900900900901
mert,double-bass,audience,-5,1,0.965217391304,0.669565217391,0.295652173913
mert,flute,audience,-5,1,0.803418803419,0.0683760683761,0.735042735043
mert,french-horn,audience,-5,1,0.879518072289,0.10843373494,0.771084337349
mert,oboe,audience,-5,1,0.873417721519,0.0253164556962,0.848101265823
mert,trombone,audience,-5,1,0.964912280702,0.394736842105,0.570175438596
mert,trumpet,audience,-5,1,0.892307692308,0.307692307692,0.584615384615
mert,tuba,audience,-5,1,1,0.0645161290323,0.935483870968
mert,viola,audience,-5,1,0.962264150943,0.198113207547,0.764150943396
mert,violin,audience,-5,1,0.821705426357,0.705426356589,0.116279069767
mert,bassoon,audience,-10,1,0.855670103093,0.0721649484536,0.783505154639
mert,cello,audience,-10,1,0.75652173913,0.147826086957,0.608695652174
mert,clarinet,audience,-10,1,0.963963963964,0.045045045045,0.918918918919
mert,double-bass,audience,-10,1,0.965217391304,0.626086956522,0.339130434783
mert,flute,audience,-10,1,0.803418803419,0.034188034188,0.769230769231
mert,french-horn,audience,-10,1,0.879518072289,0.0481927710843,0.831325301205
mert,oboe,audience,-10,1,0.873417721519,0,0.873417721519
mert,trombone,audience,-10,1,0.964912280702,0.30701754386,0.657894736842
mert,trumpet,audience,-10,1,0.892307692308,0.276923076923,0.615384615385
mert,tuba,audience,-10,1,1,0.0322580645161,0.967741935484
mert,viola,audience,-10,1,0.962264150943,0.0566037735849,0.905660377358
mert,violin,audience,-10,1,0.821705426357,0.705426356589,0.116279069767
mert,bassoon,studio,50,0,0.855670103093,0.814432989691,0.0412371134021
mert,cello,studio,50,0,0.75652173913,0.765217391304,-0.00869565217391
mert,clarinet,studio,50,0,0.963963963964,0.963963963964,0
mert,double-bass,studio,50,0,0.965217391304,0.965217391304,0
mert,flute,studio,50,0,0.803418803419,0.811965811966,-0.00854700854701
mert,french-horn,studio,50,0,0.879518072289,0.879518072289,0
mert,oboe,studio,50,0,0.873417721519,0.860759493671,0.0126582278481
mert,trombone,studio,50,0,0.964912280702,0.964912280702,0
mert,trumpet,studio,50,0,0.892307692308,0.892307692308,0
mert,tuba,studio,50,0,1,0.991935483871,0.00806451612903
mert,viola,studio,50,0,0.962264150943,0.962264150943,0
mert,violin,studio,50,0,0.821705426357,0.821705426357,0
mert,bassoon,studio,40,0,0.855670103093,0.773195876289,0.0824742268041
mert,cello,studio,40,0,0.75652173913,0.765217391304,-0.00869565217391
mert,clarinet,studio,40,0,0.963963963964,0.954954954955,0.00900900900901
mert,double-bass,studio,40,0,0.965217391304,0.965217391304,0
mert,flute,studio,40,0,0.803418803419,0.820512820513,-0.017094017094
mert,french-horn,studio,40,0,0.879518072289,0.879518072289,0
mert,oboe,studio,40,0,0.873417721519,0.822784810127,0.0506329113924
mert,trombone,studio,40,0,0.964912280702,0.982456140351,-0.0175438596491
mert,trumpet,studio,40,0,0.892307692308,0.892307692308,0
mert,tuba,studio,40,0,1,0.91935483871,0.0806451612903
mert,viola,studio,40,0,0.962264150943,0.962264150943,0
mert,violin,studio,40,0,0.821705426357,0.837209302326,-0.015503875969
mert,bassoon,studio,30,0,0.855670103093,0.752577319588,0.103092783505
mert,cello,studio,30,0,0.75652173913,0.773913043478,-0.0173913043478
mert,clarinet,studio,30,0,0.963963963964,0.846846846847,0.117117117117
mert,double-bass,studio,30,0,0.965217391304,0.965217391304,0
mert,flute,studio,30,0,0.803418803419,0.820512820513,-0.017094017094
mert,french-horn,studio,30,0,0.879518072289,0.831325301205,0.0481927710843
mert,oboe,studio,30,0,0.873417721519,0.696202531646,0.177215189873
mert,trombone,studio,30,0,0.964912280702,0.956140350877,0.00877192982456
mert,trumpet,studio,30,0,0.892307692308,0.861538461538,0.0307692307692
mert,tuba,studio,30,0,1,0.733870967742,0.266129032258
mert,viola,studio,30,0,0.962264150943,0.952830188679,0.00943396226415
mert,violin,studio,30,0,0.821705426357,0.891472868217,-0.0697674418605
mert,bassoon,studio,20,0,0.855670103093,0.680412371134,0.175257731959
mert,cello,studio,20,0,0.75652173913,0.626086956522,0.130434782609
mert,clarinet,studio,20,0,0.963963963964,0.315315315315,0.648648648649
mert,double-bass,studio,20,0,0.965217391304,0.965217391304,0
mert,flute,studio,20,0,0.803418803419,0.820512820513,-0.017094017094
mert,french-horn,studio,20,0,0.879518072289,0.734939759036,0.144578313253
mert,oboe,studio,20,0,0.873417721519,0.379746835443,0.493670886076
mert,trombone,studio,20,0,0.964912280702,0.719298245614,0.245614035088
mert,trumpet,studio,20,0,0.892307692308,0.615384615385,0.276923076923
mert,tuba,studio,20,0,1,0.354838709677,0.645161290323
mert,viola,studio,20,0,0.962264150943,0.839622641509,0.122641509434
mert,violin,studio,20,0,0.821705426357,0.891472868217,-0.0697674418605
mert,bassoon,studio,10,0,0.855670103093,0.484536082474,0.371134020619
mert,cello,studio,10,0,0.75652173913,0.252173913043,0.504347826087
mert,clarinet,studio,10,0,0.963963963964,0.027027027027,0.936936936937
mert,double-bass,studio,10,0,0.965217391304,0.947826086957,0.0173913043478
mert,flute,studio,10,0,0.803418803419,0.692307692308,0.111111111111
mert,french-horn,studio,10,0,0.879518072289,0.602409638554,0.277108433735
mert,oboe,studio,10,0,0.873417721519,0.151898734177,0.721518987342
mert,trombone,studio,10,0,0.964912280702,0.263157894737,0.701754385965
mert,trumpet,studio,10,0,0.892307692308,0.276923076923,0.615384615385
mert,tuba,studio,10,0,1,0.104838709677,0.895161290323
mert,viola,studio,10,0,0.962264150943,0.688679245283,0.27358490566
mert,violin,studio,10,0,0.821705426357,0.767441860465,0.0542635658915
mert,bassoon,studio,0,0,0.855670103093,0.0721649484536,0.783505154639
mert,cello,studio,0,0,0.75652173913,0.0869565217391,0.669565217391
mert,clarinet,studio,0,0,0.963963963964,0,0.963963963964
mert,double-bass,studio,0,0,0.965217391304,0.947826086957,0.0173913043478
mert,flute,studio,0,0,0.803418803419,0.461538461538,0.34188034188
mert,french-horn,studio,0,0,0.879518072289,0.228915662651,0.650602409639
mert,oboe,studio,0,0,0.873417721519,0.0632911392405,0.810126582278
mert,trombone,studio,0,0,0.964912280702,0.0175438596491,0.947368421053
mert,trumpet,studio,0,0,0.892307692308,0.0923076923077,0.8
mert,tuba,studio,0,0,1,0.0322580645161,0.967741935484
mert,viola,studio,0,0,0.962264150943,0.528301886792,0.433962264151
mert,violin,studio,0,0,0.821705426357,0.53488372093,0.286821705426
mert,bassoon,studio,-5,0,0.855670103093,0.0309278350515,0.824742268041
mert,cello,studio,-5,0,0.75652173913,0.0521739130435,0.704347826087
mert,clarinet,studio,-5,0,0.963963963964,0,0.963963963964
mert,double-bass,studio,-5,0,0.965217391304,0.947826086957,0.0173913043478
mert,flute,studio,-5,0,0.803418803419,0.444444444444,0.358974358974
mert,french-horn,studio,-5,0,0.879518072289,0.0963855421687,0.78313253012
mert,oboe,studio,-5,0,0.873417721519,0.0253164556962,0.848101265823
mert,trombone,studio,-5,0,0.964912280702,0,0.964912280702
mert,trumpet,studio,-5,0,0.892307692308,0.0307692307692,0.861538461538
mert,tuba,studio,-5,0,1,0,1
mert,viola,studio,-5,0,0.962264150943,0.462264150943,0.5
mert,violin,studio,-5,0,0.821705426357,0.441860465116,0.37984496124
mert,bassoon,studio,-10,0,0.855670103093,0.020618556701,0.835051546392
mert,cello,studio,-10,0,0.75652173913,0.0347826086957,0.721739130435
mert,clarinet,studio,-10,0,0.963963963964,0,0.963963963964
mert,double-bass,studio,-10,0,0.965217391304,0.886956521739,0.0782608695652
mert,flute,studio,-10,0,0.803418803419,0.307692307692,0.495726495726
mert,french-horn,studio,-10,0,0.879518072289,0.0481927710843,0.831325301205
mert,oboe,studio,-10,0,0.873417721519,0.0126582278481,0.860759493671
mert,trombone,studio,-10,0,0.964912280702,0,0.964912280702
mert,trumpet,studio,-10,0,0.892307692308,0.0153846153846,0.876923076923
mert,tuba,studio,-10,0,1,0,1
mert,viola,studio,-10,0,0.962264150943,0.433962264151,0.528301886792
mert,violin,studio,-10,0,0.821705426357,0.31007751938,0.511627906977
mert,bassoon,studio,50,1,0.855670103093,0.824742268041,0.0309278350515
mert,cello,studio,50,1,0.75652173913,0.765217391304,-0.00869565217391
mert,clarinet,studio,50,1,0.963963963964,0.963963963964,0
mert,double-bass,studio,50,1,0.965217391304,0.965217391304,0
mert,flute,studio,50,1,0.803418803419,0.803418803419,0
mert,french-horn,studio,50,1,0.879518072289,0.879518072289,0
mert,oboe,studio,50,1,0.873417721519,0.848101265823,0.0253164556962
mert,trombone,studio,50,1,0.964912280702,0.973684210526,-0.00877192982456
mert,trumpet,studio,50,1,0.892307692308,0.907692307692,-0.0153846153846
mert,tuba,studio,50,1,1,0.991935483871,0.00806451612903
mert,viola,studio,50,1,0.962264150943,0.962264150943,0
mert,violin,studio,50,1,0.821705426357,0.829457364341,-0.0077519379845
mert,bassoon,studio,40,1,0.855670103093,0.80412371134,0.0515463917526
mert,cello,studio,40,1,0.75652173913,0.765217391304,-0.00869565217391
mert,clarinet,studio,40,1,0.963963963964,0.945945945946,0.018018018018
mert,double-bass,studio,40,1,0.965217391304,0.95652173913,0.00869565217391
mert,flute,studio,40,1,0.803418803419,0.811965811966,-0.00854700854701
mert,french-horn,studio,40,1,0.879518072289,0.879518072289,0
mert,oboe,studio,40,1,0.873417721519,0.835443037975,0.0379746835443
mert,trombone,studio,40,1,0.964912280702,0.973684210526,-0.00877192982456
mert,trumpet,studio,40,1,0.892307692308,0.907692307692,-0.0153846153846
mert,tuba,studio,40,1,1,0.943548387097,0.0564516129032
mert,viola,studio,40,1,0.962264150943,0.962264150943,0
mert,violin,studio,40,1,0.821705426357,0.84496124031,-0.0232558139535
mert,bassoon,studio,30,1,0.855670103093,0.762886597938,0.0927835051546
mert,cello,studio,30,1,0.75652173913,0.730434782609,0.0260869565217
mert,clarinet,studio,30,1,0.963963963964,0.864864864865,0.0990990990991
mert,double-bass,studio,30,1,0.965217391304,0.947826086957,0.0173913043478
mert,flute,studio,30,1,0.803418803419,0.820512820513,-0.017094017094
mert,french-horn,studio,30,1,0.879518072289,0.879518072289,0
mert,oboe,studio,30,1,0.873417721519,0.645569620253,0.227848101266
mert,trombone,studio,30,1,0.964912280702,0.947368421053,0.0175438596491
mert,trumpet,studio,30,1,0.892307692308,0.861538461538,0.0307692307692
mert,tuba,studio,30,1,1,0.685483870968,0.314516129032
mert,viola,studio,30,1,0.962264150943,0.924528301887,0.0377358490566
mert,violin,studio,30,1,0.821705426357,0.875968992248,-0.0542635658915
mert,bassoon,studio,20,1,0.855670103093,0.721649484536,0.134020618557
mert,cello,studio,20,1,0.75652173913,0.617391304348,0.139130434783
mert,clarinet,studio,20,1,0.963963963964,0.342342342342,0.621621621622
mert,double-bass,studio,20,1,0.965217391304,0.947826086957,0.0173913043478
mert,flute,studio,20,1,0.803418803419,0.803418803419,0
mert,french-horn,studio,20,1,0.879518072289,0.734939759036,0.144578313253
mert,oboe,studio,20,1,0.873417721519,0.392405063291,0.481012658228
mert,trombone,studio,20,1,0.964912280702,0.719298245614,0.245614035088
mert,trumpet,studio,20,1,0.892307692308,0.6,0.292307692308
mert,tuba,studio,20,1,1,0.314516129032,0.685483870968
mert,viola,studio,20,1,0.962264150943,0.764150943396,0.198113207547
mert,violin,studio,20,1,0.821705426357,0.891472868217,-0.0697674418605
mert,bassoon,studio,10,1,0.855670103093,0.443298969072,0.412371134021
mert,cello,studio,10,1,0.75652173913,0.321739130435,0.434782608696
mert,clarinet,studio,10,1,0.963963963964,0.027027027027,0.936936936937
mert,double-bass,studio,10,1,0.965217391304,0.947826086957,0.0173913043478
mert,flute,studio,10,1,0.803418803419,0.666666666667,0.136752136752
mert,french-horn,studio,10,1,0.879518072289,0.566265060241,0.313253012048
mert,oboe,studio,10,1,0.873417721519,0.253164556962,0.620253164557
mert,trombone,studio,10,1,0.964912280702,0.289473684211,0.675438596491
mert,trumpet,studio,10,1,0.892307692308,0.215384615385,0.676923076923
mert,tuba,studio,10,1,1,0.120967741935,0.879032258065
mert,viola,studio,10,1,0.962264150943,0.584905660377,0.377358490566
mert,violin,studio,10,1,0.821705426357,0.829457364341,-0.0077519379845
mert,bassoon,studio,0,1,0.855670103093,0.0515463917526,0.80412371134
mert,cello,studio,0,1,0.75652173913,0.095652173913,0.660869565217
mert,clarinet,studio,0,1,0.963963963964,0,0.963963963964
mert,double-bass,studio,0,1,0.965217391304,0.921739130435,0.0434782608696
mert,flute,studio,0,1,0.803418803419,0.461538461538,0.34188034188
mert,french-horn,studio,0,1,0.879518072289,0.349397590361,0.530120481928
mert,oboe,studio,0,1,0.873417721519,0.0506329113924,0.822784810127
mert,trombone,studio,0,1,0.964912280702,0.0175438596491,0.947368421053
mert,trumpet,studio,0,1,0.892307692308,0.0615384615385,0.830769230769
mert,tuba,studio,0,1,1,0.0483870967742,0.951612903226
mert,viola,studio,0,1,0.962264150943,0.452830188679,0.509433962264
mert,violin,studio,0,1,0.821705426357,0.604651162791,0.217054263566
mert,bassoon,studio,-5,1,0.855670103093,0.020618556701,0.835051546392
mert,cello,studio,-5,1,0.75652173913,0.0695652173913,0.686956521739
mert,clarinet,studio,-5,1,0.963963963964,0,0.963963963964
mert,double-bass,studio,-5,1,0.965217391304,0.904347826087,0.0608695652174
mert,flute,studio,-5,1,0.803418803419,0.324786324786,0.478632478632
mert,french-horn,studio,-5,1,0.879518072289,0.204819277108,0.674698795181
mert,oboe,studio,-5,1,0.873417721519,0.0379746835443,0.835443037975
mert,trombone,studio,-5,1,0.964912280702,0.00877192982456,0.956140350877
mert,trumpet,studio,-5,1,0.892307692308,0,0.892307692308
mert,tuba,studio,-5,1,1,0.0322580645161,0.967741935484
mert,viola,studio,-5,1,0.962264150943,0.424528301887,0.537735849057
mert,violin,studio,-5,1,0.821705426357,0.457364341085,0.364341085271
mert,bassoon,studio,-10,1,0.855670103093,0.0103092783505,0.845360824742
mert,cello,studio,-10,1,0.75652173913,0.0608695652174,0.695652173913
mert,clarinet,studio,-10,1,0.963963963964,0,0.963963963964
mert,double-bass,studio,-10,1,0.965217391304,0.826086956522,0.139130434783
mert,flute,studio,-10,1,0.803418803419,0.290598290598,0.512820512821
mert,french-horn,studio,-10,1,0.879518072289,0.10843373494,0.771084337349
mert,oboe,studio,-10,1,0.873417721519,0.0126582278481,0.860759493671
mert,trombone,studio,-10,1,0.964912280702,0,0.964912280702
mert,trumpet,studio,-10,1,0.892307692308,0,0.892307692308
mert,tuba,studio,-10,1,1,0,1
mert,viola,studio,-10,1,0.962264150943,0.358490566038,0.603773584906
mert,violin,studio,-10,1,0.821705426357,0.294573643411,0.527131782946
ast,bassoon,white,50,0,0.948453608247,0.865979381443,0.0824742268041
ast,cello,white,50,0,1,0.991304347826,0.00869565217391
ast,clarinet,white,50,0,1,0.990990990991,0.00900900900901
ast,double-bass,white,50,0,1,1,0
ast,flute,white,50,0,0.991452991453,1,-0.00854700854701
ast,french-horn,white,50,0,0.951807228916,0.975903614458,-0.0240963855422
ast,oboe,white,50,0,1,1,0
ast,trombone,white,50,0,1,1,0
ast,trumpet,white,50,0,1,1,0
ast,tuba,white,50,0,1,0.975806451613,0.0241935483871
ast,viola,white,50,0,0.990566037736,0.990566037736,0
ast,violin,white,50,0,1,1,0
ast,bassoon,white,40,0,0.948453608247,0.742268041237,0.20618556701
ast,cello,white,40,0,1,1,0
ast,clarinet,white,40,0,1,0.936936936937,0.0630630630631
ast,double-bass,white,40,0,1,0.95652173913,0.0434782608696
ast,flute,white,40,0,0.991452991453,1,-0.00854700854701
ast,french-horn,white,40,0,0.951807228916,0.939759036145,0.0120481927711
ast,oboe,white,40,0,1,0.987341772152,0.0126582278481
ast,trombone,white,40,0,1,1,0
ast,trumpet,white,40,0,1,0.907692307692,0.0923076923077
ast,tuba,white,40,0,1,0.927419354839,0.0725806451613
ast,viola,white,40,0,0.990566037736,0.990566037736,0
ast,violin,white,40,0,1,1,0
ast,bassoon,white,30,0,0.948453608247,0.577319587629,0.371134020619
ast,cello,white,30,0,1,0.930434782609,0.0695652173913
ast,clarinet,white,30,0,1,0.927927927928,0.0720720720721
ast,double-bass,white,30,0,1,0.886956521739,0.113043478261
ast,flute,white,30,0,0.991452991453,0.982905982906,0.00854700854701
ast,french-horn,white,30,0,0.951807228916,0.819277108434,0.132530120482
ast,oboe,white,30,0,1,0.784810126582,0.215189873418
ast,trombone,white,30,0,1,1,0
ast,trumpet,white,30,0,1,0.538461538462,0.461538461538
ast,tuba,white,30,0,1,0.83064516129,0.16935483871
ast,viola,white,30,0,0.990566037736,0.990566037736,0
ast,violin,white,30,0,1,0.992248062016,0.0077519379845
ast,bassoon,white,20,0,0.948453608247,0.463917525773,0.484536082474
ast,cello,white,20,0,1,0.695652173913,0.304347826087
ast,clarinet,white,20,0,1,0.846846846847,0.153153153153
ast,double-bass,white,20,0,1,0.84347826087,0.15652173913
ast,flute,white,20,0,0.991452991453,0.940170940171,0.0512820512821
ast,french-horn,white,20,0,0.951807228916,0.602409638554,0.349397590361
ast,oboe,white,20,0,1,0.227848101266,0.772151898734
ast,trombone,white,20,0,1,1,0
ast,trumpet,white,20,0,1,0.369230769231,0.630769230769
ast,tuba,white,20,0,1,0.66935483871,0.33064516129
ast,viola,white,20,0,0.990566037736,0.952830188679,0.0377358490566
ast,violin,white,20,0,1,0.93023255814,0.0697674418605
ast,bassoon,white,10,0,0.948453608247,0.113402061856,0.835051546392
ast,cello,white,10,0,1,0.286956521739,0.713043478261
ast,clarinet,white,10,0,1,0.738738738739,0.261261261261
ast,double-bass,white,10,0,1,0.826086956522,0.173913043478
ast,flute,white,10,0,0.991452991453,0.74358974359,0.247863247863
ast,french-horn,white,10,0,0.951807228916,0.397590361446,0.55421686747
ast,oboe,white,10,0,1,0,1
ast,trombone,white,10,0,1,0.956140350877,0.0438596491228
ast,trumpet,white,10,0,1,0.153846153846,0.846153846154
ast,tuba,white,10,0,1,0.362903225806,0.637096774194
ast,viola,white,10,0,0.990566037736,0.311320754717,0.679245283019
ast,violin,white,10,0,1,0.744186046512,0.255813953488
ast,bassoon,white,0,0,0.948453608247,0,0.948453608247
ast,cello,white,0,0,1,0,1
ast,clarinet,white,0,0,1,0.576576576577,0.423423423423
ast,double-bass,white,0,0,1,0.878260869565,0.121739130435
ast,flute,white,0,0,0.991452991453,0.222222222222,0.769230769231
ast,french-horn,white,0,0,0.951807228916,0.144578313253,0.807228915663
ast,oboe,white,0,0,1,0,1
ast,trombone,white,0,0,1,0.947368421053,0.0526315789474
ast,trumpet,white,0,0,1,0.0153846153846,0.984615384615
ast,tuba,white,0,0,1,0.233870967742,0.766129032258
ast,viola,white,0,0,0.990566037736,0.00943396226415,0.981132075472
ast,violin,white,0,0,1,0.651162790698,0.348837209302
ast,bassoon,white,-5,0,0.948453608247,0,0.948453608247
ast,cello,white,-5,0,1,0,1
ast,clarinet,white,-5,0,1,0.378378378378,0.621621621622
ast,double-bass,white,-5,0,1,0.765217391304,0.234782608696
ast,flute,white,-5,0,0.991452991453,0.0598290598291,0.931623931624
ast,french-horn,white,-5,0,0.951807228916,0.0240963855422,0.927710843373
ast,oboe,white,-5,0,1,0,1
ast,trombone,white,-5,0,1,0.964912280702,0.0350877192982
ast,trumpet,white,-5,0,1,0,1
ast,tuba,white,-5,0,1,0.201612903226,0.798387096774
ast,viola,white,-5,0,0.990566037736,0.00943396226415,0.981132075472
ast,violin,white,-5,0,1,0.581395348837,0.418604651163
ast,bassoon,white,-10,0,0.948453608247,0,0.948453608247
ast,cello,white,-10,0,1,0.00869565217391,0.991304347826
ast,clarinet,white,-10,0,1,0.027027027027,0.972972972973
ast,double-bass,white,-10,0,1,0.417391304348,0.582608695652
ast,flute,white,-10,0,0.991452991453,0.00854700854701,0.982905982906
ast,french-horn,white,-10,0,0.951807228916,0,0.951807228916
ast,oboe,white,-10,0,1,0,1
ast,trombone,white,-10,0,1,0.675438596491,0.324561403509
ast,trumpet,white,-10,0,1,0.0153846153846,0.984615384615
ast,tuba,white,-10,0,1,0.185483870968,0.814516129032
ast,viola,white,-10,0,0.990566037736,0,0.990566037736
ast,violin,white,-10,0,1,0.868217054264,0.131782945736
ast,bassoon,white,50,1,0.948453608247,0.865979381443,0.0824742268041
ast,cello,white,50,1,1,1,0
ast,clarinet,white,50,1,1,0.972972972973,0.027027027027
ast,double-bass,white,50,1,1,1,0
ast,flute,white,50,1,0.991452991453,1,-0.00854700854701
ast,french-horn,white,50,1,0.951807228916,0.975903614458,-0.0240963855422
ast,oboe,white,50,1,1,1,0
ast,trombone,white,50,1,1,1,0
ast,trumpet,white,50,1,1,1,0
ast,tuba,white,50,1,1,0.983870967742,0.0161290322581
ast,viola,white,50,1,0.990566037736,0.990566037736,0
ast,violin,white,50,1,1,1,0
ast,bassoon,white,40,1,0.948453608247,0.731958762887,0.216494845361
ast,cello,white,40,1,1,1,0
ast,clarinet,white,40,1,1,0.936936936937,0.0630630630631
ast,double-bass,white,40,1,1,0.947826086957,0.0521739130435
ast,flute,white,40,1,0.991452991453,1,-0.00854700854701
ast,french-horn,white,40,1,0.951807228916,0.939759036145,0.0120481927711
ast,oboe,white,40,1,1,0.987341772152,0.0126582278481
ast,trombone,white,40,1,1,1,0
ast,trumpet,white,40,1,1,0.907692307692,0.0923076923077
ast,tuba,white,40,1,1,0.927419354839,0.0725806451613
ast,viola,white,40,1,0.990566037736,0.990566037736,0
ast,violin,white,40,1,1,1,0
ast,bassoon,white,30,1,0.948453608247,0.618556701031,0.329896907216
ast,cello,white,30,1,1,0.930434782609,0.0695652173913
ast,clarinet,white,30,1,1,0.927927927928,0.0720720720721
ast,double-bass,white,30,1,1,0.878260869565,0.121739130435
ast,flute,white,30,1,0.991452991453,0.982905982906,0.00854700854701
ast,french-horn,white,30,1,0.951807228916,0.843373493976,0.10843373494
ast,oboe,white,30,1,1,0.79746835443,0.20253164557
ast,trombone,white,30,1,1,1,0
ast,trumpet,white,30,1,1,0.538461538462,0.461538461538
ast,tuba,white,30,1,1,0.838709677419,0.161290322581
ast,viola,white,30,1,0.990566037736,0.990566037736,0
ast,violin,white,30,1,1,0.984496124031,0.015503875969
ast,bassoon,white,20,1,0.948453608247,0.463917525773,0.484536082474
ast,cello,white,20,1,1,0.75652173913,0.24347826087
ast,clarinet,white,20,1,1,0.882882882883,0.117117117117
ast,double-bass,white,20,1,1,0.84347826087,0.15652173913
ast,flute,white,20,1,0.991452991453,0.940170940171,0.0512820512821
ast,french-horn,white,20,1,0.951807228916,0.614457831325,0.33734939759
ast,oboe,white,20,1,1,0.227848101266,0.772151898734
ast,trombone,white,20,1,1,1,0
ast,trumpet,white,20,1,1,0.353846153846,0.646153846154
ast,tuba,white,20,1,1,0.677419354839,0.322580645161
ast,viola,white,20,1,0.990566037736,0.933962264151,0.0566037735849
ast,violin,white,20,1,1,0.937984496124,0.062015503876
ast,bassoon,white,10,1,0.948453608247,0.154639175258,0.79381443299
ast,cello,white,10,1,1,0.260869565217,0.739130434783
ast,clarinet,white,10,1,1,0.801801801802,0.198198198198
ast,double-bass,white,10,1,1,0.808695652174,0.191304347826
ast,flute,white,10,1,0.991452991453,0.717948717949,0.273504273504
ast,french-horn,white,10,1,0.951807228916,0.397590361446,0.55421686747
ast,oboe,white,10,1,1,0,1
ast,trombone,white,10,1,1,0.991228070175,0.00877192982456
ast,trumpet,white,10,1,1,0.169230769231,0.830769230769
ast,tuba,white,10,1,1,0.443548387097,0.556451612903
ast,viola,white,10,1,0.990566037736,0.358490566038,0.632075471698
ast,violin,white,10,1,1,0.767441860465,0.232558139535
ast,bassoon,white,0,1,0.948453608247,0,0.948453608247
ast,cello,white,0,1,1,0.00869565217391,0.991304347826
ast,clarinet,white,0,1,1,0.576576576577,0.423423423423
ast,double-bass,white,0,1,1,0.895652173913,0.104347826087
ast,flute,white,0,1,0.991452991453,0.264957264957,0.726495726496
ast,french-horn,white,0,1,0.951807228916,0.180722891566,0.771084337349
ast,oboe,white,0,1,1,0,1
ast,trombone,white,0,1,1,0.973684210526,0.0263157894737
ast,trumpet,white,0,1,1,0.0153846153846,0.984615384615
ast,tuba,white,0,1,1,0.233870967742,0.766129032258
ast,viola,white,0,1,0.990566037736,0.00943396226415,0.981132075472
ast,violin,white,0,1,1,0.62015503876,0.37984496124
ast,bassoon,white,-5,1,0.948453608247,0,0.948453608247
ast,cello,white,-5,1,1,0,1
ast,clarinet,white,-5,1,1,0.342342342342,0.657657657658
ast,double-bass,white,-5,1,1,0.852173913043,0.147826086957
ast,flute,white,-5,1,0.991452991453,0.0769230769231,0.91452991453
ast,french-horn,white,-5,1,0.951807228916,0.0240963855422,0.927710843373
ast,oboe,white,-5,1,1,0,1
ast,trombone,white,-5,1,1,0.947368421053,0.0526315789474
ast,trumpet,white,-5,1,1,0,1
ast,tuba,white,-5,1,1,0.185483870968,0.814516129032
ast,viola,white,-5,1,0.990566037736,0,0.990566037736
ast,violin,white,-5,1,1,0.573643410853,0.426356589147
ast,bassoon,white,-10,1,0.948453608247,0,0.948453608247
ast,cello,white,-10,1,1,0.00869565217391,0.991304347826
ast,clarinet,white,-10,1,1,0.027027027027,0.972972972973
ast,double-bass,white,-10,1,1,0.486956521739,0.513043478261
ast,flute,white,-10,1,0.991452991453,0.017094017094,0.974358974359
ast,french-horn,white,-10,1,0.951807228916,0,0.951807228916
ast,oboe,white,-10,1,1,0,1
ast,trombone,white,-10,1,1,0.684210526316,0.315789473684
ast,trumpet,white,-10,1,1,0,1
ast,tuba,white,-10,1,1,0.153225806452,0.846774193548
ast,viola,white,-10,1,0.990566037736,0,0.990566037736
ast,violin,white,-10,1,1,0.829457364341,0.170542635659
ast,bassoon,audience,50,0,0.948453608247,0.948453608247,0
ast,cello,audience,50,0,1,1,0
ast,clarinet,audience,50,0,1,1,0
ast,double-bass,audience,50,0,1,1,0
ast,flute,audience,50,0,0.991452991453,1,-0.00854700854701
ast,french-horn,audience,50,0,0.951807228916,0.951807228916,0
ast,oboe,audience,50,0,1,1,0
ast,trombone,audience,50,0,1,1,0
ast,trumpet,audience,50,0,1,1,0
ast,tuba,audience,50,0,1,0.983870967742,0.0161290322581
ast,viola,audience,50,0,0.990566037736,0.990566037736,0
ast,violin,audience,50,0,1,1,0
ast,bassoon,audience,40,0,0.948453608247,0.917525773196,0.0309278350515
ast,cello,audience,40,0,1,1,0
ast,clarinet,audience,40,0,1,1,0
ast,double-bass,audience,40,0,1,1,0
ast,flute,audience,40,0,0.991452991453,1,-0.00854700854701
ast,french-horn,audience,40,0,0.951807228916,0.951807228916,0
ast,oboe,audience,40,0,1,1,0
ast,trombone,audience,40,0,1,1,0
ast,trumpet,audience,40,0,1,1,0
ast,tuba,audience,40,0,1,0.935483870968,0.0645161290323
ast,viola,audience,40,0,0.990566037736,0.990566037736,0
ast,violin,audience,40,0,1,0.992248062016,0.0077519379845
ast,bassoon,audience,30,0,0.948453608247,0.855670103093,0.0927835051546
ast,cello,audience,30,0,1,0.982608695652,0.0173913043478
ast,clarinet,audience,30,0,1,0.981981981982,0.018018018018
ast,double-bass,audience,30,0,1,1,0
ast,flute,audience,30,0,0.991452991453,0.974358974359,0.017094017094
ast,french-horn,audience,30,0,0.951807228916,0.903614457831,0.0481927710843
ast,oboe,audience,30,0,1,0.886075949367,0.113924050633
ast,trombone,audience,30,0,1,0.991228070175,0.00877192982456
ast,trumpet,audience,30,0,1,0.938461538462,0.0615384615385
ast,tuba,audience,30,0,1,0.822580645161,0.177419354839
ast,viola,audience,30,0,0.990566037736,0.990566037736,0
ast,violin,audience,30,0,1,0.914728682171,0.0852713178295
ast,bassoon,audience,20,0,0.948453608247,0.701030927835,0.247422680412
ast,cello,audience,20,0,1,0.95652173913,0.0434782608696
ast,clarinet,audience,20,0,1,0.954954954955,0.045045045045
ast,double-bass,audience,20,0,1,1,0
ast,flute,audience,20,0,0.991452991453,0.871794871795,0.119658119658
ast,french-horn,audience,20,0,0.951807228916,0.746987951807,0.204819277108
ast,oboe,audience,20,0,1,0.759493670886,0.240506329114
ast,trombone,audience,20,0,1,0.973684210526,0.0263157894737
ast,trumpet,audience,20,0,1,0.815384615385,0.184615384615
ast,tuba,audience,20,0,1,0.564516129032,0.435483870968
ast,viola,audience,20,0,0.990566037736,0.990566037736,0
ast,violin,audience,20,0,1,0.782945736434,0.217054263566
ast,bassoon,audience,10,0,0.948453608247,0.494845360825,0.453608247423
ast,cello,audience,10,0,1,0.782608695652,0.217391304348
ast,clarinet,audience,10,0,1,0.864864864865,0.135135135135
ast,double-bass,audience,10,0,1,0.982608695652,0.0173913043478
ast,flute,audience,10,0,0.991452991453,0.74358974359,0.247863247863
ast,french-horn,audience,10,0,0.951807228916,0.506024096386,0.44578313253
ast,oboe,audience,10,0,1,0.443037974684,0.556962025316
ast,trombone,audience,10,0,1,0.947368421053,0.0526315789474
ast,trumpet,audience,10,0,1,0.646153846154,0.353846153846
ast,tuba,audience,10,0,1,0.387096774194,0.612903225806
ast,viola,audience,10,0,0.990566037736,0.924528301887,0.0660377358491
ast,violin,audience,10,0,1,0.635658914729,0.364341085271
ast,bassoon,audience,0,0,0.948453608247,0.371134020619,0.577319587629
ast,cello,audience,0,0,1,0.55652173913,0.44347826087
ast,clarinet,audience,0,0,1,0.693693693694,0.306306306306
ast,double-bass,audience,0,0,1,0.95652173913,0.0434782608696
ast,flute,audience,0,0,0.991452991453,0.564102564103,0.42735042735
ast,french-horn,audience,0,0,0.951807228916,0.373493975904,0.578313253012
ast,oboe,audience,0,0,1,0.316455696203,0.683544303797
ast,trombone,audience,0,0,1,0.815789473684,0.184210526316
ast,trumpet,audience,0,0,1,0.476923076923,0.523076923077
ast,tuba,audience,0,0,1,0.25,0.75
ast,viola,audience,0,0,0.990566037736,0.622641509434,0.367924528302
ast,violin,audience,0,0,1,0.573643410853,0.426356589147
ast,bassoon,audience,-5,0,0.948453608247,0.340206185567,0.60824742268
ast,cello,audience,-5,0,1,0.426086956522,0.573913043478
ast,clarinet,audience,-5,0,1,0.594594594595,0.405405405405
ast,double-bass,audience,-5,0,1,0.895652173913,0.104347826087
ast,flute,audience,-5,0,0.991452991453,0.452991452991,0.538461538462
ast,french-horn,audience,-5,0,0.951807228916,0.21686746988,0.734939759036
ast,oboe,audience,-5,0,1,0.227848101266,0.772151898734
ast,trombone,audience,-5,0,1,0.710526315789,0.289473684211
ast,trumpet,audience,-5,0,1,0.446153846154,0.553846153846
ast,tuba,audience,-5,0,1,0.233870967742,0.766129032258
ast,viola,audience,-5,0,0.990566037736,0.443396226415,0.547169811321
ast,violin,audience,-5,0,1,0.53488372093,0.46511627907
ast,bassoon,audience,-10,0,0.948453608247,0.288659793814,0.659793814433
ast,cello,audience,-10,0,1,0.269565217391,0.730434782609
ast,clarinet,audience,-10,0,1,0.459459459459,0.540540540541
ast,double-bass,audience,-10,0,1,0.860869565217,0.139130434783
ast,flute,audience,-10,0,0.991452991453,0.384615384615,0.606837606838
ast,french-horn,audience,-10,0,0.951807228916,0.0963855421687,0.855421686747
ast,oboe,audience,-10,0,1,0.126582278481,0.873417721519
ast,trombone,audience,-10,0,1,0.561403508772,0.438596491228
ast,trumpet,audience,-10,0,1,0.4,0.6
ast,tuba,audience,-10,0,1,0.185483870968,0.814516129032
ast,viola,audience,-10,0,0.990566037736,0.245283018868,0.745283018868
ast,violin,audience,-10,0,1,0.472868217054,0.527131782946
ast,bassoon,audience,50,1,0.948453608247,0.938144329897,0.0103092783505
ast,cello,audience,50,1,1,1,0
ast,clarinet,audience,50,1,1,1,0
ast,double-bass,audience,50,1,1,1,0
ast,flute,audience,50,1,0.991452991453,0.991452991453,0
ast,french-horn,audience,50,1,0.951807228916,0.951807228916,0
ast,oboe,audience,50,1,1,1,0
ast,trombone,audience,50,1,1,1,0
ast,trumpet,audience,50,1,1,1,0
ast,tuba,audience,50,1,1,0.991935483871,0.00806451612903
ast,viola,audience,50,1,0.990566037736,0.990566037736,0
ast,violin,audience,50,1,1,1,0
ast,bassoon,audience,40,1,0.948453608247,0.907216494845,0.0412371134021
ast,cello,audience,40,1,1,1,0
ast,clarinet,audience,40,1,1,0.990990990991,0.00900900900901
ast,double-bass,audience,40,1,1,1,0
ast,flute,audience,40,1,0.991452991453,0.991452991453,0
ast,french-horn,audience,40,1,0.951807228916,0.939759036145,0.0120481927711
ast,oboe,audience,40,1,1,1,0
ast,trombone,audience,40,1,1,1,0
ast,trumpet,audience,40,1,1,0.969230769231,0.0307692307692
ast,tuba,audience,40,1,1,0.975806451613,0.0241935483871
ast,viola,audience,40,1,0.990566037736,0.990566037736,0
ast,violin,audience,40,1,1,1,0
ast,bassoon,audience,30,1,0.948453608247,0.835051546392,0.113402061856
ast,cello,audience,30,1,1,0.973913043478,0.0260869565217
ast,clarinet,audience,30,1,1,0.981981981982,0.018018018018
ast,double-bass,audience,30,1,1,1,0
ast,flute,audience,30,1,0.991452991453,0.965811965812,0.025641025641
ast,french-horn,audience,30,1,0.951807228916,0.855421686747,0.0963855421687
ast,oboe,audience,30,1,1,0.911392405063,0.0886075949367
ast,trombone,audience,30,1,1,1,0
ast,trumpet,audience,30,1,1,0.892307692308,0.107692307692
ast,tuba,audience,30,1,1,0.911290322581,0.0887096774194
ast,viola,audience,30,1,0.990566037736,0.990566037736,0
ast,violin,audience,30,1,1,0.922480620155,0.077519379845
ast,bassoon,audience,20,1,0.948453608247,0.670103092784,0.278350515464
ast,cello,audience,20,1,1,0.904347826087,0.095652173913
ast,clarinet,audience,20,1,1,0.954954954955,0.045045045045
ast,double-bass,audience,20,1,1,0.982608695652,0.0173913043478
ast,flute,audience,20,1,0.991452991453,0.880341880342,0.111111111111
ast,french-horn,audience,20,1,0.951807228916,0.795180722892,0.156626506024
ast,oboe,audience,20,1,1,0.721518987342,0.278481012658
ast,trombone,audience,20,1,1,0.973684210526,0.0263157894737
ast,trumpet,audience,20,1,1,0.8,0.2
ast,tuba,audience,20,1,1,0.701612903226,0.298387096774
ast,viola,audience,20,1,0.990566037736,0.971698113208,0.0188679245283
ast,violin,audience,20,1,1,0.782945736434,0.217054263566
ast,bassoon,audience,10,1,0.948453608247,0.505154639175,0.443298969072
ast,cello,audience,10,1,1,0.817391304348,0.182608695652
ast,clarinet,audience,10,1,1,0.873873873874,0.126126126126
ast,double-bass,audience,10,1,1,0.95652173913,0.0434782608696
ast,flute,audience,10,1,0.991452991453,0.760683760684,0.230769230769
ast,french-horn,audience,10,1,0.951807228916,0.614457831325,0.33734939759
ast,oboe,audience,10,1,1,0.518987341772,0.481012658228
ast,trombone,audience,10,1,1,0.885964912281,0.114035087719
ast,trumpet,audience,10,1,1,0.723076923077,0.276923076923
ast,tuba,audience,10,1,1,0.475806451613,0.524193548387
ast,viola,audience,10,1,0.990566037736,0.858490566038,0.132075471698
ast,violin,audience,10,1,1,0.565891472868,0.434108527132
ast,bassoon,audience,0,1,0.948453608247,0.422680412371,0.525773195876
ast,cello,audience,0,1,1,0.547826086957,0.452173913043
ast,clarinet,audience,0,1,1,0.702702702703,0.297297297297
ast,double-bass,audience,0,1,1,0.930434782609,0.0695652173913
ast,flute,audience,0,1,0.991452991453,0.606837606838,0.384615384615
ast,french-horn,audience,0,1,0.951807228916,0.385542168675,0.566265060241
ast,oboe,audience,0,1,1,0.341772151899,0.658227848101
ast,trombone,audience,0,1,1,0.798245614035,0.201754385965
ast,trumpet,audience,0,1,1,0.523076923077,0.476923076923
ast,tuba,audience,0,1,1,0.314516129032,0.685483870968
ast,viola,audience,0,1,0.990566037736,0.537735849057,0.452830188679
ast,violin,audience,0,1,1,0.449612403101,0.550387596899
ast,bassoon,audience,-5,1,0.948453608247,0.39175257732,0.556701030928
ast,cello,audience,-5,1,1,0.408695652174,0.591304347826
ast,clarinet,audience,-5,1,1,0.594594594595,0.405405405405
ast,double-bass,audience,-5,1,1,0.886956521739,0.113043478261
ast,flute,audience,-5,1,0.991452991453,0.504273504274,0.487179487179
ast,french-horn,audience,-5,1,0.951807228916,0.253012048193,0.698795180723
ast,oboe,audience,-5,1,1,0.303797468354,0.696202531646
ast,trombone,audience,-5,1,1,0.69298245614,0.30701754386
ast,trumpet,audience,-5,1,1,0.507692307692,0.492307692308
ast,tuba,audience,-5,1,1,0.274193548387,0.725806451613
ast,viola,audience,-5,1,0.990566037736,0.405660377358,0.584905660377
ast,violin,audience,-5,1,1,0.410852713178,0.589147286822
ast,bassoon,audience,-10,1,0.948453608247,0.360824742268,0.587628865979
ast,cello,audience,-10,1,1,0.260869565217,0.739130434783
ast,clarinet,audience,-10,1,1,0.522522522523,0.477477477477
ast,double-bass,audience,-10,1,1,0.8,0.2
ast,flute,audience,-10,1,0.991452991453,0.358974358974,0.632478632479
ast,french-horn,audience,-10,1,0.951807228916,0.0843373493976,0.867469879518
ast,oboe,audience,-10,1,1,0.253164556962,0.746835443038
ast,trombone,audience,-10,1,1,0.517543859649,0.482456140351
ast,trumpet,audience,-10,1,1,0.492307692308,0.507692307692
ast,tuba,audience,-10,1,1,0.217741935484,0.782258064516
ast,viola,audience,-10,1,0.990566037736,0.216981132075,0.77358490566
ast,violin,audience,-10,1,1,0.356589147287,0.643410852713
ast,bassoon,studio,50,0,0.948453608247,0.948453608247,0
ast,cello,studio,50,0,1,1,0
ast,clarinet,studio,50,0,1,1,0
ast,double-bass,studio,50,0,1,1,0
ast,flute,studio,50,0,0.991452991453,0.991452991453,0
ast,french-horn,studio,50,0,0.951807228916,0.951807228916,0
ast,oboe,studio,50,0,1,1,0
ast,trombone,studio,50,0,1,1,0
ast,trumpet,studio,50,0,1,1,0
ast,tuba,studio,50,0,1,1,0
ast,viola,studio,50,0,0.990566037736,0.990566037736,0
ast,violin,studio,50,0,1,1,0
ast,bassoon,studio,40,0,0.948453608247,0.927835051546,0.020618556701
ast,cello,studio,40,0,1,1,0
ast,clarinet,studio,40,0,1,1,0
ast,double-bass,studio,40,0,1,1,0
ast,flute,studio,40,0,0.991452991453,0.974358974359,0.017094017094
ast,french-horn,studio,40,0,0.951807228916,0.939759036145,0.0120481927711
ast,oboe,studio,40,0,1,0.987341772152,0.0126582278481
ast,trombone,studio,40,0,1,1,0
ast,trumpet,studio,40,0,1,1,0
ast,tuba,studio,40,0,1,0.959677419355,0.0403225806452
ast,viola,studio,40,0,0.990566037736,0.990566037736,0
ast,violin,studio,40,0,1,0.992248062016,0.0077519379845
ast,bassoon,studio,30,0,0.948453608247,0.79381443299,0.154639175258
ast,cello,studio,30,0,1,1,0
ast,clarinet,studio,30,0,1,0.954954954955,0.045045045045
ast,double-bass,studio,30,0,1,1,0
ast,flute,studio,30,0,0.991452991453,0.948717948718,0.042735042735
ast,french-horn,studio,30,0,0.951807228916,0.915662650602,0.0361445783133
ast,oboe,studio,30,0,1,0.924050632911,0.0759493670886
ast,trombone,studio,30,0,1,1,0
ast,trumpet,studio,30,0,1,0.953846153846,0.0461538461538
ast,tuba,studio,30,0,1,0.870967741935,0.129032258065
ast,viola,studio,30,0,0.990566037736,0.990566037736,0
ast,violin,studio,30,0,1,0.945736434109,0.0542635658915
ast,bassoon,studio,20,0,0.948453608247,0.577319587629,0.371134020619
ast,cello,studio,20,0,1,1,0
ast,clarinet,studio,20,0,1,0.855855855856,0.144144144144
ast,double-bass,studio,20,0,1,0.982608695652,0.0173913043478
ast,flute,studio,20,0,0.991452991453,0.82905982906,0.162393162393
ast,french-horn,studio,20,0,0.951807228916,0.807228915663,0.144578313253
ast,oboe,studio,20,0,1,0.683544303797,0.316455696203
ast,trombone,studio,20,0,1,0.973684210526,0.0263157894737
ast,trumpet,studio,20,0,1,0.769230769231,0.230769230769
ast,tuba,studio,20,0,1,0.645161290323,0.354838709677
ast,viola,studio,20,0,0.990566037736,0.971698113208,0.0188679245283
ast,violin,studio,20,0,1,0.759689922481,0.240310077519
ast,bassoon,studio,10,0,0.948453608247,0.340206185567,0.60824742268
ast,cello,studio,10,0,1,0.869565217391,0.130434782609
ast,clarinet,studio,10,0,1,0.720720720721,0.279279279279
ast,double-bass,studio,10,0,1,0.965217391304,0.0347826086957
ast,flute,studio,10,0,0.991452991453,0.769230769231,0.222222222222
ast,french-horn,studio,10,0,0.951807228916,0.626506024096,0.325301204819
ast,oboe,studio,10,0,1,0.46835443038,0.53164556962
ast,trombone,studio,10,0,1,0.90350877193,0.0964912280702
ast,trumpet,studio,10,0,1,0.507692307692,0.492307692308
ast,tuba,studio,10,0,1,0.379032258065,0.620967741935
ast,viola,studio,10,0,0.990566037736,0.820754716981,0.169811320755
ast,violin,studio,10,0,1,0.519379844961,0.480620155039
ast,bassoon,studio,0,0,0.948453608247,0.154639175258,0.79381443299
ast,cello,studio,0,0,1,0.608695652174,0.391304347826
ast,clarinet,studio,0,0,1,0.63963963964,0.36036036036
ast,double-bass,studio,0,0,1,0.965217391304,0.0347826086957
ast,flute,studio,0,0,0.991452991453,0.649572649573,0.34188034188
ast,french-horn,studio,0,0,0.951807228916,0.469879518072,0.481927710843
ast,oboe,studio,0,0,1,0.151898734177,0.848101265823
ast,trombone,studio,0,0,1,0.754385964912,0.245614035088
ast,trumpet,studio,0,0,1,0.246153846154,0.753846153846
ast,tuba,studio,0,0,1,0.209677419355,0.790322580645
ast,viola,studio,0,0,0.990566037736,0.669811320755,0.320754716981
ast,violin,studio,0,0,1,0.279069767442,0.720930232558
ast,bassoon,studio,-5,0,0.948453608247,0.113402061856,0.835051546392
ast,cello,studio,-5,0,1,0.330434782609,0.669565217391
ast,clarinet,studio,-5,0,1,0.567567567568,0.432432432432
ast,double-bass,studio,-5,0,1,0.947826086957,0.0521739130435
ast,flute,studio,-5,0,0.991452991453,0.589743589744,0.401709401709
ast,french-horn,studio,-5,0,0.951807228916,0.265060240964,0.686746987952
ast,oboe,studio,-5,0,1,0.101265822785,0.898734177215
ast,trombone,studio,-5,0,1,0.526315789474,0.473684210526
ast,trumpet,studio,-5,0,1,0.123076923077,0.876923076923
ast,tuba,studio,-5,0,1,0.137096774194,0.862903225806
ast,viola,studio,-5,0,0.990566037736,0.594339622642,0.396226415094
ast,violin,studio,-5,0,1,0.193798449612,0.806201550388
ast,bassoon,studio,-10,0,0.948453608247,0.0824742268041,0.865979381443
ast,cello,studio,-10,0,1,0.0608695652174,0.939130434783
ast,clarinet,studio,-10,0,1,0.522522522523,0.477477477477
ast,double-bass,studio,-10,0,1,0.852173913043,0.147826086957
ast,flute,studio,-10,0,0.991452991453,0.418803418803,0.57264957265
ast,french-horn,studio,-10,0,0.951807228916,0.144578313253,0.807228915663
ast,oboe,studio,-10,0,1,0.0632911392405,0.936708860759
ast,trombone,studio,-10,0,1,0.368421052632,0.631578947368
ast,trumpet,studio,-10,0,1,0.0923076923077,0.907692307692
ast,tuba,studio,-10,0,1,0.0967741935484,0.903225806452
ast,viola,studio,-10,0,0.990566037736,0.452830188679,0.537735849057
ast,violin,studio,-10,0,1,0.186046511628,0.813953488372
ast,bassoon,studio,50,1,0.948453608247,0.948453608247,0
ast,cello,studio,50,1,1,1,0
ast,clarinet,studio,50,1,1,1,0
ast,double-bass,studio,50,1,1,1,0
ast,flute,studio,50,1,0.991452991453,0.991452991453,0
ast,french-horn,studio,50,1,0.951807228916,0.939759036145,0.0120481927711
ast,oboe,studio,50,1,1,1,0
ast,trombone,studio,50,1,1,1,0
ast,trumpet,studio,50,1,1,1,0
ast,tuba,studio,50,1,1,1,0
ast,viola,studio,50,1,0.990566037736,0.990566037736,0
ast,violin,studio,50,1,1,1,0
ast,bassoon,studio,40,1,0.948453608247,0.917525773196,0.0309278350515
ast,cello,studio,40,1,1,1,0
ast,clarinet,studio,40,1,1,1,0
ast,double-bass,studio,40,1,1,1,0
ast,flute,studio,40,1,0.991452991453,0.991452991453,0
ast,french-horn,studio,40,1,0.951807228916,0.951807228916,0
ast,oboe,studio,40,1,1,0.987341772152,0.0126582278481
ast,trombone,studio,40,1,1,1,0
ast,trumpet,studio,40,1,1,0.969230769231,0.0307692307692
ast,tuba,studio,40,1,1,0.991935483871,0.00806451612903
ast,viola,studio,40,1,0.990566037736,0.990566037736,0
ast,violin,studio,40,1,1,0.992248062016,0.0077519379845
ast,bassoon,studio,30,1,0.948453608247,0.80412371134,0.144329896907
ast,cello,studio,30,1,1,1,0
ast,clarinet,studio,30,1,1,0.954954954955,0.045045045045
ast,double-bass,studio,30,1,1,1,0
ast,flute,studio,30,1,0.991452991453,0.931623931624,0.0598290598291
ast,french-horn,studio,30,1,0.951807228916,0.939759036145,0.0120481927711
ast,oboe,studio,30,1,1,0.898734177215,0.101265822785
ast,trombone,studio,30,1,1,1,0
ast,trumpet,studio,30,1,1,0.938461538462,0.0615384615385
ast,tuba,studio,30,1,1,0.862903225806,0.137096774194
ast,viola,studio,30,1,0.990566037736,0.990566037736,0
ast,violin,studio,30,1,1,0.945736434109,0.0542635658915
ast,bassoon,studio,20,1,0.948453608247,0.567010309278,0.381443298969
ast,cello,studio,20,1,1,0.991304347826,0.00869565217391
ast,clarinet,studio,20,1,1,0.864864864865,0.135135135135
ast,double-bass,studio,20,1,1,0.982608695652,0.0173913043478
ast,flute,studio,20,1,0.991452991453,0.820512820513,0.17094017094
ast,french-horn,studio,20,1,0.951807228916,0.807228915663,0.144578313253
ast,oboe,studio,20,1,1,0.683544303797,0.316455696203
ast,trombone,studio,20,1,1,0.991228070175,0.00877192982456
ast,trumpet,studio,20,1,1,0.738461538462,0.261538461538
ast,tuba,studio,20,1,1,0.58064516129,0.41935483871
ast,viola,studio,20,1,0.990566037736,0.990566037736,0
ast,violin,studio,20,1,1,0.744186046512,0.255813953488
ast,bassoon,studio,10,1,0.948453608247,0.268041237113,0.680412371134
ast,cello,studio,10,1,1,0.860869565217,0.139130434783
ast,clarinet,studio,10,1,1,0.72972972973,0.27027027027
ast,double-bass,studio,10,1,1,0.930434782609,0.0695652173913
ast,flute,studio,10,1,0.991452991453,0.726495726496,0.264957264957
ast,french-horn,studio,10,1,0.951807228916,0.66265060241,0.289156626506
ast,oboe,studio,10,1,1,0.430379746835,0.569620253165
ast,trombone,studio,10,1,1,0.877192982456,0.122807017544
ast,trumpet,studio,10,1,1,0.446153846154,0.553846153846
ast,tuba,studio,10,1,1,0.282258064516,0.717741935484
ast,viola,studio,10,1,0.990566037736,0.849056603774,0.141509433962
ast,violin,studio,10,1,1,0.527131782946,0.472868217054
ast,bassoon,studio,0,1,0.948453608247,0.164948453608,0.783505154639
ast,cello,studio,0,1,1,0.539130434783,0.460869565217
ast,clarinet,studio,0,1,1,0.603603603604,0.396396396396
ast,double-bass,studio,0,1,1,0.947826086957,0.0521739130435
ast,flute,studio,0,1,0.991452991453,0.649572649573,0.34188034188
ast,french-horn,studio,0,1,0.951807228916,0.493975903614,0.457831325301
ast,oboe,studio,0,1,1,0.151898734177,0.848101265823
ast,trombone,studio,0,1,1,0.728070175439,0.271929824561
ast,trumpet,studio,0,1,1,0.261538461538,0.738461538462
ast,tuba,studio,0,1,1,0.153225806452,0.846774193548
ast,viola,studio,0,1,0.990566037736,0.641509433962,0.349056603774
ast,violin,studio,0,1,1,0.255813953488,0.744186046512
ast,bassoon,studio,-5,1,0.948453608247,0.113402061856,0.835051546392
ast,cello,studio,-5,1,1,0.321739130435,0.678260869565
ast,clarinet,studio,-5,1,1,0.567567567568,0.432432432432
ast,double-bass,studio,-5,1,1,0.921739130435,0.0782608695652
ast,flute,studio,-5,1,0.991452991453,0.529914529915,0.461538461538
ast,french-horn,studio,-5,1,0.951807228916,0.349397590361,0.602409638554
ast,oboe,studio,-5,1,1,0.113924050633,0.886075949367
ast,trombone,studio,-5,1,1,0.570175438596,0.429824561404
ast,trumpet,studio,-5,1,1,0.123076923077,0.876923076923
ast,tuba,studio,-5,1,1,0.153225806452,0.846774193548
ast,viola,studio,-5,1,0.990566037736,0.537735849057,0.452830188679
ast,violin,studio,-5,1,1,0.22480620155,0.77519379845
ast,bassoon,studio,-10,1,0.948453608247,0.0412371134021,0.907216494845
ast,cello,studio,-10,1,1,0.095652173913,0.904347826087
ast,clarinet,studio,-10,1,1,0.567567567568,0.432432432432
ast,double-bass,studio,-10,1,1,0.869565217391,0.130434782609
ast,flute,studio,-10,1,0.991452991453,0.418803418803,0.57264957265
ast,french-horn,studio,-10,1,0.951807228916,0.265060240964,0.686746987952
ast,oboe,studio,-10,1,1,0.0506329113924,0.949367088608
ast,trombone,studio,-10,1,1,0.342105263158,0.657894736842
ast,trumpet,studio,-10,1,1,0.0769230769231,0.923076923077
ast,tuba,studio,-10,1,1,0.104838709677,0.895161290323
ast,viola,studio,-10,1,0.990566037736,0.452830188679,0.537735849057
ast,violin,studio,-10,1,1,0.209302325581,0.790697674419
panns,bassoon,white,50,0,0.927835051546,0.649484536082,0.278350515464
panns,cello,white,50,0,0.982608695652,0.808695652174,0.173913043478
panns,clarinet,white,50,0,1,0.963963963964,0.036036036036
panns,double-bass,white,50,0,0.991304347826,0.965217391304,0.0260869565217
panns,flute,white,50,0,1,1,0
panns,french-horn,white,50,0,0.987951807229,0.951807228916,0.0361445783133
panns,oboe,white,50,0,1,1,0
panns,trombone,white,50,0,0.991228070175,1,-0.00877192982456
panns,trumpet,white,50,0,1,1,0
panns,tuba,white,50,0,1,0.475806451613,0.524193548387
panns,viola,white,50,0,0.990566037736,0.990566037736,0
panns,violin,white,50,0,1,1,0
panns,bassoon,white,40,0,0.927835051546,0.309278350515,0.618556701031
panns,cello,white,40,0,0.982608695652,0.278260869565,0.704347826087
panns,clarinet,white,40,0,1,0.891891891892,0.108108108108
panns,double-bass,white,40,0,0.991304347826,0.547826086957,0.44347826087
panns,flute,white,40,0,1,1,0
panns,french-horn,white,40,0,0.987951807229,0.674698795181,0.313253012048
panns,oboe,white,40,0,1,0.822784810127,0.177215189873
panns,trombone,white,40,0,0.991228070175,1,-0.00877192982456
panns,trumpet,white,40,0,1,0.784615384615,0.215384615385
panns,tuba,white,40,0,1,0.596774193548,0.403225806452
panns,viola,white,40,0,0.990566037736,0.962264150943,0.0283018867925
panns,violin,white,40,0,1,0.992248062016,0.0077519379845
panns,bassoon,white,30,0,0.927835051546,0.20618556701,0.721649484536
panns,cello,white,30,0,0.982608695652,0.0695652173913,0.913043478261
panns,clarinet,white,30,0,1,0.765765765766,0.234234234234
panns,double-bass,white,30,0,0.991304347826,0.260869565217,0.730434782609
panns,flute,white,30,0,1,1,0
panns,french-horn,white,30,0,0.987951807229,0.457831325301,0.530120481928
panns,oboe,white,30,0,1,0.316455696203,0.683544303797
panns,trombone,white,30,0,0.991228070175,0.982456140351,0.00877192982456
panns,trumpet,white,30,0,1,0.353846153846,0.646153846154
panns,tuba,white,30,0,1,0.5,0.5
panns,viola,white,30,0,0.990566037736,0.839622641509,0.150943396226
panns,violin,white,30,0,1,0.953488372093,0.046511627907
panns,bassoon,white,20,0,0.927835051546,0.164948453608,0.762886597938
panns,cello,white,20,0,0.982608695652,0,0.982608695652
panns,clarinet,white,20,0,1,0.774774774775,0.225225225225
panns,double-bass,white,20,0,0.991304347826,0.121739130435,0.869565217391
panns,flute,white,20,0,1,0.91452991453,0.0854700854701
panns,french-horn,white,20,0,0.987951807229,0.325301204819,0.66265060241
panns,oboe,white,20,0,1,0,1
panns,trombone,white,20,0,0.991228070175,0.921052631579,0.0701754385965
panns,trumpet,white,20,0,1,0.107692307692,0.892307692308
panns,tuba,white,20,0,1,0.298387096774,0.701612903226
panns,viola,white,20,0,0.990566037736,0.509433962264,0.481132075472
panns,violin,white,20,0,1,0.906976744186,0.093023255814
panns,bassoon,white,10,0,0.927835051546,0.123711340206,0.80412371134
panns,cello,white,10,0,0.982608695652,0,0.982608695652
panns,clarinet,white,10,0,1,0.531531531532,0.468468468468
panns,double-bass,white,10,0,0.991304347826,0,0.991304347826
panns,flute,white,10,0,1,0.222222222222,0.777777777778
panns,french-horn,white,10,0,0.987951807229,0.10843373494,0.879518072289
panns,oboe,white,10,0,1,0,1
panns,trombone,white,10,0,0.991228070175,0.771929824561,0.219298245614
panns,trumpet,white,10,0,1,0.0461538461538,0.953846153846
panns,tuba,white,10,0,1,0.0241935483871,0.975806451613
panns,viola,white,10,0,0.990566037736,0.169811320755,0.820754716981
panns,violin,white,10,0,1,0.829457364341,0.170542635659
panns,bassoon,white,0,0,0.927835051546,0.0309278350515,0.896907216495
panns,cello,white,0,0,0.982608695652,0,0.982608695652
panns,clarinet,white,0,0,1,0.207207207207,0.792792792793
panns,double-bass,white,0,0,0.991304347826,0,0.991304347826
panns,flute,white,0,0,1,0.0512820512821,0.948717948718
panns,french-horn,white,0,0,0.987951807229,0,0.987951807229
panns,oboe,white,0,0,1,0,1
panns,trombone,white,0,0,0.991228070175,0.780701754386,0.210526315789
panns,trumpet,white,0,0,1,0.0615384615385,0.938461538462
panns,tuba,white,0,0,1,0,1
panns,viola,white,0,0,0.990566037736,0.0188679245283,0.971698113208
panns,violin,white,0,0,1,0.372093023256,0.627906976744
panns,bassoon,white,-5,0,0.927835051546,0,0.927835051546
panns,cello,white,-5,0,0.982608695652,0,0.982608695652
panns,clarinet,white,-5,0,1,0.189189189189,0.810810810811
panns,double-bass,white,-5,0,0.991304347826,0,0.991304347826
panns,flute,white,-5,0,1,0.017094017094,0.982905982906
panns,french-horn,white,-5,0,0.987951807229,0,0.987951807229
panns,oboe,white,-5,0,1,0,1
panns,trombone,white,-5,0,0.991228070175,0.754385964912,0.236842105263
panns,trumpet,white,-5,0,1,0.0923076923077,0.907692307692
panns,tuba,white,-5,0,1,0,1
panns,viola,white,-5,0,0.990566037736,0,0.990566037736
panns,violin,white,-5,0,1,0.201550387597,0.798449612403
panns,bassoon,white,-10,0,0.927835051546,0,0.927835051546
panns,cello,white,-10,0,0.982608695652,0,0.982608695652
panns,clarinet,white,-10,0,1,0.324324324324,0.675675675676
panns,double-bass,white,-10,0,0.991304347826,0,0.991304347826
panns,flute,white,-10,0,1,0,1
panns,french-horn,white,-10,0,0.987951807229,0,0.987951807229
panns,oboe,white,-10,0,1,0,1
panns,trombone,white,-10,0,0.991228070175,0.771929824561,0.219298245614
panns,trumpet,white,-10,0,1,0.0923076923077,0.907692307692
panns,tuba,white,-10,0,1,0,1
panns,viola,white,-10,0,0.990566037736,0,0.990566037736
panns,violin,white,-10,0,1,0.015503875969,0.984496124031
panns,bassoon,white,50,1,0.927835051546,0.680412371134,0.247422680412
panns,cello,white,50,1,0.982608695652,0.808695652174,0.173913043478
panns,clarinet,white,50,1,1,0.972972972973,0.027027027027
panns,double-bass,white,50,1,0.991304347826,0.95652173913,0.0347826086957
panns,flute,white,50,1,1,1,0
panns,french-horn,white,50,1,0.987951807229,0.951807228916,0.0361445783133
panns,oboe,white,50,1,1,1,0
panns,trombone,white,50,1,0.991228070175,1,-0.00877192982456
panns,trumpet,white,50,1,1,1,0
panns,tuba,white,50,1,1,0.459677419355,0.540322580645
panns,viola,white,50,1,0.990566037736,0.990566037736,0
panns,violin,white,50,1,1,1,0
panns,bassoon,white,40,1,0.927835051546,0.288659793814,0.639175257732
panns,cello,white,40,1,0.982608695652,0.286956521739,0.695652173913
panns,clarinet,white,40,1,1,0.891891891892,0.108108108108
panns,double-bass,white,40,1,0.991304347826,0.55652173913,0.434782608696
panns,flute,white,40,1,1,1,0
panns,french-horn,white,40,1,0.987951807229,0.650602409639,0.33734939759
panns,oboe,white,40,1,1,0.810126582278,0.189873417722
panns,trombone,white,40,1,0.991228070175,1,-0.00877192982456
panns,trumpet,white,40,1,1,0.769230769231,0.230769230769
panns,tuba,white,40,1,1,0.572580645161,0.427419354839
panns,viola,white,40,1,0.990566037736,0.952830188679,0.0377358490566
panns,violin,white,40,1,1,0.992248062016,0.0077519379845
panns,bassoon,white,30,1,0.927835051546,0.216494845361,0.711340206186
panns,cello,white,30,1,0.982608695652,0.0695652173913,0.913043478261
panns,clarinet,white,30,1,1,0.774774774775,0.225225225225
panns,double-bass,white,30,1,0.991304347826,0.234782608696,0.75652173913
panns,flute,white,30,1,1,1,0
panns,french-horn,white,30,1,0.987951807229,0.457831325301,0.530120481928
panns,oboe,white,30,1,1,0.291139240506,0.708860759494
panns,trombone,white,30,1,0.991228070175,0.982456140351,0.00877192982456
panns,trumpet,white,30,1,1,0.4,0.6
panns,tuba,white,30,1,1,0.491935483871,0.508064516129
panns,viola,white,30,1,0.990566037736,0.839622641509,0.150943396226
panns,violin,white,30,1,1,0.953488372093,0.046511627907
panns,bassoon,white,20,1,0.927835051546,0.154639175258,0.773195876289
panns,cello,white,20,1,0.982608695652,0.0173913043478,0.965217391304
panns,clarinet,white,20,1,1,0.792792792793,0.207207207207
panns,double-bass,white,20,1,0.991304347826,0.121739130435,0.869565217391
panns,flute,white,20,1,1,0.888888888889,0.111111111111
panns,french-horn,white,20,1,0.987951807229,0.325301204819,0.66265060241
panns,oboe,white,20,1,1,0,1
panns,trombone,white,20,1,0.991228070175,0.921052631579,0.0701754385965
panns,trumpet,white,20,1,1,0.0923076923077,0.907692307692
panns,tuba,white,20,1,1,0.338709677419,0.661290322581
panns,viola,white,20,1,0.990566037736,0.471698113208,0.518867924528
panns,violin,white,20,1,1,0.899224806202,0.100775193798
panns,bassoon,white,10,1,0.927835051546,0.144329896907,0.783505154639
panns,cello,white,10,1,0.982608695652,0.00869565217391,0.973913043478
panns,clarinet,white,10,1,1,0.540540540541,0.459459459459
panns,double-bass,white,10,1,0.991304347826,0,0.991304347826
panns,flute,white,10,1,1,0.213675213675,0.786324786325
panns,french-horn,white,10,1,0.987951807229,0.132530120482,0.855421686747
panns,oboe,white,10,1,1,0,1
panns,trombone,white,10,1,0.991228070175,0.789473684211,0.201754385965
panns,trumpet,white,10,1,1,0.0307692307692,0.969230769231
panns,tuba,white,10,1,1,0.0161290322581,0.983870967742
panns,viola,white,10,1,0.990566037736,0.169811320755,0.820754716981
panns,violin,white,10,1,1,0.806201550388,0.193798449612
panns,bassoon,white,0,1,0.927835051546,0.0103092783505,0.917525773196
panns,cello,white,0,1,0.982608695652,0,0.982608695652
panns,clarinet,white,0,1,1,0.252252252252,0.747747747748
panns,double-bass,white,0,1,0.991304347826,0,0.991304347826
panns,flute,white,0,1,1,0.042735042735,0.957264957265
panns,french-horn,white,0,1,0.987951807229,0,0.987951807229
panns,oboe,white,0,1,1,0,1
panns,trombone,white,0,1,0.991228070175,0.763157894737,0.228070175439
panns,trumpet,white,0,1,1,0.0461538461538,0.953846153846
panns,tuba,white,0,1,1,0,1
panns,viola,white,0,1,0.990566037736,0,0.990566037736
panns,violin,white,0,1,1,0.410852713178,0.589147286822
panns,bassoon,white,-5,1,0.927835051546,0,0.927835051546
panns,cello,white,-5,1,0.982608695652,0,0.982608695652
panns,clarinet,white,-5,1,1,0.207207207207,0.792792792793
panns,double-bass,white,-5,1,0.991304347826,0,0.991304347826
panns,flute,white,-5,1,1,0.025641025641,0.974358974359
panns,french-horn,white,-5,1,0.987951807229,0,0.987951807229
panns,oboe,white,-5,1,1,0,1
panns,trombone,white,-5,1,0.991228070175,0.728070175439,0.263157894737
panns,trumpet,white,-5,1,1,0.107692307692,0.892307692308
panns,tuba,white,-5,1,1,0,1
panns,viola,white,-5,1,0.990566037736,0,0.990566037736
panns,violin,white,-5,1,1,0.201550387597,0.798449612403
panns,bassoon,white,-10,1,0.927835051546,0,0.927835051546
panns,cello,white,-10,1,0.982608695652,0,0.982608695652
panns,clarinet,white,-10,1,1,0.36036036036,0.63963963964
panns,double-bass,white,-10,1,0.991304347826,0,0.991304347826
panns,flute,white,-10,1,1,0,1
panns,french-horn,white,-10,1,0.987951807229,0,0.987951807229
panns,oboe,white,-10,1,1,0,1
panns,trombone,white,-10,1,0.991228070175,0.815789473684,0.175438596491
panns,trumpet,white,-10,1,1,0.0769230769231,0.923076923077
panns,tuba,white,-10,1,1,0,1
panns,viola,white,-10,1,0.990566037736,0,0.990566037736
panns,violin,white,-10,1,1,0.0077519379845,0.992248062016
panns,bassoon,audience,50,0,0.927835051546,0.917525773196,0.0103092783505
panns,cello,audience,50,0,0.982608695652,0.973913043478,0.00869565217391
panns,clarinet,audience,50,0,1,1,0
panns,double-bass,audience,50,0,0.991304347826,0.991304347826,0
panns,flute,audience,50,0,1,1,0
panns,french-horn,audience,50,0,0.987951807229,0.963855421687,0.0240963855422
panns,oboe,audience,50,0,1,1,0
panns,trombone,audience,50,0,0.991228070175,0.991228070175,0
panns,trumpet,audience,50,0,1,1,0
panns,tuba,audience,50,0,1,1,0
panns,viola,audience,50,0,0.990566037736,0.990566037736,0
panns,violin,audience,50,0,1,1,0
panns,bassoon,audience,40,0,0.927835051546,0.907216494845,0.020618556701
panns,cello,audience,40,0,0.982608695652,0.930434782609,0.0521739130435
panns,clarinet,audience,40,0,1,1,0
panns,double-bass,audience,40,0,0.991304347826,0.991304347826,0
panns,flute,audience,40,0,1,1,0
panns,french-horn,audience,40,0,0.987951807229,0.939759036145,0.0481927710843
panns,oboe,audience,40,0,1,0.987341772152,0.0126582278481
panns,trombone,audience,40,0,0.991228070175,0.982456140351,0.00877192982456
panns,trumpet,audience,40,0,1,0.984615384615,0.0153846153846
panns,tuba,audience,40,0,1,0.983870967742,0.0161290322581
panns,viola,audience,40,0,0.990566037736,0.990566037736,0
panns,violin,audience,40,0,1,1,0
panns,bassoon,audience,30,0,0.927835051546,0.855670103093,0.0721649484536
panns,cello,audience,30,0,0.982608695652,0.817391304348,0.165217391304
panns,clarinet,audience,30,0,1,1,0
panns,double-bass,audience,30,0,0.991304347826,0.973913043478,0.0173913043478
panns,flute,audience,30,0,1,0.982905982906,0.017094017094
panns,french-horn,audience,30,0,0.987951807229,0.771084337349,0.21686746988
panns,oboe,audience,30,0,1,0.936708860759,0.0632911392405
panns,trombone,audience,30,0,0.991228070175,0.973684210526,0.0175438596491
panns,trumpet,audience,30,0,1,0.907692307692,0.0923076923077
panns,tuba,audience,30,0,1,0.951612903226,0.0483870967742
panns,viola,audience,30,0,0.990566037736,0.971698113208,0.0188679245283
panns,violin,audience,30,0,1,0.984496124031,0.015503875969
panns,bassoon,audience,20,0,0.927835051546,0.731958762887,0.19587628866
panns,cello,audience,20,0,0.982608695652,0.634782608696,0.347826086957
panns,clarinet,audience,20,0,1,0.954954954955,0.045045045045
panns,double-bass,audience,20,0,0.991304347826,0.939130434783,0.0521739130435
panns,flute,audience,20,0,1,0.923076923077,0.0769230769231
panns,french-horn,audience,20,0,0.987951807229,0.638554216867,0.349397590361
panns,oboe,audience,20,0,1,0.746835443038,0.253164556962
panns,trombone,audience,20,0,0.991228070175,0.929824561404,0.0614035087719
panns,trumpet,audience,20,0,1,0.753846153846,0.246153846154
panns,tuba,audience,20,0,1,0.814516129032,0.185483870968
panns,viola,audience,20,0,0.990566037736,0.943396226415,0.0471698113208
panns,violin,audience,20,0,1,0.906976744186,0.093023255814
panns,bassoon,audience,10,0,0.927835051546,0.567010309278,0.360824742268
panns,cello,audience,10,0,0.982608695652,0.426086956522,0.55652173913
panns,clarinet,audience,10,0,1,0.810810810811,0.189189189189
panns,double-bass,audience,10,0,0.991304347826,0.834782608696,0.15652173913
panns,flute,audience,10,0,1,0.74358974359,0.25641025641
panns,french-horn,audience,10,0,0.987951807229,0.421686746988,0.566265060241
panns,oboe,audience,10,0,1,0.443037974684,0.556962025316
panns,trombone,audience,10,0,0.991228070175,0.833333333333,0.157894736842
panns,trumpet,audience,10,0,1,0.646153846154,0.353846153846
panns,tuba,audience,10,0,1,0.596774193548,0.403225806452
panns,viola,audience,10,0,0.990566037736,0.849056603774,0.141509433962
panns,violin,audience,10,0,1,0.790697674419,0.209302325581
panns,bassoon,audience,0,0,0.927835051546,0.463917525773,0.463917525773
panns,cello,audience,0,0,0.982608695652,0.286956521739,0.695652173913
panns,clarinet,audience,0,0,1,0.63963963964,0.36036036036
panns,double-bass,audience,0,0,0.991304347826,0.6,0.391304347826
panns,flute,audience,0,0,1,0.615384615385,0.384615384615
panns,french-horn,audience,0,0,0.987951807229,0.277108433735,0.710843373494
panns,oboe,audience,0,0,1,0.354430379747,0.645569620253
panns,trombone,audience,0,0,0.991228070175,0.728070175439,0.263157894737
panns,trumpet,audience,0,0,1,0.492307692308,0.507692307692
panns,tuba,audience,0,0,1,0.362903225806,0.637096774194
panns,viola,audience,0,0,0.990566037736,0.660377358491,0.330188679245
panns,violin,audience,0,0,1,0.705426356589,0.294573643411
panns,bassoon,audience,-5,0,0.927835051546,0.432989690722,0.494845360825
panns,cello,audience,-5,0,0.982608695652,0.252173913043,0.730434782609
panns,clarinet,audience,-5,0,1,0.585585585586,0.414414414414
panns,double-bass,audience,-5,0,0.991304347826,0.495652173913,0.495652173913
panns,flute,audience,-5,0,1,0.470085470085,0.529914529915
panns,french-horn,audience,-5,0,0.987951807229,0.204819277108,0.78313253012
panns,oboe,audience,-5,0,1,0.291139240506,0.708860759494
panns,trombone,audience,-5,0,0.991228070175,0.666666666667,0.324561403509
panns,trumpet,audience,-5,0,1,0.446153846154,0.553846153846
panns,tuba,audience,-5,0,1,0.306451612903,0.693548387097
panns,viola,audience,-5,0,0.990566037736,0.594339622642,0.396226415094
panns,violin,audience,-5,0,1,0.68992248062,0.31007751938
panns,bassoon,audience,-10,0,0.927835051546,0.340206185567,0.587628865979
panns,cello,audience,-10,0,0.982608695652,0.208695652174,0.773913043478
panns,clarinet,audience,-10,0,1,0.513513513514,0.486486486486
panns,double-bass,audience,-10,0,0.991304347826,0.408695652174,0.582608695652
panns,flute,audience,-10,0,1,0.376068376068,0.623931623932
panns,french-horn,audience,-10,0,0.987951807229,0.144578313253,0.843373493976
panns,oboe,audience,-10,0,1,0.240506329114,0.759493670886
panns,trombone,audience,-10,0,0.991228070175,0.640350877193,0.350877192982
panns,trumpet,audience,-10,0,1,0.384615384615,0.615384615385
panns,tuba,audience,-10,0,1,0.241935483871,0.758064516129
panns,viola,audience,-10,0,0.990566037736,0.481132075472,0.509433962264
panns,violin,audience,-10,0,1,0.635658914729,0.364341085271
panns,bassoon,audience,50,1,0.927835051546,0.917525773196,0.0103092783505
panns,cello,audience,50,1,0.982608695652,0.973913043478,0.00869565217391
panns,clarinet,audience,50,1,1,1,0
panns,double-bass,audience,50,1,0.991304347826,0.991304347826,0
panns,flute,audience,50,1,1,1,0
panns,french-horn,audience,50,1,0.987951807229,0.975903614458,0.0120481927711
panns,oboe,audience,50,1,1,1,0
panns,trombone,audience,50,1,0.991228070175,0.991228070175,0
panns,trumpet,audience,50,1,1,1,0
panns,tuba,audience,50,1,1,1,0
panns,viola,audience,50,1,0.990566037736,0.990566037736,0
panns,violin,audience,50,1,1,1,0
panns,bassoon,audience,40,1,0.927835051546,0.917525773196,0.0103092783505
panns,cello,audience,40,1,0.982608695652,0.95652173913,0.0260869565217
panns,clarinet,audience,40,1,1,1,0
panns,double-bass,audience,40,1,0.991304347826,0.991304347826,0
panns,flute,audience,40,1,1,0.991452991453,0.00854700854701
panns,french-horn,audience,40,1,0.987951807229,0.939759036145,0.0481927710843
panns,oboe,audience,40,1,1,1,0
panns,trombone,audience,40,1,0.991228070175,0.991228070175,0
panns,trumpet,audience,40,1,1,0.969230769231,0.0307692307692
panns,tuba,audience,40,1,1,0.983870967742,0.0161290322581
panns,viola,audience,40,1,0.990566037736,0.990566037736,0
panns,violin,audience,40,1,1,0.992248062016,0.0077519379845
panns,bassoon,audience,30,1,0.927835051546,0.855670103093,0.0721649484536
panns,cello,audience,30,1,0.982608695652,0.886956521739,0.095652173913
panns,clarinet,audience,30,1,1,0.990990990991,0.00900900900901
panns,double-bass,audience,30,1,0.991304347826,0.982608695652,0.00869565217391
panns,flute,audience,30,1,1,0.965811965812,0.034188034188
panns,french-horn,audience,30,1,0.987951807229,0.807228915663,0.180722891566
panns,oboe,audience,30,1,1,0.949367088608,0.0506329113924
panns,trombone,audience,30,1,0.991228070175,0.973684210526,0.0175438596491
panns,trumpet,audience,30,1,1,0.907692307692,0.0923076923077
panns,tuba,audience,30,1,1,0.943548387097,0.0564516129032
panns,viola,audience,30,1,0.990566037736,0.990566037736,0
panns,violin,audience,30,1,1,0.976744186047,0.0232558139535
panns,bassoon,audience,20,1,0.927835051546,0.773195876289,0.154639175258
panns,cello,audience,20,1,0.982608695652,0.730434782609,0.252173913043
panns,clarinet,audience,20,1,1,0.936936936937,0.0630630630631
panns,double-bass,audience,20,1,0.991304347826,0.930434782609,0.0608695652174
panns,flute,audience,20,1,1,0.854700854701,0.145299145299
panns,french-horn,audience,20,1,0.987951807229,0.590361445783,0.397590361446
panns,oboe,audience,20,1,1,0.784810126582,0.215189873418
panns,trombone,audience,20,1,0.991228070175,0.90350877193,0.0877192982456
panns,trumpet,audience,20,1,1,0.738461538462,0.261538461538
panns,tuba,audience,20,1,1,0.790322580645,0.209677419355
panns,viola,audience,20,1,0.990566037736,0.858490566038,0.132075471698
panns,violin,audience,20,1,1,0.906976744186,0.093023255814
panns,bassoon,audience,10,1,0.927835051546,0.60824742268,0.319587628866
panns,cello,audience,10,1,0.982608695652,0.521739130435,0.460869565217
panns,clarinet,audience,10,1,1,0.801801801802,0.198198198198
panns,double-bass,audience,10,1,0.991304347826,0.869565217391,0.121739130435
panns,flute,audience,10,1,1,0.717948717949,0.282051282051
panns,french-horn,audience,10,1,0.987951807229,0.457831325301,0.530120481928
panns,oboe,audience,10,1,1,0.544303797468,0.455696202532
panns,trombone,audience,10,1,0.991228070175,0.824561403509,0.166666666667
panns,trumpet,audience,10,1,1,0.630769230769,0.369230769231
panns,tuba,audience,10,1,1,0.604838709677,0.395161290323
panns,viola,audience,10,1,0.990566037736,0.72641509434,0.264150943396
panns,violin,audience,10,1,1,0.728682170543,0.271317829457
panns,bassoon,audience,0,1,0.927835051546,0.494845360825,0.432989690722
panns,cello,audience,0,1,0.982608695652,0.278260869565,0.704347826087
panns,clarinet,audience,0,1,1,0.63963963964,0.36036036036
panns,double-bass,audience,0,1,0.991304347826,0.652173913043,0.339130434783
panns,flute,audience,0,1,1,0.598290598291,0.401709401709
panns,french-horn,audience,0,1,0.987951807229,0.325301204819,0.66265060241
panns,oboe,audience,0,1,1,0.443037974684,0.556962025316
panns,trombone,audience,0,1,0.991228070175,0.763157894737,0.228070175439
panns,trumpet,audience,0,1,1,0.492307692308,0.507692307692
panns,tuba,audience,0,1,1,0.41935483871,0.58064516129
panns,viola,audience,0,1,0.990566037736,0.547169811321,0.443396226415
panns,violin,audience,0,1,1,0.627906976744,0.372093023256
panns,bassoon,audience,-5,1,0.927835051546,0.40206185567,0.525773195876
panns,cello,audience,-5,1,0.982608695652,0.24347826087,0.739130434783
panns,clarinet,audience,-5,1,1,0.54954954955,0.45045045045
panns,double-bass,audience,-5,1,0.991304347826,0.504347826087,0.486956521739
panns,flute,audience,-5,1,1,0.512820512821,0.487179487179
panns,french-horn,audience,-5,1,0.987951807229,0.253012048193,0.734939759036
panns,oboe,audience,-5,1,1,0.392405063291,0.607594936709
panns,trombone,audience,-5,1,0.991228070175,0.69298245614,0.298245614035
panns,trumpet,audience,-5,1,1,0.4,0.6
panns,tuba,audience,-5,1,1,0.379032258065,0.620967741935
panns,viola,audience,-5,1,0.990566037736,0.5,0.490566037736
panns,violin,audience,-5,1,1,0.612403100775,0.387596899225
panns,bassoon,audience,-10,1,0.927835051546,0.350515463918,0.577319587629
panns,cello,audience,-10,1,0.982608695652,0.208695652174,0.773913043478
panns,clarinet,audience,-10,1,1,0.486486486486,0.513513513514
panns,double-bass,audience,-10,1,0.991304347826,0.391304347826,0.6
panns,flute,audience,-10,1,1,0.444444444444,0.555555555556
panns,french-horn,audience,-10,1,0.987951807229,0.204819277108,0.78313253012
panns,oboe,audience,-10,1,1,0.291139240506,0.708860759494
panns,trombone,audience,-10,1,0.991228070175,0.684210526316,0.30701754386
panns,trumpet,audience,-10,1,1,0.384615384615,0.615384615385
panns,tuba,audience,-10,1,1,0.314516129032,0.685483870968
panns,viola,audience,-10,1,0.990566037736,0.405660377358,0.584905660377
panns,violin,audience,-10,1,1,0.565891472868,0.434108527132
panns,bassoon,studio,50,0,0.927835051546,0.917525773196,0.0103092783505
panns,cello,studio,50,0,0.982608695652,0.982608695652,0
panns,clarinet,studio,50,0,1,1,0
panns,double-bass,studio,50,0,0.991304347826,0.991304347826,0
panns,flute,studio,50,0,1,1,0
panns,french-horn,studio,50,0,0.987951807229,0.987951807229,0
panns,oboe,studio,50,0,1,1,0
panns,trombone,studio,50,0,0.991228070175,0.991228070175,0
panns,trumpet,studio,50,0,1,1,0
panns,tuba,studio,50,0,1,0.967741935484,0.0322580645161
panns,viola,studio,50,0,0.990566037736,0.990566037736,0
panns,violin,studio,50,0,1,1,0
panns,bassoon,studio,40,0,0.927835051546,0.865979381443,0.0618556701031
panns,cello,studio,40,0,0.982608695652,0.973913043478,0.00869565217391
panns,clarinet,studio,40,0,1,1,0
panns,double-bass,studio,40,0,0.991304347826,1,-0.00869565217391
panns,flute,studio,40,0,1,1,0
panns,french-horn,studio,40,0,0.987951807229,0.975903614458,0.0120481927711
panns,oboe,studio,40,0,1,1,0
panns,trombone,studio,40,0,0.991228070175,0.991228070175,0
panns,trumpet,studio,40,0,1,0.984615384615,0.0153846153846
panns,tuba,studio,40,0,1,0.927419354839,0.0725806451613
panns,viola,studio,40,0,0.990566037736,0.990566037736,0
panns,violin,studio,40,0,1,1,0
panns,bassoon,studio,30,0,0.927835051546,0.835051546392,0.0927835051546
panns,cello,studio,30,0,0.982608695652,0.834782608696,0.147826086957
panns,clarinet,studio,30,0,1,0.963963963964,0.036036036036
panns,double-bass,studio,30,0,0.991304347826,0.991304347826,0
panns,flute,studio,30,0,1,0.991452991453,0.00854700854701
panns,french-horn,studio,30,0,0.987951807229,0.879518072289,0.10843373494
panns,oboe,studio,30,0,1,0.949367088608,0.0506329113924
panns,trombone,studio,30,0,0.991228070175,0.991228070175,0
panns,trumpet,studio,30,0,1,0.876923076923,0.123076923077
panns,tuba,studio,30,0,1,0.782258064516,0.217741935484
panns,viola,studio,30,0,0.990566037736,0.990566037736,0
panns,violin,studio,30,0,1,1,0
panns,bassoon,studio,20,0,0.927835051546,0.628865979381,0.298969072165
panns,cello,studio,20,0,0.982608695652,0.64347826087,0.339130434783
panns,clarinet,studio,20,0,1,0.891891891892,0.108108108108
panns,double-bass,studio,20,0,0.991304347826,0.939130434783,0.0521739130435
panns,flute,studio,20,0,1,0.974358974359,0.025641025641
panns,french-horn,studio,20,0,0.987951807229,0.626506024096,0.361445783133
panns,oboe,studio,20,0,1,0.784810126582,0.215189873418
panns,trombone,studio,20,0,0.991228070175,0.964912280702,0.0263157894737
panns,trumpet,studio,20,0,1,0.615384615385,0.384615384615
panns,tuba,studio,20,0,1,0.701612903226,0.298387096774
panns,viola,studio,20,0,0.990566037736,0.858490566038,0.132075471698
panns,violin,studio,20,0,1,0.992248062016,0.0077519379845
panns,bassoon,studio,10,0,0.927835051546,0.39175257732,0.536082474227
panns,cello,studio,10,0,0.982608695652,0.304347826087,0.678260869565
panns,clarinet,studio,10,0,1,0.774774774775,0.225225225225
panns,double-bass,studio,10,0,0.991304347826,0.739130434783,0.252173913043
panns,flute,studio,10,0,1,0.871794871795,0.128205128205
panns,french-horn,studio,10,0,0.987951807229,0.457831325301,0.530120481928
panns,oboe,studio,10,0,1,0.341772151899,0.658227848101
panns,trombone,studio,10,0,0.991228070175,0.894736842105,0.0964912280702
panns,trumpet,studio,10,0,1,0.415384615385,0.584615384615
panns,tuba,studio,10,0,1,0.596774193548,0.403225806452
panns,viola,studio,10,0,0.990566037736,0.547169811321,0.443396226415
panns,violin,studio,10,0,1,0.937984496124,0.062015503876
panns,bassoon,studio,0,0,0.927835051546,0.226804123711,0.701030927835
panns,cello,studio,0,0,0.982608695652,0.113043478261,0.869565217391
panns,clarinet,studio,0,0,1,0.54954954955,0.45045045045
panns,double-bass,studio,0,0,0.991304347826,0.478260869565,0.513043478261
panns,flute,studio,0,0,1,0.700854700855,0.299145299145
panns,french-horn,studio,0,0,0.987951807229,0.168674698795,0.819277108434
panns,oboe,studio,0,0,1,0.151898734177,0.848101265823
panns,trombone,studio,0,0,0.991228070175,0.701754385965,0.289473684211
panns,trumpet,studio,0,0,1,0.230769230769,0.769230769231
panns,tuba,studio,0,0,1,0.370967741935,0.629032258065
panns,viola,studio,0,0,0.990566037736,0.245283018868,0.745283018868
panns,violin,studio,0,0,1,0.821705426357,0.178294573643
panns,bassoon,studio,-5,0,0.927835051546,0.185567010309,0.742268041237
panns,cello,studio,-5,0,0.982608695652,0.0608695652174,0.921739130435
panns,clarinet,studio,-5,0,1,0.441441441441,0.558558558559
panns,double-bass,studio,-5,0,0.991304347826,0.321739130435,0.669565217391
panns,flute,studio,-5,0,1,0.57264957265,0.42735042735
panns,french-horn,studio,-5,0,0.987951807229,0.0722891566265,0.915662650602
panns,oboe,studio,-5,0,1,0.101265822785,0.898734177215
panns,trombone,studio,-5,0,0.991228070175,0.631578947368,0.359649122807
panns,trumpet,studio,-5,0,1,0.215384615385,0.784615384615
panns,tuba,studio,-5,0,1,0.282258064516,0.717741935484
panns,viola,studio,-5,0,0.990566037736,0.150943396226,0.839622641509
panns,violin,studio,-5,0,1,0.744186046512,0.255813953488
panns,bassoon,studio,-10,0,0.927835051546,0.134020618557,0.79381443299
panns,cello,studio,-10,0,0.982608695652,0.0347826086957,0.947826086957
panns,clarinet,studio,-10,0,1,0.378378378378,0.621621621622
panns,double-bass,studio,-10,0,0.991304347826,0.208695652174,0.782608695652
panns,flute,studio,-10,0,1,0.401709401709,0.598290598291
panns,french-horn,studio,-10,0,0.987951807229,0.0602409638554,0.927710843373
panns,oboe,studio,-10,0,1,0.0506329113924,0.949367088608
panns,trombone,studio,-10,0,0.991228070175,0.561403508772,0.429824561404
panns,trumpet,studio,-10,0,1,0.184615384615,0.815384615385
panns,tuba,studio,-10,0,1,0.201612903226,0.798387096774
panns,viola,studio,-10,0,0.990566037736,0.103773584906,0.88679245283
panns,violin,studio,-10,0,1,0.604651162791,0.395348837209
panns,bassoon,studio,50,1,0.927835051546,0.907216494845,0.020618556701
panns,cello,studio,50,1,0.982608695652,0.965217391304,0.0173913043478
panns,clarinet,studio,50,1,1,1,0
panns,double-bass,studio,50,1,0.991304347826,0.991304347826,0
panns,flute,studio,50,1,1,1,0
panns,french-horn,studio,50,1,0.987951807229,0.987951807229,0
panns,oboe,studio,50,1,1,1,0
panns,trombone,studio,50,1,0.991228070175,0.991228070175,0
panns,trumpet,studio,50,1,1,1,0
panns,tuba,studio,50,1,1,1,0
panns,viola,studio,50,1,0.990566037736,0.990566037736,0
panns,violin,studio,50,1,1,1,0
panns,bassoon,studio,40,1,0.927835051546,0.886597938144,0.0412371134021
panns,cello,studio,40,1,0.982608695652,0.965217391304,0.0173913043478
panns,clarinet,studio,40,1,1,0.990990990991,0.00900900900901
panns,double-bass,studio,40,1,0.991304347826,0.991304347826,0
panns,flute,studio,40,1,1,0.991452991453,0.00854700854701
panns,french-horn,studio,40,1,0.987951807229,0.987951807229,0
panns,oboe,studio,40,1,1,1,0
panns,trombone,studio,40,1,0.991228070175,1,-0.00877192982456
panns,trumpet,studio,40,1,1,0.984615384615,0.0153846153846
panns,tuba,studio,40,1,1,0.943548387097,0.0564516129032
panns,viola,studio,40,1,0.990566037736,0.990566037736,0
panns,violin,studio,40,1,1,1,0
panns,bassoon,studio,30,1,0.927835051546,0.79381443299,0.134020618557
panns,cello,studio,30,1,0.982608695652,0.886956521739,0.095652173913
panns,clarinet,studio,30,1,1,0.963963963964,0.036036036036
panns,double-bass,studio,30,1,0.991304347826,0.982608695652,0.00869565217391
panns,flute,studio,30,1,1,0.991452991453,0.00854700854701
panns,french-horn,studio,30,1,0.987951807229,0.915662650602,0.0722891566265
panns,oboe,studio,30,1,1,0.974683544304,0.0253164556962
panns,trombone,studio,30,1,0.991228070175,1,-0.00877192982456
panns,trumpet,studio,30,1,1,0.815384615385,0.184615384615
panns,tuba,studio,30,1,1,0.806451612903,0.193548387097
panns,viola,studio,30,1,0.990566037736,0.971698113208,0.0188679245283
panns,violin,studio,30,1,1,1,0
panns,bassoon,studio,20,1,0.927835051546,0.60824742268,0.319587628866
panns,cello,studio,20,1,0.982608695652,0.573913043478,0.408695652174
panns,clarinet,studio,20,1,1,0.882882882883,0.117117117117
panns,double-bass,studio,20,1,0.991304347826,0.947826086957,0.0434782608696
panns,flute,studio,20,1,1,0.940170940171,0.0598290598291
panns,french-horn,studio,20,1,0.987951807229,0.638554216867,0.349397590361
panns,oboe,studio,20,1,1,0.670886075949,0.329113924051
panns,trombone,studio,20,1,0.991228070175,0.973684210526,0.0175438596491
panns,trumpet,studio,20,1,1,0.646153846154,0.353846153846
panns,tuba,studio,20,1,1,0.741935483871,0.258064516129
panns,viola,studio,20,1,0.990566037736,0.792452830189,0.198113207547
panns,violin,studio,20,1,1,0.968992248062,0.031007751938
panns,bassoon,studio,10,1,0.927835051546,0.443298969072,0.484536082474
panns,cello,studio,10,1,0.982608695652,0.260869565217,0.721739130435
panns,clarinet,studio,10,1,1,0.81981981982,0.18018018018
panns,double-bass,studio,10,1,0.991304347826,0.75652173913,0.234782608696
panns,flute,studio,10,1,1,0.820512820513,0.179487179487
panns,french-horn,studio,10,1,0.987951807229,0.469879518072,0.518072289157
panns,oboe,studio,10,1,1,0.379746835443,0.620253164557
panns,trombone,studio,10,1,0.991228070175,0.859649122807,0.131578947368
panns,trumpet,studio,10,1,1,0.323076923077,0.676923076923
panns,tuba,studio,10,1,1,0.556451612903,0.443548387097
panns,viola,studio,10,1,0.990566037736,0.575471698113,0.415094339623
panns,violin,studio,10,1,1,0.953488372093,0.046511627907
panns,bassoon,studio,0,1,0.927835051546,0.237113402062,0.690721649485
panns,cello,studio,0,1,0.982608695652,0.0608695652174,0.921739130435
panns,clarinet,studio,0,1,1,0.603603603604,0.396396396396
panns,double-bass,studio,0,1,0.991304347826,0.44347826087,0.547826086957
panns,flute,studio,0,1,1,0.675213675214,0.324786324786
panns,french-horn,studio,0,1,0.987951807229,0.265060240964,0.722891566265
panns,oboe,studio,0,1,1,0.151898734177,0.848101265823
panns,trombone,studio,0,1,0.991228070175,0.701754385965,0.289473684211
panns,trumpet,studio,0,1,1,0.2,0.8
panns,tuba,studio,0,1,1,0.33064516129,0.66935483871
panns,viola,studio,0,1,0.990566037736,0.254716981132,0.735849056604
panns,violin,studio,0,1,1,0.790697674419,0.209302325581
panns,bassoon,studio,-5,1,0.927835051546,0.144329896907,0.783505154639
panns,cello,studio,-5,1,0.982608695652,0.0434782608696,0.939130434783
panns,clarinet,studio,-5,1,1,0.522522522523,0.477477477477
panns,double-bass,studio,-5,1,0.991304347826,0.295652173913,0.695652173913
panns,flute,studio,-5,1,1,0.555555555556,0.444444444444
panns,french-horn,studio,-5,1,0.987951807229,0.168674698795,0.819277108434
panns,oboe,studio,-5,1,1,0.101265822785,0.898734177215
panns,trombone,studio,-5,1,0.991228070175,0.666666666667,0.324561403509
panns,trumpet,studio,-5,1,1,0.2,0.8
panns,tuba,studio,-5,1,1,0.241935483871,0.758064516129
panns,viola,studio,-5,1,0.990566037736,0.132075471698,0.858490566038
panns,violin,studio,-5,1,1,0.720930232558,0.279069767442
panns,bassoon,studio,-10,1,0.927835051546,0.113402061856,0.814432989691
panns,cello,studio,-10,1,0.982608695652,0.0347826086957,0.947826086957
panns,clarinet,studio,-10,1,1,0.396396396396,0.603603603604
panns,double-bass,studio,-10,1,0.991304347826,0.182608695652,0.808695652174
panns,flute,studio,-10,1,1,0.444444444444,0.555555555556
panns,french-horn,studio,-10,1,0.987951807229,0.0843373493976,0.903614457831
panns,oboe,studio,-10,1,1,0.0379746835443,0.962025316456
panns,trombone,studio,-10,1,0.991228070175,0.649122807018,0.342105263158
panns,trumpet,studio,-10,1,1,0.184615384615,0.815384615385
panns,tuba,studio,-10,1,1,0.209677419355,0.790322580645
panns,viola,studio,-10,1,0.990566037736,0.0660377358491,0.924528301887
panns,violin,studio,-10,1,1,0.558139534884,0.441860465116
