model,instrument_a,instrument_b,noise_type,replicate,confusion_increase_auc
svm,bassoon,cello,white,0,0.00687285223368
svm,bassoon,clarinet,white,0,0.0268470790378
svm,bassoon,double-bass,white,0,0
svm,bassoon,flute,white,0,0.126718213058
svm,bassoon,french-horn,white,0,0.00816151202749
svm,bassoon,oboe,white,0,-0.0133161512027
svm,bassoon,trombone,white,0,0.100085910653
svm,bassoon,trumpet,white,0,-0.00644329896907
svm,bassoon,tuba,white,0,0
svm,bassoon,viola,white,0,0
svm,bassoon,violin,white,0,0.155713058419
svm,cello,clarinet,white,0,0.0239636375506
svm,cello,double-bass,white,0,-0.00688405797101
svm,cello,flute,white,0,0.147282608696
svm,cello,french-horn,white,0,0
svm,cello,oboe,white,0,0
svm,cello,trombone,white,0,0
svm,cello,trumpet,white,0,0.00688405797101
svm,cello,tuba,white,0,0.0218413978495
svm,cello,viola,white,0,0.0036231884058
svm,cello,violin,white,0,0.167500842602
svm,clarinet,double-bass,white,0,0.0652173913043
svm,clarinet,flute,white,0,0.248541811042
svm,clarinet,french-horn,white,0,0.0368975903614
svm,clarinet,oboe,white,0,0.0361286919831
svm,clarinet,trombone,white,0,0.0387426900585
svm,clarinet,trumpet,white,0,0.0413808038808
svm,clarinet,tuba,white,0,0.100806451613
svm,clarinet,viola,white,0,0.0204402515723
svm,clarinet,violin,white,0,0.0975277603185
svm,double-bass,flute,white,0,0.249637681159
svm,double-bass,french-horn,white,0,0
svm,double-bass,oboe,white,0,0
svm,double-bass,trombone,white,0,0
svm,double-bass,trumpet,white,0,0.0018115942029
svm,double-bass,tuba,white,0,0.000672043010753
svm,double-bass,viola,white,0,0.00253623188406
svm,double-bass,violin,white,0,0.0997472194135
svm,flute,french-horn,white,0,0.100652610442
svm,flute,oboe,white,0,0.340189873418
svm,flute,trombone,white,0,0.117872807018
svm,flute,trumpet,white,0,0.18952991453
svm,flute,tuba,white,0,0.201948924731
svm,flute,viola,white,0,0.233687106918
svm,flute,violin,white,0,0.179139336116
svm,french-horn,oboe,white,0,-0.00632911392405
svm,french-horn,trombone,white,0,0.00652610441767
svm,french-horn,trumpet,white,0,0.0103181958604
svm,french-horn,tuba,white,0,0.00336021505376
svm,french-horn,viola,white,0,0.00157232704403
svm,french-horn,violin,white,0,0.206827309237
svm,oboe,trombone,white,0,0
svm,oboe,trumpet,white,0,-0.00905550146056
svm,oboe,tuba,white,0,0
svm,oboe,viola,white,0,-0.00580168776371
svm,oboe,violin,white,0,0.0799050632911
svm,trombone,trumpet,white,0,0.0645552181736
svm,trombone,tuba,white,0,0.0221774193548
svm,trombone,viola,white,0,0
svm,trombone,violin,white,0,0.0950292397661
svm,trumpet,tuba,white,0,0.00168010752688
svm,trumpet,viola,white,0,0.0161163522013
svm,trumpet,violin,white,0,0.120878056052
svm,tuba,viola,white,0,0.00403225806452
svm,tuba,violin,white,0,0.0994623655914
svm,viola,violin,white,0,0.128341194969
svm,bassoon,cello,white,1,0.00601374570447
svm,bassoon,clarinet,white,1,0.0307130584192
svm,bassoon,double-bass,white,1,0
svm,bassoon,flute,white,1,0.124785223368
svm,bassoon,french-horn,white,1,0.00987972508591
svm,bassoon,oboe,white,1,-0.0133161512027
svm,bassoon,trombone,white,1,0.0957903780069
svm,bassoon,trumpet,white,1,-0.00601374570447
svm,bassoon,tuba,white,1,0
svm,bassoon,viola,white,1,0
svm,bassoon,violin,white,1,0.156786941581
svm,cello,clarinet,white,1,0.0246882752318
svm,cello,double-bass,white,1,-0.00615942028986
svm,cello,flute,white,1,0.149094202899
svm,cello,french-horn,white,1,0
svm,cello,oboe,white,1,0
svm,cello,trombone,white,1,0
svm,cello,trumpet,white,1,0.00652173913043
svm,cello,tuba,white,1,0.0252016129032
svm,cello,viola,white,1,0.00434782608696
svm,cello,violin,white,1,0.163153016515
svm,clarinet,double-bass,white,1,0.0657608695652
svm,clarinet,flute,white,1,0.245351120351
svm,clarinet,french-horn,white,1,0.0363955823293
svm,clarinet,oboe,white,1,0.0350738396624
svm,clarinet,trombone,white,1,0.0423976608187
svm,clarinet,trumpet,white,1,0.0406935781936
svm,clarinet,tuba,white,1,0.101478494624
svm,clarinet,viola,white,1,0.0208333333333
svm,clarinet,violin,white,1,0.0992169495076
svm,double-bass,flute,white,1,0.253623188406
svm,double-bass,french-horn,white,1,0
svm,double-bass,oboe,white,1,0
svm,double-bass,trombone,white,1,0
svm,double-bass,trumpet,white,1,0.00163043478261
svm,double-bass,tuba,white,1,0.000672043010753
svm,double-bass,viola,white,1,0.00253623188406
svm,double-bass,violin,white,1,0.0953993933266
svm,flute,french-horn,white,1,0.103915662651
svm,flute,oboe,white,1,0.342827004219
svm,flute,trombone,white,1,0.119883040936
svm,flute,trumpet,white,1,0.188710826211
svm,flute,tuba,white,1,0.199596774194
svm,flute,viola,white,1,0.23820754717
svm,flute,violin,white,1,0.171975419068
svm,french-horn,oboe,white,1,-0.00632911392405
svm,french-horn,trombone,white,1,0.00652610441767
svm,french-horn,trumpet,white,1,0.0103181958604
svm,french-horn,tuba,white,1,0.00302419354839
svm,french-horn,viola,white,1,0.00157232704403
svm,french-horn,violin,white,1,0.20406626506
svm,oboe,trombone,white,1,0
svm,oboe,trumpet,white,1,-0.0106377799416
svm,oboe,tuba,white,1,0
svm,oboe,viola,white,1,-0.00632911392405
svm,oboe,violin,white,1,0.0809599156118
svm,trombone,trumpet,white,1,0.0651962438147
svm,trombone,tuba,white,1,0.020497311828
svm,trombone,viola,white,1,0
svm,trombone,violin,white,1,0.0948464912281
svm,trumpet,tuba,white,1,0.00100806451613
svm,trumpet,viola,white,1,0.0133647798742
svm,trumpet,violin,white,1,0.12377757901
svm,tuba,viola,white,1,0.00336021505376
svm,tuba,violin,white,1,0.100806451613
svm,viola,violin,white,1,0.127751572327
svm,bassoon,cello,audience,0,0.0181271477663
svm,bassoon,clarinet,audience,0,0.102796740039
svm,bassoon,double-bass,audience,0,0.0152622142537
svm,bassoon,flute,audience,0,0.00703990072547
svm,bassoon,french-horn,audience,0,0.0254497370927
svm,bassoon,oboe,audience,0,-0.0111683848797
svm,bassoon,trombone,audience,0,0.022155905227
svm,bassoon,trumpet,audience,0,-0.00282844303463
svm,bassoon,tuba,audience,0,0.0042002688172
svm,bassoon,viola,audience,0,0.0134904039422
svm,bassoon,violin,audience,0,0.0250322997416
svm,cello,clarinet,audience,0,0.0698132915524
svm,cello,double-bass,audience,0,0.0527173913043
svm,cello,flute,audience,0,0.0162331227549
svm,cello,french-horn,audience,0,0.015813253012
svm,cello,oboe,audience,0,0.01555907173
svm,cello,trombone,audience,0,0.0109426646326
svm,cello,trumpet,audience,0,0.0105211817168
svm,cello,tuba,audience,0,0.0605627629734
svm,cello,viola,audience,0,0.0247026251025
svm,cello,violin,audience,0,0.0441200426918
svm,clarinet,double-bass,audience,0,0.0702131479305
svm,clarinet,flute,audience,0,0.0793437668438
svm,clarinet,french-horn,audience,0,0.0645690871594
svm,clarinet,oboe,audience,0,0.145153856388
svm,clarinet,trombone,audience,0,0.0851904536115
svm,clarinet,trumpet,audience,0,0.119672557173
svm,clarinet,tuba,audience,0,0.0882056451613
svm,clarinet,viola,audience,0,0.0456984106748
svm,clarinet,violin,audience,0,0.0558523639919
svm,double-bass,flute,audience,0,0.0109082744952
svm,double-bass,french-horn,audience,0,0.0190763052209
svm,double-bass,oboe,audience,0,0.00659282700422
svm,double-bass,trombone,audience,0,0.0126096491228
svm,double-bass,trumpet,audience,0,0.007497212932
svm,double-bass,tuba,audience,0,0.117439516129
svm,double-bass,viola,audience,0,0.0431996855346
svm,double-bass,violin,audience,0,0.0242121671722
svm,flute,french-horn,audience,0,0.0109304740329
svm,flute,oboe,audience,0,0.0738757257745
svm,flute,trombone,audience,0,0.00400641025641
svm,flute,trumpet,audience,0,0.0446225071225
svm,flute,tuba,audience,0,0.00957661290323
svm,flute,viola,audience,0,0.0347709374832
svm,flute,violin,audience,0,0.022009375207
svm,french-horn,oboe,audience,0,-0.00580168776371
svm,french-horn,trombone,audience,0,0.00650408652152
svm,french-horn,trumpet,audience,0,0.0244014519617
svm,french-horn,tuba,audience,0,0.00806451612903
svm,french-horn,viola,audience,0,0.0130853603092
svm,french-horn,violin,audience,0,0.0362710532051
svm,oboe,trombone,audience,0,0.00158227848101
svm,oboe,trumpet,audience,0,0.01579438494
svm,oboe,tuba,audience,0,0
svm,oboe,viola,audience,0,0.0214229559748
svm,oboe,violin,audience,0,0.00660918130376
svm,trombone,trumpet,audience,0,0.051655982906
svm,trombone,tuba,audience,0,0.00777270797963
svm,trombone,viola,audience,0,0.00913742690058
svm,trombone,violin,audience,0,0.0227925676595
svm,trumpet,tuba,audience,0,0.00168010752688
svm,trumpet,viola,audience,0,0.0106827527818
svm,trumpet,violin,audience,0,0.0240707612801
svm,tuba,viola,audience,0,0.0233534946237
svm,tuba,violin,audience,0,0.00184811827957
svm,viola,violin,audience,0,0.0562701111599
svm,bassoon,cello,audience,1,0.0136709995518
svm,bassoon,clarinet,audience,1,0.0884318596947
svm,bassoon,double-bass,audience,1,0.0193896608397
svm,bassoon,flute,audience,1,0.00722347049667
svm,bassoon,french-horn,audience,1,0.0246682606716
svm,bassoon,oboe,audience,1,-0.0107388316151
svm,bassoon,trombone,audience,1,0.0174684994273
svm,bassoon,trumpet,audience,1,-0.000122257467618
svm,bassoon,tuba,audience,1,0.00676719598714
svm,bassoon,viola,audience,1,0.0131702651884
svm,bassoon,violin,audience,1,0.0160632941741
svm,cello,clarinet,audience,1,0.0695848021935
svm,cello,double-bass,audience,1,0.0548913043478
svm,cello,flute,audience,1,0.0156648705562
svm,cello,french-horn,audience,1,0.0150602409639
svm,cello,oboe,audience,1,0.0202394056136
svm,cello,trombone,audience,1,0.0102227943046
svm,cello,trumpet,audience,1,0.0179208472687
svm,cello,tuba,audience,1,0.0740927419355
svm,cello,viola,audience,1,0.0157642876675
svm,cello,violin,audience,1,0.050584204022
svm,clarinet,double-bass,audience,1,0.0498318971145
svm,clarinet,flute,audience,1,0.110957110957
svm,clarinet,french-horn,audience,1,0.0871571873078
svm,clarinet,oboe,audience,1,0.144322328658
svm,clarinet,trombone,audience,1,0.082271416153
svm,clarinet,trumpet,audience,1,0.0950421575422
svm,clarinet,tuba,audience,1,0.0782930107527
svm,clarinet,viola,audience,1,0.0465908125106
svm,clarinet,violin,audience,1,0.055603568685
svm,double-bass,flute,audience,1,0.0152561005822
svm,double-bass,french-horn,audience,1,0.00652610441767
svm,double-bass,oboe,audience,1,0.00105485232068
svm,double-bass,trombone,audience,1,0.00986842105263
svm,double-bass,trumpet,audience,1,0.00790133779264
svm,double-bass,tuba,audience,1,0.102331697055
svm,double-bass,viola,audience,1,0.0396482772765
svm,double-bass,violin,audience,1,0.0233850129199
svm,flute,french-horn,audience,1,0.00476907630522
svm,flute,oboe,audience,1,0.0537591510693
svm,flute,trombone,audience,1,0.0126096491228
svm,flute,trumpet,audience,1,0.0290598290598
svm,flute,tuba,audience,1,0.00487231182796
svm,flute,viola,audience,1,0.0446685346449
svm,flute,violin,audience,1,0.0283533757371
svm,french-horn,oboe,audience,1,-0.00580168776371
svm,french-horn,trombone,audience,1,0.00244618826182
svm,french-horn,trumpet,audience,1,0.0152957985789
svm,french-horn,tuba,audience,1,0.00672043010753
svm,french-horn,viola,audience,1,0.0115793362128
svm,french-horn,violin,audience,1,0.0322900127642
svm,oboe,trombone,audience,1,0.00210970464135
svm,oboe,trumpet,audience,1,0.0138550795196
svm,oboe,tuba,audience,1,0
svm,oboe,viola,audience,1,0.00738396624473
svm,oboe,violin,audience,1,0.0118670886076
svm,trombone,trumpet,audience,1,0.0501152721547
svm,trombone,tuba,audience,1,0.00841527541973
svm,trombone,viola,audience,1,0.00822368421053
svm,trombone,violin,audience,1,0.0239655582755
svm,trumpet,tuba,audience,1,0
svm,trumpet,viola,audience,1,0.0142809627479
svm,trumpet,violin,audience,1,0.0175089445438
svm,tuba,viola,audience,1,0.0161290322581
svm,tuba,violin,audience,1,0.00487231182796
svm,viola,violin,audience,1,0.0565138827946
svm,bassoon,cello,studio,0,0.0191151202749
svm,bassoon,clarinet,studio,0,0.0962199312715
svm,bassoon,double-bass,studio,0,0.0584192439863
svm,bassoon,flute,studio,0,0.0158934707904
svm,bassoon,french-horn,studio,0,0.0126769966464
svm,bassoon,oboe,studio,0,-0.0111683848797
svm,bassoon,trombone,studio,0,0.00601374570447
svm,bassoon,trumpet,studio,0,-0.0120274914089
svm,bassoon,tuba,studio,0,0
svm,bassoon,viola,studio,0,0.00773195876289
svm,bassoon,violin,studio,0,0.0115979381443
svm,cello,clarinet,studio,0,0.112563650607
svm,cello,double-bass,studio,0,0.0789855072464
svm,cello,flute,studio,0,0.0394617862009
svm,cello,french-horn,studio,0,0.0306224899598
svm,cello,oboe,studio,0,0.0537974683544
svm,cello,trombone,studio,0,0.0107821637427
svm,cello,trumpet,studio,0,0.0285256410256
svm,cello,tuba,studio,0,0.0139448924731
svm,cello,viola,studio,0,0.0235490155865
svm,cello,violin,studio,0,0.0313799011347
svm,clarinet,double-bass,studio,0,0.0764247943596
svm,clarinet,flute,studio,0,0.129841379841
svm,clarinet,french-horn,studio,0,0.109498806035
svm,clarinet,oboe,studio,0,0.18579655605
svm,clarinet,trombone,studio,0,0.122441520468
svm,clarinet,trumpet,studio,0,0.115604065604
svm,clarinet,tuba,studio,0,0.0803091397849
svm,clarinet,viola,studio,0,0.0844364411581
svm,clarinet,violin,studio,0,0.0805791256373
svm,double-bass,flute,studio,0,0.0253607704695
svm,double-bass,french-horn,studio,0,0.0341365461847
svm,double-bass,oboe,studio,0,0.00210970464135
svm,double-bass,trombone,studio,0,0.0325292397661
svm,double-bass,trumpet,studio,0,0.0182692307692
svm,double-bass,tuba,studio,0,0.169858870968
svm,double-bass,viola,studio,0,0.0240172955975
svm,double-bass,violin,studio,0,0.0235788113695
svm,flute,french-horn,studio,0,0.0145582329317
svm,flute,oboe,studio,0,0.0735759493671
svm,flute,trombone,studio,0,0.0228435672515
svm,flute,trumpet,studio,0,0.0338675213675
svm,flute,tuba,studio,0,0.0085685483871
svm,flute,viola,studio,0,0.0324997984196
svm,flute,violin,studio,0,0.0400475385941
svm,french-horn,oboe,studio,0,-0.00474683544304
svm,french-horn,trombone,studio,0,0.00370120834214
svm,french-horn,trumpet,studio,0,0.0135542168675
svm,french-horn,tuba,studio,0,0.00756048387097
svm,french-horn,viola,studio,0,0.00379821171478
svm,french-horn,violin,studio,0,0.0230923694779
svm,oboe,trombone,studio,0,0
svm,oboe,trumpet,studio,0,-0.00566374553716
svm,oboe,tuba,studio,0,0
svm,oboe,viola,studio,0,0.0108122362869
svm,oboe,violin,studio,0,0.00527426160338
svm,trombone,trumpet,studio,0,0.0478520017994
svm,trombone,tuba,studio,0,0.00201612903226
svm,trombone,viola,studio,0,0.00456871345029
svm,trombone,violin,studio,0,0.0182748538012
svm,trumpet,tuba,studio,0,0
svm,trumpet,viola,studio,0,0.00687590711176
svm,trumpet,violin,studio,0,0.0102564102564
svm,tuba,viola,studio,0,0.00588037634409
svm,tuba,violin,studio,0,0.00436827956989
svm,viola,violin,studio,0,0.0631399005412
svm,bassoon,cello,studio,1,0.0294243986254
svm,bassoon,clarinet,studio,1,0.0975085910653
svm,bassoon,double-bass,studio,1,0.051116838488
svm,bassoon,flute,studio,1,0.0148195876289
svm,bassoon,french-horn,studio,1,0.0154690928663
svm,bassoon,oboe,studio,1,-0.0109726390883
svm,bassoon,trombone,studio,1,0.0058856333273
svm,bassoon,trumpet,studio,1,-0.0137457044674
svm,bassoon,tuba,studio,1,0.000672043010753
svm,bassoon,viola,studio,1,0.00365120274914
svm,bassoon,violin,studio,1,0.0227663230241
svm,cello,clarinet,studio,1,0.110732471602
svm,cello,double-bass,studio,1,0.0884057971014
svm,cello,flute,studio,1,0.0351758949585
svm,cello,french-horn,studio,1,0.0341365461847
svm,cello,oboe,studio,1,0.04694092827
svm,cello,trombone,studio,1,0.00566520467836
svm,cello,trumpet,studio,1,0.0387820512821
svm,cello,tuba,studio,1,0.0124327956989
svm,cello,viola,studio,1,0.0281890894176
svm,cello,violin,studio,1,0.0258187282328
svm,clarinet,double-bass,studio,1,0.0796791356574
svm,clarinet,flute,studio,1,0.165569415569
svm,clarinet,french-horn,studio,1,0.0921184738956
svm,clarinet,oboe,studio,1,0.191857205307
svm,clarinet,trombone,studio,1,0.123923265371
svm,clarinet,trumpet,studio,1,0.115384615385
svm,clarinet,tuba,studio,1,0.0757728494624
svm,clarinet,viola,studio,1,0.0950514193439
svm,clarinet,violin,studio,1,0.0847780920455
svm,double-bass,flute,studio,1,0.0197696023783
svm,double-bass,french-horn,studio,1,0.0336345381526
svm,double-bass,oboe,studio,1,0.00738396624473
svm,double-bass,trombone,studio,1,0.0266812865497
svm,double-bass,trumpet,studio,1,0.0157051282051
svm,double-bass,tuba,studio,1,0.181800783076
svm,double-bass,viola,studio,1,0.0224569319114
svm,double-bass,violin,studio,1,0.0285417368835
svm,flute,french-horn,studio,1,0.0122991967871
svm,flute,oboe,studio,1,0.0588080168776
svm,flute,trombone,studio,1,0.0241228070175
svm,flute,trumpet,studio,1,0.0310897435897
svm,flute,tuba,studio,1,0.00924059139785
svm,flute,viola,studio,1,0.023951110036
svm,flute,violin,studio,1,0.039409825747
svm,french-horn,oboe,studio,1,-0.00474683544304
svm,french-horn,trombone,studio,1,0.00379588529557
svm,french-horn,trumpet,studio,1,0.0170682730924
svm,french-horn,tuba,studio,1,0.00537634408602
svm,french-horn,viola,studio,1,0.00376506024096
svm,french-horn,violin,studio,1,0.015795741104
svm,oboe,trombone,studio,1,0
svm,oboe,trumpet,studio,1,-0.00694579681921
svm,oboe,tuba,studio,1,0
svm,oboe,viola,studio,1,0.0105485232068
svm,oboe,violin,studio,1,0.0102848101266
svm,trombone,trumpet,studio,1,0.0438259109312
svm,trombone,tuba,studio,1,0.00268817204301
svm,trombone,viola,studio,1,0.00493421052632
svm,trombone,violin,studio,1,0.0164473684211
svm,trumpet,tuba,studio,1,0
svm,trumpet,viola,studio,1,0.0126149008224
svm,trumpet,violin,studio,1,0.0102564102564
svm,tuba,viola,studio,1,0.00403225806452
svm,tuba,violin,studio,1,0.00184811827957
svm,viola,violin,studio,1,0.0745392716104
cnn,bassoon,cello,white,0,0.0135327954579
cnn,bassoon,clarinet,white,0,0
cnn,bassoon,double-bass,white,0,0.11972583296
cnn,bassoon,flute,white,0,0.0214776632302
cnn,bassoon,french-horn,white,0,-0.0159141721525
cnn,bassoon,oboe,white,0,-0.0257731958763
cnn,bassoon,trombone,white,0,0.119935793091
cnn,bassoon,trumpet,white,0,-0.00515463917526
cnn,bassoon,tuba,white,0,0.000672043010753
cnn,bassoon,viola,white,0,0
cnn,bassoon,violin,white,0,0.0338181624444
cnn,cello,clarinet,white,0,0
cnn,cello,double-bass,white,0,0.139492753623
cnn,cello,flute,white,0,0.00724637681159
cnn,cello,french-horn,white,0,0.0486947791165
cnn,cello,oboe,white,0,0.0137130801688
cnn,cello,trombone,white,0,0.0990083905416
cnn,cello,trumpet,white,0,0
cnn,cello,tuba,white,0,0.00201612903226
cnn,cello,viola,white,0,0
cnn,cello,violin,white,0,0.0736293674868
cnn,clarinet,double-bass,white,0,0.0315315315315
cnn,clarinet,flute,white,0,0.000712250712251
cnn,clarinet,french-horn,white,0,0.00602409638554
cnn,clarinet,oboe,white,0,0
cnn,clarinet,trombone,white,0,0.100521574206
cnn,clarinet,trumpet,white,0,0.0294871794872
cnn,clarinet,tuba,white,0,0.00134408602151
cnn,clarinet,viola,white,0,0
cnn,clarinet,violin,white,0,0.109958796005
cnn,double-bass,flute,white,0,0.0391861761427
cnn,double-bass,french-horn,white,0,0.0926335777894
cnn,double-bass,oboe,white,0,0.0559071729958
cnn,double-bass,trombone,white,0,0.129268370201
cnn,double-bass,trumpet,white,0,0.0705128205128
cnn,double-bass,tuba,white,0,0.194892473118
cnn,double-bass,viola,white,0,0.00471698113208
cnn,double-bass,violin,white,0,0.18109762948
cnn,flute,french-horn,white,0,0.0512048192771
cnn,flute,oboe,white,0,0.144514767932
cnn,flute,trombone,white,0,0.0536156095367
cnn,flute,trumpet,white,0,0.00128205128205
cnn,flute,tuba,white,0,0.00537634408602
cnn,flute,viola,white,0,0.0546383647799
cnn,flute,violin,white,0,0.12747217253
cnn,french-horn,oboe,white,0,0.000527426160338
cnn,french-horn,trombone,white,0,0.139729972522
cnn,french-horn,trumpet,white,0,0.0025641025641
cnn,french-horn,tuba,white,0,0.0262096774194
cnn,french-horn,viola,white,0,-0.000982704402516
cnn,french-horn,violin,white,0,0.0293674698795
cnn,oboe,trombone,white,0,0.0559071729958
cnn,oboe,trumpet,white,0,0
cnn,oboe,tuba,white,0,0
cnn,oboe,viola,white,0,0.00632911392405
cnn,oboe,violin,white,0,0.148734177215
cnn,trombone,trumpet,white,0,0.226602564103
cnn,trombone,tuba,white,0,0.229670698925
cnn,trombone,viola,white,0,0.0249606918239
cnn,trombone,violin,white,0,0.0731206650347
cnn,trumpet,tuba,white,0,0
cnn,trumpet,viola,white,0,0
cnn,trumpet,violin,white,0,0.1375
cnn,tuba,viola,white,0,0
cnn,tuba,violin,white,0,0.0357862903226
cnn,viola,violin,white,0,0.158411949686
cnn,bassoon,cello,white,1,0.00937173165994
cnn,bassoon,clarinet,white,1,0.00085910652921
cnn,bassoon,double-bass,white,1,0.117148513372
cnn,bassoon,flute,white,1,0.0214776632302
cnn,bassoon,french-horn,white,1,-0.0127623897652
cnn,bassoon,oboe,white,1,-0.0257731958763
cnn,bassoon,trombone,white,1,0.121868782782
cnn,bassoon,trumpet,white,1,-0.00515463917526
cnn,bassoon,tuba,white,1,0.00134408602151
cnn,bassoon,viola,white,1,0.00085910652921
cnn,bassoon,violin,white,1,0.0366102586643
cnn,cello,clarinet,white,1,0
cnn,cello,double-bass,white,1,0.140217391304
cnn,cello,flute,white,1,0.00579710144928
cnn,cello,french-horn,white,1,0.0486947791165
cnn,cello,oboe,white,1,0.0137130801688
cnn,cello,trombone,white,1,0.0962782862954
cnn,cello,trumpet,white,1,0
cnn,cello,tuba,white,1,0.00201612903226
cnn,cello,viola,white,1,0
cnn,cello,violin,white,1,0.0775601056061
cnn,clarinet,double-bass,white,1,0.03003003003
cnn,clarinet,flute,white,1,0.000712250712251
cnn,clarinet,french-horn,white,1,0.00602409638554
cnn,clarinet,oboe,white,1,0
cnn,clarinet,trombone,white,1,0.0982693219535
cnn,clarinet,trumpet,white,1,0.0339743589744
cnn,clarinet,tuba,white,1,0.00134408602151
cnn,clarinet,viola,white,1,0
cnn,clarinet,violin,white,1,0.111783294923
cnn,double-bass,flute,white,1,0.034188034188
cnn,double-bass,french-horn,white,1,0.098657674175
cnn,double-bass,oboe,white,1,0.0495780590717
cnn,double-bass,trombone,white,1,0.129099923722
cnn,double-bass,trumpet,white,1,0.075641025641
cnn,double-bass,tuba,white,1,0.197580645161
cnn,double-bass,viola,white,1,0.00393081761006
cnn,double-bass,violin,white,1,0.184255982474
cnn,flute,french-horn,white,1,0.0489050217966
cnn,flute,oboe,white,1,0.151898734177
cnn,flute,trombone,white,1,0.0528846153846
cnn,flute,trumpet,white,1,0.00128205128205
cnn,flute,tuba,white,1,0.00403225806452
cnn,flute,viola,white,1,0.0554245283019
cnn,flute,violin,white,1,0.133948684821
cnn,french-horn,oboe,white,1,0.000527426160338
cnn,french-horn,trombone,white,1,0.135484922145
cnn,french-horn,trumpet,white,1,0.00128205128205
cnn,french-horn,tuba,white,1,0.0252016129032
cnn,french-horn,viola,white,1,0.000393081761006
cnn,french-horn,violin,white,1,0.0306224899598
cnn,oboe,trombone,white,1,0.0548523206751
cnn,oboe,trumpet,white,1,0
cnn,oboe,tuba,white,1,0
cnn,oboe,viola,white,1,0.0042194092827
cnn,oboe,violin,white,1,0.151898734177
cnn,trombone,trumpet,white,1,0.224038461538
cnn,trombone,tuba,white,1,0.226646505376
cnn,trombone,viola,white,1,0.0239779874214
cnn,trombone,violin,white,1,0.0714334285326
cnn,trumpet,tuba,white,1,0
cnn,trumpet,viola,white,1,0
cnn,trumpet,violin,white,1,0.131730769231
cnn,tuba,viola,white,1,0
cnn,tuba,violin,white,1,0.0378024193548
cnn,viola,violin,white,1,0.161163522013
cnn,bassoon,cello,audience,0,0.0203253399074
cnn,bassoon,clarinet,audience,0,0.0240549828179
cnn,bassoon,double-bass,audience,0,0.0787707306141
cnn,bassoon,flute,audience,0,0.0115979381443
cnn,bassoon,french-horn,audience,0,-0.0106819028692
cnn,bassoon,oboe,audience,0,-0.018049393188
cnn,bassoon,trombone,audience,0,0.023410652921
cnn,bassoon,trumpet,audience,0,-0.000644329896907
cnn,bassoon,tuba,audience,0,0
cnn,bassoon,viola,audience,0,0.00085910652921
cnn,bassoon,violin,audience,0,0.0693745171688
cnn,cello,clarinet,audience,0,0.00570080950516
cnn,cello,double-bass,audience,0,0.0724637681159
cnn,cello,flute,audience,0,0.0199708906231
cnn,cello,french-horn,audience,0,0.0399096385542
cnn,cello,oboe,audience,0,0.0221518987342
cnn,cello,trombone,audience,0,0.0259979659293
cnn,cello,trumpet,audience,0,0
cnn,cello,tuba,audience,0,0
cnn,cello,viola,audience,0,0.00199275362319
cnn,cello,violin,audience,0,0.0872247500281
cnn,clarinet,double-bass,audience,0,0.0108858858859
cnn,clarinet,flute,audience,0,0.00690113190113
cnn,clarinet,french-horn,audience,0,0.0193273092369
cnn,clarinet,oboe,audience,0,0.012957577831
cnn,clarinet,trombone,audience,0,0.0497569938359
cnn,clarinet,trumpet,audience,0,0.0488680988681
cnn,clarinet,tuba,audience,0,0.0206653225806
cnn,clarinet,viola,audience,0,0.000750750750751
cnn,clarinet,violin,audience,0,0.0863188770166
cnn,double-bass,flute,audience,0,0.0311826458566
cnn,double-bass,french-horn,audience,0,0.0660140562249
cnn,double-bass,oboe,audience,0,0.0134493670886
cnn,double-bass,trombone,audience,0,0.0525346427663
cnn,double-bass,trumpet,audience,0,0.0339743589744
cnn,double-bass,tuba,audience,0,0.151209677419
cnn,double-bass,viola,audience,0,0.00235849056604
cnn,double-bass,violin,audience,0,0.126565835299
cnn,flute,french-horn,audience,0,0.0148242542821
cnn,flute,oboe,audience,0,0.0216650438169
cnn,flute,trombone,audience,0,0.0160396986055
cnn,flute,trumpet,audience,0,0
cnn,flute,tuba,audience,0,0.0070564516129
cnn,flute,viola,audience,0,0.0173913481697
cnn,flute,violin,audience,0,0.0718710660571
cnn,french-horn,oboe,audience,0,0.000791139240506
cnn,french-horn,trombone,audience,0,0.0649858204749
cnn,french-horn,trumpet,audience,0,0.00803212851406
cnn,french-horn,tuba,audience,0,0.000672043010753
cnn,french-horn,viola,audience,0,0.00283681897401
cnn,french-horn,violin,audience,0,0.054718875502
cnn,oboe,trombone,audience,0,0.00764767932489
cnn,oboe,trumpet,audience,0,0.00131856540084
cnn,oboe,tuba,audience,0,0
cnn,oboe,viola,audience,0,0.0139767932489
cnn,oboe,violin,audience,0,0.163238396624
cnn,trombone,trumpet,audience,0,0.0539811066127
cnn,trombone,tuba,audience,0,0.0930779569892
cnn,trombone,viola,audience,0,0.00293432086506
cnn,trombone,violin,audience,0,0.0491338569291
cnn,trumpet,tuba,audience,0,0.00268817204301
cnn,trumpet,viola,audience,0,0
cnn,trumpet,violin,audience,0,0.0958407871199
cnn,tuba,viola,audience,0,0
cnn,tuba,violin,audience,0,0.0408266129032
cnn,viola,violin,audience,0,0.0847517795329
cnn,bassoon,cello,audience,1,0.0157347228448
cnn,bassoon,clarinet,audience,1,0.0304982817869
cnn,bassoon,double-bass,audience,1,0.0718978783804
cnn,bassoon,flute,audience,1,0.00536941580756
cnn,bassoon,french-horn,audience,1,-0.0060525607585
cnn,bassoon,oboe,audience,1,-0.0187045978511
cnn,bassoon,trombone,audience,1,0.0224234340146
cnn,bassoon,trumpet,audience,1,-0.00107388316151
cnn,bassoon,tuba,audience,1,0
cnn,bassoon,viola,audience,1,0.00171821305842
cnn,bassoon,violin,audience,1,0.0578731452623
cnn,cello,clarinet,audience,1,0.00295077686382
cnn,cello,double-bass,audience,1,0.0835144927536
cnn,cello,flute,audience,1,0.0196240554936
cnn,cello,french-horn,audience,1,0.0318775100402
cnn,cello,oboe,audience,1,0.0208333333333
cnn,cello,trombone,audience,1,0.0159610983982
cnn,cello,trumpet,audience,1,0
cnn,cello,tuba,audience,1,0
cnn,cello,viola,audience,1,0.00199275362319
cnn,cello,violin,audience,1,0.08028592293
cnn,clarinet,double-bass,audience,1,0.0178042172607
cnn,clarinet,flute,audience,1,0.0166657041657
cnn,clarinet,french-horn,audience,1,0.0220883534137
cnn,clarinet,oboe,audience,1,0.013667940092
cnn,clarinet,trombone,audience,1,0.0565384463411
cnn,clarinet,trumpet,audience,1,0.045302032802
cnn,clarinet,tuba,audience,1,0.0179771505376
cnn,clarinet,viola,audience,1,0
cnn,clarinet,violin,audience,1,0.0815437530554
cnn,double-bass,flute,audience,1,0.0361931747801
cnn,double-bass,french-horn,audience,1,0.0650100401606
cnn,double-bass,oboe,audience,1,0.0131856540084
cnn,double-bass,trombone,audience,1,0.0514206712433
cnn,double-bass,trumpet,audience,1,0.0288461538462
cnn,double-bass,tuba,audience,1,0.133762856475
cnn,double-bass,viola,audience,1,0.00588084495488
cnn,double-bass,violin,audience,1,0.104646949781
cnn,flute,french-horn,audience,1,0.0105743486768
cnn,flute,oboe,audience,1,0.0145042194093
cnn,flute,trombone,audience,1,0.0113350952167
cnn,flute,trumpet,audience,1,0.000961538461538
cnn,flute,tuba,audience,1,0.00621639784946
cnn,flute,viola,audience,1,0.020826613987
cnn,flute,violin,audience,1,0.0861160803021
cnn,french-horn,oboe,audience,1,0.000791139240506
cnn,french-horn,trombone,audience,1,0.044881279504
cnn,french-horn,trumpet,audience,1,0.00476907630522
cnn,french-horn,tuba,audience,1,0.00100806451613
cnn,french-horn,viola,audience,1,0.00305467151625
cnn,french-horn,violin,audience,1,0.0569779116466
cnn,oboe,trombone,audience,1,0.00527426160338
cnn,oboe,trumpet,audience,1,0.00271421616358
cnn,oboe,tuba,audience,1,0
cnn,oboe,viola,audience,1,0.01555907173
cnn,oboe,violin,audience,1,0.159546413502
cnn,trombone,trumpet,audience,1,0.0461960188934
cnn,trombone,tuba,audience,1,0.0927419354839
cnn,trombone,viola,audience,1,0.0042687300011
cnn,trombone,violin,audience,1,0.062992996056
cnn,trumpet,tuba,audience,1,0.00235215053763
cnn,trumpet,viola,audience,1,0.000961538461538
cnn,trumpet,violin,audience,1,0.104976644802
cnn,tuba,viola,audience,1,0
cnn,tuba,violin,audience,1,0.0386424731183
cnn,viola,violin,audience,1,0.102736031885
cnn,bassoon,cello,studio,0,0.041238981025
cnn,bassoon,clarinet,studio,0,0.0231958762887
cnn,bassoon,double-bass,studio,0,0.105335798596
cnn,bassoon,flute,studio,0,0.0231958762887
cnn,bassoon,french-horn,studio,0,-0.00662184821761
cnn,bassoon,oboe,studio,0,-0.0182750445865
cnn,bassoon,trombone,studio,0,0.00983827696389
cnn,bassoon,trumpet,studio,0,-0.00386597938144
cnn,bassoon,tuba,studio,0,0.00201612903226
cnn,bassoon,viola,studio,0,0.0107388316151
cnn,bassoon,violin,studio,0,0.0329607208503
cnn,cello,clarinet,studio,0,0.023460960961
cnn,cello,double-bass,studio,0,0.121557971014
cnn,cello,flute,studio,0,0.0563699987613
cnn,cello,french-horn,studio,0,0.0460428671207
cnn,cello,oboe,studio,0,0.0569620253165
cnn,cello,trombone,studio,0,0.0076468344775
cnn,cello,trumpet,studio,0,0.00128205128205
cnn,cello,tuba,studio,0,0.00134408602151
cnn,cello,viola,studio,0,0.0296605824446
cnn,cello,violin,studio,0,0.068954330974
cnn,clarinet,double-bass,studio,0,0.0426051051051
cnn,clarinet,flute,studio,0,0.0357954107954
cnn,clarinet,french-horn,studio,0,0.0303081696154
cnn,clarinet,oboe,studio,0,0.0395807199605
cnn,clarinet,trombone,studio,0,0.0199640429904
cnn,clarinet,trumpet,studio,0,0.0408235158235
cnn,clarinet,tuba,studio,0,0.0141129032258
cnn,clarinet,viola,studio,0,0.0157657657658
cnn,clarinet,violin,studio,0,0.139726936239
cnn,double-bass,flute,studio,0,0.0914375077419
cnn,double-bass,french-horn,studio,0,0.121232757115
cnn,double-bass,oboe,studio,0,0.0601265822785
cnn,double-bass,trombone,studio,0,0.0827707856598
cnn,double-bass,trumpet,studio,0,0.0692307692308
cnn,double-bass,tuba,studio,0,0.135584677419
cnn,double-bass,viola,studio,0,0.0373393491933
cnn,double-bass,violin,studio,0,0.146132457027
cnn,flute,french-horn,studio,0,0.0351233995812
cnn,flute,oboe,studio,0,0.020305907173
cnn,flute,trombone,studio,0,0.0129189158794
cnn,flute,trumpet,studio,0,0.000641025641026
cnn,flute,tuba,studio,0,0.033938172043
cnn,flute,viola,studio,0,0.0173174353599
cnn,flute,violin,studio,0,0.0819792287816
cnn,french-horn,oboe,studio,0,0.00501054852321
cnn,french-horn,trombone,studio,0,0.0690371133657
cnn,french-horn,trumpet,studio,0,0.00897435897436
cnn,french-horn,tuba,studio,0,0.038810483871
cnn,french-horn,viola,studio,0,0.00569494960976
cnn,french-horn,violin,studio,0,0.0399290962299
cnn,oboe,trombone,studio,0,0.00131856540084
cnn,oboe,trumpet,studio,0,0.00210970464135
cnn,oboe,tuba,studio,0,0
cnn,oboe,viola,studio,0,0.017141350211
cnn,oboe,violin,studio,0,0.12473628692
cnn,trombone,trumpet,studio,0,0.0286156095367
cnn,trombone,tuba,studio,0,0.100302419355
cnn,trombone,viola,studio,0,0.0138026867483
cnn,trombone,violin,studio,0,0.0722324221406
cnn,trumpet,tuba,studio,0,0
cnn,trumpet,viola,studio,0,0.0157051282051
cnn,trumpet,violin,studio,0,0.135576923077
cnn,tuba,viola,studio,0,0.00638440860215
cnn,tuba,violin,studio,0,0.0267137096774
cnn,viola,violin,studio,0,0.141354029545
cnn,bassoon,cello,studio,1,0.0450246526221
cnn,bassoon,clarinet,studio,1,0.0189003436426
cnn,bassoon,double-bass,studio,1,0.11292021515
cnn,bassoon,flute,studio,1,0.0212628865979
cnn,bassoon,french-horn,studio,1,-0.00403417794891
cnn,bassoon,oboe,studio,1,-0.0212819174388
cnn,bassoon,trombone,studio,1,0.0090206185567
cnn,bassoon,trumpet,studio,1,-0.000429553264605
cnn,bassoon,tuba,studio,1,0.000672043010753
cnn,bassoon,viola,studio,1,0.00429553264605
cnn,bassoon,violin,studio,1,0.038331801593
cnn,cello,clarinet,studio,1,0.0212087087087
cnn,cello,double-bass,studio,1,0.129528985507
cnn,cello,flute,studio,1,0.062417936331
cnn,cello,french-horn,studio,1,0.0531146324428
cnn,cello,oboe,studio,1,0.0630274261603
cnn,cello,trombone,studio,1,0.0122012458683
cnn,cello,trumpet,studio,1,0.00384615384615
cnn,cello,tuba,studio,1,0.000672043010753
cnn,cello,viola,studio,1,0.0200215340443
cnn,cello,violin,studio,1,0.0646963824289
cnn,clarinet,double-bass,studio,1,0.0422297297297
cnn,clarinet,flute,studio,1,0.0442846692847
cnn,clarinet,french-horn,studio,1,0.0263554216867
cnn,clarinet,oboe,studio,1,0.0343254647052
cnn,clarinet,trombone,studio,1,0.0221570254465
cnn,clarinet,trumpet,studio,1,0.0418081543082
cnn,clarinet,tuba,studio,1,0.0120967741935
cnn,clarinet,viola,studio,1,0.0112612612613
cnn,clarinet,violin,studio,1,0.133616174314
cnn,double-bass,flute,studio,1,0.0878669639539
cnn,double-bass,french-horn,studio,1,0.109269687445
cnn,double-bass,oboe,studio,1,0.0582805907173
cnn,double-bass,trombone,studio,1,0.0726957793033
cnn,double-bass,trumpet,studio,1,0.0823717948718
cnn,double-bass,tuba,studio,1,0.150201612903
cnn,double-bass,viola,studio,1,0.0359054552912
cnn,double-bass,violin,studio,1,0.17231771711
cnn,flute,french-horn,studio,1,0.0238689801943
cnn,flute,oboe,studio,1,0.0158227848101
cnn,flute,trombone,studio,1,0.0178578122657
cnn,flute,trumpet,studio,1,0.00448717948718
cnn,flute,tuba,studio,1,0.0307459677419
cnn,flute,viola,studio,1,0.0162490592915
cnn,flute,violin,studio,1,0.0834575631087
cnn,french-horn,oboe,studio,1,0.00474683544304
cnn,french-horn,trombone,studio,1,0.0711882618192
cnn,french-horn,trumpet,studio,1,0.00846076614149
cnn,french-horn,tuba,studio,1,0.0299059139785
cnn,french-horn,viola,studio,1,0.00185174660908
cnn,french-horn,violin,studio,1,0.0333660222284
cnn,oboe,trombone,studio,1,0.00210970464135
cnn,oboe,trumpet,studio,1,0.00105485232068
cnn,oboe,tuba,studio,1,0
cnn,oboe,viola,studio,1,0.0116033755274
cnn,oboe,violin,studio,1,0.130274261603
cnn,trombone,trumpet,studio,1,0.0280561178587
cnn,trombone,tuba,studio,1,0.10248655914
cnn,trombone,viola,studio,1,0.0142095608518
cnn,trombone,violin,studio,1,0.0761466408269
cnn,trumpet,tuba,studio,1,0
cnn,trumpet,viola,studio,1,0.0141025641026
cnn,trumpet,violin,studio,1,0.135576923077
cnn,tuba,viola,studio,1,0.00184811827957
cnn,tuba,violin,studio,1,0.0252016129032
cnn,viola,violin,studio,1,0.14440726927
crnn,bassoon,cello,white,0,0.0036231884058
crnn,bassoon,clarinet,white,0,0.0425257731959
crnn,bassoon,double-bass,white,0,0.0110040340654
crnn,bassoon,flute,white,0,0.0807560137457
crnn,bassoon,french-horn,white,0,0.0299548710305
crnn,bassoon,oboe,white,0,-0.0300687285223
crnn,bassoon,trombone,white,0,0.0452764212938
crnn,bassoon,trumpet,white,0,0.00214776632302
crnn,bassoon,tuba,white,0,0.00134408602151
crnn,bassoon,viola,white,0,0
crnn,bassoon,violin,white,0,0.141293055223
crnn,cello,clarinet,white,0,0.0434782608696
crnn,cello,double-bass,white,0,0.00905797101449
crnn,cello,flute,white,0,0.0673913043478
crnn,cello,french-horn,white,0,0.0035140562249
crnn,cello,oboe,white,0,0.0042194092827
crnn,cello,trombone,white,0,0.0144927536232
crnn,cello,trumpet,white,0,0.000724637681159
crnn,cello,tuba,white,0,0
crnn,cello,viola,white,0,0
crnn,cello,violin,white,0,0.218981013369
crnn,clarinet,double-bass,white,0,0.0123188405797
crnn,clarinet,flute,white,0,0.0306075306075
crnn,clarinet,french-horn,white,0,0.0421686746988
crnn,clarinet,oboe,white,0,0.0200421940928
crnn,clarinet,trombone,white,0,0.0555160423581
crnn,clarinet,trumpet,white,0,0.0439535689536
crnn,clarinet,tuba,white,0,0.0383064516129
crnn,clarinet,viola,white,0,0
crnn,clarinet,violin,white,0,0.173798798799
crnn,double-bass,flute,white,0,0.127536231884
crnn,double-bass,french-horn,white,0,0
crnn,double-bass,oboe,white,0,0
crnn,double-bass,trombone,white,0,0.00289855072464
crnn,double-bass,trumpet,white,0,0
crnn,double-bass,tuba,white,0,0
crnn,double-bass,viola,white,0,0
crnn,double-bass,violin,white,0,0.152937872149
crnn,flute,french-horn,white,0,0.10140562249
crnn,flute,oboe,white,0,0.143459915612
crnn,flute,trombone,white,0,0.024722597091
crnn,flute,trumpet,white,0,0.00505698005698
crnn,flute,tuba,white,0,0.123655913978
crnn,flute,viola,white,0,0.10141509434
crnn,flute,violin,white,0,0.17021549725
crnn,french-horn,oboe,white,0,-0.00580168776371
crnn,french-horn,trombone,white,0,0.0752747833439
crnn,french-horn,trumpet,white,0,0.00602409638554
crnn,french-horn,tuba,white,0,0.0336021505376
crnn,french-horn,viola,white,0,0
crnn,french-horn,violin,white,0,0.128765060241
crnn,oboe,trombone,white,0,0
crnn,oboe,trumpet,white,0,0.00105485232068
crnn,oboe,tuba,white,0,0
crnn,oboe,viola,white,0,0.0084388185654
crnn,oboe,violin,white,0,0.25052742616
crnn,trombone,trumpet,white,0,0.19798414305
crnn,trombone,tuba,white,0,0.165658602151
crnn,trombone,viola,white,0,0
crnn,trombone,violin,white,0,0.118021555828
crnn,trumpet,tuba,white,0,0
crnn,trumpet,viola,white,0,0
crnn,trumpet,violin,white,0,0.207051282051
crnn,tuba,viola,white,0,0
crnn,tuba,violin,white,0,0.125
crnn,viola,violin,white,0,0.18356918239
crnn,bassoon,cello,white,1,0.00348871955775
crnn,bassoon,clarinet,white,1,0.0455326460481
crnn,bassoon,double-bass,white,1,0.00665620797848
crnn,bassoon,flute,white,1,0.0841924398625
crnn,bassoon,french-horn,white,1,0.0306742433652
crnn,bassoon,oboe,white,1,-0.0300687285223
crnn,bassoon,trombone,white,1,0.048283294146
crnn,bassoon,trumpet,white,1,-0.00085910652921
crnn,bassoon,tuba,white,1,0.00134408602151
crnn,bassoon,viola,white,1,0
crnn,bassoon,violin,white,1,0.141293055223
crnn,cello,clarinet,white,1,0.0427536231884
crnn,cello,double-bass,white,1,0.00978260869565
crnn,cello,flute,white,1,0.0652173913043
crnn,cello,french-horn,white,1,0.0035140562249
crnn,cello,oboe,white,1,0.0042194092827
crnn,cello,trombone,white,1,0.0166666666667
crnn,cello,trumpet,white,1,0.000724637681159
crnn,cello,tuba,white,1,0
crnn,cello,viola,white,1,0
crnn,cello,violin,white,1,0.216807100326
crnn,clarinet,double-bass,white,1,0.0123188405797
crnn,clarinet,flute,white,1,0.0320705320705
crnn,clarinet,french-horn,white,1,0.0396586345382
crnn,clarinet,oboe,white,1,0.0210970464135
crnn,clarinet,trombone,white,1,0.0548048048048
crnn,clarinet,trumpet,white,1,0.0416089166089
crnn,clarinet,tuba,white,1,0.0349462365591
crnn,clarinet,viola,white,1,0
crnn,clarinet,violin,white,1,0.175736783295
crnn,double-bass,flute,white,1,0.129710144928
crnn,double-bass,french-horn,white,1,0
crnn,double-bass,oboe,white,1,0
crnn,double-bass,trombone,white,1,0.00289855072464
crnn,double-bass,trumpet,white,1,0
crnn,double-bass,tuba,white,1,0
crnn,double-bass,viola,white,1,0
crnn,double-bass,violin,white,1,0.151724525334
crnn,flute,french-horn,white,1,0.104417670683
crnn,flute,oboe,white,1,0.14029535865
crnn,flute,trombone,white,1,0.0254535912431
crnn,flute,trumpet,white,1,0.00762108262108
crnn,flute,tuba,white,1,0.122983870968
crnn,flute,viola,white,1,0.100628930818
crnn,flute,violin,white,1,0.167519711124
crnn,french-horn,oboe,white,1,-0.00580168776371
crnn,french-horn,trombone,white,1,0.0720117311351
crnn,french-horn,trumpet,white,1,0.00903614457831
crnn,french-horn,tuba,white,1,0.0325940860215
crnn,french-horn,viola,white,1,0
crnn,french-horn,violin,white,1,0.128012048193
crnn,oboe,trombone,white,1,0
crnn,oboe,trumpet,white,1,0.00105485232068
crnn,oboe,tuba,white,1,0
crnn,oboe,viola,white,1,0.0105485232068
crnn,oboe,violin,white,1,0.251582278481
crnn,trombone,trumpet,white,1,0.197435897436
crnn,trombone,tuba,white,1,0.170362903226
crnn,trombone,viola,white,1,0
crnn,trombone,violin,white,1,0.117192812458
crnn,trumpet,tuba,white,1,0
crnn,trumpet,viola,white,1,0
crnn,trumpet,violin,white,1,0.204487179487
crnn,tuba,viola,white,1,0
crnn,tuba,violin,white,1,0.125
crnn,viola,violin,white,1,0.184355345912
crnn,bassoon,cello,audience,0,0.012483191394
crnn,bassoon,clarinet,audience,0,0.0225515463918
crnn,bassoon,double-bass,audience,0,0.0199536829523
crnn,bassoon,flute,audience,0,0.0208333333333
crnn,bassoon,french-horn,audience,0,0.0227689106943
crnn,bassoon,oboe,audience,0,-0.0191423071904
crnn,bassoon,trombone,audience,0,0.0430005425936
crnn,bassoon,trumpet,audience,0,0.0199742268041
crnn,bassoon,tuba,audience,0,0.0100806451613
crnn,bassoon,viola,audience,0,0
crnn,bassoon,violin,audience,0,0.0560417166147
crnn,cello,clarinet,audience,0,0.00561594202899
crnn,cello,double-bass,audience,0,0.0539855072464
crnn,cello,flute,audience,0,0.010264152112
crnn,cello,french-horn,audience,0,0.0100401606426
crnn,cello,oboe,audience,0,0.0126582278481
crnn,cello,trombone,audience,0,0.0241132723112
crnn,cello,trumpet,audience,0,0.0036231884058
crnn,cello,tuba,audience,0,0.00134408602151
crnn,cello,viola,audience,0,0.00132964178288
crnn,cello,violin,audience,0,0.0925724637681
crnn,clarinet,double-bass,audience,0,0.000750750750751
crnn,clarinet,flute,audience,0,0.0278210903211
crnn,clarinet,french-horn,audience,0,0.0286144578313
crnn,clarinet,oboe,audience,0,0.0263665564298
crnn,clarinet,trombone,audience,0,0.0424272957168
crnn,clarinet,trumpet,audience,0,0.0367694617695
crnn,clarinet,tuba,audience,0,0.0189852150538
crnn,clarinet,viola,audience,0,0
crnn,clarinet,violin,audience,0,0.0899940638313
crnn,double-bass,flute,audience,0,0.0216555183946
crnn,double-bass,french-horn,audience,0,0.00903614457831
crnn,double-bass,oboe,audience,0,0.00210970464135
crnn,double-bass,trombone,audience,0,0.0298817696415
crnn,double-bass,trumpet,audience,0,0.00919732441472
crnn,double-bass,tuba,audience,0,0.0877016129032
crnn,double-bass,viola,audience,0,0.00432389937107
crnn,double-bass,violin,audience,0,0.119603134479
crnn,flute,french-horn,audience,0,0.0385323344661
crnn,flute,oboe,audience,0,0.0466772151899
crnn,flute,trombone,audience,0,0.0162037037037
crnn,flute,trumpet,audience,0,0.00366809116809
crnn,flute,tuba,audience,0,0.0304099462366
crnn,flute,viola,audience,0,0.0232707762189
crnn,flute,violin,audience,0,0.0866709732989
crnn,french-horn,oboe,audience,0,-0.00448312236287
crnn,french-horn,trombone,audience,0,0.104697297964
crnn,french-horn,trumpet,audience,0,0.0173192771084
crnn,french-horn,tuba,audience,0,0.000672043010753
crnn,french-horn,viola,audience,0,0.00627510040161
crnn,french-horn,violin,audience,0,0.0524598393574
crnn,oboe,trombone,audience,0,0.00369198312236
crnn,oboe,trumpet,audience,0,0.0042194092827
crnn,oboe,tuba,audience,0,0
crnn,oboe,viola,audience,0,0.0150316455696
crnn,oboe,violin,audience,0,0.150580168776
crnn,trombone,trumpet,audience,0,0.0951163967611
crnn,trombone,tuba,audience,0,0.111055107527
crnn,trombone,viola,audience,0,0.000182748538012
crnn,trombone,violin,audience,0,0.0495206038352
crnn,trumpet,tuba,audience,0,0.0042002688172
crnn,trumpet,viola,audience,0,0
crnn,trumpet,violin,audience,0,0.101791393361
crnn,tuba,viola,audience,0,0
crnn,tuba,violin,audience,0,0.0443548387097
crnn,viola,violin,audience,0,0.0858258982985
crnn,bassoon,cello,audience,1,0.0104960406395
crnn,bassoon,clarinet,audience,1,0.0201890034364
crnn,bassoon,double-bass,audience,1,0.0215505005229
crnn,bassoon,flute,audience,1,0.0223367697595
crnn,bassoon,french-horn,audience,1,0.0133032128514
crnn,bassoon,oboe,audience,1,-0.0227663230241
crnn,bassoon,trombone,audience,1,0.0363424669922
crnn,bassoon,trumpet,audience,1,0.0158934707904
crnn,bassoon,tuba,audience,1,0.00386424731183
crnn,bassoon,viola,audience,1,0.00107388316151
crnn,bassoon,violin,audience,1,0.0475455526253
crnn,cello,clarinet,audience,1,0.00581668625147
crnn,cello,double-bass,audience,1,0.0672101449275
crnn,cello,flute,audience,1,0.00957667533754
crnn,cello,french-horn,audience,1,0.00602409638554
crnn,cello,oboe,audience,1,0.0105485232068
crnn,cello,trombone,audience,1,0.0164918637173
crnn,cello,trumpet,audience,1,0.00416666666667
crnn,cello,tuba,audience,1,0.00134408602151
crnn,cello,viola,audience,1,0.00205427946404
crnn,cello,violin,audience,1,0.0836015616223
crnn,clarinet,double-bass,audience,1,0.0015015015015
crnn,clarinet,flute,audience,1,0.036652036652
crnn,clarinet,french-horn,audience,1,0.0373995983936
crnn,clarinet,oboe,audience,1,0.0304695518303
crnn,clarinet,trombone,audience,1,0.0515054528212
crnn,clarinet,trumpet,audience,1,0.0488623238623
crnn,clarinet,tuba,audience,1,0.0159610215054
crnn,clarinet,viola,audience,1,0
crnn,clarinet,violin,audience,1,0.0769999650814
crnn,double-bass,flute,audience,1,0.0256348321566
crnn,double-bass,french-horn,audience,1,0.0190763052209
crnn,double-bass,oboe,audience,1,0.00290084388186
crnn,double-bass,trombone,audience,1,0.0225829519451
crnn,double-bass,trumpet,audience,1,0.0121237458194
crnn,double-bass,tuba,audience,1,0.0877016129032
crnn,double-bass,viola,audience,1,0.00745317199891
crnn,double-bass,violin,audience,1,0.0990562858106
crnn,flute,french-horn,audience,1,0.0251004016064
crnn,flute,oboe,audience,1,0.0297995780591
crnn,flute,trombone,audience,1,0.0104541535463
crnn,flute,trumpet,audience,1,0.00502136752137
crnn,flute,tuba,audience,1,0.0257056451613
crnn,flute,viola,audience,1,0.0331414959953
crnn,flute,violin,audience,1,0.111367852647
crnn,french-horn,oboe,audience,1,-0.00474683544304
crnn,french-horn,trombone,audience,1,0.0771044705136
crnn,french-horn,trumpet,audience,1,0.0188253012048
crnn,french-horn,tuba,audience,1,0.000672043010753
crnn,french-horn,viola,audience,1,0.000753012048193
crnn,french-horn,violin,audience,1,0.0486947791165
crnn,oboe,trombone,audience,1,0.000527426160338
crnn,oboe,trumpet,audience,1,0.00736773774748
crnn,oboe,tuba,audience,1,0
crnn,oboe,viola,audience,1,0.0118670886076
crnn,oboe,violin,audience,1,0.167457805907
crnn,trombone,trumpet,audience,1,0.0873060053981
crnn,trombone,tuba,audience,1,0.113575268817
crnn,trombone,viola,audience,1,0.00127923976608
crnn,trombone,violin,audience,1,0.0641319869441
crnn,trumpet,tuba,audience,1,0.000168010752688
crnn,trumpet,viola,audience,1,0.000320512820513
crnn,trumpet,violin,audience,1,0.0852812562115
crnn,tuba,viola,audience,1,0
crnn,tuba,violin,audience,1,0.0394825268817
crnn,viola,violin,audience,1,0.10478523719
crnn,bassoon,cello,studio,0,0.0159457642313
crnn,bassoon,clarinet,studio,0,0.0133161512027
crnn,bassoon,double-bass,studio,0,0.0297456297624
crnn,bassoon,flute,studio,0,0.088058419244
crnn,bassoon,french-horn,studio,0,0.0200751459446
crnn,bassoon,oboe,studio,0,-0.0204228109096
crnn,bassoon,trombone,studio,0,0.0279661783324
crnn,bassoon,trumpet,studio,0,0.00686624372191
crnn,bassoon,tuba,studio,0,0.00134408602151
crnn,bassoon,viola,studio,0,0.00945017182131
crnn,bassoon,violin,studio,0,0.0266039985082
crnn,cello,clarinet,studio,0,0.0116937589764
crnn,cello,double-bass,studio,0,0.0891304347826
crnn,cello,flute,studio,0,0.0567725752508
crnn,cello,french-horn,studio,0,0.0142090099529
crnn,cello,oboe,studio,0,0.0313818565401
crnn,cello,trombone,studio,0,0.00217391304348
crnn,cello,trumpet,studio,0,0.00416666666667
crnn,cello,tuba,studio,0,0
crnn,cello,viola,studio,0,0.0216793136451
crnn,cello,violin,studio,0,0.0803533310864
crnn,clarinet,double-bass,studio,0,0.00595377986682
crnn,clarinet,flute,studio,0,0.115278740279
crnn,clarinet,french-horn,studio,0,0.0411646586345
crnn,clarinet,oboe,studio,0,0.05783631733
crnn,clarinet,trombone,studio,0,0.0149952584163
crnn,clarinet,trumpet,studio,0,0.0282686532687
crnn,clarinet,tuba,studio,0,0.0226814516129
crnn,clarinet,viola,studio,0,0.0116366366366
crnn,clarinet,violin,studio,0,0.1574306865
crnn,double-bass,flute,studio,0,0.0982116313638
crnn,double-bass,french-horn,studio,0,0.0348895582329
crnn,double-bass,oboe,studio,0,0.0110759493671
crnn,double-bass,trombone,studio,0,0.0274122807018
crnn,double-bass,trumpet,studio,0,0.0269230769231
crnn,double-bass,tuba,studio,0,0.0302419354839
crnn,double-bass,viola,studio,0,0.0281480721903
crnn,double-bass,violin,studio,0,0.10241826761
crnn,flute,french-horn,studio,0,0.103332131947
crnn,flute,oboe,studio,0,0.0448312236287
crnn,flute,trombone,studio,0,0.0538920752737
crnn,flute,trumpet,studio,0,0.0211182336182
crnn,flute,tuba,studio,0,0.123319892473
crnn,flute,viola,studio,0,0.0386614390152
crnn,flute,violin,studio,0,0.129753859405
crnn,french-horn,oboe,studio,0,0.000263713080169
crnn,french-horn,trombone,studio,0,0.0467417917283
crnn,french-horn,trumpet,studio,0,0.0107931726908
crnn,french-horn,tuba,studio,0,0.0473790322581
crnn,french-horn,viola,studio,0,0.000753012048193
crnn,french-horn,violin,studio,0,0.0308734939759
crnn,oboe,trombone,studio,0,0
crnn,oboe,trumpet,studio,0,0.00105485232068
crnn,oboe,tuba,studio,0,0
crnn,oboe,viola,studio,0,0.0110759493671
crnn,oboe,violin,studio,0,0.153481012658
crnn,trombone,trumpet,studio,0,0.0462241340531
crnn,trombone,tuba,studio,0,0.104502688172
crnn,trombone,viola,studio,0,0.00950292397661
crnn,trombone,violin,studio,0,0.102254181967
crnn,trumpet,tuba,studio,0,0
crnn,trumpet,viola,studio,0,0.0144230769231
crnn,trumpet,violin,studio,0,0.153205128205
crnn,tuba,viola,studio,0,0.00218413978495
crnn,tuba,violin,studio,0,0.0137768817204
crnn,viola,violin,studio,0,0.145396067964
crnn,bassoon,cello,studio,1,0.0164836396235
crnn,bassoon,clarinet,studio,1,0.0253436426117
crnn,bassoon,double-bass,studio,1,0.0348741222172
crnn,bassoon,flute,studio,1,0.0872672335301
crnn,bassoon,french-horn,studio,1,0.0234468803047
crnn,bassoon,oboe,studio,1,-0.0238592370264
crnn,bassoon,trombone,studio,1,0.0281395068427
crnn,bassoon,trumpet,studio,1,0.0105174464711
crnn,bassoon,tuba,studio,1,0.00268817204301
crnn,bassoon,viola,studio,1,0.00279209621993
crnn,bassoon,violin,studio,1,0.0311226324622
crnn,cello,clarinet,studio,1,0.00994744744745
crnn,cello,double-bass,studio,1,0.0797101449275
crnn,cello,flute,studio,1,0.0667177629134
crnn,cello,french-horn,studio,1,0.0130522088353
crnn,cello,oboe,studio,1,0.0332278481013
crnn,cello,trombone,studio,1,0.0065408085431
crnn,cello,trumpet,studio,1,0.00288461538462
crnn,cello,tuba,studio,1,0
crnn,cello,viola,studio,1,0.0160138091332
crnn,cello,violin,studio,1,0.0807507583418
crnn,clarinet,double-bass,studio,1,0.012684423554
crnn,clarinet,flute,studio,1,0.123334873335
crnn,clarinet,french-horn,studio,1,0.0333835341365
crnn,clarinet,oboe,studio,1,0.0507968411449
crnn,clarinet,trombone,studio,1,0.0102339181287
crnn,clarinet,trumpet,studio,1,0.0308327558328
crnn,clarinet,tuba,studio,1,0.0206653225806
crnn,clarinet,viola,studio,1,0.00694444444444
crnn,clarinet,violin,studio,1,0.149923178993
crnn,double-bass,flute,studio,1,0.0983804038152
crnn,double-bass,french-horn,studio,1,0.0267177405273
crnn,double-bass,oboe,studio,1,0.0118670886076
crnn,double-bass,trombone,studio,1,0.0283260233918
crnn,double-bass,trumpet,studio,1,0.0266025641026
crnn,double-bass,tuba,studio,1,0.0535954301075
crnn,double-bass,viola,studio,1,0.0264253486464
crnn,double-bass,violin,studio,1,0.126152960342
crnn,flute,french-horn,studio,1,0.0910329351594
crnn,flute,oboe,studio,1,0.040611814346
crnn,flute,trombone,studio,1,0.0546418128655
crnn,flute,trumpet,studio,1,0.0213675213675
crnn,flute,tuba,studio,1,0.113407258065
crnn,flute,viola,studio,1,0.0329499946245
crnn,flute,violin,studio,1,0.141377625389
crnn,french-horn,oboe,studio,1,-0.00369198312236
crnn,french-horn,trombone,studio,1,0.0553111569083
crnn,french-horn,trumpet,studio,1,0.0120752239728
crnn,french-horn,tuba,studio,1,0.0307459677419
crnn,french-horn,viola,studio,1,0.00602409638554
crnn,french-horn,violin,studio,1,0.0281124497992
crnn,oboe,trombone,studio,1,0
crnn,oboe,trumpet,studio,1,0.00501054852321
crnn,oboe,tuba,studio,1,0
crnn,oboe,viola,studio,1,0.0118670886076
crnn,oboe,violin,studio,1,0.158755274262
crnn,trombone,trumpet,studio,1,0.057172177238
crnn,trombone,tuba,studio,1,0.103998655914
crnn,trombone,viola,studio,1,0.00968567251462
crnn,trombone,violin,studio,1,0.0981359649123
crnn,trumpet,tuba,studio,1,0.000672043010753
crnn,trumpet,viola,studio,1,0.0160256410256
crnn,trumpet,violin,studio,1,0.158012820513
crnn,tuba,viola,studio,1,0.000504032258065
crnn,tuba,violin,studio,1,0.0141129032258
crnn,viola,violin,studio,1,0.1507940861
mert,bassoon,cello,white,0,0.000429553264605
mert,bassoon,clarinet,white,0,0.00300687285223
mert,bassoon,double-bass,white,0,0.0700171821306
mert,bassoon,flute,white,0,0.0111683848797
mert,bassoon,french-horn,white,0,0.0403728315323
mert,bassoon,oboe,white,0,-0.014175257732
mert,bassoon,trombone,white,0,0.00442364502321
mert,bassoon,trumpet,white,0,-0.00560401797515
mert,bassoon,tuba,white,0,0
mert,bassoon,viola,white,0,0
mert,bassoon,violin,white,0,0.101367910706
mert,cello,clarinet,white,0,0.00398550724638
mert,cello,double-bass,white,0,0.165217391304
mert,cello,flute,white,0,0.00577232751146
mert,cello,french-horn,white,0,-0.011546184739
mert,cello,oboe,white,0,0.0168776371308
mert,cello,trombone,white,0,0.0102402745995
mert,cello,trumpet,white,0,-0.00303790412486
mert,cello,tuba,white,0,0.0141129032258
mert,cello,viola,white,0,-0.0166666666667
mert,cello,violin,white,0,0.0742191888552
mert,clarinet,double-bass,white,0,0.00713213213213
mert,clarinet,flute,white,0,0.0667301917302
mert,clarinet,french-horn,white,0,0
mert,clarinet,oboe,white,0,-0.0116033755274
mert,clarinet,trombone,white,0,0.0103228228228
mert,clarinet,trumpet,white,0,-0.00830445830446
mert,clarinet,tuba,white,0,0.0225134408602
mert,clarinet,viola,white,0,0
mert,clarinet,violin,white,0,0.156605733641
mert,double-bass,flute,white,0,0.0335439118048
mert,double-bass,french-horn,white,0,0.0717871485944
mert,double-bass,oboe,white,0,0.0247890295359
mert,double-bass,trombone,white,0,0.0473255148741
mert,double-bass,trumpet,white,0,0.0278846153846
mert,double-bass,tuba,white,0,0.374495967742
mert,double-bass,viola,white,0,0.0285736259229
mert,double-bass,violin,white,0,0.0383678800135
mert,flute,french-horn,white,0,0.0476907630522
mert,flute,oboe,white,0,0.137495942876
mert,flute,trombone,white,0,0
mert,flute,trumpet,white,0,0.0616096866097
mert,flute,tuba,white,0,0.00100806451613
mert,flute,viola,white,0,-0.00427014460033
mert,flute,violin,white,0,0.147792022792
mert,french-horn,oboe,white,0,0
mert,french-horn,trombone,white,0,-0.00205206792081
mert,french-horn,trumpet,white,0,0.00407012666049
mert,french-horn,tuba,white,0,0.0144489247312
mert,french-horn,viola,white,0,0.000786163522013
mert,french-horn,violin,white,0,0.113453815261
mert,oboe,trombone,white,0,0.0179324894515
mert,oboe,trumpet,white,0,0.00351346965271
mert,oboe,tuba,white,0,0
mert,oboe,viola,white,0,-0.00142803120771
mert,oboe,violin,white,0,0.155063291139
mert,trombone,trumpet,white,0,0.0425157444894
mert,trombone,tuba,white,0,0.0117607526882
mert,trombone,viola,white,0,0
mert,trombone,violin,white,0,0.0952417380661
mert,trumpet,tuba,white,0,0
mert,trumpet,viola,white,0,0
mert,trumpet,violin,white,0,0.152571556351
mert,tuba,viola,white,0,0
mert,tuba,violin,white,0,0.000840053763441
mert,viola,violin,white,0,0.144274718444
mert,bassoon,cello,white,1,0.000429553264605
mert,bassoon,clarinet,white,1,0.00300687285223
mert,bassoon,double-bass,white,1,0.0751718213058
mert,bassoon,flute,white,1,0.0111683848797
mert,bassoon,french-horn,white,1,0.0403728315323
mert,bassoon,oboe,white,1,-0.014175257732
mert,bassoon,trombone,white,1,0.00317643335142
mert,bassoon,trumpet,white,1,-0.00560401797515
mert,bassoon,tuba,white,1,0
mert,bassoon,viola,white,1,0
mert,bassoon,violin,white,1,0.0994349210155
mert,cello,clarinet,white,1,0.00471014492754
mert,cello,double-bass,white,1,0.159239130435
mert,cello,flute,white,1,0.0050476898303
mert,cello,french-horn,white,1,-0.0125502008032
mert,cello,oboe,white,1,0.0184599156118
mert,cello,trombone,white,1,0.00878464276634
mert,cello,trumpet,white,1,-0.00303790412486
mert,cello,tuba,white,1,0.0120967741935
mert,cello,viola,white,1,-0.0166666666667
mert,cello,violin,white,1,0.0809220874059
mert,clarinet,double-bass,white,1,0.00750750750751
mert,clarinet,flute,white,1,0.0686263186263
mert,clarinet,french-horn,white,1,0
mert,clarinet,oboe,white,1,-0.0126582278481
mert,clarinet,trombone,white,1,0.00882132132132
mert,clarinet,trumpet,white,1,-0.00627165627166
mert,clarinet,tuba,white,1,0.0221774193548
mert,clarinet,viola,white,1,0
mert,clarinet,violin,white,1,0.153332111181
mert,double-bass,flute,white,1,0.0321070234114
mert,double-bass,french-horn,white,1,0.0732931726908
mert,double-bass,oboe,white,1,0.0237341772152
mert,double-bass,trombone,white,1,0.0480565090262
mert,double-bass,trumpet,white,1,0.0259615384615
mert,double-bass,tuba,white,1,0.374495967742
mert,double-bass,viola,white,1,0.0325779327317
mert,double-bass,violin,white,1,0.0399393326593
mert,flute,french-horn,white,1,0.0476907630522
mert,flute,oboe,white,1,0.139605647517
mert,flute,trombone,white,1,0
mert,flute,trumpet,white,1,0.0606837606838
mert,flute,tuba,white,1,0.00100806451613
mert,flute,viola,white,1,-0.00584247164436
mert,flute,violin,white,1,0.14707977208
mert,french-horn,oboe,white,1,0
mert,french-horn,trombone,white,1,-0.00330708800113
mert,french-horn,trumpet,white,1,0.00407012666049
mert,french-horn,tuba,white,1,0.0157930107527
mert,french-horn,viola,white,1,0.000786163522013
mert,french-horn,violin,white,1,0.113202811245
mert,oboe,trombone,white,1,0.0168776371308
mert,oboe,trumpet,white,1,0.00430460889322
mert,oboe,tuba,white,1,0
mert,oboe,viola,white,1,-0.00142803120771
mert,oboe,violin,white,1,0.152162447257
mert,trombone,trumpet,white,1,0.0463618983356
mert,trombone,tuba,white,1,0.0110887096774
mert,trombone,viola,white,1,0
mert,trombone,violin,white,1,0.0918120155039
mert,trumpet,tuba,white,1,0
mert,trumpet,viola,white,1,0
mert,trumpet,violin,white,1,0.153858576824
mert,tuba,viola,white,1,0
mert,tuba,violin,white,1,0.00117607526882
mert,viola,violin,white,1,0.140610526059
mert,bassoon,cello,audience,0,0.0103092783505
mert,bassoon,clarinet,audience,0,0.0193473112288
mert,bassoon,double-bass,audience,0,0.0273027790229
mert,bassoon,flute,audience,0,-0.00128865979381
mert,bassoon,french-horn,audience,0,0.028746429015
mert,bassoon,oboe,audience,0,-0.0111683848797
mert,bassoon,trombone,audience,0,0.025192922168
mert,bassoon,trumpet,audience,0,0.00691911181602
mert,bassoon,tuba,audience,0,0.00421932158297
mert,bassoon,viola,audience,0,0.00236254295533
mert,bassoon,violin,audience,0,0.0680775326993
mert,cello,clarinet,audience,0,0.0249689907299
mert,cello,double-bass,audience,0,0.0557971014493
mert,cello,flute,audience,0,0.0321194103803
mert,cello,french-horn,audience,0,-0.000753012048193
mert,cello,oboe,audience,0,0.0271624472574
mert,cello,trombone,audience,0,0.0257246376812
mert,cello,trumpet,audience,0,0.0156772575251
mert,cello,tuba,audience,0,0.0347782258065
mert,cello,viola,audience,0,0.00338733934919
mert,cello,violin,audience,0,0.0694360184249
mert,clarinet,double-bass,audience,0,0.00659355007181
mert,clarinet,flute,audience,0,0.00701181951182
mert,clarinet,french-horn,audience,0,0.00577309236948
mert,clarinet,oboe,audience,0,0.00804443684191
mert,clarinet,trombone,audience,0,0.0149508060692
mert,clarinet,trumpet,audience,0,0.0290280665281
mert,clarinet,tuba,audience,0,0.0158323646227
mert,clarinet,viola,audience,0,0.00601485919882
mert,clarinet,violin,audience,0,0.0570788812068
mert,double-bass,flute,audience,0,0.025462962963
mert,double-bass,french-horn,audience,0,0.0366465863454
mert,double-bass,oboe,audience,0,0.0118670886076
mert,double-bass,trombone,audience,0,0.0253797991355
mert,double-bass,trumpet,audience,0,0.0163740245262
mert,double-bass,tuba,audience,0,0.16935483871
mert,double-bass,viola,audience,0,0.0213545939295
mert,double-bass,violin,audience,0,0.037369396697
mert,flute,french-horn,audience,0,0.0122991967871
mert,flute,oboe,audience,0,0.0307935735151
mert,flute,trombone,audience,0,0.00411418503524
mert,flute,trumpet,audience,0,0.0398148148148
mert,flute,tuba,audience,0,0.00100806451613
mert,flute,viola,audience,0,0.00568624684191
mert,flute,violin,audience,0,0.0629927781091
mert,french-horn,oboe,audience,0,0
mert,french-horn,trombone,audience,0,0.0120481927711
mert,french-horn,trumpet,audience,0,0.00552208835341
mert,french-horn,tuba,audience,0,0.00369623655914
mert,french-horn,viola,audience,0,0.00753012048193
mert,french-horn,violin,audience,0,0.0745481927711
mert,oboe,trombone,audience,0,0.00764767932489
mert,oboe,trumpet,audience,0,0.0131247971438
mert,oboe,tuba,audience,0,0
mert,oboe,viola,audience,0,0.0182011782501
mert,oboe,violin,audience,0,0.0627637130802
mert,trombone,trumpet,audience,0,0.0258350202429
mert,trombone,tuba,audience,0,0.0157930107527
mert,trombone,viola,audience,0,0.00276881275516
mert,trombone,violin,audience,0,0.0509443424453
mert,trumpet,tuba,audience,0,0.00487231182796
mert,trumpet,viola,audience,0,0.0217132317368
mert,trumpet,violin,audience,0,0.0602762870205
mert,tuba,viola,audience,0,0.00907258064516
mert,tuba,violin,audience,0,0.00772849462366
mert,viola,violin,audience,0,0.0664064404466
mert,bassoon,cello,audience,1,0.00451030927835
mert,bassoon,clarinet,audience,1,0.0162069285781
mert,bassoon,double-bass,audience,1,0.027638951143
mert,bassoon,flute,audience,1,0.00300687285223
mert,bassoon,french-horn,audience,1,0.0342711050387
mert,bassoon,oboe,audience,1,-0.00816151202749
mert,bassoon,trombone,audience,1,0.0227060348466
mert,bassoon,trumpet,audience,1,0.00300026434047
mert,bassoon,tuba,audience,1,0.00504032258065
mert,bassoon,viola,audience,1,0.00322164948454
mert,bassoon,violin,audience,1,0.0634673273129
mert,cello,clarinet,audience,1,0.0104582843713
mert,cello,double-bass,audience,1,0.066847826087
mert,cello,flute,audience,1,0.0151012634708
mert,cello,french-horn,audience,1,-0.00225903614458
mert,cello,oboe,audience,1,0.0245413685562
mert,cello,trombone,audience,1,0.0176916475973
mert,cello,trumpet,audience,1,0.0165969899666
mert,cello,tuba,audience,1,0.0360068957457
mert,cello,viola,audience,1,0.00261655728739
mert,cello,violin,audience,1,0.0552901359398
mert,clarinet,double-bass,audience,1,0.00690527484006
mert,clarinet,flute,audience,1,0.0091581966582
mert,clarinet,french-horn,audience,1,0.00903614457831
mert,clarinet,oboe,audience,1,0.00832240468316
mert,clarinet,trombone,audience,1,0.00844594594595
mert,clarinet,trumpet,audience,1,0.0261521136521
mert,clarinet,tuba,audience,1,0.0112567204301
mert,clarinet,viola,audience,1,0.00487987987988
mert,clarinet,violin,audience,1,0.0804918290383
mert,double-bass,flute,audience,1,0.0215455840456
mert,double-bass,french-horn,audience,1,0.0256024096386
mert,double-bass,oboe,audience,1,0.00553797468354
mert,double-bass,trombone,audience,1,0.0235284769896
mert,double-bass,trumpet,audience,1,0.0161928651059
mert,double-bass,tuba,audience,1,0.145497311828
mert,double-bass,viola,audience,1,0.0141765791632
mert,double-bass,violin,audience,1,0.0300879114706
mert,flute,french-horn,audience,1,0.00276104417671
mert,flute,oboe,audience,1,0.0248949655595
mert,flute,trombone,audience,1,0.00670546558704
mert,flute,trumpet,audience,1,0.0474002849003
mert,flute,tuba,audience,1,0.000168010752688
mert,flute,viola,audience,1,0.00748535182497
mert,flute,violin,audience,1,0.0697136089578
mert,french-horn,oboe,audience,1,0
mert,french-horn,trombone,audience,1,0.0107711547946
mert,french-horn,trumpet,audience,1,0.0133032128514
mert,french-horn,tuba,audience,1,0.00520833333333
mert,french-horn,viola,audience,1,0.0107931726908
mert,french-horn,violin,audience,1,0.0735441767068
mert,oboe,trombone,audience,1,0.00685654008439
mert,oboe,trumpet,audience,1,0.0266755923401
mert,oboe,tuba,audience,1,0
mert,oboe,viola,audience,1,0.0225549319322
mert,oboe,violin,audience,1,0.0693565400844
mert,trombone,trumpet,audience,1,0.0244433198381
mert,trombone,tuba,audience,1,0.0191532258065
mert,trombone,viola,audience,1,0.00439975725477
mert,trombone,violin,audience,1,0.0597247722018
mert,trumpet,tuba,audience,1,0.00352822580645
mert,trumpet,viola,audience,1,0.00487119013062
mert,trumpet,violin,audience,1,0.0646019677996
mert,tuba,viola,audience,1,0.0115927419355
mert,tuba,violin,audience,1,0.00588037634409
mert,viola,violin,audience,1,0.0666151699088
mert,bassoon,cello,studio,0,0.00171821305842
mert,bassoon,clarinet,studio,0,0.00356606606607
mert,bassoon,double-bass,studio,0,0.0687285223368
mert,bassoon,flute,studio,0,0.0146048109966
mert,bassoon,french-horn,studio,0,0.0386882581874
mert,bassoon,oboe,studio,0,-0.00558419243986
mert,bassoon,trombone,studio,0,0.00265833182613
mert,bassoon,trumpet,studio,0,-0.00387258789321
mert,bassoon,tuba,studio,0,0
mert,bassoon,viola,studio,0,0.00794673539519
mert,bassoon,violin,studio,0,0.039622126322
mert,cello,clarinet,studio,0,0.010375048962
mert,cello,double-bass,studio,0,0.0559782608696
mert,cello,flute,studio,0,0.0312832899789
mert,cello,french-horn,studio,0,-0.00426706827309
mert,cello,oboe,studio,0,0.0316455696203
mert,cello,trombone,studio,0,0.0148248792271
mert,cello,trumpet,studio,0,-0.00160256410256
mert,cello,tuba,studio,0,0.0201612903226
mert,cello,viola,studio,0,0.0369719031993
mert,cello,violin,studio,0,0.0301468936075
mert,clarinet,double-bass,studio,0,0.0168918918919
mert,clarinet,flute,studio,0,0.0400881650882
mert,clarinet,french-horn,studio,0,0.00156707912732
mert,clarinet,oboe,studio,0,0.021652982096
mert,clarinet,trombone,studio,0,0
mert,clarinet,trumpet,studio,0,-0.0015939015939
mert,clarinet,tuba,studio,0,0.00470430107527
mert,clarinet,viola,studio,0,0.0493618618619
mert,clarinet,violin,studio,0,0.0610115929883
mert,double-bass,flute,studio,0,0.0230475040258
mert,double-bass,french-horn,studio,0,0.0619979919679
mert,double-bass,oboe,studio,0,0.0145042194093
mert,double-bass,trombone,studio,0,0.0531798245614
mert,double-bass,trumpet,studio,0,0.0275641025641
mert,double-bass,tuba,studio,0,0.212365591398
mert,double-bass,viola,studio,0,0.0210486737763
mert,double-bass,violin,studio,0,0.0302985619593
mert,flute,french-horn,studio,0,0.0338855421687
mert,flute,oboe,studio,0,0.0706931371488
mert,flute,trombone,studio,0,0.0105994152047
mert,flute,trumpet,studio,0,0.0581196581197
mert,flute,tuba,studio,0,0.00302419354839
mert,flute,viola,studio,0,0.0153217894963
mert,flute,violin,studio,0,0.0538039157225
mert,french-horn,oboe,studio,0,0
mert,french-horn,trombone,studio,0,0.0021115162404
mert,french-horn,trumpet,studio,0,0.00457213469262
mert,french-horn,tuba,studio,0,0.0216733870968
mert,french-horn,viola,studio,0,0.00727911646586
mert,french-horn,violin,studio,0,0.0418106534666
mert,oboe,trombone,studio,0,0.00182748538012
mert,oboe,trumpet,studio,0,-0.00365141187926
mert,oboe,tuba,studio,0,0
mert,oboe,viola,studio,0,0.046557797946
mert,oboe,violin,studio,0,0.0519514767932
mert,trombone,trumpet,studio,0,0.00823774179037
mert,trombone,tuba,studio,0,0.00806451612903
mert,trombone,viola,studio,0,0.0347222222222
mert,trombone,violin,studio,0,0.062695498436
mert,trumpet,tuba,studio,0,0
mert,trumpet,viola,studio,0,0.0477564102564
mert,trumpet,violin,studio,0,0.0583333333333
mert,tuba,viola,studio,0,0.00940860215054
mert,tuba,violin,studio,0,0.00117607526882
mert,viola,violin,studio,0,0.0807280239871
mert,bassoon,cello,studio,1,0.00837628865979
mert,bassoon,clarinet,studio,1,0.0015015015015
mert,bassoon,double-bass,studio,1,0.0584192439863
mert,bassoon,flute,studio,1,0.0100945017182
mert,bassoon,french-horn,studio,1,0.0360048441187
mert,bassoon,oboe,studio,1,-0.00816151202749
mert,bassoon,trombone,studio,1,0.00866265750286
mert,bassoon,trumpet,studio,1,-0.00462926249009
mert,bassoon,tuba,studio,1,0
mert,bassoon,viola,studio,1,0.00708762886598
mert,bassoon,violin,studio,1,0.0490706332081
mert,cello,clarinet,studio,1,0.00947578012795
mert,cello,double-bass,studio,1,0.0717391304348
mert,cello,flute,studio,1,0.0306561996779
mert,cello,french-horn,studio,1,-0.00753012048193
mert,cello,oboe,studio,1,0.0263713080169
mert,cello,trombone,studio,1,0.0120836511569
mert,cello,trumpet,studio,1,0.00801282051282
mert,cello,tuba,studio,1,0.0305779569892
mert,cello,viola,studio,1,0.0250922887613
mert,cello,violin,studio,1,0.0281934614088
mert,clarinet,double-bass,studio,1,0.0189042303173
mert,clarinet,flute,studio,1,0.0639774389774
mert,clarinet,french-horn,studio,1,0.0015015015015
mert,clarinet,oboe,studio,1,0.0182389668149
mert,clarinet,trombone,studio,1,0.000730994152047
mert,clarinet,trumpet,studio,1,-0.0041118041118
mert,clarinet,tuba,studio,1,0.00403225806452
mert,clarinet,viola,studio,1,0.0531156156156
mert,clarinet,violin,studio,1,0.0377601438648
mert,double-bass,flute,studio,1,0.0216137123746
mert,double-bass,french-horn,studio,1,0.0572289156627
mert,double-bass,oboe,studio,1,0.0142405063291
mert,double-bass,trombone,studio,1,0.0504385964912
mert,double-bass,trumpet,studio,1,0.0310897435897
mert,double-bass,tuba,studio,1,0.206485215054
mert,double-bass,viola,studio,1,0.0289461990703
mert,double-bass,violin,studio,1,0.0370730816762
mert,flute,french-horn,studio,1,0.0368975903614
mert,flute,oboe,studio,1,0.0696833639872
mert,flute,trombone,studio,1,0.0144371345029
mert,flute,trumpet,studio,1,0.0507834757835
mert,flute,tuba,studio,1,0.00436827956989
mert,flute,viola,studio,1,0.0130120141913
mert,flute,violin,studio,1,0.0542718478765
mert,french-horn,oboe,studio,1,0
mert,french-horn,trombone,studio,1,0.0158154548017
mert,french-horn,trumpet,studio,1,0.00681572443621
mert,french-horn,tuba,studio,1,0.0199932795699
mert,french-horn,viola,studio,1,0.00727911646586
mert,french-horn,violin,studio,1,0.0301204819277
mert,oboe,trombone,studio,1,0
mert,oboe,trumpet,studio,1,-0.00583820188251
mert,oboe,tuba,studio,1,0
mert,oboe,viola,studio,1,0.0410198232625
mert,oboe,violin,studio,1,0.0548523206751
mert,trombone,trumpet,studio,1,0.0025641025641
mert,trombone,tuba,studio,1,0.00672043010753
mert,trombone,viola,studio,1,0.031067251462
mert,trombone,violin,studio,1,0.0571280429757
mert,trumpet,tuba,studio,1,0
mert,trumpet,viola,studio,1,0.0471153846154
mert,trumpet,violin,studio,1,0.063141025641
mert,tuba,viola,studio,1,0.00823252688172
mert,tuba,violin,studio,1,0.00184811827957
mert,viola,violin,studio,1,0.102416081615
ast,bassoon,cello,white,0,0.00257731958763
ast,bassoon,clarinet,white,0,-0.00816151202749
ast,bassoon,double-bass,white,0,0.000429553264605
ast,bassoon,flute,white,0,0.0399484536082
ast,bassoon,french-horn,white,0,0.078823024055
ast,bassoon,oboe,white,0,4.62592926927e-19
ast,bassoon,trombone,white,0,0.153135738832
ast,bassoon,trumpet,white,0,0.00128865979381
ast,bassoon,tuba,white,0,0
ast,bassoon,viola,white,0,0
ast,bassoon,violin,white,0,0.0120274914089
ast,cello,clarinet,white,0,0.00746670583627
ast,cello,double-bass,white,0,0.0519927536232
ast,cello,flute,white,0,0.00832404310665
ast,cello,french-horn,white,0,0
ast,cello,oboe,white,0,0
ast,cello,trombone,white,0,0.0539855072464
ast,cello,trumpet,white,0,0.00128205128205
ast,cello,tuba,white,0,0.00387739597943
ast,cello,viola,white,0,0.000589622641509
ast,cello,violin,white,0,0.115760869565
ast,clarinet,double-bass,white,0,0.000187687687688
ast,clarinet,flute,white,0,0.0251645876646
ast,clarinet,french-horn,white,0,0.00577309236948
ast,clarinet,oboe,white,0,0.037447257384
ast,clarinet,trombone,white,0,0.0467292950846
ast,clarinet,trumpet,white,0,0.0198717948718
ast,clarinet,tuba,white,0,0
ast,clarinet,viola,white,0,0
ast,clarinet,violin,white,0,0.056576925763
ast,double-bass,flute,white,0,0.00634057971014
ast,double-bass,french-horn,white,0,0.00423869390606
ast,double-bass,oboe,white,0,0.000263713080169
ast,double-bass,trombone,white,0,0.0121551614544
ast,double-bass,trumpet,white,0,0.000320512820513
ast,double-bass,tuba,white,0,0.0845094086022
ast,double-bass,viola,white,0,-6.15258408532e-05
ast,double-bass,violin,white,0,0.0410894843276
ast,flute,french-horn,white,0,0.0165662650602
ast,flute,oboe,white,0,0.0382383966245
ast,flute,trombone,white,0,0.00891719148298
ast,flute,trumpet,white,0,0.00192307692308
ast,flute,tuba,white,0,0.00436827956989
ast,flute,viola,white,0,0.0115959119497
ast,flute,violin,white,0,0.143414993706
ast,french-horn,oboe,white,0,0
ast,french-horn,trombone,white,0,0.147590361446
ast,french-horn,trumpet,white,0,0
ast,french-horn,tuba,white,0,0.0828293010753
ast,french-horn,viola,white,0,0
ast,french-horn,violin,white,0,0.0218373493976
ast,oboe,trombone,white,0,0.0878164556962
ast,oboe,trumpet,white,0,0.040611814346
ast,oboe,tuba,white,0,0
ast,oboe,viola,white,0,0
ast,oboe,violin,white,0,0.0872890295359
ast,trombone,trumpet,white,0,0.225
ast,trombone,tuba,white,0,0.0221774193548
ast,trombone,viola,white,0,0.0229952830189
ast,trombone,violin,white,0,0.0418196654427
ast,trumpet,tuba,white,0,0
ast,trumpet,viola,white,0,0
ast,trumpet,violin,white,0,0.0445512820513
ast,tuba,viola,white,0,0
ast,tuba,violin,white,0,0.00235215053763
ast,viola,violin,white,0,0.148191823899
ast,bassoon,cello,white,1,0.00257731958763
ast,bassoon,clarinet,white,1,-0.00601374570447
ast,bassoon,double-bass,white,1,0.00085910652921
ast,bassoon,flute,white,1,0.0386597938144
ast,bassoon,french-horn,white,1,0.0721649484536
ast,bassoon,oboe,white,1,4.62592926927e-19
ast,bassoon,trombone,white,1,0.15206185567
ast,bassoon,trumpet,white,1,0.000429553264605
ast,bassoon,tuba,white,1,0
ast,bassoon,viola,white,1,0
ast,bassoon,violin,white,1,0.0133161512027
ast,cello,clarinet,white,1,0.00636016451234
ast,cello,double-bass,white,1,0.0483695652174
ast,cello,flute,white,1,0.0124752260622
ast,cello,french-horn,white,1,0
ast,cello,oboe,white,1,0.00210970464135
ast,cello,trombone,white,1,0.0586956521739
ast,cello,trumpet,white,1,0.00160256410256
ast,cello,tuba,white,1,0.00118922393642
ast,cello,viola,white,1,0.000589622641509
ast,cello,violin,white,1,0.108798168745
ast,clarinet,double-bass,white,1,0.000375375375375
ast,clarinet,flute,white,1,0.019995957496
ast,clarinet,french-horn,white,1,0.00401606425703
ast,clarinet,oboe,white,1,0.0392932489451
ast,clarinet,trombone,white,1,0.0391328828829
ast,clarinet,trumpet,white,1,0.0195512820513
ast,clarinet,tuba,white,1,0
ast,clarinet,viola,white,1,0.000982704402516
ast,clarinet,violin,white,1,0.0584538026398
ast,double-bass,flute,white,1,0.0105072463768
ast,double-bass,french-horn,white,1,0.00248166579361
ast,double-bass,oboe,white,1,0
ast,double-bass,trombone,white,1,0.0103419781337
ast,double-bass,trumpet,white,1,0.000320512820513
ast,double-bass,tuba,white,1,0.0850134408602
ast,double-bass,viola,white,1,-0.00176886792453
ast,double-bass,violin,white,1,0.0361785192675
ast,flute,french-horn,white,1,0.0150602409639
ast,flute,oboe,white,1,0.0348101265823
ast,flute,trombone,white,1,0.00890313390313
ast,flute,trumpet,white,1,0.00192307692308
ast,flute,tuba,white,1,0.00352822580645
ast,flute,viola,white,1,0.0121855345912
ast,flute,violin,white,1,0.138131087259
ast,french-horn,oboe,white,1,0
ast,french-horn,trombone,white,1,0.145833333333
ast,french-horn,trumpet,white,1,0
ast,french-horn,tuba,white,1,0.0756048387097
ast,french-horn,viola,white,1,0
ast,french-horn,violin,white,1,0.023343373494
ast,oboe,trombone,white,1,0.0981012658228
ast,oboe,trumpet,white,1,0.0297995780591
ast,oboe,tuba,white,1,0
ast,oboe,viola,white,1,0
ast,oboe,violin,white,1,0.0864978902954
ast,trombone,trumpet,white,1,0.220833333333
ast,trombone,tuba,white,1,0.0252016129032
ast,trombone,viola,white,1,0.0239779874214
ast,trombone,violin,white,1,0.046545627635
ast,trumpet,tuba,white,1,0
ast,trumpet,viola,white,1,0
ast,trumpet,violin,white,1,0.0490384615385
ast,tuba,viola,white,1,0
ast,tuba,violin,white,1,0.00252016129032
ast,viola,violin,white,1,0.14465408805
ast,bassoon,cello,audience,0,0.0209136411176
ast,bassoon,clarinet,audience,0,0.0198116931364
ast,bassoon,double-bass,audience,0,0.0371563573883
ast,bassoon,flute,audience,0,0.023588715599
ast,bassoon,french-horn,audience,0,0.0207764045874
ast,bassoon,oboe,audience,0,-0.00156052894863
ast,bassoon,trombone,audience,0,0.0188268674263
ast,bassoon,trumpet,audience,0,0.0167327517843
ast,bassoon,tuba,audience,0,0.00722446236559
ast,bassoon,viola,audience,0,0.00492162679116
ast,bassoon,violin,audience,0,0.00311675857109
ast,cello,clarinet,audience,0,0.00849001175088
ast,cello,double-bass,audience,0,0.0471014492754
ast,cello,flute,audience,0,0.0529542920847
ast,cello,french-horn,audience,0,0.0110441767068
ast,cello,oboe,audience,0,0.01555907173
ast,cello,trombone,audience,0,0.00581299262649
ast,cello,trumpet,audience,0,0.0266722408027
ast,cello,tuba,audience,0,0.0134540088827
ast,cello,viola,audience,0,0.0258015449822
ast,cello,violin,audience,0,0.0480578024941
ast,clarinet,double-bass,audience,0,0.010678613396
ast,clarinet,flute,audience,0,0.00940844690845
ast,clarinet,french-horn,audience,0,0.0070281124498
ast,clarinet,oboe,audience,0,0.0366561181435
ast,clarinet,trombone,audience,0,0.0278765607713
ast,clarinet,trumpet,audience,0,0.0476928851929
ast,clarinet,tuba,audience,0,0.00151209677419
ast,clarinet,viola,audience,0,0.00461959601111
ast,clarinet,violin,audience,0,0.00423824987778
ast,double-bass,flute,audience,0,0.0188746438746
ast,double-bass,french-horn,audience,0,0.031375502008
ast,double-bass,oboe,audience,0,0.0134493670886
ast,double-bass,trombone,audience,0,0.0147899186372
ast,double-bass,trumpet,audience,0,0.0135312151616
ast,double-bass,tuba,audience,0,0.132224462366
ast,double-bass,viola,audience,0,0.0124709461307
ast,double-bass,violin,audience,0,0.039744129873
ast,flute,french-horn,audience,0,0.0253514056225
ast,flute,oboe,audience,0,0.0331760070684
ast,flute,trombone,audience,0,0.00381897585845
ast,flute,trumpet,audience,0,0.0306267806268
ast,flute,tuba,audience,0,0.00722446236559
ast,flute,viola,audience,0,0.00351925764662
ast,flute,violin,audience,0,0.0274672033393
ast,french-horn,oboe,audience,0,0.00105485232068
ast,french-horn,trombone,audience,0,0.0507534524061
ast,french-horn,trumpet,audience,0,0.012828236021
ast,french-horn,tuba,audience,0,0.0248655913978
ast,french-horn,viola,audience,0,0.00176886792453
ast,french-horn,violin,audience,0,0.00175702811245
ast,oboe,trombone,audience,0,0.00580168776371
ast,oboe,trumpet,audience,0,0.0508966244726
ast,oboe,tuba,audience,0,0
ast,oboe,viola,audience,0,0.00369198312236
ast,oboe,violin,audience,0,0.0084388185654
ast,trombone,trumpet,audience,0,0.0383603238866
ast,trombone,tuba,audience,0,0.0127688172043
ast,trombone,viola,audience,0,0.00484456030012
ast,trombone,violin,audience,0,0.00436046511628
ast,trumpet,tuba,audience,0,0.0028561827957
ast,trumpet,viola,audience,0,0.0124123125302
ast,trumpet,violin,audience,0,0.0135211687537
ast,tuba,viola,audience,0,0.000840053763441
ast,tuba,violin,audience,0,0.00117607526882
ast,viola,violin,audience,0,0.0192777655892
ast,bassoon,cello,audience,1,0.0180076199014
ast,bassoon,clarinet,audience,1,0.0186584780657
ast,bassoon,double-bass,audience,1,0.0373375168086
ast,bassoon,flute,audience,1,0.0279888830147
ast,bassoon,french-horn,audience,1,0.0193454229288
ast,bassoon,oboe,audience,1,-0.00257731958763
ast,bassoon,trombone,audience,1,0.0188042593597
ast,bassoon,trumpet,audience,1,0.00697858842189
ast,bassoon,tuba,audience,1,0.0085685483871
ast,bassoon,viola,audience,1,0.00386597938144
ast,bassoon,violin,audience,1,0.00467180798636
ast,cello,clarinet,audience,1,0.0164365452409
ast,cello,double-bass,audience,1,0.0628623188406
ast,cello,flute,audience,1,0.0405626780627
ast,cello,french-horn,audience,1,0.0105421686747
ast,cello,oboe,audience,1,0.01555907173
ast,cello,trombone,audience,1,0.00798531655225
ast,cello,trumpet,audience,1,0.0219620958751
ast,cello,tuba,audience,1,0.013790030388
ast,cello,viola,audience,1,0.0190149029259
ast,cello,violin,audience,1,0.0539700595439
ast,clarinet,double-bass,audience,1,0.00823214518867
ast,clarinet,flute,audience,1,0.0359205359205
ast,clarinet,french-horn,audience,1,0.00251004016064
ast,clarinet,oboe,audience,1,0.0295358649789
ast,clarinet,trombone,audience,1,0.0132714951794
ast,clarinet,trumpet,audience,1,0.0322534072534
ast,clarinet,tuba,audience,1,0.000504032258065
ast,clarinet,viola,audience,1,0.00157232704403
ast,clarinet,violin,audience,1,0.00512867518681
ast,double-bass,flute,audience,1,0.0172720797721
ast,double-bass,french-horn,audience,1,0.0376506024096
ast,double-bass,oboe,audience,1,0.0166139240506
ast,double-bass,trombone,audience,1,0.0231804602085
ast,double-bass,trumpet,audience,1,0.019983277592
ast,double-bass,tuba,audience,1,0.10752688172
ast,double-bass,viola,audience,1,0.0125786163522
ast,double-bass,violin,audience,1,0.0517778901247
ast,flute,french-horn,audience,1,0.0271084337349
ast,flute,oboe,audience,1,0.0215455840456
ast,flute,trombone,audience,1,0.00965287149498
ast,flute,trumpet,audience,1,0.025462962963
ast,flute,tuba,audience,1,0.00436827956989
ast,flute,viola,audience,1,0.021219695748
ast,flute,violin,audience,1,0.015826873385
ast,french-horn,oboe,audience,1,0
ast,french-horn,trombone,audience,1,0.0323839216515
ast,french-horn,trumpet,audience,1,0.0100401606426
ast,french-horn,tuba,audience,1,0.023343373494
ast,french-horn,viola,audience,1,0.00209564673789
ast,french-horn,violin,audience,1,0.0035140562249
ast,oboe,trombone,audience,1,0.00659282700422
ast,oboe,trumpet,audience,1,0.0524789029536
ast,oboe,tuba,audience,1,0
ast,oboe,viola,audience,1,0.00553797468354
ast,oboe,violin,audience,1,0.00922995780591
ast,trombone,trumpet,audience,1,0.0433085919928
ast,trombone,tuba,audience,1,0.00940860215054
ast,trombone,viola,audience,1,0.00466181176211
ast,trombone,violin,audience,1,0.00436046511628
ast,trumpet,tuba,audience,1,0.00252016129032
ast,trumpet,viola,audience,1,0.0132710449927
ast,trumpet,violin,audience,1,0.0173847147684
ast,tuba,viola,audience,1,0
ast,tuba,violin,audience,1,0.000336021505376
ast,viola,violin,audience,1,0.0288960801521
ast,bassoon,cello,studio,0,0.0324312714777
ast,bassoon,clarinet,studio,0,0.00493986254296
ast,bassoon,double-bass,studio,0,0.0304982817869
ast,bassoon,flute,studio,0,0.0249140893471
ast,bassoon,french-horn,studio,0,0.0793302074276
ast,bassoon,oboe,studio,0,-0.00214776632302
ast,bassoon,trombone,studio,0,0.00794673539519
ast,bassoon,trumpet,studio,0,0
ast,bassoon,tuba,studio,0,0
ast,bassoon,viola,studio,0,0.0229810996564
ast,bassoon,violin,studio,0,0.00128865979381
ast,cello,clarinet,studio,0,0.0345851286069
ast,cello,double-bass,studio,0,0.0447463768116
ast,cello,flute,studio,0,0.0498436145175
ast,cello,french-horn,studio,0,0.0153527152087
ast,cello,oboe,studio,0,0.0553797468354
ast,cello,trombone,studio,0,0.0113208746504
ast,cello,trumpet,studio,0,0.0307692307692
ast,cello,tuba,studio,0,0.00387739597943
ast,cello,viola,studio,0,0.0539256904567
ast,cello,violin,studio,0,0.0807760364004
ast,clarinet,double-bass,studio,0,0.0103162945554
ast,clarinet,flute,studio,0,0.014836952337
ast,clarinet,french-horn,studio,0,0.00809318354499
ast,clarinet,oboe,studio,0,0.0348101265823
ast,clarinet,trombone,studio,0,0.0106833807492
ast,clarinet,trumpet,studio,0,0.0174174174174
ast,clarinet,tuba,studio,0,0
ast,clarinet,viola,studio,0,0.0340511502068
ast,clarinet,violin,studio,0,0.00472274600182
ast,double-bass,flute,studio,0,0.0146785581568
ast,double-bass,french-horn,studio,0,0.0489457831325
ast,double-bass,oboe,studio,0,0.0116033755274
ast,double-bass,trombone,studio,0,0.0208333333333
ast,double-bass,trumpet,studio,0,0.0224358974359
ast,double-bass,tuba,studio,0,0.0981182795699
ast,double-bass,viola,studio,0,0.00677126059612
ast,double-bass,violin,studio,0,0.0261782384002
ast,flute,french-horn,studio,0,0.0136507568736
ast,flute,oboe,studio,0,0.020305907173
ast,flute,trombone,studio,0,0.00744583145899
ast,flute,trumpet,studio,0,0.00705128205128
ast,flute,tuba,studio,0,0.00168010752688
ast,flute,viola,studio,0,0.016818523894
ast,flute,violin,studio,0,0.0205393228649
ast,french-horn,oboe,studio,0,0
ast,french-horn,trombone,studio,0,0.0246027971535
ast,french-horn,trumpet,studio,0,0.00296957059005
ast,french-horn,tuba,studio,0,0.0919018817204
ast,french-horn,viola,studio,0,0.00753012048193
ast,french-horn,violin,studio,0,0.00175702811245
ast,oboe,trombone,studio,0,0.00896624472574
ast,oboe,trumpet,studio,0,0.0147679324895
ast,oboe,tuba,studio,0,0
ast,oboe,viola,studio,0,0.0353375527426
ast,oboe,violin,studio,0,0.00685654008439
ast,trombone,trumpet,studio,0,0.0458333333333
ast,trombone,tuba,studio,0,0.00201612903226
ast,trombone,viola,studio,0,0.0128165342602
ast,trombone,violin,studio,0,0.00230348157215
ast,trumpet,tuba,studio,0,0
ast,trumpet,viola,studio,0,0.0421837203677
ast,trumpet,violin,studio,0,0.000961538461538
ast,tuba,viola,studio,0,0.00117607526882
ast,tuba,violin,studio,0,0.00100806451613
ast,viola,violin,studio,0,0.067928489591
ast,bassoon,cello,studio,1,0.0504725085911
ast,bassoon,clarinet,studio,1,0.00343642611684
ast,bassoon,double-bass,studio,1,0.0356529209622
ast,bassoon,flute,studio,1,0.0350085910653
ast,bassoon,french-horn,studio,1,0.0556271477663
ast,bassoon,oboe,studio,1,-0.00300687285223
ast,bassoon,trombone,studio,1,0.00966494845361
ast,bassoon,trumpet,studio,1,0
ast,bassoon,tuba,studio,1,0
ast,bassoon,viola,studio,1,0.0167525773196
ast,bassoon,violin,studio,1,0.00214776632302
ast,cello,clarinet,studio,1,0.0255891761327
ast,cello,double-bass,studio,1,0.0530797101449
ast,cello,flute,studio,1,0.0558172302738
ast,cello,french-horn,studio,1,0.0203727955299
ast,cello,oboe,studio,1,0.0588080168776
ast,cello,trombone,studio,1,0.00784388507501
ast,cello,trumpet,studio,1,0.0435897435897
ast,cello,tuba,studio,1,0.0028561827957
ast,cello,viola,studio,1,0.0569712195789
ast,cello,violin,studio,1,0.0750014043366
ast,clarinet,double-bass,studio,1,0.010309766288
ast,clarinet,flute,studio,1,0.0229412104412
ast,clarinet,french-horn,studio,1,0.00225903614458
ast,clarinet,oboe,studio,1,0.0295358649789
ast,clarinet,trombone,studio,1,0.0101104393868
ast,clarinet,trumpet,studio,1,0.0157051282051
ast,clarinet,tuba,studio,1,0
ast,clarinet,viola,studio,1,0.0274289619808
ast,clarinet,violin,studio,1,0.0082058802989
ast,double-bass,flute,studio,1,0.0119766505636
ast,double-bass,french-horn,studio,1,0.0373995983936
ast,double-bass,oboe,studio,1,0.0113396624473
ast,double-bass,trombone,studio,1,0.0190058479532
ast,double-bass,trumpet,studio,1,0.0214743589744
ast,double-bass,tuba,studio,1,0.114079301075
ast,double-bass,viola,studio,1,0.0116847826087
ast,double-bass,violin,studio,1,0.0423828783283
ast,flute,french-horn,studio,1,0.0122991967871
ast,flute,oboe,studio,1,0.0146822820873
ast,flute,trombone,studio,1,0.00779727095517
ast,flute,trumpet,studio,1,0.00933048433048
ast,flute,tuba,studio,1,0.00151209677419
ast,flute,viola,studio,1,0.0122006531205
ast,flute,violin,studio,1,0.0201459285762
ast,french-horn,oboe,studio,1,0
ast,french-horn,trombone,studio,1,0.0265733988586
ast,french-horn,trumpet,studio,1,0.00713623725672
ast,french-horn,tuba,studio,1,0.0912298387097
ast,french-horn,viola,studio,1,0.0157043267409
ast,french-horn,violin,studio,1,0.00150602409639
ast,oboe,trombone,studio,1,0.0129219409283
ast,oboe,trumpet,studio,1,0.0208333333333
ast,oboe,tuba,studio,1,0
ast,oboe,viola,studio,1,0.0424578059072
ast,oboe,violin,studio,1,0.00263713080169
ast,trombone,trumpet,studio,1,0.0532051282051
ast,trombone,tuba,studio,1,0.000336021505376
ast,trombone,viola,studio,1,0.00804093567251
ast,trombone,violin,studio,1,0.00243098055216
ast,trumpet,tuba,studio,1,0
ast,trumpet,viola,studio,1,0.0246794871795
ast,trumpet,violin,studio,1,0.00480769230769
ast,tuba,viola,studio,1,0.00235215053763
ast,tuba,violin,studio,1,0.00134408602151
ast,viola,violin,studio,1,0.0703707766564
panns,bassoon,cello,white,0,0
panns,bassoon,clarinet,white,0,0.0180412371134
panns,bassoon,double-bass,white,0,0
panns,bassoon,flute,white,0,0.0176116838488
panns,bassoon,french-horn,white,0,0.0459621993127
panns,bassoon,oboe,white,0,-0.0154639175258
panns,bassoon,trombone,white,0,0.297638964249
panns,bassoon,trumpet,white,0,-0.00128865979381
panns,bassoon,tuba,white,0,0.000429553264605
panns,bassoon,viola,white,0,-0.00275157232704
panns,bassoon,violin,white,0,0.00644329896907
panns,cello,clarinet,white,0,0.0150362318841
panns,cello,double-bass,white,0,-0.00434782608696
panns,cello,flute,white,0,0.0623188405797
panns,cello,french-horn,white,0,0.0036231884058
panns,cello,oboe,white,0,0
panns,cello,trombone,white,0,0.217028985507
panns,cello,trumpet,white,0,0.00326086956522
panns,cello,tuba,white,0,0
panns,cello,viola,white,0,0.0235507246377
panns,cello,violin,white,0,0.103804347826
panns,clarinet,double-bass,white,0,0.00380434782609
panns,clarinet,flute,white,0,0.103367790868
panns,clarinet,french-horn,white,0,0.00627510040161
panns,clarinet,oboe,white,0,0.169567510549
panns,clarinet,trombone,white,0,0.153775486012
panns,clarinet,trumpet,white,0,0.111070686071
panns,clarinet,tuba,white,0,0.00209483677226
panns,clarinet,viola,white,0,0.0115959119497
panns,clarinet,violin,white,0,0.0500951532928
panns,double-bass,flute,white,0,0.0427536231884
panns,double-bass,french-horn,white,0,0
panns,double-bass,oboe,white,0,0
panns,double-bass,trombone,white,0,0.313405797101
panns,double-bass,trumpet,white,0,0.00018115942029
panns,double-bass,tuba,white,0,0.000724637681159
panns,double-bass,viola,white,0,0.00833333333333
panns,double-bass,violin,white,0,0.0130434782609
panns,flute,french-horn,white,0,0.0220883534137
panns,flute,oboe,white,0,0.0664556962025
panns,flute,trombone,white,0,0.0789379967012
panns,flute,trumpet,white,0,0.0129985754986
panns,flute,tuba,white,0,0.00134408602151
panns,flute,viola,white,0,0.0353773584906
panns,flute,violin,white,0,0.0560980255748
panns,french-horn,oboe,white,0,0
panns,french-horn,trombone,white,0,0.287148594378
panns,french-horn,trumpet,white,0,0.00426706827309
panns,french-horn,tuba,white,0,0.0194892473118
panns,french-horn,viola,white,0,0
panns,french-horn,violin,white,0,0.00466205908907
panns,oboe,trombone,white,0,0.087552742616
panns,oboe,trumpet,white,0,0.00448312236287
panns,oboe,tuba,white,0,0
panns,oboe,viola,white,0,0
panns,oboe,violin,white,0,0.0353375527426
panns,trombone,trumpet,white,0,0.19775359874
panns,trombone,tuba,white,0,0.339717741935
panns,trombone,viola,white,0,0.0959119496855
panns,trombone,violin,white,0,0.0980297157623
panns,trumpet,tuba,white,0,0
panns,trumpet,viola,white,0,0.00373427672956
panns,trumpet,violin,white,0,0.0251689524945
panns,tuba,viola,white,0,0
panns,tuba,violin,white,0,0
panns,viola,violin,white,0,0.102201257862
panns,bassoon,cello,white,1,0
panns,bassoon,clarinet,white,1,0.0212628865979
panns,bassoon,double-bass,white,1,0
panns,bassoon,flute,white,1,0.0193298969072
panns,bassoon,french-horn,white,1,0.0427405498282
panns,bassoon,oboe,white,1,-0.0154639175258
panns,bassoon,trombone,white,1,0.296898550069
panns,bassoon,trumpet,white,1,-0.00171821305842
panns,bassoon,tuba,white,1,0.00171821305842
panns,bassoon,viola,white,1,-0.00275157232704
panns,bassoon,violin,white,1,0.00515463917526
panns,cello,clarinet,white,1,0.0188405797101
panns,cello,double-bass,white,1,-0.00434782608696
panns,cello,flute,white,1,0.0608695652174
panns,cello,french-horn,white,1,0.00289855072464
panns,cello,oboe,white,1,0
panns,cello,trombone,white,1,0.2125
panns,cello,trumpet,white,1,0.00380434782609
panns,cello,tuba,white,1,0
panns,cello,viola,white,1,0.0239130434783
panns,cello,violin,white,1,0.102898550725
panns,clarinet,double-bass,white,1,0.00416666666667
panns,clarinet,flute,white,1,0.105822168322
panns,clarinet,french-horn,white,1,0.00476907630522
panns,clarinet,oboe,white,1,0.172732067511
panns,clarinet,trombone,white,1,0.149873557768
panns,clarinet,trumpet,white,1,0.105347655348
panns,clarinet,tuba,white,1,0.00282591058801
panns,clarinet,viola,white,1,0.0143474842767
panns,clarinet,violin,white,1,0.0470659613101
panns,double-bass,flute,white,1,0.0442028985507
panns,double-bass,french-horn,white,1,0
panns,double-bass,oboe,white,1,0
panns,double-bass,trombone,white,1,0.308333333333
panns,double-bass,trumpet,white,1,0.00108695652174
panns,double-bass,tuba,white,1,0.000724637681159
panns,double-bass,viola,white,1,0.0119565217391
panns,double-bass,violin,white,1,0.0135869565217
panns,flute,french-horn,white,1,0.0220883534137
panns,flute,oboe,white,1,0.0685654008439
panns,flute,trombone,white,1,0.0753767431399
panns,flute,trumpet,white,1,0.0129985754986
panns,flute,tuba,white,1,0.00134408602151
panns,flute,viola,white,1,0.0361635220126
panns,flute,violin,white,1,0.060773206122
panns,french-horn,oboe,white,1,0
panns,french-horn,trombone,white,1,0.287399598394
panns,french-horn,trumpet,white,1,0.0035140562249
panns,french-horn,tuba,white,1,0.0237684609405
panns,french-horn,viola,white,1,0
panns,french-horn,violin,white,1,0.00541507113726
panns,oboe,trombone,white,1,0.0870253164557
panns,oboe,trumpet,white,1,0.00210970464135
panns,oboe,tuba,white,1,0
panns,oboe,viola,white,1,0
panns,oboe,violin,white,1,0.0361286919831
panns,trombone,trumpet,white,1,0.197891363023
panns,trombone,tuba,white,1,0.337197580645
panns,trombone,viola,white,1,0.0923742138365
panns,trombone,violin,white,1,0.0982974636203
panns,trumpet,tuba,white,1,0
panns,trumpet,viola,white,1,0.00393081761006
panns,trumpet,violin,white,1,0.0288511230372
panns,tuba,viola,white,1,0
panns,tuba,violin,white,1,0
panns,viola,violin,white,1,0.107114779874
panns,bassoon,cello,audience,0,0.00401912445839
panns,bassoon,clarinet,audience,0,0.0287510448593
panns,bassoon,double-bass,audience,0,0.00397243388615
panns,bassoon,flute,audience,0,0.0421531265603
panns,bassoon,french-horn,audience,0,0.0365120274914
panns,bassoon,oboe,audience,0,-0.00599199617208
panns,bassoon,trombone,audience,0,0.0320827304516
panns,bassoon,trumpet,audience,0,0.00321173671689
panns,bassoon,tuba,audience,0,0.0196226166722
panns,bassoon,viola,audience,0,0.00667631135317
panns,bassoon,violin,audience,0,0.00338314819255
panns,cello,clarinet,audience,0,0.0170355137746
panns,cello,double-bass,audience,0,0.0478260869565
panns,cello,flute,audience,0,0.0323098600273
panns,cello,french-horn,audience,0,0
panns,cello,oboe,audience,0,0.00238946982205
panns,cello,trombone,audience,0,0.0228260869565
panns,cello,trumpet,audience,0,0.00413879598662
panns,cello,tuba,audience,0,0.000905797101449
panns,cello,viola,audience,0,0.0331094476347
panns,cello,violin,audience,0,0.030615942029
panns,clarinet,double-bass,audience,0,0.0114848544196
panns,clarinet,flute,audience,0,0.0190767690768
panns,clarinet,french-horn,audience,0,0.0286144578313
panns,clarinet,oboe,audience,0,0.0804586231801
panns,clarinet,trombone,audience,0,0.0345740477319
panns,clarinet,trumpet,audience,0,0.0665713790714
panns,clarinet,tuba,audience,0,0.00736220091059
panns,clarinet,viola,audience,0,0.0181384214403
panns,clarinet,violin,audience,0,0.0217062993226
panns,double-bass,flute,audience,0,0.0242474916388
panns,double-bass,french-horn,audience,0,0.00125502008032
panns,double-bass,oboe,audience,0,0.00474683544304
panns,double-bass,trombone,audience,0,0.0239702517162
panns,double-bass,trumpet,audience,0,0.00510033444816
panns,double-bass,tuba,audience,0,0.0173971482001
panns,double-bass,viola,audience,0,0.0157677057698
panns,double-bass,violin,audience,0,0.0222376699247
panns,flute,french-horn,audience,0,0.0454317269076
panns,flute,oboe,audience,0,0.0266485448447
panns,flute,trombone,audience,0,0.0171643049933
panns,flute,trumpet,audience,0,0.0365384615385
panns,flute,tuba,audience,0,0.0332287933094
panns,flute,viola,audience,0,0.0145171477719
panns,flute,violin,audience,0,0.0376043530113
panns,french-horn,oboe,audience,0,0
panns,french-horn,trombone,audience,0,0.0755323927288
panns,french-horn,trumpet,audience,0,0.011546184739
panns,french-horn,tuba,audience,0,0.00896327244462
panns,french-horn,viola,audience,0,0.00326305220884
panns,french-horn,violin,audience,0,0.00401606425703
panns,oboe,trombone,audience,0,0.0145042194093
panns,oboe,trumpet,audience,0,0.0139767932489
panns,oboe,tuba,audience,0,0.00268817204301
panns,oboe,viola,audience,0,0.00572456412706
panns,oboe,violin,audience,0,0.0129219409283
panns,trombone,trumpet,audience,0,0.0398279352227
panns,trombone,tuba,audience,0,0.059856041313
panns,trombone,viola,audience,0,0.00984428445327
panns,trombone,violin,audience,0,0.0137911396709
panns,trumpet,tuba,audience,0,0.00445874689826
panns,trumpet,viola,audience,0,0.0166727140784
panns,trumpet,violin,audience,0,0.0188108725899
panns,tuba,viola,audience,0,0.00352822580645
panns,tuba,violin,audience,0,0.00117607526882
panns,viola,violin,audience,0,0.0409719175077
panns,bassoon,cello,audience,1,0.00709883460332
panns,bassoon,clarinet,audience,1,0.047997740008
panns,bassoon,double-bass,audience,1,0.00419468101001
panns,bassoon,flute,audience,1,0.030230269921
panns,bassoon,french-horn,audience,1,0.0572004512897
panns,bassoon,oboe,audience,1,-0.0139795119405
panns,bassoon,trombone,audience,1,0.0225232863086
panns,bassoon,trumpet,audience,1,0.00952616970658
panns,bassoon,tuba,audience,1,0.0172496812992
panns,bassoon,viola,audience,1,0.000484260520003
panns,bassoon,violin,audience,1,0.00703435094169
panns,cello,clarinet,audience,1,0.00253623188406
panns,cello,double-bass,audience,1,0.054347826087
panns,cello,flute,audience,1,0.019534249969
panns,cello,french-horn,audience,1,0.00270429544264
panns,cello,oboe,audience,1,0.00235507246377
panns,cello,trombone,audience,1,0.0143115942029
panns,cello,trumpet,audience,1,0.00766443701226
panns,cello,tuba,audience,1,0
panns,cello,viola,audience,1,0.0266646158053
panns,cello,violin,audience,1,0.0329710144928
panns,clarinet,double-bass,audience,1,0.00839861600731
panns,clarinet,flute,audience,1,0.0311994686995
panns,clarinet,french-horn,audience,1,0.0303714859438
panns,clarinet,oboe,audience,1,0.0631913559129
panns,clarinet,trombone,audience,1,0.0281580923028
panns,clarinet,trumpet,audience,1,0.0675415800416
panns,clarinet,tuba,audience,1,0.00772849462366
panns,clarinet,viola,audience,1,0.0139827327327
panns,clarinet,violin,audience,1,0.028895174244
panns,double-bass,flute,audience,1,0.0192028985507
panns,double-bass,french-horn,audience,1,0.00627510040161
panns,double-bass,oboe,audience,1,0.00263713080169
panns,double-bass,trombone,audience,1,0.0279303330791
panns,double-bass,trumpet,audience,1,0.00901616499443
panns,double-bass,tuba,audience,1,0.0294676250584
panns,double-bass,viola,audience,1,0.0129426442439
panns,double-bass,violin,audience,1,0.0219862936749
panns,flute,french-horn,audience,1,0.0401606425703
panns,flute,oboe,audience,1,0.0330069602222
panns,flute,trombone,audience,1,0.0276044009597
panns,flute,trumpet,audience,1,0.0296296296296
panns,flute,tuba,audience,1,0.0214436288025
panns,flute,viola,audience,1,0.0267043621996
panns,flute,violin,audience,1,0.0508762340158
panns,french-horn,oboe,audience,1,0.00200803212851
panns,french-horn,trombone,audience,1,0.043767173959
panns,french-horn,trumpet,audience,1,0.00527108433735
panns,french-horn,tuba,audience,1,0.00754631428942
panns,french-horn,viola,audience,1,0.00627510040161
panns,french-horn,violin,audience,1,0.00677710843373
panns,oboe,trombone,audience,1,0.0105485232068
panns,oboe,trumpet,audience,1,0.0139970788705
panns,oboe,tuba,audience,1,0.00280726827276
panns,oboe,viola,audience,1,0.0101305628533
panns,oboe,violin,audience,1,0.021888185654
panns,trombone,trumpet,audience,1,0.0341486729645
panns,trombone,tuba,audience,1,0.0588037634409
panns,trombone,viola,audience,1,0.0106132075472
panns,trombone,violin,audience,1,0.0116364069087
panns,trumpet,tuba,audience,1,0
panns,trumpet,viola,audience,1,0.0223179729076
panns,trumpet,violin,audience,1,0.0170567481614
panns,tuba,viola,audience,1,0.00176569791033
panns,tuba,violin,audience,1,0.00149256064016
panns,viola,violin,audience,1,0.0454496977232
panns,bassoon,cello,studio,0,0.00579710144928
panns,bassoon,clarinet,studio,0,0.0240549828179
panns,bassoon,double-bass,studio,0,0.00808680711191
panns,bassoon,flute,studio,0,0.0525468470056
panns,bassoon,french-horn,studio,0,0.054718875502
panns,bassoon,oboe,studio,0,-0.0109536082474
panns,bassoon,trombone,studio,0,0.0600451407729
panns,bassoon,trumpet,studio,0,-0.00214776632302
panns,bassoon,tuba,studio,0,0.00473374625873
panns,bassoon,viola,studio,0,-0.000786163522013
panns,bassoon,violin,studio,0,0.00768534057913
panns,cello,clarinet,studio,0,0.00698851024938
panns,cello,double-bass,studio,0,0.0150362318841
panns,cello,flute,studio,0,0.0383934101325
panns,cello,french-horn,studio,0,0.00344202898551
panns,cello,oboe,studio,0,0.00210970464135
panns,cello,trombone,studio,0,0.0291666666667
panns,cello,trumpet,studio,0,0.00182552954292
panns,cello,tuba,studio,0,0.000905797101449
panns,cello,viola,studio,0,0.00948181569593
panns,cello,violin,studio,0,0.101811594203
panns,clarinet,double-bass,studio,0,0.00384351743047
panns,clarinet,flute,studio,0,0.0328982828983
panns,clarinet,french-horn,studio,0,0.0120481927711
panns,clarinet,oboe,studio,0,0.0590717299578
panns,clarinet,trombone,studio,0,0.0392168484274
panns,clarinet,trumpet,studio,0,0.0455676830677
panns,clarinet,tuba,studio,0,0.00892273321709
panns,clarinet,viola,studio,0,0.00327036942603
panns,clarinet,violin,studio,0,0.0454247852504
panns,double-bass,flute,studio,0,0.0490849126719
panns,double-bass,french-horn,studio,0,0.00225903614458
panns,double-bass,oboe,studio,0,0.00237341772152
panns,double-bass,trombone,studio,0,0.0356963513857
panns,double-bass,trumpet,studio,0,0.00419453734671
panns,double-bass,tuba,studio,0,0.0085685483871
panns,double-bass,viola,studio,0,0.00896055509981
panns,double-bass,violin,studio,0,0.0182591843613
panns,flute,french-horn,studio,0,0.046686746988
panns,flute,oboe,studio,0,0.0526637275055
panns,flute,trombone,studio,0,0.0200789098815
panns,flute,trumpet,studio,0,0.011858974359
panns,flute,tuba,studio,0,0.0319751746163
panns,flute,viola,studio,0,0.0198506289308
panns,flute,violin,studio,0,0.0478781554363
panns,french-horn,oboe,studio,0,0.00200803212851
panns,french-horn,trombone,studio,0,0.0884238709223
panns,french-horn,trumpet,studio,0,0.00401606425703
panns,french-horn,tuba,studio,0,0.0234223183055
panns,french-horn,viola,studio,0,0.00150602409639
panns,french-horn,violin,studio,0,0.0210843373494
panns,oboe,trombone,studio,0,0.0221518987342
panns,oboe,trumpet,studio,0,0.00795602077248
panns,oboe,tuba,studio,0,0.00290084388186
panns,oboe,viola,studio,0,0.000263713080169
panns,oboe,violin,studio,0,0.0461497890295
panns,trombone,trumpet,studio,0,0.0806314664867
panns,trombone,tuba,studio,0,0.10340030183
panns,trombone,viola,studio,0,0.0112028301887
panns,trombone,violin,studio,0,0.0251555487556
panns,trumpet,tuba,studio,0,0.00132857733664
panns,trumpet,viola,studio,0,0.00117924528302
panns,trumpet,violin,studio,0,0.0416741204532
panns,tuba,viola,studio,0,0.00196223879083
panns,tuba,violin,studio,0,0.00184811827957
panns,viola,violin,studio,0,0.107507861635
panns,bassoon,cello,studio,1,0.00380434782609
panns,bassoon,clarinet,studio,1,0.0185230333426
panns,bassoon,double-bass,studio,1,0.00374458389362
panns,bassoon,flute,studio,1,0.0672562927718
panns,bassoon,french-horn,studio,1,0.0348119281249
panns,bassoon,oboe,studio,1,-0.00708762886598
panns,bassoon,trombone,studio,1,0.0638338759269
panns,bassoon,trumpet,studio,1,-0.00429553264605
panns,bassoon,tuba,studio,1,0.00709628921406
panns,bassoon,viola,studio,1,-0.000786163522013
panns,bassoon,violin,studio,1,0.0113881563174
panns,cello,clarinet,studio,1,0.00326086956522
panns,cello,double-bass,studio,1,0.0280797101449
panns,cello,flute,studio,1,0.0364006565094
panns,cello,french-horn,studio,1,0
panns,cello,oboe,studio,1,0.00527426160338
panns,cello,trombone,studio,1,0.0259057971014
panns,cello,trumpet,studio,1,0.00585284280936
panns,cello,tuba,studio,1,0.00199275362319
panns,cello,viola,studio,1,0.0187277823352
panns,cello,violin,studio,1,0.104891304348
panns,clarinet,double-bass,studio,1,0.00271739130435
panns,clarinet,flute,studio,1,0.0354489104489
panns,clarinet,french-horn,studio,1,0.0150602409639
panns,clarinet,oboe,studio,1,0.0598628691983
panns,clarinet,trombone,studio,1,0.0403232179548
panns,clarinet,trumpet,studio,1,0.0394548394548
panns,clarinet,tuba,studio,1,0.00636321805677
panns,clarinet,viola,studio,1,0.00440534874497
panns,clarinet,violin,studio,1,0.036040400866
panns,double-bass,flute,studio,1,0.0492691688344
panns,double-bass,french-horn,studio,1,0.00200803212851
panns,double-bass,oboe,studio,1,0.00158227848101
panns,double-bass,trombone,studio,1,0.0391367912535
panns,double-bass,trumpet,studio,1,0.00310758082497
panns,double-bass,tuba,studio,1,0.0143335086489
panns,double-bass,viola,studio,1,0.00407779600766
panns,double-bass,violin,studio,1,0.0184993259184
panns,flute,french-horn,studio,1,0.0424196787149
panns,flute,oboe,studio,1,0.0403481012658
panns,flute,trombone,studio,1,0.0267047158495
panns,flute,trumpet,studio,1,0.0155626780627
panns,flute,tuba,studio,1,0.038823407775
panns,flute,viola,studio,1,0.0212566521529
panns,flute,violin,studio,1,0.0558122970914
panns,french-horn,oboe,studio,1,0.00552208835341
panns,french-horn,trombone,studio,1,0.0851365990277
panns,french-horn,trumpet,studio,1,0.00200803212851
panns,french-horn,tuba,studio,1,0.0184751101179
panns,french-horn,viola,studio,1,0
panns,french-horn,violin,studio,1,0.0128012048193
panns,oboe,trombone,studio,1,0.0224156118143
panns,oboe,trumpet,studio,1,0.0128367413178
panns,oboe,tuba,studio,1,0.00184599156118
panns,oboe,viola,studio,1,0.000786163522013
panns,oboe,violin,studio,1,0.0574894514768
panns,trombone,trumpet,studio,1,0.0825179937022
panns,trombone,tuba,studio,1,0.0967741935484
panns,trombone,viola,studio,1,0.0148957298908
panns,trombone,violin,studio,1,0.0277990276078
panns,trumpet,tuba,studio,1,0.00386166253102
panns,trumpet,viola,studio,1,0.00137578616352
panns,trumpet,violin,studio,1,0.0424741602067
panns,tuba,viola,studio,1,0.000982704402516
panns,tuba,violin,studio,1,0.00100806451613
panns,viola,violin,studio,1,0.10933310175
