path,label,family,duration_s,sample_rate,note,midi,dynamic,technique,is_plain,is_phrase
bassoon/A2/bassoon_A2_025_forte_normal.mp3,bassoon,woodwind,0.3135,44100,A2,45,forte,normal,1,0
bassoon/A2/bassoon_A2_025_fortissimo_normal.mp3,bassoon,woodwind,0.5225,44100,A2,45,fortissimo,normal,1,0
bassoon/A2/bassoon_A2_025_mezzo-piano_normal.mp3,bassoon,woodwind,0.418,44100,A2,45,mezzo-piano,normal,1,0
bassoon/A2/bassoon_A2_025_piano_normal.mp3,bassoon,woodwind,0.3396,44100,A2,45,piano,normal,1,0
bassoon/A2/bassoon_A2_05_forte_normal.mp3,bassoon,woodwind,0.3135,44100,A2,45,forte,normal,1,0
bassoon/A2/bassoon_A2_05_fortissimo_normal.mp3,bassoon,woodwind,1.4629,44100,A2,45,fortissimo,normal,1,0
bassoon/A2/bassoon_A2_05_mezzo-forte_normal.mp3,bassoon,woodwind,0.3658,44100,A2,45,mezzo-forte,normal,1,0
bassoon/A2/bassoon_A2_05_mezzo-piano_normal.mp3,bassoon,woodwind,1.3584,44100,A2,45,mezzo-piano,normal,1,0
bassoon/A2/bassoon_A2_05_piano_normal.mp3,bassoon,woodwind,0.3919,44100,A2,45,piano,normal,1,0
bassoon/A2/bassoon_A2_15_piano_normal.mp3,bassoon,woodwind,1.4106,44100,A2,45,piano,normal,1,0
bassoon/A2/bassoon_A2_1_forte_normal.mp3,bassoon,woodwind,1.3584,44100,A2,45,forte,normal,1,0
bassoon/A2/bassoon_A2_1_mezzo-forte_normal.mp3,bassoon,woodwind,1.3584,44100,A2,45,mezzo-forte,normal,1,0
bassoon/A2/bassoon_A2_1_mezzo-piano_normal.mp3,bassoon,woodwind,1.3322,44100,A2,45,mezzo-piano,normal,1,0
bassoon/A2/bassoon_A2_1_piano_normal.mp3,bassoon,woodwind,1.3584,44100,A2,45,piano,normal,1,0
bassoon/A3/bassoon_A3_025_forte_normal.mp3,bassoon,woodwind,0.2874,44100,A3,57,forte,normal,1,0
bassoon/A3/bassoon_A3_025_fortissimo_normal.mp3,bassoon,woodwind,0.3135,44100,A3,57,fortissimo,normal,1,0
bassoon/A3/bassoon_A3_025_mezzo-piano_normal.mp3,bassoon,woodwind,0.3135,44100,A3,57,mezzo-piano,normal,1,0
bassoon/A3/bassoon_A3_025_piano_normal.mp3,bassoon,woodwind,0.2612,44100,A3,57,piano,normal,1,0
bassoon/A3/bassoon_A3_05_forte_normal.mp3,bassoon,woodwind,0.4964,44100,A3,57,forte,normal,1,0
bassoon/A3/bassoon_A3_05_fortissimo_normal.mp3,bassoon,woodwind,0.4703,44100,A3,57,fortissimo,normal,1,0
bassoon/A3/bassoon_A3_05_mezzo-piano_normal.mp3,bassoon,woodwind,0.418,44100,A3,57,mezzo-piano,normal,1,0
bassoon/A3/bassoon_A3_05_piano_normal.mp3,bassoon,woodwind,0.2874,44100,A3,57,piano,normal,1,0
bassoon/A3/bassoon_A3_15_forte_normal.mp3,bassoon,woodwind,1.3061,44100,A3,57,forte,normal,1,0
bassoon/A3/bassoon_A3_15_mezzo-piano_normal.mp3,bassoon,woodwind,1.2279,44100,A3,57,mezzo-piano,normal,1,0
bassoon/A3/bassoon_A3_15_piano_normal.mp3,bassoon,woodwind,1.3061,44100,A3,57,piano,normal,1,0
bassoon/A3/bassoon_A3_1_forte_normal.mp3,bassoon,woodwind,1.4106,44100,A3,57,forte,normal,1,0
bassoon/A3/bassoon_A3_1_fortissimo_normal.mp3,bassoon,woodwind,1.3322,44100,A3,57,fortissimo,normal,1,0
bassoon/A3/bassoon_A3_1_mezzo-forte_normal.mp3,bassoon,woodwind,1.3322,44100,A3,57,mezzo-forte,normal,1,0
bassoon/A3/bassoon_A3_1_mezzo-piano_normal.mp3,bassoon,woodwind,1.4106,44100,A3,57,mezzo-piano,normal,1,0
bassoon/A3/bassoon_A3_1_piano_normal.mp3,bassoon,woodwind,1.3061,44100,A3,57,piano,normal,1,0
bassoon/A4/bassoon_A4_025_forte_normal.mp3,bassoon,woodwind,0.2874,44100,A4,69,forte,normal,1,0
bassoon/A4/bassoon_A4_025_fortissimo_normal.mp3,bassoon,woodwind,0.4703,44100,A4,69,fortissimo,normal,1,0
bassoon/A4/bassoon_A4_025_mezzo-piano_normal.mp3,bassoon,woodwind,0.2351,44100,A4,69,mezzo-piano,normal,1,0
bassoon/A4/bassoon_A4_025_piano_normal.mp3,bassoon,woodwind,0.3919,44100,A4,69,piano,normal,1,0
bassoon/A4/bassoon_A4_05_forte_normal.mp3,bassoon,woodwind,0.418,44100,A4,69,forte,normal,1,0
bassoon/A4/bassoon_A4_05_fortissimo_normal.mp3,bassoon,woodwind,1.3845,44100,A4,69,fortissimo,normal,1,0
bassoon/A4/bassoon_A4_05_mezzo-forte_normal.mp3,bassoon,woodwind,0.3135,44100,A4,69,mezzo-forte,normal,1,0
bassoon/A4/bassoon_A4_05_mezzo-piano_normal.mp3,bassoon,woodwind,0.418,44100,A4,69,mezzo-piano,normal,1,0
bassoon/A4/bassoon_A4_05_piano_normal.mp3,bassoon,woodwind,0.5225,44100,A4,69,piano,normal,1,0
bassoon/A4/bassoon_A4_15_forte_normal.mp3,bassoon,woodwind,1.2279,44100,A4,69,forte,normal,1,0
bassoon/A4/bassoon_A4_15_mezzo-piano_normal.mp3,bassoon,woodwind,1.28,44100,A4,69,mezzo-piano,normal,1,0
bassoon/A4/bassoon_A4_15_piano_normal.mp3,bassoon,woodwind,1.3845,44100,A4,69,piano,normal,1,0
bassoon/A4/bassoon_A4_1_forte_normal.mp3,bassoon,woodwind,1.4367,44100,A4,69,forte,normal,1,0
bassoon/A4/bassoon_A4_1_mezzo-piano_normal.mp3,bassoon,woodwind,1.28,44100,A4,69,mezzo-piano,normal,1,0
bassoon/A4/bassoon_A4_1_piano_normal.mp3,bassoon,woodwind,1.2279,44100,A4,69,piano,normal,1,0
bassoon/As1/bassoon_As1_025_fortissimo_normal.mp3,bassoon,woodwind,0.3396,44100,As1,34,fortissimo,normal,1,0
bassoon/As1/bassoon_As1_025_mezzo-piano_normal.mp3,bassoon,woodwind,0.3396,44100,As1,34,mezzo-piano,normal,1,0
bassoon/As1/bassoon_As1_025_piano_normal.mp3,bassoon,woodwind,0.2612,44100,As1,34,piano,normal,1,0
bassoon/As1/bassoon_As1_05_forte_normal.mp3,bassoon,woodwind,0.6793,44100,As1,34,forte,normal,1,0
bassoon/As1/bassoon_As1_05_fortissimo_normal.mp3,bassoon,woodwind,0.5747,44100,As1,34,fortissimo,normal,1,0
bassoon/As1/bassoon_As1_05_mezzo-piano_normal.mp3,bassoon,woodwind,0.4441,44100,As1,34,mezzo-piano,normal,1,0
bassoon/As1/bassoon_As1_05_piano_normal.mp3,bassoon,woodwind,0.5747,44100,As1,34,piano,normal,1,0
bassoon/As1/bassoon_As1_15_forte_normal.mp3,bassoon,woodwind,1.1495,44100,As1,34,forte,normal,1,0
bassoon/As1/bassoon_As1_15_fortissimo_normal.mp3,bassoon,woodwind,1.3322,44100,As1,34,fortissimo,normal,1,0
bassoon/As1/bassoon_As1_15_mezzo-piano_normal.mp3,bassoon,woodwind,1.3584,44100,As1,34,mezzo-piano,normal,1,0
bassoon/As1/bassoon_As1_15_piano_normal.mp3,bassoon,woodwind,1.1756,44100,As1,34,piano,normal,1,0
bassoon/As1/bassoon_As1_1_forte_normal.mp3,bassoon,woodwind,1.3845,44100,As1,34,forte,normal,1,0
bassoon/As1/bassoon_As1_1_fortissimo_normal.mp3,bassoon,woodwind,1.489,44100,As1,34,fortissimo,normal,1,0
bassoon/As1/bassoon_As1_1_mezzo-forte_normal.mp3,bassoon,woodwind,0.9144,44100,As1,34,mezzo-forte,normal,1,0
bassoon/As1/bassoon_As1_1_mezzo-piano_normal.mp3,bassoon,woodwind,1.2279,44100,As1,34,mezzo-piano,normal,1,0
bassoon/As1/bassoon_As1_1_piano_normal.mp3,bassoon,woodwind,1.045,44100,As1,34,piano,normal,1,0
bassoon/As1/bassoon_As1_very-long_cresc-decresc_normal.mp3,bassoon,woodwind,5.747,44100,As1,34,cresc-decresc,normal,1,0
bassoon/As2/bassoon_As2_025_forte_normal.mp3,bassoon,woodwind,0.4703,44100,As2,46,forte,normal,1,0
bassoon/As2/bassoon_As2_025_fortissimo_normal.mp3,bassoon,woodwind,0.5225,44100,As2,46,fortissimo,normal,1,0
bassoon/As2/bassoon_As2_025_mezzo-piano_normal.mp3,bassoon,woodwind,0.3396,44100,As2,46,mezzo-piano,normal,1,0
bassoon/As2/bassoon_As2_025_piano_normal.mp3,bassoon,woodwind,0.2874,44100,As2,46,piano,normal,1,0
bassoon/As2/bassoon_As2_05_forte_normal.mp3,bassoon,woodwind,1.4106,44100,As2,46,forte,normal,1,0
bassoon/As2/bassoon_As2_05_fortissimo_normal.mp3,bassoon,woodwind,1.4367,44100,As2,46,fortissimo,normal,1,0
bassoon/As2/bassoon_As2_05_mezzo-forte_normal.mp3,bassoon,woodwind,0.3919,44100,As2,46,mezzo-forte,normal,1,0
bassoon/As2/bassoon_As2_05_mezzo-piano_normal.mp3,bassoon,woodwind,0.4703,44100,As2,46,mezzo-piano,normal,1,0
bassoon/As2/bassoon_As2_05_piano_normal.mp3,bassoon,woodwind,0.418,44100,As2,46,piano,normal,1,0
bassoon/As2/bassoon_As2_15_piano_normal.mp3,bassoon,woodwind,1.4106,44100,As2,46,piano,normal,1,0
bassoon/As2/bassoon_As2_1_forte_normal.mp3,bassoon,woodwind,0.9928,44100,As2,46,forte,normal,1,0
bassoon/As2/bassoon_As2_1_mezzo-forte_normal.mp3,bassoon,woodwind,1.3322,44100,As2,46,mezzo-forte,normal,1,0
bassoon/As2/bassoon_As2_1_mezzo-piano_normal.mp3,bassoon,woodwind,1.3584,44100,As2,46,mezzo-piano,normal,1,0
bassoon/As2/bassoon_As2_1_piano_normal.mp3,bassoon,woodwind,1.3061,44100,As2,46,piano,normal,1,0
bassoon/As2/bassoon_As2_very-long_cresc-decresc_normal.mp3,bassoon,woodwind,5.9037,44100,As2,46,cresc-decresc,normal,1,0
bassoon/As3/bassoon_As3_025_forte_normal.mp3,bassoon,woodwind,0.3919,44100,As3,58,forte,normal,1,0
bassoon/As3/bassoon_As3_025_fortissimo_normal.mp3,bassoon,woodwind,0.4703,44100,As3,58,fortissimo,normal,1,0
bassoon/As3/bassoon_As3_025_mezzo-piano_normal.mp3,bassoon,woodwind,0.2612,44100,As3,58,mezzo-piano,normal,1,0
bassoon/As3/bassoon_As3_025_piano_normal.mp3,bassoon,woodwind,0.2612,44100,As3,58,piano,normal,1,0
bassoon/As3/bassoon_As3_05_forte_normal.mp3,bassoon,woodwind,0.4703,44100,As3,58,forte,normal,1,0
bassoon/As3/bassoon_As3_05_fortissimo_normal.mp3,bassoon,woodwind,1.3845,44100,As3,58,fortissimo,normal,1,0
bassoon/As3/bassoon_As3_05_mezzo-forte_normal.mp3,bassoon,woodwind,0.3658,44100,As3,58,mezzo-forte,normal,1,0
bassoon/As3/bassoon_As3_05_mezzo-piano_normal.mp3,bassoon,woodwind,0.4441,44100,As3,58,mezzo-piano,normal,1,0
bassoon/As3/bassoon_As3_05_piano_normal.mp3,bassoon,woodwind,0.3919,44100,As3,58,piano,normal,1,0
bassoon/As3/bassoon_As3_15_forte_normal.mp3,bassoon,woodwind,1.3322,44100,As3,58,forte,normal,1,0
bassoon/As3/bassoon_As3_15_mezzo-piano_normal.mp3,bassoon,woodwind,1.28,44100,As3,58,mezzo-piano,normal,1,0
bassoon/As3/bassoon_As3_15_piano_normal.mp3,bassoon,woodwind,1.3584,44100,As3,58,piano,normal,1,0
bassoon/As3/bassoon_As3_1_forte_normal.mp3,bassoon,woodwind,1.28,44100,As3,58,forte,normal,1,0
bassoon/As3/bassoon_As3_1_mezzo-forte_normal.mp3,bassoon,woodwind,1.3845,44100,As3,58,mezzo-forte,normal,1,0
bassoon/As3/bassoon_As3_1_mezzo-piano_normal.mp3,bassoon,woodwind,1.3584,44100,As3,58,mezzo-piano,normal,1,0
bassoon/As3/bassoon_As3_1_piano_normal.mp3,bassoon,woodwind,1.3061,44100,As3,58,piano,normal,1,0
bassoon/As3/bassoon_As3_very-long_cresc-decresc_normal.mp3,bassoon,woodwind,6.1389,44100,As3,58,cresc-decresc,normal,1,0
bassoon/As4/bassoon_As4_025_forte_normal.mp3,bassoon,woodwind,0.3135,44100,As4,70,forte,normal,1,0
bassoon/As4/bassoon_As4_025_fortissimo_normal.mp3,bassoon,woodwind,0.5225,44100,As4,70,fortissimo,normal,1,0
bassoon/As4/bassoon_As4_025_mezzo-piano_normal.mp3,bassoon,woodwind,0.2612,44100,As4,70,mezzo-piano,normal,1,0
bassoon/As4/bassoon_As4_025_piano_normal.mp3,bassoon,woodwind,0.2612,44100,As4,70,piano,normal,1,0
bassoon/As4/bassoon_As4_05_forte_normal.mp3,bassoon,woodwind,0.4964,44100,As4,70,forte,normal,1,0
bassoon/As4/bassoon_As4_05_fortissimo_normal.mp3,bassoon,woodwind,1.3061,44100,As4,70,fortissimo,normal,1,0
bassoon/As4/bassoon_As4_05_mezzo-piano_normal.mp3,bassoon,woodwind,0.4441,44100,As4,70,mezzo-piano,normal,1,0
bassoon/As4/bassoon_As4_05_piano_normal.mp3,bassoon,woodwind,0.5486,44100,As4,70,piano,normal,1,0
bassoon/As4/bassoon_As4_15_forte_normal.mp3,bassoon,woodwind,1.2279,44100,As4,70,forte,normal,1,0
bassoon/As4/bassoon_As4_15_mezzo-piano_normal.mp3,bassoon,woodwind,1.2279,44100,As4,70,mezzo-piano,normal,1,0
bassoon/As4/bassoon_As4_15_piano_normal.mp3,bassoon,woodwind,1.2018,44100,As4,70,piano,normal,1,0
bassoon/As4/bassoon_As4_1_forte_normal.mp3,bassoon,woodwind,0.3658,44100,As4,70,forte,normal,1,0
bassoon/As4/bassoon_As4_1_fortissimo_normal.mp3,bassoon,woodwind,1.1756,44100,As4,70,fortissimo,normal,1,0
bassoon/As4/bassoon_As4_1_mezzo-piano_normal.mp3,bassoon,woodwind,1.3845,44100,As4,70,mezzo-piano,normal,1,0
bassoon/As4/bassoon_As4_1_piano_normal.mp3,bassoon,woodwind,1.1234,44100,As4,70,piano,normal,1,0
bassoon/B1/bassoon_B1_025_forte_normal.mp3,bassoon,woodwind,0.3135,44100,B1,35,forte,normal,1,0
bassoon/B1/bassoon_B1_025_fortissimo_normal.mp3,bassoon,woodwind,0.3135,44100,B1,35,fortissimo,normal,1,0
bassoon/B1/bassoon_B1_025_mezzo-piano_normal.mp3,bassoon,woodwind,0.3396,44100,B1,35,mezzo-piano,normal,1,0
bassoon/B1/bassoon_B1_025_piano_normal.mp3,bassoon,woodwind,0.2612,44100,B1,35,piano,normal,1,0
bassoon/B1/bassoon_B1_05_forte_normal.mp3,bassoon,woodwind,0.5486,44100,B1,35,forte,normal,1,0
bassoon/B1/bassoon_B1_05_fortissimo_normal.mp3,bassoon,woodwind,0.6009,44100,B1,35,fortissimo,normal,1,0
bassoon/B1/bassoon_B1_05_mezzo-piano_normal.mp3,bassoon,woodwind,0.5747,44100,B1,35,mezzo-piano,normal,1,0
bassoon/B1/bassoon_B1_05_piano_normal.mp3,bassoon,woodwind,0.4703,44100,B1,35,piano,normal,1,0
bassoon/B1/bassoon_B1_15_forte_normal.mp3,bassoon,woodwind,1.2279,44100,B1,35,forte,normal,1,0
bassoon/B1/bassoon_B1_15_fortissimo_normal.mp3,bassoon,woodwind,1.2539,44100,B1,35,fortissimo,normal,1,0
bassoon/B1/bassoon_B1_15_mezzo-piano_normal.mp3,bassoon,woodwind,1.2539,44100,B1,35,mezzo-piano,normal,1,0
bassoon/B1/bassoon_B1_15_piano_normal.mp3,bassoon,woodwind,1.2279,44100,B1,35,piano,normal,1,0
bassoon/B1/bassoon_B1_1_forte_normal.mp3,bassoon,woodwind,1.3845,44100,B1,35,forte,normal,1,0
bassoon/B1/bassoon_B1_1_fortissimo_normal.mp3,bassoon,woodwind,1.5413,44100,B1,35,fortissimo,normal,1,0
bassoon/B1/bassoon_B1_1_mezzo-piano_normal.mp3,bassoon,woodwind,1.1234,44100,B1,35,mezzo-piano,normal,1,0
bassoon/B1/bassoon_B1_1_piano_normal.mp3,bassoon,woodwind,1.0711,44100,B1,35,piano,normal,1,0
bassoon/B2/bassoon_B2_025_forte_normal.mp3,bassoon,woodwind,0.4964,44100,B2,47,forte,normal,1,0
bassoon/B2/bassoon_B2_025_fortissimo_normal.mp3,bassoon,woodwind,0.5747,44100,B2,47,fortissimo,normal,1,0
bassoon/B2/bassoon_B2_025_mezzo-piano_normal.mp3,bassoon,woodwind,0.4441,44100,B2,47,mezzo-piano,normal,1,0
bassoon/B2/bassoon_B2_025_piano_normal.mp3,bassoon,woodwind,0.2612,44100,B2,47,piano,normal,1,0
bassoon/B2/bassoon_B2_05_forte_normal.mp3,bassoon,woodwind,0.418,44100,B2,47,forte,normal,1,0
bassoon/B2/bassoon_B2_05_fortissimo_normal.mp3,bassoon,woodwind,1.3584,44100,B2,47,fortissimo,normal,1,0
bassoon/B2/bassoon_B2_05_mezzo-forte_normal.mp3,bassoon,woodwind,0.3658,44100,B2,47,mezzo-forte,normal,1,0
bassoon/B2/bassoon_B2_05_mezzo-piano_normal.mp3,bassoon,woodwind,1.28,44100,B2,47,mezzo-piano,normal,1,0
bassoon/B2/bassoon_B2_05_piano_normal.mp3,bassoon,woodwind,0.3919,44100,B2,47,piano,normal,1,0
bassoon/B2/bassoon_B2_15_piano_normal.mp3,bassoon,woodwind,1.3584,44100,B2,47,piano,normal,1,0
bassoon/B2/bassoon_B2_1_forte_normal.mp3,bassoon,woodwind,1.2539,44100,B2,47,forte,normal,1,0
bassoon/B2/bassoon_B2_1_mezzo-forte_normal.mp3,bassoon,woodwind,1.3845,44100,B2,47,mezzo-forte,normal,1,0
bassoon/B2/bassoon_B2_1_mezzo-piano_normal.mp3,bassoon,woodwind,1.28,44100,B2,47,mezzo-piano,normal,1,0
bassoon/B2/bassoon_B2_1_piano_normal.mp3,bassoon,woodwind,1.2539,44100,B2,47,piano,normal,1,0
bassoon/B3/bassoon_B3_025_forte_normal.mp3,bassoon,woodwind,0.3135,44100,B3,59,forte,normal,1,0
bassoon/B3/bassoon_B3_025_fortissimo_normal.mp3,bassoon,woodwind,0.4964,44100,B3,59,fortissimo,normal,1,0
bassoon/B3/bassoon_B3_025_mezzo-piano_normal.mp3,bassoon,woodwind,0.3135,44100,B3,59,mezzo-piano,normal,1,0
bassoon/B3/bassoon_B3_025_piano_normal.mp3,bassoon,woodwind,0.2351,44100,B3,59,piano,normal,1,0
bassoon/B3/bassoon_B3_05_forte_normal.mp3,bassoon,woodwind,0.418,44100,B3,59,forte,normal,1,0
bassoon/B3/bassoon_B3_05_fortissimo_normal.mp3,bassoon,woodwind,1.4106,44100,B3,59,fortissimo,normal,1,0
bassoon/B3/bassoon_B3_05_mezzo-forte_normal.mp3,bassoon,woodwind,0.3135,44100,B3,59,mezzo-forte,normal,1,0
bassoon/B3/bassoon_B3_05_mezzo-piano_normal.mp3,bassoon,woodwind,0.4441,44100,B3,59,mezzo-piano,normal,1,0
bassoon/B3/bassoon_B3_05_piano_normal.mp3,bassoon,woodwind,0.418,44100,B3,59,piano,normal,1,0
bassoon/B3/bassoon_B3_15_mezzo-piano_normal.mp3,bassoon,woodwind,0.8882,44100,B3,59,mezzo-piano,normal,1,0
bassoon/B3/bassoon_B3_15_piano_normal.mp3,bassoon,woodwind,1.3584,44100,B3,59,piano,normal,1,0
bassoon/B3/bassoon_B3_1_forte_normal.mp3,bassoon,woodwind,1.3584,44100,B3,59,forte,normal,1,0
bassoon/B3/bassoon_B3_1_mezzo-forte_normal.mp3,bassoon,woodwind,1.4106,44100,B3,59,mezzo-forte,normal,1,0
bassoon/B3/bassoon_B3_1_mezzo-piano_normal.mp3,bassoon,woodwind,1.2539,44100,B3,59,mezzo-piano,normal,1,0
bassoon/B3/bassoon_B3_1_piano_normal.mp3,bassoon,woodwind,1.2539,44100,B3,59,piano,normal,1,0
bassoon/B4/bassoon_B4_025_forte_normal.mp3,bassoon,woodwind,0.3135,44100,B4,71,forte,normal,1,0
bassoon/B4/bassoon_B4_025_fortissimo_normal.mp3,bassoon,woodwind,0.3396,44100,B4,71,fortissimo,normal,1,0
bassoon/B4/bassoon_B4_025_mezzo-piano_normal.mp3,bassoon,woodwind,0.2351,44100,B4,71,mezzo-piano,normal,1,0
bassoon/B4/bassoon_B4_025_piano_normal.mp3,bassoon,woodwind,0.2874,44100,B4,71,piano,normal,1,0
bassoon/B4/bassoon_B4_05_forte_normal.mp3,bassoon,woodwind,0.4441,44100,B4,71,forte,normal,1,0
bassoon/B4/bassoon_B4_05_fortissimo_normal.mp3,bassoon,woodwind,0.4703,44100,B4,71,fortissimo,normal,1,0
bassoon/B4/bassoon_B4_05_mezzo-piano_normal.mp3,bassoon,woodwind,0.418,44100,B4,71,mezzo-piano,normal,1,0
bassoon/B4/bassoon_B4_05_piano_normal.mp3,bassoon,woodwind,0.4964,44100,B4,71,piano,normal,1,0
bassoon/B4/bassoon_B4_15_forte_normal.mp3,bassoon,woodwind,1.28,44100,B4,71,forte,normal,1,0
bassoon/B4/bassoon_B4_15_piano_normal.mp3,bassoon,woodwind,1.3322,44100,B4,71,piano,normal,1,0
bassoon/B4/bassoon_B4_1_forte_normal.mp3,bassoon,woodwind,1.3845,44100,B4,71,forte,normal,1,0
bassoon/B4/bassoon_B4_1_fortissimo_normal.mp3,bassoon,woodwind,1.3845,44100,B4,71,fortissimo,normal,1,0
bassoon/B4/bassoon_B4_1_mezzo-piano_normal.mp3,bassoon,woodwind,1.3322,44100,B4,71,mezzo-piano,normal,1,0
bassoon/B4/bassoon_B4_1_piano_normal.mp3,bassoon,woodwind,1.28,44100,B4,71,piano,normal,1,0
bassoon/C2/bassoon_C2_025_forte_normal.mp3,bassoon,woodwind,0.3135,44100,C2,36,forte,normal,1,0
bassoon/C2/bassoon_C2_025_fortissimo_normal.mp3,bassoon,woodwind,0.3658,44100,C2,36,fortissimo,normal,1,0
bassoon/C2/bassoon_C2_025_mezzo-piano_normal.mp3,bassoon,woodwind,0.3135,44100,C2,36,mezzo-piano,normal,1,0
bassoon/C2/bassoon_C2_025_piano_normal.mp3,bassoon,woodwind,0.2874,44100,C2,36,piano,normal,1,0
bassoon/C2/bassoon_C2_05_forte_normal.mp3,bassoon,woodwind,1.3322,44100,C2,36,forte,normal,1,0
bassoon/C2/bassoon_C2_05_fortissimo_normal.mp3,bassoon,woodwind,0.6009,44100,C2,36,fortissimo,normal,1,0
bassoon/C2/bassoon_C2_05_mezzo-piano_normal.mp3,bassoon,woodwind,0.4703,44100,C2,36,mezzo-piano,normal,1,0
bassoon/C2/bassoon_C2_05_piano_normal.mp3,bassoon,woodwind,0.3135,44100,C2,36,piano,normal,1,0
bassoon/C2/bassoon_C2_15_forte_normal.mp3,bassoon,woodwind,0.4703,44100,C2,36,forte,normal,1,0
bassoon/C2/bassoon_C2_15_fortissimo_normal.mp3,bassoon,woodwind,1.3584,44100,C2,36,fortissimo,normal,1,0
bassoon/C2/bassoon_C2_15_mezzo-piano_normal.mp3,bassoon,woodwind,1.28,44100,C2,36,mezzo-piano,normal,1,0
bassoon/C2/bassoon_C2_15_piano_normal.mp3,bassoon,woodwind,1.2539,44100,C2,36,piano,normal,1,0
bassoon/C2/bassoon_C2_1_forte_normal.mp3,bassoon,woodwind,1.2279,44100,C2,36,forte,normal,1,0
bassoon/C2/bassoon_C2_1_fortissimo_normal.mp3,bassoon,woodwind,1.4629,44100,C2,36,fortissimo,normal,1,0
bassoon/C2/bassoon_C2_1_mezzo-piano_normal.mp3,bassoon,woodwind,1.28,44100,C2,36,mezzo-piano,normal,1,0
bassoon/C2/bassoon_C2_1_piano_normal.mp3,bassoon,woodwind,1.1495,44100,C2,36,piano,normal,1,0
bassoon/C3/bassoon_C3_025_forte_normal.mp3,bassoon,woodwind,0.3135,44100,C3,48,forte,normal,1,0
bassoon/C3/bassoon_C3_025_fortissimo_normal.mp3,bassoon,woodwind,0.5225,44100,C3,48,fortissimo,normal,1,0
bassoon/C3/bassoon_C3_025_mezzo-piano_normal.mp3,bassoon,woodwind,0.3396,44100,C3,48,mezzo-piano,normal,1,0
bassoon/C3/bassoon_C3_025_piano_normal.mp3,bassoon,woodwind,0.2874,44100,C3,48,piano,normal,1,0
bassoon/C3/bassoon_C3_05_forte_normal.mp3,bassoon,woodwind,0.4703,44100,C3,48,forte,normal,1,0
bassoon/C3/bassoon_C3_05_fortissimo_normal.mp3,bassoon,woodwind,1.5413,44100,C3,48,fortissimo,normal,1,0
bassoon/C3/bassoon_C3_05_mezzo-forte_normal.mp3,bassoon,woodwind,0.3919,44100,C3,48,mezzo-forte,normal,1,0
bassoon/C3/bassoon_C3_05_mezzo-piano_normal.mp3,bassoon,woodwind,0.4441,44100,C3,48,mezzo-piano,normal,1,0
bassoon/C3/bassoon_C3_05_piano_normal.mp3,bassoon,woodwind,0.3396,44100,C3,48,piano,normal,1,0
bassoon/C3/bassoon_C3_15_piano_normal.mp3,bassoon,woodwind,1.3322,44100,C3,48,piano,normal,1,0
bassoon/C3/bassoon_C3_1_forte_normal.mp3,bassoon,woodwind,1.3322,44100,C3,48,forte,normal,1,0
bassoon/C3/bassoon_C3_1_fortissimo_normal.mp3,bassoon,woodwind,1.0973,44100,C3,48,fortissimo,normal,1,0
bassoon/C3/bassoon_C3_1_mezzo-piano_normal.mp3,bassoon,woodwind,1.3322,44100,C3,48,mezzo-piano,normal,1,0
bassoon/C3/bassoon_C3_1_piano_normal.mp3,bassoon,woodwind,1.2539,44100,C3,48,piano,normal,1,0
bassoon/C4/bassoon_C4_025_forte_normal.mp3,bassoon,woodwind,0.5747,44100,C4,60,forte,normal,1,0
bassoon/C4/bassoon_C4_025_fortissimo_normal.mp3,bassoon,woodwind,0.4964,44100,C4,60,fortissimo,normal,1,0
bassoon/C4/bassoon_C4_025_mezzo-piano_normal.mp3,bassoon,woodwind,0.3135,44100,C4,60,mezzo-piano,normal,1,0
bassoon/C4/bassoon_C4_025_piano_normal.mp3,bassoon,woodwind,0.2874,44100,C4,60,piano,normal,1,0
bassoon/C4/bassoon_C4_05_forte_normal.mp3,bassoon,woodwind,0.3658,44100,C4,60,forte,normal,1,0
bassoon/C4/bassoon_C4_05_fortissimo_normal.mp3,bassoon,woodwind,1.3845,44100,C4,60,fortissimo,normal,1,0
bassoon/C4/bassoon_C4_05_mezzo-forte_normal.mp3,bassoon,woodwind,0.2874,44100,C4,60,mezzo-forte,normal,1,0
bassoon/C4/bassoon_C4_05_mezzo-piano_normal.mp3,bassoon,woodwind,0.3135,44100,C4,60,mezzo-piano,normal,1,0
bassoon/C4/bassoon_C4_05_piano_normal.mp3,bassoon,woodwind,0.3919,44100,C4,60,piano,normal,1,0
bassoon/C4/bassoon_C4_15_mezzo-piano_normal.mp3,bassoon,woodwind,1.28,44100,C4,60,mezzo-piano,normal,1,0
bassoon/C4/bassoon_C4_15_piano_normal.mp3,bassoon,woodwind,1.045,44100,C4,60,piano,normal,1,0
bassoon/C4/bassoon_C4_1_forte_normal.mp3,bassoon,woodwind,1.3584,44100,C4,60,forte,normal,1,0
bassoon/C4/bassoon_C4_1_mezzo-forte_normal.mp3,bassoon,woodwind,1.3845,44100,C4,60,mezzo-forte,normal,1,0
bassoon/C4/bassoon_C4_1_mezzo-piano_normal.mp3,bassoon,woodwind,1.28,44100,C4,60,mezzo-piano,normal,1,0
bassoon/C4/bassoon_C4_1_piano_normal.mp3,bassoon,woodwind,1.2279,44100,C4,60,piano,normal,1,0
bassoon/C5/bassoon_C5_025_forte_normal.mp3,bassoon,woodwind,0.3135,44100,C5,72,forte,normal,1,0
bassoon/C5/bassoon_C5_025_fortissimo_normal.mp3,bassoon,woodwind,0.4964,44100,C5,72,fortissimo,normal,1,0
bassoon/C5/bassoon_C5_025_mezzo-piano_normal.mp3,bassoon,woodwind,0.3658,44100,C5,72,mezzo-piano,normal,1,0
bassoon/C5/bassoon_C5_025_piano_normal.mp3,bassoon,woodwind,0.3396,44100,C5,72,piano,normal,1,0
bassoon/C5/bassoon_C5_05_forte_normal.mp3,bassoon,woodwind,0.5747,44100,C5,72,forte,normal,1,0
bassoon/C5/bassoon_C5_05_fortissimo_normal.mp3,bassoon,woodwind,1.4367,44100,C5,72,fortissimo,normal,1,0
bassoon/C5/bassoon_C5_05_mezzo-piano_normal.mp3,bassoon,woodwind,0.3135,44100,C5,72,mezzo-piano,normal,1,0
bassoon/C5/bassoon_C5_05_piano_normal.mp3,bassoon,woodwind,0.5747,44100,C5,72,piano,normal,1,0
bassoon/C5/bassoon_C5_15_forte_normal.mp3,bassoon,woodwind,1.1495,44100,C5,72,forte,normal,1,0
bassoon/C5/bassoon_C5_15_piano_normal.mp3,bassoon,woodwind,1.2279,44100,C5,72,piano,normal,1,0
bassoon/C5/bassoon_C5_1_forte_normal.mp3,bassoon,woodwind,1.3322,44100,C5,72,forte,normal,1,0
bassoon/C5/bassoon_C5_1_mezzo-piano_normal.mp3,bassoon,woodwind,1.28,44100,C5,72,mezzo-piano,normal,1,0
bassoon/C5/bassoon_C5_1_piano_normal.mp3,bassoon,woodwind,1.3584,44100,C5,72,piano,normal,1,0
bassoon/C5/bassoon_C5_phrase_mezzo-forte_normal.mp3,bassoon,woodwind,1.2539,44100,C5,72,mezzo-forte,normal,1,1
bassoon/Cs2/bassoon_Cs2_025_forte_normal.mp3,bassoon,woodwind,0.3396,44100,Cs2,37,forte,normal,1,0
bassoon/Cs2/bassoon_Cs2_025_fortissimo_normal.mp3,bassoon,woodwind,0.5225,44100,Cs2,37,fortissimo,normal,1,0
bassoon/Cs2/bassoon_Cs2_025_mezzo-piano_normal.mp3,bassoon,woodwind,0.3135,44100,Cs2,37,mezzo-piano,normal,1,0
bassoon/Cs2/bassoon_Cs2_025_piano_normal.mp3,bassoon,woodwind,0.2612,44100,Cs2,37,piano,normal,1,0
bassoon/Cs2/bassoon_Cs2_05_forte_normal.mp3,bassoon,woodwind,0.4964,44100,Cs2,37,forte,normal,1,0
bassoon/Cs2/bassoon_Cs2_05_fortissimo_normal.mp3,bassoon,woodwind,1.3584,44100,Cs2,37,fortissimo,normal,1,0
bassoon/Cs2/bassoon_Cs2_05_mezzo-forte_normal.mp3,bassoon,woodwind,0.3658,44100,Cs2,37,mezzo-forte,normal,1,0
bassoon/Cs2/bassoon_Cs2_05_mezzo-piano_normal.mp3,bassoon,woodwind,0.4703,44100,Cs2,37,mezzo-piano,normal,1,0
bassoon/Cs2/bassoon_Cs2_05_piano_normal.mp3,bassoon,woodwind,0.3919,44100,Cs2,37,piano,normal,1,0
bassoon/Cs2/bassoon_Cs2_15_forte_normal.mp3,bassoon,woodwind,1.1234,44100,Cs2,37,forte,normal,1,0
bassoon/Cs2/bassoon_Cs2_15_mezzo-piano_normal.mp3,bassoon,woodwind,1.28,44100,Cs2,37,mezzo-piano,normal,1,0
bassoon/Cs2/bassoon_Cs2_15_piano_normal.mp3,bassoon,woodwind,1.3322,44100,Cs2,37,piano,normal,1,0
bassoon/Cs2/bassoon_Cs2_1_forte_normal.mp3,bassoon,woodwind,1.4367,44100,Cs2,37,forte,normal,1,0
bassoon/Cs2/bassoon_Cs2_1_fortissimo_normal.mp3,bassoon,woodwind,1.2279,44100,Cs2,37,fortissimo,normal,1,0
bassoon/Cs2/bassoon_Cs2_1_mezzo-piano_normal.mp3,bassoon,woodwind,1.28,44100,Cs2,37,mezzo-piano,normal,1,0
bassoon/Cs2/bassoon_Cs2_1_piano_normal.mp3,bassoon,woodwind,1.1495,44100,Cs2,37,piano,normal,1,0
bassoon/Cs2/bassoon_Cs2_very-long_cresc-decresc_normal.mp3,bassoon,woodwind,6.609,44100,Cs2,37,cresc-decresc,normal,1,0
bassoon/Cs3/bassoon_Cs3_025_forte_normal.mp3,bassoon,woodwind,0.4441,44100,Cs3,49,forte,normal,1,0
bassoon/Cs3/bassoon_Cs3_025_fortissimo_normal.mp3,bassoon,woodwind,0.3135,44100,Cs3,49,fortissimo,normal,1,0
bassoon/Cs3/bassoon_Cs3_025_mezzo-piano_normal.mp3,bassoon,woodwind,0.4441,44100,Cs3,49,mezzo-piano,normal,1,0
bassoon/Cs3/bassoon_Cs3_025_piano_normal.mp3,bassoon,woodwind,0.2874,44100,Cs3,49,piano,normal,1,0
bassoon/Cs3/bassoon_Cs3_05_forte_normal.mp3,bassoon,woodwind,1.3061,44100,Cs3,49,forte,normal,1,0
bassoon/Cs3/bassoon_Cs3_05_fortissimo_normal.mp3,bassoon,woodwind,0.5225,44100,Cs3,49,fortissimo,normal,1,0
bassoon/Cs3/bassoon_Cs3_05_mezzo-piano_normal.mp3,bassoon,woodwind,1.4106,44100,Cs3,49,mezzo-piano,normal,1,0
bassoon/Cs3/bassoon_Cs3_05_piano_normal.mp3,bassoon,woodwind,0.3919,44100,Cs3,49,piano,normal,1,0
bassoon/Cs3/bassoon_Cs3_15_fortissimo_normal.mp3,bassoon,woodwind,1.2018,44100,Cs3,49,fortissimo,normal,1,0
bassoon/Cs3/bassoon_Cs3_15_piano_normal.mp3,bassoon,woodwind,1.3322,44100,Cs3,49,piano,normal,1,0
bassoon/Cs3/bassoon_Cs3_1_forte_normal.mp3,bassoon,woodwind,1.28,44100,Cs3,49,forte,normal,1,0
bassoon/Cs3/bassoon_Cs3_1_fortissimo_normal.mp3,bassoon,woodwind,1.3061,44100,Cs3,49,fortissimo,normal,1,0
bassoon/Cs3/bassoon_Cs3_1_mezzo-piano_normal.mp3,bassoon,woodwind,1.28,44100,Cs3,49,mezzo-piano,normal,1,0
bassoon/Cs3/bassoon_Cs3_1_piano_normal.mp3,bassoon,woodwind,1.3322,44100,Cs3,49,piano,normal,1,0
bassoon/Cs3/bassoon_Cs3_very-long_cresc-decresc_normal.mp3,bassoon,woodwind,5.9821,44100,Cs3,49,cresc-decresc,normal,1,0
bassoon/Cs4/bassoon_Cs4_025_forte_normal.mp3,bassoon,woodwind,0.3658,44100,Cs4,61,forte,normal,1,0
bassoon/Cs4/bassoon_Cs4_025_fortissimo_normal.mp3,bassoon,woodwind,0.4703,44100,Cs4,61,fortissimo,normal,1,0
bassoon/Cs4/bassoon_Cs4_025_mezzo-piano_normal.mp3,bassoon,woodwind,0.3396,44100,Cs4,61,mezzo-piano,normal,1,0
bassoon/Cs4/bassoon_Cs4_025_piano_normal.mp3,bassoon,woodwind,0.2612,44100,Cs4,61,piano,normal,1,0
bassoon/Cs4/bassoon_Cs4_05_forte_normal.mp3,bassoon,woodwind,0.418,44100,Cs4,61,forte,normal,1,0
bassoon/Cs4/bassoon_Cs4_05_fortissimo_normal.mp3,bassoon,woodwind,1.5151,44100,Cs4,61,fortissimo,normal,1,0
bassoon/Cs4/bassoon_Cs4_05_mezzo-forte_normal.mp3,bassoon,woodwind,0.3135,44100,Cs4,61,mezzo-forte,normal,1,0
bassoon/Cs4/bassoon_Cs4_05_mezzo-piano_normal.mp3,bassoon,woodwind,0.5486,44100,Cs4,61,mezzo-piano,normal,1,0
bassoon/Cs4/bassoon_Cs4_05_piano_normal.mp3,bassoon,woodwind,0.2874,44100,Cs4,61,piano,normal,1,0
bassoon/Cs4/bassoon_Cs4_15_forte_normal.mp3,bassoon,woodwind,1.3322,44100,Cs4,61,forte,normal,1,0
bassoon/Cs4/bassoon_Cs4_15_piano_normal.mp3,bassoon,woodwind,1.2018,44100,Cs4,61,piano,normal,1,0
bassoon/Cs4/bassoon_Cs4_1_forte_normal.mp3,bassoon,woodwind,1.4367,44100,Cs4,61,forte,normal,1,0
bassoon/Cs4/bassoon_Cs4_1_mezzo-forte_normal.mp3,bassoon,woodwind,1.3584,44100,Cs4,61,mezzo-forte,normal,1,0
bassoon/Cs4/bassoon_Cs4_1_mezzo-piano_normal.mp3,bassoon,woodwind,1.2539,44100,Cs4,61,mezzo-piano,normal,1,0
bassoon/Cs4/bassoon_Cs4_1_piano_normal.mp3,bassoon,woodwind,1.1234,44100,Cs4,61,piano,normal,1,0
bassoon/Cs4/bassoon_Cs4_very-long_cresc-decresc_normal.mp3,bassoon,woodwind,6.2695,44100,Cs4,61,cresc-decresc,normal,1,0
bassoon/Cs5/bassoon_Cs5_025_forte_normal.mp3,bassoon,woodwind,0.3396,44100,Cs5,73,forte,normal,1,0
bassoon/Cs5/bassoon_Cs5_025_fortissimo_normal.mp3,bassoon,woodwind,0.5225,44100,Cs5,73,fortissimo,normal,1,0
bassoon/Cs5/bassoon_Cs5_025_mezzo-piano_normal.mp3,bassoon,woodwind,0.3658,44100,Cs5,73,mezzo-piano,normal,1,0
bassoon/Cs5/bassoon_Cs5_025_piano_normal.mp3,bassoon,woodwind,0.3396,44100,Cs5,73,piano,normal,1,0
bassoon/Cs5/bassoon_Cs5_05_forte_normal.mp3,bassoon,woodwind,0.5747,44100,Cs5,73,forte,normal,1,0
bassoon/Cs5/bassoon_Cs5_05_fortissimo_normal.mp3,bassoon,woodwind,1.3061,44100,Cs5,73,fortissimo,normal,1,0
bassoon/Cs5/bassoon_Cs5_05_mezzo-forte_normal.mp3,bassoon,woodwind,0.3919,44100,Cs5,73,mezzo-forte,normal,1,0
bassoon/Cs5/bassoon_Cs5_05_mezzo-piano_normal.mp3,bassoon,woodwind,1.3845,44100,Cs5,73,mezzo-piano,normal,1,0
bassoon/Cs5/bassoon_Cs5_05_piano_normal.mp3,bassoon,woodwind,0.418,44100,Cs5,73,piano,normal,1,0
bassoon/Cs5/bassoon_Cs5_15_piano_normal.mp3,bassoon,woodwind,1.3061,44100,Cs5,73,piano,normal,1,0
bassoon/Cs5/bassoon_Cs5_1_forte_normal.mp3,bassoon,woodwind,1.28,44100,Cs5,73,forte,normal,1,0
bassoon/Cs5/bassoon_Cs5_1_fortissimo_normal.mp3,bassoon,woodwind,1.3061,44100,Cs5,73,fortissimo,normal,1,0
bassoon/Cs5/bassoon_Cs5_1_mezzo-piano_normal.mp3,bassoon,woodwind,1.1756,44100,Cs5,73,mezzo-piano,normal,1,0
bassoon/Cs5/bassoon_Cs5_1_piano_normal.mp3,bassoon,woodwind,1.2539,44100,Cs5,73,piano,normal,1,0
bassoon/D2/bassoon_D2_025_forte_normal.mp3,bassoon,woodwind,0.2874,44100,D2,38,forte,normal,1,0
bassoon/D2/bassoon_D2_025_fortissimo_normal.mp3,bassoon,woodwind,0.3919,44100,D2,38,fortissimo,normal,1,0
bassoon/D2/bassoon_D2_025_mezzo-piano_normal.mp3,bassoon,woodwind,0.3135,44100,D2,38,mezzo-piano,normal,1,0
bassoon/D2/bassoon_D2_025_piano_normal.mp3,bassoon,woodwind,0.2612,44100,D2,38,piano,normal,1,0
bassoon/D2/bassoon_D2_05_forte_normal.mp3,bassoon,woodwind,0.5225,44100,D2,38,forte,normal,1,0
bassoon/D2/bassoon_D2_05_fortissimo_normal.mp3,bassoon,woodwind,0.4703,44100,D2,38,fortissimo,normal,1,0
bassoon/D2/bassoon_D2_05_mezzo-piano_normal.mp3,bassoon,woodwind,0.3919,44100,D2,38,mezzo-piano,normal,1,0
bassoon/D2/bassoon_D2_05_piano_normal.mp3,bassoon,woodwind,0.4441,44100,D2,38,piano,normal,1,0
bassoon/D2/bassoon_D2_15_fortissimo_normal.mp3,bassoon,woodwind,1.28,44100,D2,38,fortissimo,normal,1,0
bassoon/D2/bassoon_D2_15_mezzo-piano_normal.mp3,bassoon,woodwind,1.3322,44100,D2,38,mezzo-piano,normal,1,0
bassoon/D2/bassoon_D2_15_piano_normal.mp3,bassoon,woodwind,1.3322,44100,D2,38,piano,normal,1,0
bassoon/D2/bassoon_D2_1_forte_normal.mp3,bassoon,woodwind,1.2539,44100,D2,38,forte,normal,1,0
bassoon/D2/bassoon_D2_1_fortissimo_normal.mp3,bassoon,woodwind,1.4367,44100,D2,38,fortissimo,normal,1,0
bassoon/D2/bassoon_D2_1_mezzo-piano_normal.mp3,bassoon,woodwind,1.3584,44100,D2,38,mezzo-piano,normal,1,0
bassoon/D2/bassoon_D2_1_piano_normal.mp3,bassoon,woodwind,1.3845,44100,D2,38,piano,normal,1,0
bassoon/D3/bassoon_D3_025_forte_normal.mp3,bassoon,woodwind,0.2612,44100,D3,50,forte,normal,1,0
bassoon/D3/bassoon_D3_025_fortissimo_normal.mp3,bassoon,woodwind,0.3919,44100,D3,50,fortissimo,normal,1,0
bassoon/D3/bassoon_D3_025_mezzo-piano_normal.mp3,bassoon,woodwind,0.3658,44100,D3,50,mezzo-piano,normal,1,0
bassoon/D3/bassoon_D3_025_piano_normal.mp3,bassoon,woodwind,0.2874,44100,D3,50,piano,normal,1,0
bassoon/D3/bassoon_D3_05_forte_normal.mp3,bassoon,woodwind,0.4703,44100,D3,50,forte,normal,1,0
bassoon/D3/bassoon_D3_05_fortissimo_normal.mp3,bassoon,woodwind,0.4441,44100,D3,50,fortissimo,normal,1,0
bassoon/D3/bassoon_D3_05_mezzo-piano_normal.mp3,bassoon,woodwind,0.418,44100,D3,50,mezzo-piano,normal,1,0
bassoon/D3/bassoon_D3_05_piano_normal.mp3,bassoon,woodwind,0.418,44100,D3,50,piano,normal,1,0
bassoon/D3/bassoon_D3_15_forte_normal.mp3,bassoon,woodwind,1.4106,44100,D3,50,forte,normal,1,0
bassoon/D3/bassoon_D3_15_fortissimo_normal.mp3,bassoon,woodwind,1.2279,44100,D3,50,fortissimo,normal,1,0
bassoon/D3/bassoon_D3_15_mezzo-piano_normal.mp3,bassoon,woodwind,1.28,44100,D3,50,mezzo-piano,normal,1,0
bassoon/D3/bassoon_D3_15_piano_normal.mp3,bassoon,woodwind,1.4367,44100,D3,50,piano,normal,1,0
bassoon/D3/bassoon_D3_1_forte_normal.mp3,bassoon,woodwind,1.3322,44100,D3,50,forte,normal,1,0
bassoon/D3/bassoon_D3_1_fortissimo_normal.mp3,bassoon,woodwind,1.2018,44100,D3,50,fortissimo,normal,1,0
bassoon/D3/bassoon_D3_1_mezzo-piano_normal.mp3,bassoon,woodwind,1.2539,44100,D3,50,mezzo-piano,normal,1,0
bassoon/D3/bassoon_D3_1_piano_normal.mp3,bassoon,woodwind,1.28,44100,D3,50,piano,normal,1,0
bassoon/D4/bassoon_D4_025_forte_normal.mp3,bassoon,woodwind,0.3919,44100,D4,62,forte,normal,1,0
bassoon/D4/bassoon_D4_025_fortissimo_normal.mp3,bassoon,woodwind,0.5225,44100,D4,62,fortissimo,normal,1,0
bassoon/D4/bassoon_D4_025_mezzo-piano_normal.mp3,bassoon,woodwind,0.4441,44100,D4,62,mezzo-piano,normal,1,0
bassoon/D4/bassoon_D4_025_piano_normal.mp3,bassoon,woodwind,0.3135,44100,D4,62,piano,normal,1,0
bassoon/D4/bassoon_D4_05_forte_normal.mp3,bassoon,woodwind,0.5747,44100,D4,62,forte,normal,1,0
bassoon/D4/bassoon_D4_05_fortissimo_normal.mp3,bassoon,woodwind,1.4106,44100,D4,62,fortissimo,normal,1,0
bassoon/D4/bassoon_D4_05_mezzo-forte_normal.mp3,bassoon,woodwind,0.3658,44100,D4,62,mezzo-forte,normal,1,0
bassoon/D4/bassoon_D4_05_mezzo-piano_normal.mp3,bassoon,woodwind,0.4441,44100,D4,62,mezzo-piano,normal,1,0
bassoon/D4/bassoon_D4_05_piano_normal.mp3,bassoon,woodwind,0.418,44100,D4,62,piano,normal,1,0
bassoon/D4/bassoon_D4_15_piano_normal.mp3,bassoon,woodwind,1.28,44100,D4,62,piano,normal,1,0
bassoon/D4/bassoon_D4_1_forte_normal.mp3,bassoon,woodwind,1.4367,44100,D4,62,forte,normal,1,0
bassoon/D4/bassoon_D4_1_mezzo-forte_normal.mp3,bassoon,woodwind,1.3845,44100,D4,62,mezzo-forte,normal,1,0
bassoon/D4/bassoon_D4_1_mezzo-piano_normal.mp3,bassoon,woodwind,1.3845,44100,D4,62,mezzo-piano,normal,1,0
bassoon/D4/bassoon_D4_1_piano_normal.mp3,bassoon,woodwind,1.2279,44100,D4,62,piano,normal,1,0
bassoon/D5/bassoon_D5_025_forte_normal.mp3,bassoon,woodwind,0.7576,44100,D5,74,forte,normal,1,0
bassoon/D5/bassoon_D5_025_fortissimo_normal.mp3,bassoon,woodwind,0.5486,44100,D5,74,fortissimo,normal,1,0
bassoon/D5/bassoon_D5_025_mezzo-piano_normal.mp3,bassoon,woodwind,0.5225,44100,D5,74,mezzo-piano,normal,1,0
bassoon/D5/bassoon_D5_025_piano_normal.mp3,bassoon,woodwind,0.2874,44100,D5,74,piano,normal,1,0
bassoon/D5/bassoon_D5_05_forte_normal.mp3,bassoon,woodwind,0.3919,44100,D5,74,forte,normal,1,0
bassoon/D5/bassoon_D5_05_fortissimo_normal.mp3,bassoon,woodwind,1.28,44100,D5,74,fortissimo,normal,1,0
bassoon/D5/bassoon_D5_05_mezzo-piano_normal.mp3,bassoon,woodwind,0.418,44100,D5,74,mezzo-piano,normal,1,0
bassoon/D5/bassoon_D5_05_piano_normal.mp3,bassoon,woodwind,0.4703,44100,D5,74,piano,normal,1,0
bassoon/D5/bassoon_D5_15_mezzo-piano_normal.mp3,bassoon,woodwind,1.3322,44100,D5,74,mezzo-piano,normal,1,0
bassoon/D5/bassoon_D5_15_piano_normal.mp3,bassoon,woodwind,1.2539,44100,D5,74,piano,normal,1,0
bassoon/D5/bassoon_D5_1_forte_normal.mp3,bassoon,woodwind,1.3845,44100,D5,74,forte,normal,1,0
bassoon/D5/bassoon_D5_1_mezzo-piano_normal.mp3,bassoon,woodwind,1.3061,44100,D5,74,mezzo-piano,normal,1,0
bassoon/D5/bassoon_D5_1_piano_normal.mp3,bassoon,woodwind,1.0711,44100,D5,74,piano,normal,1,0
bassoon/Ds2/bassoon_Ds2_025_forte_normal.mp3,bassoon,woodwind,0.418,44100,Ds2,39,forte,normal,1,0
bassoon/Ds2/bassoon_Ds2_025_fortissimo_normal.mp3,bassoon,woodwind,0.3919,44100,Ds2,39,fortissimo,normal,1,0
bassoon/Ds2/bassoon_Ds2_025_mezzo-piano_normal.mp3,bassoon,woodwind,0.3135,44100,Ds2,39,mezzo-piano,normal,1,0
bassoon/Ds2/bassoon_Ds2_025_piano_normal.mp3,bassoon,woodwind,0.2874,44100,Ds2,39,piano,normal,1,0
bassoon/Ds2/bassoon_Ds2_05_forte_normal.mp3,bassoon,woodwind,1.3322,44100,Ds2,39,forte,normal,1,0
bassoon/Ds2/bassoon_Ds2_05_fortissimo_normal.mp3,bassoon,woodwind,0.5225,44100,Ds2,39,fortissimo,normal,1,0
bassoon/Ds2/bassoon_Ds2_05_mezzo-piano_normal.mp3,bassoon,woodwind,0.4441,44100,Ds2,39,mezzo-piano,normal,1,0
bassoon/Ds2/bassoon_Ds2_05_piano_normal.mp3,bassoon,woodwind,0.4703,44100,Ds2,39,piano,normal,1,0
bassoon/Ds2/bassoon_Ds2_15_fortissimo_normal.mp3,bassoon,woodwind,1.1756,44100,Ds2,39,fortissimo,normal,1,0
bassoon/Ds2/bassoon_Ds2_15_mezzo-piano_normal.mp3,bassoon,woodwind,1.28,44100,Ds2,39,mezzo-piano,normal,1,0
bassoon/Ds2/bassoon_Ds2_15_piano_normal.mp3,bassoon,woodwind,1.3061,44100,Ds2,39,piano,normal,1,0
bassoon/Ds2/bassoon_Ds2_1_forte_normal.mp3,bassoon,woodwind,0.3919,44100,Ds2,39,forte,normal,1,0
bassoon/Ds2/bassoon_Ds2_1_fortissimo_normal.mp3,bassoon,woodwind,1.4629,44100,Ds2,39,fortissimo,normal,1,0
bassoon/Ds2/bassoon_Ds2_1_mezzo-piano_normal.mp3,bassoon,woodwind,1.3061,44100,Ds2,39,mezzo-piano,normal,1,0
bassoon/Ds2/bassoon_Ds2_1_piano_normal.mp3,bassoon,woodwind,1.2018,44100,Ds2,39,piano,normal,1,0
bassoon/Ds3/bassoon_Ds3_025_forte_normal.mp3,bassoon,woodwind,0.3135,44100,Ds3,51,forte,normal,1,0
bassoon/Ds3/bassoon_Ds3_025_fortissimo_normal.mp3,bassoon,woodwind,0.3135,44100,Ds3,51,fortissimo,normal,1,0
bassoon/Ds3/bassoon_Ds3_025_mezzo-piano_normal.mp3,bassoon,woodwind,0.2874,44100,Ds3,51,mezzo-piano,normal,1,0
bassoon/Ds3/bassoon_Ds3_025_piano_normal.mp3,bassoon,woodwind,0.1829,44100,Ds3,51,piano,normal,1,0
bassoon/Ds3/bassoon_Ds3_05_forte_normal.mp3,bassoon,woodwind,0.4964,44100,Ds3,51,forte,normal,1,0
bassoon/Ds3/bassoon_Ds3_05_fortissimo_normal.mp3,bassoon,woodwind,0.4441,44100,Ds3,51,fortissimo,normal,1,0
bassoon/Ds3/bassoon_Ds3_05_mezzo-piano_normal.mp3,bassoon,woodwind,0.418,44100,Ds3,51,mezzo-piano,normal,1,0
bassoon/Ds3/bassoon_Ds3_05_piano_normal.mp3,bassoon,woodwind,0.5225,44100,Ds3,51,piano,normal,1,0
bassoon/Ds3/bassoon_Ds3_15_forte_normal.mp3,bassoon,woodwind,1.3845,44100,Ds3,51,forte,normal,1,0
bassoon/Ds3/bassoon_Ds3_15_fortissimo_normal.mp3,bassoon,woodwind,1.2279,44100,Ds3,51,fortissimo,normal,1,0
bassoon/Ds3/bassoon_Ds3_15_mezzo-piano_normal.mp3,bassoon,woodwind,1.3061,44100,Ds3,51,mezzo-piano,normal,1,0
bassoon/Ds3/bassoon_Ds3_15_piano_normal.mp3,bassoon,woodwind,1.3845,44100,Ds3,51,piano,normal,1,0
bassoon/Ds3/bassoon_Ds3_1_forte_normal.mp3,bassoon,woodwind,1.3845,44100,Ds3,51,forte,normal,1,0
bassoon/Ds3/bassoon_Ds3_1_fortissimo_normal.mp3,bassoon,woodwind,1.3061,44100,Ds3,51,fortissimo,normal,1,0
bassoon/Ds3/bassoon_Ds3_1_mezzo-piano_normal.mp3,bassoon,woodwind,1.3061,44100,Ds3,51,mezzo-piano,normal,1,0
bassoon/Ds3/bassoon_Ds3_1_piano_normal.mp3,bassoon,woodwind,1.4106,44100,Ds3,51,piano,normal,1,0
bassoon/Ds4/bassoon_Ds4_025_forte_normal.mp3,bassoon,woodwind,0.4964,44100,Ds4,63,forte,normal,1,0
bassoon/Ds4/bassoon_Ds4_025_fortissimo_normal.mp3,bassoon,woodwind,0.5225,44100,Ds4,63,fortissimo,normal,1,0
bassoon/Ds4/bassoon_Ds4_025_mezzo-piano_normal.mp3,bassoon,woodwind,0.4441,44100,Ds4,63,mezzo-piano,normal,1,0
bassoon/Ds4/bassoon_Ds4_025_piano_normal.mp3,bassoon,woodwind,0.2612,44100,Ds4,63,piano,normal,1,0
bassoon/Ds4/bassoon_Ds4_05_forte_normal.mp3,bassoon,woodwind,1.4367,44100,Ds4,63,forte,normal,1,0
bassoon/Ds4/bassoon_Ds4_05_fortissimo_normal.mp3,bassoon,woodwind,1.4629,44100,Ds4,63,fortissimo,normal,1,0
bassoon/Ds4/bassoon_Ds4_05_mezzo-forte_normal.mp3,bassoon,woodwind,0.3919,44100,Ds4,63,mezzo-forte,normal,1,0
bassoon/Ds4/bassoon_Ds4_05_mezzo-piano_normal.mp3,bassoon,woodwind,0.2612,44100,Ds4,63,mezzo-piano,normal,1,0
bassoon/Ds4/bassoon_Ds4_05_piano_normal.mp3,bassoon,woodwind,0.3919,44100,Ds4,63,piano,normal,1,0
bassoon/Ds4/bassoon_Ds4_15_piano_normal.mp3,bassoon,woodwind,1.3061,44100,Ds4,63,piano,normal,1,0
bassoon/Ds4/bassoon_Ds4_1_mezzo-forte_normal.mp3,bassoon,woodwind,1.3845,44100,Ds4,63,mezzo-forte,normal,1,0
bassoon/Ds4/bassoon_Ds4_1_mezzo-piano_normal.mp3,bassoon,woodwind,1.3584,44100,Ds4,63,mezzo-piano,normal,1,0
bassoon/Ds4/bassoon_Ds4_1_piano_normal.mp3,bassoon,woodwind,1.28,44100,Ds4,63,piano,normal,1,0
bassoon/Ds5/bassoon_Ds5_025_forte_normal.mp3,bassoon,woodwind,0.6009,44100,Ds5,75,forte,normal,1,0
bassoon/Ds5/bassoon_Ds5_025_fortissimo_normal.mp3,bassoon,woodwind,0.4964,44100,Ds5,75,fortissimo,normal,1,0
bassoon/Ds5/bassoon_Ds5_025_mezzo-piano_normal.mp3,bassoon,woodwind,0.3396,44100,Ds5,75,mezzo-piano,normal,1,0
bassoon/Ds5/bassoon_Ds5_025_piano_normal.mp3,bassoon,woodwind,0.3396,44100,Ds5,75,piano,normal,1,0
bassoon/Ds5/bassoon_Ds5_05_forte_normal.mp3,bassoon,woodwind,1.4629,44100,Ds5,75,forte,normal,1,0
bassoon/Ds5/bassoon_Ds5_05_fortissimo_normal.mp3,bassoon,woodwind,1.2539,44100,Ds5,75,fortissimo,normal,1,0
bassoon/Ds5/bassoon_Ds5_05_mezzo-piano_normal.mp3,bassoon,woodwind,0.3658,44100,Ds5,75,mezzo-piano,normal,1,0
bassoon/Ds5/bassoon_Ds5_05_piano_normal.mp3,bassoon,woodwind,0.3658,44100,Ds5,75,piano,normal,1,0
bassoon/Ds5/bassoon_Ds5_15_mezzo-piano_normal.mp3,bassoon,woodwind,1.2539,44100,Ds5,75,mezzo-piano,normal,1,0
bassoon/Ds5/bassoon_Ds5_15_piano_normal.mp3,bassoon,woodwind,1.2279,44100,Ds5,75,piano,normal,1,0
bassoon/Ds5/bassoon_Ds5_1_forte_normal.mp3,bassoon,woodwind,1.28,44100,Ds5,75,forte,normal,1,0
bassoon/Ds5/bassoon_Ds5_1_fortissimo_normal.mp3,bassoon,woodwind,1.3322,44100,Ds5,75,fortissimo,normal,1,0
bassoon/Ds5/bassoon_Ds5_1_mezzo-piano_normal.mp3,bassoon,woodwind,1.3584,44100,Ds5,75,mezzo-piano,normal,1,0
bassoon/Ds5/bassoon_Ds5_1_piano_normal.mp3,bassoon,woodwind,1.1234,44100,Ds5,75,piano,normal,1,0
bassoon/E2/bassoon_E2_025_forte_normal.mp3,bassoon,woodwind,0.3396,44100,E2,40,forte,normal,1,0
bassoon/E2/bassoon_E2_025_fortissimo_normal.mp3,bassoon,woodwind,0.3396,44100,E2,40,fortissimo,normal,1,0
bassoon/E2/bassoon_E2_025_mezzo-piano_normal.mp3,bassoon,woodwind,0.3919,44100,E2,40,mezzo-piano,normal,1,0
bassoon/E2/bassoon_E2_025_piano_normal.mp3,bassoon,woodwind,0.2612,44100,E2,40,piano,normal,1,0
bassoon/E2/bassoon_E2_05_forte_normal.mp3,bassoon,woodwind,0.418,44100,E2,40,forte,normal,1,0
bassoon/E2/bassoon_E2_05_fortissimo_normal.mp3,bassoon,woodwind,0.5486,44100,E2,40,fortissimo,normal,1,0
bassoon/E2/bassoon_E2_05_mezzo-piano_normal.mp3,bassoon,woodwind,0.4703,44100,E2,40,mezzo-piano,normal,1,0
bassoon/E2/bassoon_E2_05_piano_normal.mp3,bassoon,woodwind,0.2874,44100,E2,40,piano,normal,1,0
bassoon/E2/bassoon_E2_15_piano_normal.mp3,bassoon,woodwind,1.3322,44100,E2,40,piano,normal,1,0
bassoon/E2/bassoon_E2_1_forte_normal.mp3,bassoon,woodwind,1.2539,44100,E2,40,forte,normal,1,0
bassoon/E2/bassoon_E2_1_fortissimo_normal.mp3,bassoon,woodwind,1.4367,44100,E2,40,fortissimo,normal,1,0
bassoon/E2/bassoon_E2_1_mezzo-piano_normal.mp3,bassoon,woodwind,1.2279,44100,E2,40,mezzo-piano,normal,1,0
bassoon/E2/bassoon_E2_1_piano_normal.mp3,bassoon,woodwind,1.4629,44100,E2,40,piano,normal,1,0
bassoon/E2/bassoon_E2_very-long_cresc-decresc_normal.mp3,bassoon,woodwind,6.1128,44100,E2,40,cresc-decresc,normal,1,0
bassoon/E2/bassoon_E2_very-long_forte_normal.mp3,bassoon,woodwind,26.6189,44100,E2,40,forte,normal,1,0
bassoon/E2/bassoon_E2_very-long_mezzo-piano_normal.mp3,bassoon,woodwind,46.6809,44100,E2,40,mezzo-piano,normal,1,0
bassoon/E3/bassoon_E3_025_forte_normal.mp3,bassoon,woodwind,0.2874,44100,E3,52,forte,normal,1,0
bassoon/E3/bassoon_E3_025_fortissimo_normal.mp3,bassoon,woodwind,0.3135,44100,E3,52,fortissimo,normal,1,0
bassoon/E3/bassoon_E3_025_mezzo-piano_normal.mp3,bassoon,woodwind,0.2612,44100,E3,52,mezzo-piano,normal,1,0
bassoon/E3/bassoon_E3_025_piano_normal.mp3,bassoon,woodwind,0.2351,44100,E3,52,piano,normal,1,0
bassoon/E3/bassoon_E3_05_forte_normal.mp3,bassoon,woodwind,0.4703,44100,E3,52,forte,normal,1,0
bassoon/E3/bassoon_E3_05_fortissimo_normal.mp3,bassoon,woodwind,0.4703,44100,E3,52,fortissimo,normal,1,0
bassoon/E3/bassoon_E3_05_mezzo-piano_normal.mp3,bassoon,woodwind,0.4964,44100,E3,52,mezzo-piano,normal,1,0
bassoon/E3/bassoon_E3_05_piano_normal.mp3,bassoon,woodwind,0.3658,44100,E3,52,piano,normal,1,0
bassoon/E3/bassoon_E3_15_forte_normal.mp3,bassoon,woodwind,1.3322,44100,E3,52,forte,normal,1,0
bassoon/E3/bassoon_E3_15_fortissimo_normal.mp3,bassoon,woodwind,1.2018,44100,E3,52,fortissimo,normal,1,0
bassoon/E3/bassoon_E3_15_piano_normal.mp3,bassoon,woodwind,1.2018,44100,E3,52,piano,normal,1,0
bassoon/E3/bassoon_E3_1_forte_normal.mp3,bassoon,woodwind,1.4106,44100,E3,52,forte,normal,1,0
bassoon/E3/bassoon_E3_1_fortissimo_normal.mp3,bassoon,woodwind,1.3584,44100,E3,52,fortissimo,normal,1,0
bassoon/E3/bassoon_E3_1_mezzo-piano_normal.mp3,bassoon,woodwind,1.3061,44100,E3,52,mezzo-piano,normal,1,0
bassoon/E3/bassoon_E3_1_piano_normal.mp3,bassoon,woodwind,1.1495,44100,E3,52,piano,normal,1,0
bassoon/E3/bassoon_E3_very-long_cresc-decresc_normal.mp3,bassoon,woodwind,6.3479,44100,E3,52,cresc-decresc,normal,1,0
bassoon/E4/bassoon_E4_025_forte_normal.mp3,bassoon,woodwind,0.4964,44100,E4,64,forte,normal,1,0
bassoon/E4/bassoon_E4_025_fortissimo_normal.mp3,bassoon,woodwind,0.6009,44100,E4,64,fortissimo,normal,1,0
bassoon/E4/bassoon_E4_025_mezzo-piano_normal.mp3,bassoon,woodwind,0.2612,44100,E4,64,mezzo-piano,normal,1,0
bassoon/E4/bassoon_E4_025_piano_normal.mp3,bassoon,woodwind,0.3135,44100,E4,64,piano,normal,1,0
bassoon/E4/bassoon_E4_05_forte_normal.mp3,bassoon,woodwind,1.4629,44100,E4,64,forte,normal,1,0
bassoon/E4/bassoon_E4_05_fortissimo_normal.mp3,bassoon,woodwind,1.489,44100,E4,64,fortissimo,normal,1,0
bassoon/E4/bassoon_E4_05_mezzo-forte_normal.mp3,bassoon,woodwind,0.3658,44100,E4,64,mezzo-forte,normal,1,0
bassoon/E4/bassoon_E4_05_mezzo-piano_normal.mp3,bassoon,woodwind,0.3658,44100,E4,64,mezzo-piano,normal,1,0
bassoon/E4/bassoon_E4_05_piano_normal.mp3,bassoon,woodwind,0.418,44100,E4,64,piano,normal,1,0
bassoon/E4/bassoon_E4_15_mezzo-piano_normal.mp3,bassoon,woodwind,1.28,44100,E4,64,mezzo-piano,normal,1,0
bassoon/E4/bassoon_E4_1_forte_normal.mp3,bassoon,woodwind,1.0973,44100,E4,64,forte,normal,1,0
bassoon/E4/bassoon_E4_1_mezzo-forte_normal.mp3,bassoon,woodwind,1.4367,44100,E4,64,mezzo-forte,normal,1,0
bassoon/E4/bassoon_E4_1_mezzo-piano_normal.mp3,bassoon,woodwind,1.3584,44100,E4,64,mezzo-piano,normal,1,0
bassoon/E4/bassoon_E4_1_piano_normal.mp3,bassoon,woodwind,1.28,44100,E4,64,piano,normal,1,0
bassoon/E4/bassoon_E4_very-long_cresc-decresc_normal.mp3,bassoon,woodwind,6.4523,44100,E4,64,cresc-decresc,normal,1,0
bassoon/E5/bassoon_E5_025_fortissimo_normal.mp3,bassoon,woodwind,1.2279,44100,E5,76,fortissimo,normal,1,0
bassoon/E5/bassoon_E5_025_mezzo-piano_normal.mp3,bassoon,woodwind,0.4964,44100,E5,76,mezzo-piano,normal,1,0
bassoon/E5/bassoon_E5_025_piano_normal.mp3,bassoon,woodwind,0.3396,44100,E5,76,piano,normal,1,0
bassoon/E5/bassoon_E5_05_forte_normal.mp3,bassoon,woodwind,0.4703,44100,E5,76,forte,normal,1,0
bassoon/E5/bassoon_E5_05_fortissimo_normal.mp3,bassoon,woodwind,1.6458,44100,E5,76,fortissimo,normal,1,0
bassoon/E5/bassoon_E5_05_mezzo-piano_normal.mp3,bassoon,woodwind,0.3919,44100,E5,76,mezzo-piano,normal,1,0
bassoon/E5/bassoon_E5_05_piano_normal.mp3,bassoon,woodwind,0.7576,44100,E5,76,piano,normal,1,0
bassoon/E5/bassoon_E5_15_forte_normal.mp3,bassoon,woodwind,1.3845,44100,E5,76,forte,normal,1,0
bassoon/E5/bassoon_E5_15_mezzo-piano_normal.mp3,bassoon,woodwind,1.5151,44100,E5,76,mezzo-piano,normal,1,0
bassoon/E5/bassoon_E5_15_piano_normal.mp3,bassoon,woodwind,1.6719,44100,E5,76,piano,normal,1,0
bassoon/E5/bassoon_E5_1_forte_normal.mp3,bassoon,woodwind,1.2279,44100,E5,76,forte,normal,1,0
bassoon/E5/bassoon_E5_1_mezzo-piano_normal.mp3,bassoon,woodwind,1.0973,44100,E5,76,mezzo-piano,normal,1,0
bassoon/E5/bassoon_E5_1_piano_normal.mp3,bassoon,woodwind,1.3845,44100,E5,76,piano,normal,1,0
bassoon/E5/bassoon_E5_phrase_mezzo-piano_normal.mp3,bassoon,woodwind,2.4817,44100,E5,76,mezzo-piano,normal,1,1
bassoon/F2/bassoon_F2_025_forte_normal.mp3,bassoon,woodwind,0.5225,44100,F2,41,forte,normal,1,0
bassoon/F2/bassoon_F2_025_fortissimo_normal.mp3,bassoon,woodwind,0.5486,44100,F2,41,fortissimo,normal,1,0
bassoon/F2/bassoon_F2_025_mezzo-piano_normal.mp3,bassoon,woodwind,0.4441,44100,F2,41,mezzo-piano,normal,1,0
bassoon/F2/bassoon_F2_025_piano_normal.mp3,bassoon,woodwind,0.2874,44100,F2,41,piano,normal,1,0
bassoon/F2/bassoon_F2_05_forte_normal.mp3,bassoon,woodwind,1.4106,44100,F2,41,forte,normal,1,0
bassoon/F2/bassoon_F2_05_fortissimo_normal.mp3,bassoon,woodwind,1.4106,44100,F2,41,fortissimo,normal,1,0
bassoon/F2/bassoon_F2_05_mezzo-forte_normal.mp3,bassoon,woodwind,0.3135,44100,F2,41,mezzo-forte,normal,1,0
bassoon/F2/bassoon_F2_05_mezzo-piano_normal.mp3,bassoon,woodwind,1.3322,44100,F2,41,mezzo-piano,normal,1,0
bassoon/F2/bassoon_F2_05_piano_normal.mp3,bassoon,woodwind,0.418,44100,F2,41,piano,normal,1,0
bassoon/F2/bassoon_F2_15_piano_normal.mp3,bassoon,woodwind,1.5151,44100,F2,41,piano,normal,1,0
bassoon/F2/bassoon_F2_1_fortissimo_normal.mp3,bassoon,woodwind,1.2539,44100,F2,41,fortissimo,normal,1,0
bassoon/F2/bassoon_F2_1_mezzo-forte_normal.mp3,bassoon,woodwind,1.3584,44100,F2,41,mezzo-forte,normal,1,0
bassoon/F2/bassoon_F2_1_piano_normal.mp3,bassoon,woodwind,1.4106,44100,F2,41,piano,normal,1,0
bassoon/F3/bassoon_F3_025_forte_normal.mp3,bassoon,woodwind,0.2874,44100,F3,53,forte,normal,1,0
bassoon/F3/bassoon_F3_025_fortissimo_normal.mp3,bassoon,woodwind,0.3919,44100,F3,53,fortissimo,normal,1,0
bassoon/F3/bassoon_F3_025_mezzo-piano_normal.mp3,bassoon,woodwind,0.418,44100,F3,53,mezzo-piano,normal,1,0
bassoon/F3/bassoon_F3_025_piano_normal.mp3,bassoon,woodwind,0.2612,44100,F3,53,piano,normal,1,0
bassoon/F3/bassoon_F3_05_forte_normal.mp3,bassoon,woodwind,0.4703,44100,F3,53,forte,normal,1,0
bassoon/F3/bassoon_F3_05_fortissimo_normal.mp3,bassoon,woodwind,0.4703,44100,F3,53,fortissimo,normal,1,0
bassoon/F3/bassoon_F3_05_mezzo-piano_normal.mp3,bassoon,woodwind,0.4441,44100,F3,53,mezzo-piano,normal,1,0
bassoon/F3/bassoon_F3_05_piano_normal.mp3,bassoon,woodwind,0.418,44100,F3,53,piano,normal,1,0
bassoon/F3/bassoon_F3_15_forte_normal.mp3,bassoon,woodwind,1.28,44100,F3,53,forte,normal,1,0
bassoon/F3/bassoon_F3_15_fortissimo_normal.mp3,bassoon,woodwind,1.28,44100,F3,53,fortissimo,normal,1,0
bassoon/F3/bassoon_F3_15_mezzo-piano_normal.mp3,bassoon,woodwind,1.2279,44100,F3,53,mezzo-piano,normal,1,0
bassoon/F3/bassoon_F3_15_piano_normal.mp3,bassoon,woodwind,1.2018,44100,F3,53,piano,normal,1,0
bassoon/F3/bassoon_F3_1_forte_normal.mp3,bassoon,woodwind,1.3584,44100,F3,53,forte,normal,1,0
bassoon/F3/bassoon_F3_1_fortissimo_normal.mp3,bassoon,woodwind,1.3845,44100,F3,53,fortissimo,normal,1,0
bassoon/F3/bassoon_F3_1_mezzo-piano_normal.mp3,bassoon,woodwind,1.2279,44100,F3,53,mezzo-piano,normal,1,0
bassoon/F3/bassoon_F3_1_piano_normal.mp3,bassoon,woodwind,1.2539,44100,F3,53,piano,normal,1,0
bassoon/F4/bassoon_F4_025_forte_normal.mp3,bassoon,woodwind,0.5225,44100,F4,65,forte,normal,1,0
bassoon/F4/bassoon_F4_025_fortissimo_normal.mp3,bassoon,woodwind,0.4703,44100,F4,65,fortissimo,normal,1,0
bassoon/F4/bassoon_F4_025_mezzo-piano_normal.mp3,bassoon,woodwind,0.2351,44100,F4,65,mezzo-piano,normal,1,0
bassoon/F4/bassoon_F4_025_piano_normal.mp3,bassoon,woodwind,0.3135,44100,F4,65,piano,normal,1,0
bassoon/F4/bassoon_F4_05_forte_normal.mp3,bassoon,woodwind,1.489,44100,F4,65,forte,normal,1,0
bassoon/F4/bassoon_F4_05_fortissimo_normal.mp3,bassoon,woodwind,1.4629,44100,F4,65,fortissimo,normal,1,0
bassoon/F4/bassoon_F4_05_mezzo-forte_normal.mp3,bassoon,woodwind,0.3658,44100,F4,65,mezzo-forte,normal,1,0
bassoon/F4/bassoon_F4_05_mezzo-piano_normal.mp3,bassoon,woodwind,0.418,44100,F4,65,mezzo-piano,normal,1,0
bassoon/F4/bassoon_F4_05_piano_normal.mp3,bassoon,woodwind,1.1756,44100,F4,65,piano,normal,1,0
bassoon/F4/bassoon_F4_1_mezzo-forte_normal.mp3,bassoon,woodwind,1.3845,44100,F4,65,mezzo-forte,normal,1,0
bassoon/F4/bassoon_F4_1_mezzo-piano_normal.mp3,bassoon,woodwind,1.2279,44100,F4,65,mezzo-piano,normal,1,0
bassoon/F4/bassoon_F4_1_piano_normal.mp3,bassoon,woodwind,1.2279,44100,F4,65,piano,normal,1,0
bassoon/F5/bassoon_F5_025_mezzo-piano_normal.mp3,bassoon,woodwind,0.4703,44100,F5,77,mezzo-piano,normal,1,0
bassoon/F5/bassoon_F5_05_mezzo-piano_normal.mp3,bassoon,woodwind,0.5486,44100,F5,77,mezzo-piano,normal,1,0
bassoon/F5/bassoon_F5_15_mezzo-piano_normal.mp3,bassoon,woodwind,1.7241,44100,F5,77,mezzo-piano,normal,1,0
bassoon/F5/bassoon_F5_1_mezzo-piano_normal.mp3,bassoon,woodwind,1.2279,44100,F5,77,mezzo-piano,normal,1,0
bassoon/Fs2/bassoon_Fs2_025_forte_normal.mp3,bassoon,woodwind,0.4703,44100,Fs2,42,forte,normal,1,0
bassoon/Fs2/bassoon_Fs2_025_fortissimo_normal.mp3,bassoon,woodwind,0.3658,44100,Fs2,42,fortissimo,normal,1,0
bassoon/Fs2/bassoon_Fs2_025_mezzo-piano_normal.mp3,bassoon,woodwind,0.4441,44100,Fs2,42,mezzo-piano,normal,1,0
bassoon/Fs2/bassoon_Fs2_025_piano_normal.mp3,bassoon,woodwind,0.2874,44100,Fs2,42,piano,normal,1,0
bassoon/Fs2/bassoon_Fs2_05_forte_normal.mp3,bassoon,woodwind,1.4629,44100,Fs2,42,forte,normal,1,0
bassoon/Fs2/bassoon_Fs2_05_fortissimo_normal.mp3,bassoon,woodwind,0.6009,44100,Fs2,42,fortissimo,normal,1,0
bassoon/Fs2/bassoon_Fs2_05_mezzo-forte_normal.mp3,bassoon,woodwind,0.2874,44100,Fs2,42,mezzo-forte,normal,1,0
bassoon/Fs2/bassoon_Fs2_05_mezzo-piano_normal.mp3,bassoon,woodwind,1.2539,44100,Fs2,42,mezzo-piano,normal,1,0
bassoon/Fs2/bassoon_Fs2_05_piano_normal.mp3,bassoon,woodwind,0.4703,44100,Fs2,42,piano,normal,1,0
bassoon/Fs2/bassoon_Fs2_15_fortissimo_normal.mp3,bassoon,woodwind,0.6793,44100,Fs2,42,fortissimo,normal,1,0
bassoon/Fs2/bassoon_Fs2_1_forte_normal.mp3,bassoon,woodwind,1.3322,44100,Fs2,42,forte,normal,1,0
bassoon/Fs2/bassoon_Fs2_1_fortissimo_normal.mp3,bassoon,woodwind,1.3584,44100,Fs2,42,fortissimo,normal,1,0
bassoon/Fs2/bassoon_Fs2_1_mezzo-forte_normal.mp3,bassoon,woodwind,1.489,44100,Fs2,42,mezzo-forte,normal,1,0
bassoon/Fs2/bassoon_Fs2_1_piano_normal.mp3,bassoon,woodwind,1.5151,44100,Fs2,42,piano,normal,1,0
bassoon/Fs3/bassoon_Fs3_025_forte_normal.mp3,bassoon,woodwind,0.3135,44100,Fs3,54,forte,normal,1,0
bassoon/Fs3/bassoon_Fs3_025_fortissimo_normal.mp3,bassoon,woodwind,1.2539,44100,Fs3,54,fortissimo,normal,1,0
bassoon/Fs3/bassoon_Fs3_025_mezzo-piano_normal.mp3,bassoon,woodwind,0.3396,44100,Fs3,54,mezzo-piano,normal,1,0
bassoon/Fs3/bassoon_Fs3_025_piano_normal.mp3,bassoon,woodwind,0.2351,44100,Fs3,54,piano,normal,1,0
bassoon/Fs3/bassoon_Fs3_05_forte_normal.mp3,bassoon,woodwind,0.4964,44100,Fs3,54,forte,normal,1,0
bassoon/Fs3/bassoon_Fs3_05_fortissimo_normal.mp3,bassoon,woodwind,0.3919,44100,Fs3,54,fortissimo,normal,1,0
bassoon/Fs3/bassoon_Fs3_05_mezzo-piano_normal.mp3,bassoon,woodwind,0.3919,44100,Fs3,54,mezzo-piano,normal,1,0
bassoon/Fs3/bassoon_Fs3_05_piano_normal.mp3,bassoon,woodwind,0.3396,44100,Fs3,54,piano,normal,1,0
bassoon/Fs3/bassoon_Fs3_15_forte_normal.mp3,bassoon,woodwind,1.2539,44100,Fs3,54,forte,normal,1,0
bassoon/Fs3/bassoon_Fs3_15_mezzo-piano_normal.mp3,bassoon,woodwind,1.2279,44100,Fs3,54,mezzo-piano,normal,1,0
bassoon/Fs3/bassoon_Fs3_15_piano_normal.mp3,bassoon,woodwind,1.2539,44100,Fs3,54,piano,normal,1,0
bassoon/Fs3/bassoon_Fs3_1_forte_normal.mp3,bassoon,woodwind,1.4629,44100,Fs3,54,forte,normal,1,0
bassoon/Fs3/bassoon_Fs3_1_fortissimo_normal.mp3,bassoon,woodwind,1.3845,44100,Fs3,54,fortissimo,normal,1,0
bassoon/Fs3/bassoon_Fs3_1_mezzo-piano_normal.mp3,bassoon,woodwind,1.3322,44100,Fs3,54,mezzo-piano,normal,1,0
bassoon/Fs3/bassoon_Fs3_1_piano_normal.mp3,bassoon,woodwind,1.2279,44100,Fs3,54,piano,normal,1,0
bassoon/Fs3/bassoon_Fs3_very-long_mezzo-forte_normal.mp3,bassoon,woodwind,43.938,44100,Fs3,54,mezzo-forte,normal,1,0
bassoon/Fs3/bassoon_Fs3_very-long_mezzo-piano_normal.mp3,bassoon,woodwind,52.8196,44100,Fs3,54,mezzo-piano,normal,1,0
bassoon/Fs4/bassoon_Fs4_025_forte_normal.mp3,bassoon,woodwind,0.5225,44100,Fs4,66,forte,normal,1,0
bassoon/Fs4/bassoon_Fs4_025_fortissimo_normal.mp3,bassoon,woodwind,0.4964,44100,Fs4,66,fortissimo,normal,1,0
bassoon/Fs4/bassoon_Fs4_025_mezzo-piano_normal.mp3,bassoon,woodwind,0.4964,44100,Fs4,66,mezzo-piano,normal,1,0
bassoon/Fs4/bassoon_Fs4_025_piano_normal.mp3,bassoon,woodwind,0.3658,44100,Fs4,66,piano,normal,1,0
bassoon/Fs4/bassoon_Fs4_05_forte_normal.mp3,bassoon,woodwind,1.4106,44100,Fs4,66,forte,normal,1,0
bassoon/Fs4/bassoon_Fs4_05_fortissimo_normal.mp3,bassoon,woodwind,1.4106,44100,Fs4,66,fortissimo,normal,1,0
bassoon/Fs4/bassoon_Fs4_05_mezzo-forte_normal.mp3,bassoon,woodwind,0.418,44100,Fs4,66,mezzo-forte,normal,1,0
bassoon/Fs4/bassoon_Fs4_05_mezzo-piano_normal.mp3,bassoon,woodwind,0.2874,44100,Fs4,66,mezzo-piano,normal,1,0
bassoon/Fs4/bassoon_Fs4_05_piano_normal.mp3,bassoon,woodwind,0.4703,44100,Fs4,66,piano,normal,1,0
bassoon/Fs4/bassoon_Fs4_15_piano_normal.mp3,bassoon,woodwind,1.28,44100,Fs4,66,piano,normal,1,0
bassoon/Fs4/bassoon_Fs4_1_mezzo-forte_normal.mp3,bassoon,woodwind,1.4629,44100,Fs4,66,mezzo-forte,normal,1,0
bassoon/Fs4/bassoon_Fs4_1_mezzo-piano_normal.mp3,bassoon,woodwind,1.28,44100,Fs4,66,mezzo-piano,normal,1,0
bassoon/Fs4/bassoon_Fs4_1_piano_normal.mp3,bassoon,woodwind,1.2539,44100,Fs4,66,piano,normal,1,0
bassoon/G2/bassoon_G2_025_forte_normal.mp3,bassoon,woodwind,0.3135,44100,G2,43,forte,normal,1,0
bassoon/G2/bassoon_G2_025_fortissimo_normal.mp3,bassoon,woodwind,0.3396,44100,G2,43,fortissimo,normal,1,0
bassoon/G2/bassoon_G2_025_mezzo-piano_normal.mp3,bassoon,woodwind,0.4964,44100,G2,43,mezzo-piano,normal,1,0
bassoon/G2/bassoon_G2_025_piano_normal.mp3,bassoon,woodwind,0.2612,44100,G2,43,piano,normal,1,0
bassoon/G2/bassoon_G2_05_forte_normal.mp3,bassoon,woodwind,0.5225,44100,G2,43,forte,normal,1,0
bassoon/G2/bassoon_G2_05_fortissimo_normal.mp3,bassoon,woodwind,0.5486,44100,G2,43,fortissimo,normal,1,0
bassoon/G2/bassoon_G2_05_mezzo-forte_normal.mp3,bassoon,woodwind,0.3919,44100,G2,43,mezzo-forte,normal,1,0
bassoon/G2/bassoon_G2_05_mezzo-piano_normal.mp3,bassoon,woodwind,1.28,44100,G2,43,mezzo-piano,normal,1,0
bassoon/G2/bassoon_G2_05_piano_normal.mp3,bassoon,woodwind,1.4106,44100,G2,43,piano,normal,1,0
bassoon/G2/bassoon_G2_15_fortissimo_normal.mp3,bassoon,woodwind,1.1495,44100,G2,43,fortissimo,normal,1,0
bassoon/G2/bassoon_G2_15_piano_normal.mp3,bassoon,woodwind,0.418,44100,G2,43,piano,normal,1,0
bassoon/G2/bassoon_G2_1_forte_normal.mp3,bassoon,woodwind,1.3584,44100,G2,43,forte,normal,1,0
bassoon/G2/bassoon_G2_1_fortissimo_normal.mp3,bassoon,woodwind,1.489,44100,G2,43,fortissimo,normal,1,0
bassoon/G2/bassoon_G2_1_mezzo-piano_normal.mp3,bassoon,woodwind,1.3845,44100,G2,43,mezzo-piano,normal,1,0
bassoon/G2/bassoon_G2_phrase_mezzo-forte_normal.mp3,bassoon,woodwind,1.6458,44100,G2,43,mezzo-forte,normal,1,1
bassoon/G2/bassoon_G2_very-long_cresc-decresc_normal.mp3,bassoon,woodwind,6.2956,44100,G2,43,cresc-decresc,normal,1,0
bassoon/G3/bassoon_G3_025_forte_normal.mp3,bassoon,woodwind,0.2612,44100,G3,55,forte,normal,1,0
bassoon/G3/bassoon_G3_025_fortissimo_normal.mp3,bassoon,woodwind,0.3396,44100,G3,55,fortissimo,normal,1,0
bassoon/G3/bassoon_G3_025_mezzo-piano_normal.mp3,bassoon,woodwind,0.4441,44100,G3,55,mezzo-piano,normal,1,0
bassoon/G3/bassoon_G3_025_piano_normal.mp3,bassoon,woodwind,0.2612,44100,G3,55,piano,normal,1,0
bassoon/G3/bassoon_G3_05_forte_normal.mp3,bassoon,woodwind,0.4441,44100,G3,55,forte,normal,1,0
bassoon/G3/bassoon_G3_05_fortissimo_normal.mp3,bassoon,woodwind,0.627,44100,G3,55,fortissimo,normal,1,0
bassoon/G3/bassoon_G3_05_mezzo-piano_normal.mp3,bassoon,woodwind,0.4703,44100,G3,55,mezzo-piano,normal,1,0
bassoon/G3/bassoon_G3_05_piano_normal.mp3,bassoon,woodwind,0.3135,44100,G3,55,piano,normal,1,0
bassoon/G3/bassoon_G3_15_piano_normal.mp3,bassoon,woodwind,1.2279,44100,G3,55,piano,normal,1,0
bassoon/G3/bassoon_G3_1_forte_normal.mp3,bassoon,woodwind,1.5413,44100,G3,55,forte,normal,1,0
bassoon/G3/bassoon_G3_1_fortissimo_normal.mp3,bassoon,woodwind,1.3061,44100,G3,55,fortissimo,normal,1,0
bassoon/G3/bassoon_G3_1_mezzo-forte_normal.mp3,bassoon,woodwind,1.3061,44100,G3,55,mezzo-forte,normal,1,0
bassoon/G3/bassoon_G3_1_mezzo-piano_normal.mp3,bassoon,woodwind,1.4367,44100,G3,55,mezzo-piano,normal,1,0
bassoon/G3/bassoon_G3_1_piano_normal.mp3,bassoon,woodwind,1.2018,44100,G3,55,piano,normal,1,0
bassoon/G3/bassoon_G3_very-long_cresc-decresc_normal.mp3,bassoon,woodwind,6.0866,44100,G3,55,cresc-decresc,normal,1,0
bassoon/G4/bassoon_G4_025_forte_normal.mp3,bassoon,woodwind,0.6009,44100,G4,67,forte,normal,1,0
bassoon/G4/bassoon_G4_025_fortissimo_normal.mp3,bassoon,woodwind,0.5486,44100,G4,67,fortissimo,normal,1,0
bassoon/G4/bassoon_G4_025_mezzo-piano_normal.mp3,bassoon,woodwind,0.3135,44100,G4,67,mezzo-piano,normal,1,0
bassoon/G4/bassoon_G4_025_piano_normal.mp3,bassoon,woodwind,0.3396,44100,G4,67,piano,normal,1,0
bassoon/G4/bassoon_G4_05_forte_normal.mp3,bassoon,woodwind,1.3845,44100,G4,67,forte,normal,1,0
bassoon/G4/bassoon_G4_05_fortissimo_normal.mp3,bassoon,woodwind,1.4367,44100,G4,67,fortissimo,normal,1,0
bassoon/G4/bassoon_G4_05_mezzo-forte_normal.mp3,bassoon,woodwind,0.3396,44100,G4,67,mezzo-forte,normal,1,0
bassoon/G4/bassoon_G4_05_mezzo-piano_normal.mp3,bassoon,woodwind,0.4964,44100,G4,67,mezzo-piano,normal,1,0
bassoon/G4/bassoon_G4_05_piano_normal.mp3,bassoon,woodwind,0.4441,44100,G4,67,piano,normal,1,0
bassoon/G4/bassoon_G4_15_piano_normal.mp3,bassoon,woodwind,1.3845,44100,G4,67,piano,normal,1,0
bassoon/G4/bassoon_G4_1_forte_normal.mp3,bassoon,woodwind,1.2279,44100,G4,67,forte,normal,1,0
bassoon/G4/bassoon_G4_1_fortissimo_normal.mp3,bassoon,woodwind,1.3584,44100,G4,67,fortissimo,normal,1,0
bassoon/G4/bassoon_G4_1_mezzo-forte_normal.mp3,bassoon,woodwind,1.2539,44100,G4,67,mezzo-forte,normal,1,0
bassoon/G4/bassoon_G4_1_mezzo-piano_normal.mp3,bassoon,woodwind,1.3845,44100,G4,67,mezzo-piano,normal,1,0
bassoon/G4/bassoon_G4_1_piano_normal.mp3,bassoon,woodwind,1.3845,44100,G4,67,piano,normal,1,0
bassoon/G4/bassoon_G4_very-long_cresc-decresc_normal.mp3,bassoon,woodwind,5.7209,44100,G4,67,cresc-decresc,normal,1,0
bassoon/G4/bassoon_G4_very-long_mezzo-piano_normal.mp3,bassoon,woodwind,46.2106,44100,G4,67,mezzo-piano,normal,1,0
bassoon/G5/bassoon_G5_05_piano_normal.mp3,bassoon,woodwind,0.4441,44100,G5,79,piano,normal,1,0
bassoon/G5/bassoon_G5_1_mezzo-piano_normal.mp3,bassoon,woodwind,1.3584,44100,G5,79,mezzo-piano,normal,1,0
bassoon/Gs2/bassoon_Gs2_025_forte_normal.mp3,bassoon,woodwind,0.4441,44100,Gs2,44,forte,normal,1,0
bassoon/Gs2/bassoon_Gs2_025_fortissimo_normal.mp3,bassoon,woodwind,0.3396,44100,Gs2,44,fortissimo,normal,1,0
bassoon/Gs2/bassoon_Gs2_025_mezzo-forte_normal.mp3,bassoon,woodwind,0.3135,44100,Gs2,44,mezzo-forte,normal,1,0
bassoon/Gs2/bassoon_Gs2_025_mezzo-piano_normal.mp3,bassoon,woodwind,0.418,44100,Gs2,44,mezzo-piano,normal,1,0
bassoon/Gs2/bassoon_Gs2_025_piano_normal.mp3,bassoon,woodwind,1.1495,44100,Gs2,44,piano,normal,1,0
bassoon/Gs2/bassoon_Gs2_05_forte_normal.mp3,bassoon,woodwind,1.4106,44100,Gs2,44,forte,normal,1,0
bassoon/Gs2/bassoon_Gs2_05_fortissimo_normal.mp3,bassoon,woodwind,0.4964,44100,Gs2,44,fortissimo,normal,1,0
bassoon/Gs2/bassoon_Gs2_05_mezzo-piano_normal.mp3,bassoon,woodwind,1.2539,44100,Gs2,44,mezzo-piano,normal,1,0
bassoon/Gs2/bassoon_Gs2_15_piano_normal.mp3,bassoon,woodwind,0.4441,44100,Gs2,44,piano,normal,1,0
bassoon/Gs2/bassoon_Gs2_1_forte_normal.mp3,bassoon,woodwind,1.3322,44100,Gs2,44,forte,normal,1,0
bassoon/Gs2/bassoon_Gs2_1_fortissimo_normal.mp3,bassoon,woodwind,1.3845,44100,Gs2,44,fortissimo,normal,1,0
bassoon/Gs2/bassoon_Gs2_1_mezzo-forte_normal.mp3,bassoon,woodwind,1.3061,44100,Gs2,44,mezzo-forte,normal,1,0
bassoon/Gs2/bassoon_Gs2_1_piano_normal.mp3,bassoon,woodwind,0.2612,44100,Gs2,44,piano,normal,1,0
bassoon/Gs3/bassoon_Gs3_025_forte_normal.mp3,bassoon,woodwind,0.4441,44100,Gs3,56,forte,normal,1,0
bassoon/Gs3/bassoon_Gs3_025_fortissimo_normal.mp3,bassoon,woodwind,0.4703,44100,Gs3,56,fortissimo,normal,1,0
bassoon/Gs3/bassoon_Gs3_025_mezzo-piano_normal.mp3,bassoon,woodwind,0.5225,44100,Gs3,56,mezzo-piano,normal,1,0
bassoon/Gs3/bassoon_Gs3_025_piano_normal.mp3,bassoon,woodwind,0.2612,44100,Gs3,56,piano,normal,1,0
bassoon/Gs3/bassoon_Gs3_05_forte_normal.mp3,bassoon,woodwind,1.3845,44100,Gs3,56,forte,normal,1,0
bassoon/Gs3/bassoon_Gs3_05_fortissimo_normal.mp3,bassoon,woodwind,1.3845,44100,Gs3,56,fortissimo,normal,1,0
bassoon/Gs3/bassoon_Gs3_05_mezzo-forte_normal.mp3,bassoon,woodwind,0.3135,44100,Gs3,56,mezzo-forte,normal,1,0
bassoon/Gs3/bassoon_Gs3_05_mezzo-piano_normal.mp3,bassoon,woodwind,0.3396,44100,Gs3,56,mezzo-piano,normal,1,0
bassoon/Gs3/bassoon_Gs3_05_piano_normal.mp3,bassoon,woodwind,0.3919,44100,Gs3,56,piano,normal,1,0
bassoon/Gs3/bassoon_Gs3_15_mezzo-piano_normal.mp3,bassoon,woodwind,1.3322,44100,Gs3,56,mezzo-piano,normal,1,0
bassoon/Gs3/bassoon_Gs3_15_piano_normal.mp3,bassoon,woodwind,1.2539,44100,Gs3,56,piano,normal,1,0
bassoon/Gs3/bassoon_Gs3_1_forte_normal.mp3,bassoon,woodwind,1.3322,44100,Gs3,56,forte,normal,1,0
bassoon/Gs3/bassoon_Gs3_1_fortissimo_normal.mp3,bassoon,woodwind,1.28,44100,Gs3,56,fortissimo,normal,1,0
bassoon/Gs3/bassoon_Gs3_1_mezzo-piano_normal.mp3,bassoon,woodwind,1.2539,44100,Gs3,56,mezzo-piano,normal,1,0
bassoon/Gs3/bassoon_Gs3_1_piano_normal.mp3,bassoon,woodwind,1.2018,44100,Gs3,56,piano,normal,1,0
bassoon/Gs4/bassoon_Gs4_025_forte_normal.mp3,bassoon,woodwind,0.5225,44100,Gs4,68,forte,normal,1,0
bassoon/Gs4/bassoon_Gs4_025_fortissimo_normal.mp3,bassoon,woodwind,0.4964,44100,Gs4,68,fortissimo,normal,1,0
bassoon/Gs4/bassoon_Gs4_025_mezzo-piano_normal.mp3,bassoon,woodwind,0.4441,44100,Gs4,68,mezzo-piano,normal,1,0
bassoon/Gs4/bassoon_Gs4_025_piano_normal.mp3,bassoon,woodwind,0.3396,44100,Gs4,68,piano,normal,1,0
bassoon/Gs4/bassoon_Gs4_05_forte_normal.mp3,bassoon,woodwind,1.4629,44100,Gs4,68,forte,normal,1,0
bassoon/Gs4/bassoon_Gs4_05_fortissimo_normal.mp3,bassoon,woodwind,1.4106,44100,Gs4,68,fortissimo,normal,1,0
bassoon/Gs4/bassoon_Gs4_05_mezzo-forte_normal.mp3,bassoon,woodwind,0.3135,44100,Gs4,68,mezzo-forte,normal,1,0
bassoon/Gs4/bassoon_Gs4_05_mezzo-piano_normal.mp3,bassoon,woodwind,0.3919,44100,Gs4,68,mezzo-piano,normal,1,0
bassoon/Gs4/bassoon_Gs4_05_piano_normal.mp3,bassoon,woodwind,0.5486,44100,Gs4,68,piano,normal,1,0
bassoon/Gs4/bassoon_Gs4_15_piano_normal.mp3,bassoon,woodwind,1.28,44100,Gs4,68,piano,normal,1,0
bassoon/Gs4/bassoon_Gs4_1_forte_normal.mp3,bassoon,woodwind,1.2018,44100,Gs4,68,forte,normal,1,0
bassoon/Gs4/bassoon_Gs4_1_mezzo-forte_normal.mp3,bassoon,woodwind,1.2539,44100,Gs4,68,mezzo-forte,normal,1,0
bassoon/Gs4/bassoon_Gs4_1_mezzo-piano_normal.mp3,bassoon,woodwind,1.2279,44100,Gs4,68,mezzo-piano,normal,1,0
bassoon/Gs4/bassoon_Gs4_1_piano_normal.mp3,bassoon,woodwind,1.2018,44100,Gs4,68,piano,normal,1,0
bassoon/Gs4/bassoon_Gs4_very-long_mezzo-piano_normal.mp3,bassoon,woodwind,54.3086,44100,Gs4,68,mezzo-piano,normal,1,0
cello/A2/cello_A2_025_forte_arco-normal.mp3,cello,strings,0.8359,44100,A2,45,forte,arco-normal,1,0
cello/A2/cello_A2_025_fortissimo_arco-normal.mp3,cello,strings,0.6269,44100,A2,45,fortissimo,arco-normal,1,0
cello/A2/cello_A2_025_mezzo-piano_arco-normal.mp3,cello,strings,0.8359,44100,A2,45,mezzo-piano,arco-normal,1,0
cello/A2/cello_A2_025_pianissimo_arco-normal.mp3,cello,strings,0.6008,44100,A2,45,pianissimo,arco-normal,1,0
cello/A2/cello_A2_05_forte_arco-normal.mp3,cello,strings,0.7837,44100,A2,45,forte,arco-normal,1,0
cello/A2/cello_A2_05_fortissimo_arco-normal.mp3,cello,strings,0.6531,44100,A2,45,fortissimo,arco-normal,1,0
cello/A2/cello_A2_05_mezzo-piano_arco-normal.mp3,cello,strings,0.9404,44100,A2,45,mezzo-piano,arco-normal,1,0
cello/A2/cello_A2_05_pianissimo_arco-normal.mp3,cello,strings,0.862,44100,A2,45,pianissimo,arco-normal,1,0
cello/A2/cello_A2_15_forte_arco-normal.mp3,cello,strings,2.2465,44100,A2,45,forte,arco-normal,1,0
cello/A2/cello_A2_15_pianissimo_arco-normal.mp3,cello,strings,2.351,44100,A2,45,pianissimo,arco-normal,1,0
cello/A2/cello_A2_15_piano_arco-normal.mp3,cello,strings,2.2727,44100,A2,45,piano,arco-normal,1,0
cello/A2/cello_A2_1_forte_arco-normal.mp3,cello,strings,1.3322,44100,A2,45,forte,arco-normal,1,0
cello/A2/cello_A2_1_fortissimo_arco-normal.mp3,cello,strings,1.1233,44100,A2,45,fortissimo,arco-normal,1,0
cello/A2/cello_A2_1_mezzo-piano_arco-normal.mp3,cello,strings,1.4106,44100,A2,45,mezzo-piano,arco-normal,1,0
cello/A2/cello_A2_1_pianissimo_arco-normal.mp3,cello,strings,1.2539,44100,A2,45,pianissimo,arco-normal,1,0
cello/A3/cello_A3_025_forte_arco-normal.mp3,cello,strings,0.8359,44100,A3,57,forte,arco-normal,1,0
cello/A3/cello_A3_025_fortissimo_arco-normal.mp3,cello,strings,0.6008,44100,A3,57,fortissimo,arco-normal,1,0
cello/A3/cello_A3_025_mezzo-piano_arco-normal.mp3,cello,strings,0.7314,44100,A3,57,mezzo-piano,arco-normal,1,0
cello/A3/cello_A3_025_pianissimo_arco-normal.mp3,cello,strings,0.7837,44100,A3,57,pianissimo,arco-normal,1,0
cello/A3/cello_A3_05_forte_arco-normal.mp3,cello,strings,0.8359,44100,A3,57,forte,arco-normal,1,0
cello/A3/cello_A3_05_fortissimo_arco-normal.mp3,cello,strings,0.7314,44100,A3,57,fortissimo,arco-normal,1,0
cello/A3/cello_A3_05_mezzo-piano_arco-normal.mp3,cello,strings,0.8882,44100,A3,57,mezzo-piano,arco-normal,1,0
cello/A3/cello_A3_15_forte_arco-normal.mp3,cello,strings,2.5078,44100,A3,57,forte,arco-normal,1,0
cello/A3/cello_A3_15_mezzo-piano_arco-normal.mp3,cello,strings,2.5078,44100,A3,57,mezzo-piano,arco-normal,1,0
cello/A3/cello_A3_1_forte_arco-normal.mp3,cello,strings,1.3845,44100,A3,57,forte,arco-normal,1,0
cello/A3/cello_A3_1_fortissimo_arco-normal.mp3,cello,strings,1.0449,44100,A3,57,fortissimo,arco-normal,1,0
cello/A3/cello_A3_1_mezzo-piano_arco-normal.mp3,cello,strings,1.5673,44100,A3,57,mezzo-piano,arco-normal,1,0
cello/A3/cello_A3_1_pianissimo_arco-normal.mp3,cello,strings,1.5151,44100,A3,57,pianissimo,arco-normal,1,0
cello/A3/cello_A3_phrase_cresc-decresc_arco-normal.mp3,cello,strings,8.4637,44100,A3,57,cresc-decresc,arco-normal,1,1
cello/A4/cello_A4_025_forte_arco-normal.mp3,cello,strings,0.862,44100,A4,69,forte,arco-normal,1,0
cello/A4/cello_A4_025_fortissimo_arco-normal.mp3,cello,strings,0.7053,44100,A4,69,fortissimo,arco-normal,1,0
cello/A4/cello_A4_025_mezzo-piano_arco-normal.mp3,cello,strings,0.8098,44100,A4,69,mezzo-piano,arco-normal,1,0
cello/A4/cello_A4_025_pianissimo_arco-normal.mp3,cello,strings,0.4441,44100,A4,69,pianissimo,arco-normal,1,0
cello/A4/cello_A4_05_forte_arco-normal.mp3,cello,strings,0.7837,44100,A4,69,forte,arco-normal,1,0
cello/A4/cello_A4_05_mezzo-piano_arco-normal.mp3,cello,strings,0.9404,44100,A4,69,mezzo-piano,arco-normal,1,0
cello/A4/cello_A4_05_pianissimo_arco-normal.mp3,cello,strings,0.6792,44100,A4,69,pianissimo,arco-normal,1,0
cello/A4/cello_A4_15_forte_arco-normal.mp3,cello,strings,2.1159,44100,A4,69,forte,arco-normal,1,0
cello/A4/cello_A4_15_mezzo-piano_arco-normal.mp3,cello,strings,2.5861,44100,A4,69,mezzo-piano,arco-normal,1,0
cello/A4/cello_A4_1_forte_arco-normal.mp3,cello,strings,1.28,44100,A4,69,forte,arco-normal,1,0
cello/A4/cello_A4_1_fortissimo_arco-normal.mp3,cello,strings,0.9927,44100,A4,69,fortissimo,arco-normal,1,0
cello/A4/cello_A4_1_mezzo-piano_arco-normal.mp3,cello,strings,1.2017,44100,A4,69,mezzo-piano,arco-normal,1,0
cello/A4/cello_A4_1_pianissimo_arco-normal.mp3,cello,strings,1.28,44100,A4,69,pianissimo,arco-normal,1,0
cello/A5/cello_A5_025_forte_arco-normal.mp3,cello,strings,0.5486,44100,A5,81,forte,arco-normal,1,0
cello/A5/cello_A5_025_fortissimo_arco-normal.mp3,cello,strings,0.6792,44100,A5,81,fortissimo,arco-normal,1,0
cello/A5/cello_A5_025_mezzo-piano_arco-normal.mp3,cello,strings,0.5224,44100,A5,81,mezzo-piano,arco-normal,1,0
cello/A5/cello_A5_025_pianissimo_arco-normal.mp3,cello,strings,0.4702,44100,A5,81,pianissimo,arco-normal,1,0
cello/A5/cello_A5_05_forte_arco-normal.mp3,cello,strings,0.6008,44100,A5,81,forte,arco-normal,1,0
cello/A5/cello_A5_05_fortissimo_arco-normal.mp3,cello,strings,0.9927,44100,A5,81,fortissimo,arco-normal,1,0
cello/A5/cello_A5_05_mezzo-piano_arco-normal.mp3,cello,strings,0.6269,44100,A5,81,mezzo-piano,arco-normal,1,0
cello/A5/cello_A5_05_pianissimo_arco-normal.mp3,cello,strings,0.6792,44100,A5,81,pianissimo,arco-normal,1,0
cello/A5/cello_A5_15_forte_arco-normal.mp3,cello,strings,2.0637,44100,A5,81,forte,arco-normal,1,0
cello/A5/cello_A5_15_mezzo-piano_arco-normal.mp3,cello,strings,2.2727,44100,A5,81,mezzo-piano,arco-normal,1,0
cello/A5/cello_A5_15_pianissimo_arco-normal.mp3,cello,strings,1.8024,44100,A5,81,pianissimo,arco-normal,1,0
cello/A5/cello_A5_1_forte_arco-normal.mp3,cello,strings,1.0972,44100,A5,81,forte,arco-normal,1,0
cello/A5/cello_A5_1_fortissimo_arco-normal.mp3,cello,strings,1.7502,44100,A5,81,fortissimo,arco-normal,1,0
cello/A5/cello_A5_1_mezzo-piano_arco-normal.mp3,cello,strings,1.1755,44100,A5,81,mezzo-piano,arco-normal,1,0
cello/A5/cello_A5_1_pianissimo_arco-normal.mp3,cello,strings,1.1233,44100,A5,81,pianissimo,arco-normal,1,0
cello/As2/cello_As2_025_forte_arco-normal.mp3,cello,strings,0.8882,44100,As2,46,forte,arco-normal,1,0
cello/As2/cello_As2_025_fortissimo_arco-normal.mp3,cello,strings,0.6531,44100,As2,46,fortissimo,arco-normal,1,0
cello/As2/cello_As2_025_mezzo-piano_arco-normal.mp3,cello,strings,0.8098,44100,As2,46,mezzo-piano,arco-normal,1,0
cello/As2/cello_As2_025_pianissimo_arco-normal.mp3,cello,strings,0.5486,44100,As2,46,pianissimo,arco-normal,1,0
cello/As2/cello_As2_05_forte_arco-normal.mp3,cello,strings,0.8359,44100,As2,46,forte,arco-normal,1,0
cello/As2/cello_As2_05_fortissimo_arco-normal.mp3,cello,strings,0.6792,44100,As2,46,fortissimo,arco-normal,1,0
cello/As2/cello_As2_05_mezzo-piano_arco-normal.mp3,cello,strings,0.8359,44100,As2,46,mezzo-piano,arco-normal,1,0
cello/As2/cello_As2_05_pianissimo_arco-normal.mp3,cello,strings,0.7053,44100,As2,46,pianissimo,arco-normal,1,0
cello/As2/cello_As2_15_forte_arco-normal.mp3,cello,strings,2.4032,44100,As2,46,forte,arco-normal,1,0
cello/As2/cello_As2_15_fortissimo_arco-normal.mp3,cello,strings,2.0898,44100,As2,46,fortissimo,arco-normal,1,0
cello/As2/cello_As2_15_pianissimo_arco-normal.mp3,cello,strings,2.2727,44100,As2,46,pianissimo,arco-normal,1,0
cello/As2/cello_As2_15_piano_arco-normal.mp3,cello,strings,2.2988,44100,As2,46,piano,arco-normal,1,0
cello/As2/cello_As2_1_forte_arco-normal.mp3,cello,strings,1.2539,44100,As2,46,forte,arco-normal,1,0
cello/As2/cello_As2_1_fortissimo_arco-normal.mp3,cello,strings,1.1755,44100,As2,46,fortissimo,arco-normal,1,0
cello/As2/cello_As2_1_mezzo-piano_arco-normal.mp3,cello,strings,1.3322,44100,As2,46,mezzo-piano,arco-normal,1,0
cello/As2/cello_As2_1_pianissimo_arco-normal.mp3,cello,strings,1.2539,44100,As2,46,pianissimo,arco-normal,1,0
cello/As3/cello_As3_025_forte_arco-normal.mp3,cello,strings,0.7053,44100,As3,58,forte,arco-normal,1,0
cello/As3/cello_As3_025_fortissimo_arco-normal.mp3,cello,strings,0.4702,44100,As3,58,fortissimo,arco-normal,1,0
cello/As3/cello_As3_025_mezzo-piano_arco-normal.mp3,cello,strings,0.5224,44100,As3,58,mezzo-piano,arco-normal,1,0
cello/As3/cello_As3_025_pianissimo_arco-normal.mp3,cello,strings,0.4702,44100,As3,58,pianissimo,arco-normal,1,0
cello/As3/cello_As3_05_forte_arco-normal.mp3,cello,strings,0.6792,44100,As3,58,forte,arco-normal,1,0
cello/As3/cello_As3_05_fortissimo_arco-normal.mp3,cello,strings,0.7053,44100,As3,58,fortissimo,arco-normal,1,0
cello/As3/cello_As3_05_mezzo-piano_arco-normal.mp3,cello,strings,0.7053,44100,As3,58,mezzo-piano,arco-normal,1,0
cello/As3/cello_As3_05_pianissimo_arco-normal.mp3,cello,strings,0.6269,44100,As3,58,pianissimo,arco-normal,1,0
cello/As3/cello_As3_15_forte_arco-normal.mp3,cello,strings,2.2988,44100,As3,58,forte,arco-normal,1,0
cello/As3/cello_As3_15_fortissimo_arco-normal.mp3,cello,strings,1.5673,44100,As3,58,fortissimo,arco-normal,1,0
cello/As3/cello_As3_15_mezzo-piano_arco-normal.mp3,cello,strings,2.0898,44100,As3,58,mezzo-piano,arco-normal,1,0
cello/As3/cello_As3_15_pianissimo_arco-normal.mp3,cello,strings,1.9592,44100,As3,58,pianissimo,arco-normal,1,0
cello/As3/cello_As3_1_forte_arco-normal.mp3,cello,strings,1.1233,44100,As3,58,forte,arco-normal,1,0
cello/As3/cello_As3_1_fortissimo_arco-normal.mp3,cello,strings,1.0449,44100,As3,58,fortissimo,arco-normal,1,0
cello/As3/cello_As3_1_mezzo-piano_arco-normal.mp3,cello,strings,1.28,44100,As3,58,mezzo-piano,arco-normal,1,0
cello/As3/cello_As3_1_pianissimo_arco-normal.mp3,cello,strings,0.9665,44100,As3,58,pianissimo,arco-normal,1,0
cello/As4/cello_As4_025_forte_arco-normal.mp3,cello,strings,0.6269,44100,As4,70,forte,arco-normal,1,0
cello/As4/cello_As4_025_fortissimo_arco-normal.mp3,cello,strings,0.5747,44100,As4,70,fortissimo,arco-normal,1,0
cello/As4/cello_As4_025_mezzo-piano_arco-normal.mp3,cello,strings,0.6269,44100,As4,70,mezzo-piano,arco-normal,1,0
cello/As4/cello_As4_025_pianissimo_arco-normal.mp3,cello,strings,0.5486,44100,As4,70,pianissimo,arco-normal,1,0
cello/As4/cello_As4_05_forte_arco-normal.mp3,cello,strings,0.7576,44100,As4,70,forte,arco-normal,1,0
cello/As4/cello_As4_05_fortissimo_arco-normal.mp3,cello,strings,0.7053,44100,As4,70,fortissimo,arco-normal,1,0
cello/As4/cello_As4_05_mezzo-piano_arco-normal.mp3,cello,strings,0.8359,44100,As4,70,mezzo-piano,arco-normal,1,0
cello/As4/cello_As4_05_pianissimo_arco-normal.mp3,cello,strings,0.5486,44100,As4,70,pianissimo,arco-normal,1,0
cello/As4/cello_As4_15_forte_arco-normal.mp3,cello,strings,2.2727,44100,As4,70,forte,arco-normal,1,0
cello/As4/cello_As4_15_fortissimo_arco-normal.mp3,cello,strings,1.9853,44100,As4,70,fortissimo,arco-normal,1,0
cello/As4/cello_As4_15_mezzo-piano_arco-normal.mp3,cello,strings,2.5339,44100,As4,70,mezzo-piano,arco-normal,1,0
cello/As4/cello_As4_15_pianissimo_arco-normal.mp3,cello,strings,2.2465,44100,As4,70,pianissimo,arco-normal,1,0
cello/As4/cello_As4_1_forte_arco-normal.mp3,cello,strings,1.0972,44100,As4,70,forte,arco-normal,1,0
cello/As4/cello_As4_1_fortissimo_arco-normal.mp3,cello,strings,0.9404,44100,As4,70,fortissimo,arco-normal,1,0
cello/As4/cello_As4_1_mezzo-piano_arco-normal.mp3,cello,strings,1.1755,44100,As4,70,mezzo-piano,arco-normal,1,0
cello/As4/cello_As4_1_pianissimo_arco-normal.mp3,cello,strings,0.9143,44100,As4,70,pianissimo,arco-normal,1,0
cello/As5/cello_As5_025_forte_arco-normal.mp3,cello,strings,0.5486,44100,As5,82,forte,arco-normal,1,0
cello/As5/cello_As5_025_fortissimo_arco-normal.mp3,cello,strings,0.5224,44100,As5,82,fortissimo,arco-normal,1,0
cello/As5/cello_As5_025_mezzo-piano_arco-normal.mp3,cello,strings,0.5747,44100,As5,82,mezzo-piano,arco-normal,1,0
cello/As5/cello_As5_025_pianissimo_arco-normal.mp3,cello,strings,0.4963,44100,As5,82,pianissimo,arco-normal,1,0
cello/As5/cello_As5_05_forte_arco-normal.mp3,cello,strings,0.7314,44100,As5,82,forte,arco-normal,1,0
cello/As5/cello_As5_05_fortissimo_arco-normal.mp3,cello,strings,0.6008,44100,As5,82,fortissimo,arco-normal,1,0
cello/As5/cello_As5_05_mezzo-piano_arco-normal.mp3,cello,strings,0.7053,44100,As5,82,mezzo-piano,arco-normal,1,0
cello/As5/cello_As5_05_pianissimo_arco-normal.mp3,cello,strings,0.7314,44100,As5,82,pianissimo,arco-normal,1,0
cello/As5/cello_As5_15_forte_arco-normal.mp3,cello,strings,2.1159,44100,As5,82,forte,arco-normal,1,0
cello/As5/cello_As5_15_fortissimo_arco-normal.mp3,cello,strings,1.8808,44100,As5,82,fortissimo,arco-normal,1,0
cello/As5/cello_As5_15_mezzo-piano_arco-normal.mp3,cello,strings,2.2204,44100,As5,82,mezzo-piano,arco-normal,1,0
cello/As5/cello_As5_15_pianissimo_arco-normal.mp3,cello,strings,1.6458,44100,As5,82,pianissimo,arco-normal,1,0
cello/As5/cello_As5_1_forte_arco-normal.mp3,cello,strings,1.071,44100,As5,82,forte,arco-normal,1,0
cello/As5/cello_As5_1_fortissimo_arco-normal.mp3,cello,strings,0.9927,44100,As5,82,fortissimo,arco-normal,1,0
cello/As5/cello_As5_1_mezzo-piano_arco-normal.mp3,cello,strings,1.071,44100,As5,82,mezzo-piano,arco-normal,1,0
cello/As5/cello_As5_1_pianissimo_arco-normal.mp3,cello,strings,1.0449,44100,As5,82,pianissimo,arco-normal,1,0
cello/B2/cello_B2_025_forte_arco-normal.mp3,cello,strings,0.8359,44100,B2,47,forte,arco-normal,1,0
cello/B2/cello_B2_025_fortissimo_arco-normal.mp3,cello,strings,0.5486,44100,B2,47,fortissimo,arco-normal,1,0
cello/B2/cello_B2_025_mezzo-piano_arco-normal.mp3,cello,strings,0.9404,44100,B2,47,mezzo-piano,arco-normal,1,0
cello/B2/cello_B2_025_pianissimo_arco-normal.mp3,cello,strings,0.5747,44100,B2,47,pianissimo,arco-normal,1,0
cello/B2/cello_B2_025_piano_arco-normal.mp3,cello,strings,0.7053,44100,B2,47,piano,arco-normal,1,0
cello/B2/cello_B2_05_forte_arco-normal.mp3,cello,strings,0.7576,44100,B2,47,forte,arco-normal,1,0
cello/B2/cello_B2_05_fortissimo_arco-normal.mp3,cello,strings,0.6008,44100,B2,47,fortissimo,arco-normal,1,0
cello/B2/cello_B2_05_mezzo-piano_arco-normal.mp3,cello,strings,0.9927,44100,B2,47,mezzo-piano,arco-normal,1,0
cello/B2/cello_B2_05_pianissimo_arco-normal.mp3,cello,strings,0.7837,44100,B2,47,pianissimo,arco-normal,1,0
cello/B2/cello_B2_15_forte_arco-normal.mp3,cello,strings,2.351,44100,B2,47,forte,arco-normal,1,0
cello/B2/cello_B2_15_fortissimo_arco-normal.mp3,cello,strings,2.0637,44100,B2,47,fortissimo,arco-normal,1,0
cello/B2/cello_B2_15_pianissimo_arco-normal.mp3,cello,strings,2.3249,44100,B2,47,pianissimo,arco-normal,1,0
cello/B2/cello_B2_15_piano_arco-normal.mp3,cello,strings,2.4294,44100,B2,47,piano,arco-normal,1,0
cello/B2/cello_B2_1_forte_arco-normal.mp3,cello,strings,1.2277,44100,B2,47,forte,arco-normal,1,0
cello/B2/cello_B2_1_fortissimo_arco-normal.mp3,cello,strings,1.0188,44100,B2,47,fortissimo,arco-normal,1,0
cello/B2/cello_B2_1_pianissimo_arco-normal.mp3,cello,strings,1.071,44100,B2,47,pianissimo,arco-normal,1,0
cello/B3/cello_B3_025_forte_arco-normal.mp3,cello,strings,0.5747,44100,B3,59,forte,arco-normal,1,0
cello/B3/cello_B3_025_fortissimo_arco-normal.mp3,cello,strings,0.4963,44100,B3,59,fortissimo,arco-normal,1,0
cello/B3/cello_B3_025_pianissimo_arco-normal.mp3,cello,strings,0.4441,44100,B3,59,pianissimo,arco-normal,1,0
cello/B3/cello_B3_05_forte_arco-normal.mp3,cello,strings,1.071,44100,B3,59,forte,arco-normal,1,0
cello/B3/cello_B3_05_fortissimo_arco-normal.mp3,cello,strings,0.6008,44100,B3,59,fortissimo,arco-normal,1,0
cello/B3/cello_B3_05_mezzo-piano_arco-normal.mp3,cello,strings,0.6269,44100,B3,59,mezzo-piano,arco-normal,1,0
cello/B3/cello_B3_05_pianissimo_arco-normal.mp3,cello,strings,0.6269,44100,B3,59,pianissimo,arco-normal,1,0
cello/B3/cello_B3_15_forte_arco-normal.mp3,cello,strings,2.2727,44100,B3,59,forte,arco-normal,1,0
cello/B3/cello_B3_15_fortissimo_arco-normal.mp3,cello,strings,2.0114,44100,B3,59,fortissimo,arco-normal,1,0
cello/B3/cello_B3_15_mezzo-piano_arco-normal.mp3,cello,strings,2.56,44100,B3,59,mezzo-piano,arco-normal,1,0
cello/B3/cello_B3_15_pianissimo_arco-normal.mp3,cello,strings,2.2727,44100,B3,59,pianissimo,arco-normal,1,0
cello/B3/cello_B3_1_fortissimo_arco-normal.mp3,cello,strings,0.9927,44100,B3,59,fortissimo,arco-normal,1,0
cello/B3/cello_B3_1_mezzo-piano_arco-normal.mp3,cello,strings,1.2277,44100,B3,59,mezzo-piano,arco-normal,1,0
cello/B3/cello_B3_1_pianissimo_arco-normal.mp3,cello,strings,0.9665,44100,B3,59,pianissimo,arco-normal,1,0
cello/B4/cello_B4_025_forte_arco-normal.mp3,cello,strings,0.6008,44100,B4,71,forte,arco-normal,1,0
cello/B4/cello_B4_025_fortissimo_arco-normal.mp3,cello,strings,0.5486,44100,B4,71,fortissimo,arco-normal,1,0
cello/B4/cello_B4_025_mezzo-piano_arco-normal.mp3,cello,strings,0.7053,44100,B4,71,mezzo-piano,arco-normal,1,0
cello/B4/cello_B4_025_pianissimo_arco-normal.mp3,cello,strings,0.4441,44100,B4,71,pianissimo,arco-normal,1,0
cello/B4/cello_B4_05_forte_arco-normal.mp3,cello,strings,0.6531,44100,B4,71,forte,arco-normal,1,0
cello/B4/cello_B4_05_fortissimo_arco-normal.mp3,cello,strings,0.6008,44100,B4,71,fortissimo,arco-normal,1,0
cello/B4/cello_B4_05_mezzo-piano_arco-normal.mp3,cello,strings,0.7314,44100,B4,71,mezzo-piano,arco-normal,1,0
cello/B4/cello_B4_05_pianissimo_arco-normal.mp3,cello,strings,0.6792,44100,B4,71,pianissimo,arco-normal,1,0
cello/B4/cello_B4_15_forte_arco-normal.mp3,cello,strings,2.2727,44100,B4,71,forte,arco-normal,1,0
cello/B4/cello_B4_15_fortissimo_arco-normal.mp3,cello,strings,1.8808,44100,B4,71,fortissimo,arco-normal,1,0
cello/B4/cello_B4_15_mezzo-piano_arco-normal.mp3,cello,strings,2.5339,44100,B4,71,mezzo-piano,arco-normal,1,0
cello/B4/cello_B4_15_pianissimo_arco-normal.mp3,cello,strings,2.1682,44100,B4,71,pianissimo,arco-normal,1,0
cello/B4/cello_B4_1_forte_arco-normal.mp3,cello,strings,1.2017,44100,B4,71,forte,arco-normal,1,0
cello/B4/cello_B4_1_fortissimo_arco-normal.mp3,cello,strings,1.0449,44100,B4,71,fortissimo,arco-normal,1,0
cello/B4/cello_B4_1_mezzo-piano_arco-normal.mp3,cello,strings,1.3322,44100,B4,71,mezzo-piano,arco-normal,1,0
cello/B4/cello_B4_1_pianissimo_arco-normal.mp3,cello,strings,1.28,44100,B4,71,pianissimo,arco-normal,1,0
cello/B5/cello_B5_025_forte_arco-normal.mp3,cello,strings,0.5747,44100,B5,83,forte,arco-normal,1,0
cello/B5/cello_B5_025_fortissimo_arco-normal.mp3,cello,strings,0.5747,44100,B5,83,fortissimo,arco-normal,1,0
cello/B5/cello_B5_025_mezzo-piano_arco-normal.mp3,cello,strings,0.5224,44100,B5,83,mezzo-piano,arco-normal,1,0
cello/B5/cello_B5_025_pianissimo_arco-normal.mp3,cello,strings,0.3918,44100,B5,83,pianissimo,arco-normal,1,0
cello/B5/cello_B5_05_forte_arco-normal.mp3,cello,strings,0.6792,44100,B5,83,forte,arco-normal,1,0
cello/B5/cello_B5_05_fortissimo_arco-normal.mp3,cello,strings,0.5224,44100,B5,83,fortissimo,arco-normal,1,0
cello/B5/cello_B5_05_mezzo-piano_arco-normal.mp3,cello,strings,0.7837,44100,B5,83,mezzo-piano,arco-normal,1,0
cello/B5/cello_B5_05_pianissimo_arco-normal.mp3,cello,strings,0.6269,44100,B5,83,pianissimo,arco-normal,1,0
cello/B5/cello_B5_15_forte_arco-normal.mp3,cello,strings,2.0637,44100,B5,83,forte,arco-normal,1,0
cello/B5/cello_B5_15_fortissimo_arco-normal.mp3,cello,strings,1.7502,44100,B5,83,fortissimo,arco-normal,1,0
cello/B5/cello_B5_15_mezzo-piano_arco-normal.mp3,cello,strings,2.2465,44100,B5,83,mezzo-piano,arco-normal,1,0
cello/B5/cello_B5_15_pianissimo_arco-normal.mp3,cello,strings,1.7502,44100,B5,83,pianissimo,arco-normal,1,0
cello/B5/cello_B5_1_forte_arco-normal.mp3,cello,strings,0.9665,44100,B5,83,forte,arco-normal,1,0
cello/B5/cello_B5_1_fortissimo_arco-normal.mp3,cello,strings,0.9665,44100,B5,83,fortissimo,arco-normal,1,0
cello/B5/cello_B5_1_mezzo-piano_arco-normal.mp3,cello,strings,1.0188,44100,B5,83,mezzo-piano,arco-normal,1,0
cello/B5/cello_B5_1_pianissimo_arco-normal.mp3,cello,strings,1.071,44100,B5,83,pianissimo,arco-normal,1,0
cello/C2/cello_C2_025_forte_arco-normal.mp3,cello,strings,0.9404,44100,C2,36,forte,arco-normal,1,0
cello/C2/cello_C2_025_fortissimo_arco-normal.mp3,cello,strings,0.7837,44100,C2,36,fortissimo,arco-normal,1,0
cello/C2/cello_C2_025_mezzo-piano_arco-normal.mp3,cello,strings,0.9404,44100,C2,36,mezzo-piano,arco-normal,1,0
cello/C2/cello_C2_05_forte_arco-normal.mp3,cello,strings,0.8098,44100,C2,36,forte,arco-normal,1,0
cello/C2/cello_C2_05_mezzo-piano_arco-normal.mp3,cello,strings,0.862,44100,C2,36,mezzo-piano,arco-normal,1,0
cello/C2/cello_C2_05_pianissimo_arco-normal.mp3,cello,strings,0.7576,44100,C2,36,pianissimo,arco-normal,1,0
cello/C2/cello_C2_15_forte_arco-normal.mp3,cello,strings,2.2988,44100,C2,36,forte,arco-normal,1,0
cello/C2/cello_C2_15_fortissimo_arco-normal.mp3,cello,strings,2.1682,44100,C2,36,fortissimo,arco-normal,1,0
cello/C2/cello_C2_15_pianissimo_arco-normal.mp3,cello,strings,2.142,44100,C2,36,pianissimo,arco-normal,1,0
cello/C2/cello_C2_15_piano_arco-normal.mp3,cello,strings,2.56,44100,C2,36,piano,arco-normal,1,0
cello/C2/cello_C2_1_forte_arco-normal.mp3,cello,strings,1.4106,44100,C2,36,forte,arco-normal,1,0
cello/C2/cello_C2_1_fortissimo_arco-normal.mp3,cello,strings,1.3583,44100,C2,36,fortissimo,arco-normal,1,0
cello/C2/cello_C2_1_mezzo-piano_arco-normal.mp3,cello,strings,1.3583,44100,C2,36,mezzo-piano,arco-normal,1,0
cello/C2/cello_C2_1_pianissimo_arco-normal.mp3,cello,strings,1.1494,44100,C2,36,pianissimo,arco-normal,1,0
cello/C3/cello_C3_025_forte_arco-normal.mp3,cello,strings,0.6531,44100,C3,48,forte,arco-normal,1,0
cello/C3/cello_C3_025_fortissimo_arco-normal.mp3,cello,strings,0.5224,44100,C3,48,fortissimo,arco-normal,1,0
cello/C3/cello_C3_025_mezzo-piano_arco-normal.mp3,cello,strings,0.9143,44100,C3,48,mezzo-piano,arco-normal,1,0
cello/C3/cello_C3_025_piano_arco-normal.mp3,cello,strings,0.7314,44100,C3,48,piano,arco-normal,1,0
cello/C3/cello_C3_05_forte_arco-normal.mp3,cello,strings,0.7837,44100,C3,48,forte,arco-normal,1,0
cello/C3/cello_C3_05_fortissimo_arco-normal.mp3,cello,strings,0.6531,44100,C3,48,fortissimo,arco-normal,1,0
cello/C3/cello_C3_05_pianissimo_arco-normal.mp3,cello,strings,0.4963,44100,C3,48,pianissimo,arco-normal,1,0
cello/C3/cello_C3_15_forte_arco-normal.mp3,cello,strings,2.0898,44100,C3,48,forte,arco-normal,1,0
cello/C3/cello_C3_15_fortissimo_arco-normal.mp3,cello,strings,2.0114,44100,C3,48,fortissimo,arco-normal,1,0
cello/C3/cello_C3_15_pianissimo_arco-normal.mp3,cello,strings,2.351,44100,C3,48,pianissimo,arco-normal,1,0
cello/C3/cello_C3_15_piano_arco-normal.mp3,cello,strings,2.3772,44100,C3,48,piano,arco-normal,1,0
cello/C3/cello_C3_1_forte_arco-normal.mp3,cello,strings,1.489,44100,C3,48,forte,arco-normal,1,0
cello/C3/cello_C3_1_fortissimo_arco-normal.mp3,cello,strings,1.3061,44100,C3,48,fortissimo,arco-normal,1,0
cello/C3/cello_C3_1_mezzo-piano_arco-normal.mp3,cello,strings,1.3845,44100,C3,48,mezzo-piano,arco-normal,1,0
cello/C3/cello_C3_1_pianissimo_arco-normal.mp3,cello,strings,1.0449,44100,C3,48,pianissimo,arco-normal,1,0
cello/C3/cello_C3_phrase_cresc-decresc_arco-normal.mp3,cello,strings,11.4417,44100,C3,48,cresc-decresc,arco-normal,1,1
cello/C4/cello_C4_025_forte_arco-normal.mp3,cello,strings,0.9143,44100,C4,60,forte,arco-normal,1,0
cello/C4/cello_C4_025_fortissimo_arco-normal.mp3,cello,strings,0.4441,44100,C4,60,fortissimo,arco-normal,1,0
cello/C4/cello_C4_025_mezzo-piano_arco-normal.mp3,cello,strings,0.7576,44100,C4,60,mezzo-piano,arco-normal,1,0
cello/C4/cello_C4_025_pianissimo_arco-normal.mp3,cello,strings,0.4702,44100,C4,60,pianissimo,arco-normal,1,0
cello/C4/cello_C4_05_fortissimo_arco-normal.mp3,cello,strings,0.6008,44100,C4,60,fortissimo,arco-normal,1,0
cello/C4/cello_C4_05_mezzo-piano_arco-normal.mp3,cello,strings,0.8359,44100,C4,60,mezzo-piano,arco-normal,1,0
cello/C4/cello_C4_05_pianissimo_arco-normal.mp3,cello,strings,0.8882,44100,C4,60,pianissimo,arco-normal,1,0
cello/C4/cello_C4_15_forte_arco-normal.mp3,cello,strings,2.1942,44100,C4,60,forte,arco-normal,1,0
cello/C4/cello_C4_15_fortissimo_arco-normal.mp3,cello,strings,1.1755,44100,C4,60,fortissimo,arco-normal,1,0
cello/C4/cello_C4_15_mezzo-piano_arco-normal.mp3,cello,strings,2.6122,44100,C4,60,mezzo-piano,arco-normal,1,0
cello/C4/cello_C4_15_pianissimo_arco-normal.mp3,cello,strings,2.2465,44100,C4,60,pianissimo,arco-normal,1,0
cello/C4/cello_C4_1_forte_arco-normal.mp3,cello,strings,1.3583,44100,C4,60,forte,arco-normal,1,0
cello/C4/cello_C4_1_fortissimo_arco-normal.mp3,cello,strings,1.9069,44100,C4,60,fortissimo,arco-normal,1,0
cello/C4/cello_C4_1_mezzo-piano_arco-normal.mp3,cello,strings,1.3061,44100,C4,60,mezzo-piano,arco-normal,1,0
cello/C4/cello_C4_1_pianissimo_arco-normal.mp3,cello,strings,1.4106,44100,C4,60,pianissimo,arco-normal,1,0
cello/C4/cello_C4_phrase_cresc-decresc_arco-normal.mp3,cello,strings,8.8555,44100,C4,60,cresc-decresc,arco-normal,1,1
cello/C5/cello_C5_025_forte_arco-normal.mp3,cello,strings,0.5486,44100,C5,72,forte,arco-normal,1,0
cello/C5/cello_C5_025_fortissimo_arco-normal.mp3,cello,strings,0.4963,44100,C5,72,fortissimo,arco-normal,1,0
cello/C5/cello_C5_025_mezzo-piano_arco-normal.mp3,cello,strings,0.4963,44100,C5,72,mezzo-piano,arco-normal,1,0
cello/C5/cello_C5_025_pianissimo_arco-normal.mp3,cello,strings,0.4441,44100,C5,72,pianissimo,arco-normal,1,0
cello/C5/cello_C5_05_forte_arco-normal.mp3,cello,strings,0.7053,44100,C5,72,forte,arco-normal,1,0
cello/C5/cello_C5_05_fortissimo_arco-normal.mp3,cello,strings,0.6792,44100,C5,72,fortissimo,arco-normal,1,0
cello/C5/cello_C5_05_mezzo-piano_arco-normal.mp3,cello,strings,0.8359,44100,C5,72,mezzo-piano,arco-normal,1,0
cello/C5/cello_C5_05_pianissimo_arco-normal.mp3,cello,strings,0.6008,44100,C5,72,pianissimo,arco-normal,1,0
cello/C5/cello_C5_15_forte_arco-normal.mp3,cello,strings,2.2465,44100,C5,72,forte,arco-normal,1,0
cello/C5/cello_C5_15_mezzo-piano_arco-normal.mp3,cello,strings,2.2204,44100,C5,72,mezzo-piano,arco-normal,1,0
cello/C5/cello_C5_15_pianissimo_arco-normal.mp3,cello,strings,1.8024,44100,C5,72,pianissimo,arco-normal,1,0
cello/C5/cello_C5_1_forte_arco-normal.mp3,cello,strings,1.2017,44100,C5,72,forte,arco-normal,1,0
cello/C5/cello_C5_1_fortissimo_arco-normal.mp3,cello,strings,1.9331,44100,C5,72,fortissimo,arco-normal,1,0
cello/C5/cello_C5_1_mezzo-piano_arco-normal.mp3,cello,strings,1.28,44100,C5,72,mezzo-piano,arco-normal,1,0
cello/C5/cello_C5_1_pianissimo_arco-normal.mp3,cello,strings,1.1233,44100,C5,72,pianissimo,arco-normal,1,0
cello/C6/cello_C6_025_forte_arco-normal.mp3,cello,strings,0.5486,44100,C6,84,forte,arco-normal,1,0
cello/C6/cello_C6_025_fortissimo_arco-normal.mp3,cello,strings,0.3658,44100,C6,84,fortissimo,arco-normal,1,0
cello/C6/cello_C6_025_mezzo-piano_arco-normal.mp3,cello,strings,0.4963,44100,C6,84,mezzo-piano,arco-normal,1,0
cello/C6/cello_C6_025_pianissimo_arco-normal.mp3,cello,strings,0.3918,44100,C6,84,pianissimo,arco-normal,1,0
cello/C6/cello_C6_05_forte_arco-normal.mp3,cello,strings,0.6269,44100,C6,84,forte,arco-normal,1,0
cello/C6/cello_C6_05_fortissimo_arco-normal.mp3,cello,strings,0.4963,44100,C6,84,fortissimo,arco-normal,1,0
cello/C6/cello_C6_05_mezzo-piano_arco-normal.mp3,cello,strings,0.6269,44100,C6,84,mezzo-piano,arco-normal,1,0
cello/C6/cello_C6_05_pianissimo_arco-normal.mp3,cello,strings,0.4702,44100,C6,84,pianissimo,arco-normal,1,0
cello/C6/cello_C6_15_forte_arco-normal.mp3,cello,strings,2.0376,44100,C6,84,forte,arco-normal,1,0
cello/C6/cello_C6_15_fortissimo_arco-normal.mp3,cello,strings,1.9331,44100,C6,84,fortissimo,arco-normal,1,0
cello/C6/cello_C6_15_mezzo-piano_arco-normal.mp3,cello,strings,2.1159,44100,C6,84,mezzo-piano,arco-normal,1,0
cello/C6/cello_C6_15_pianissimo_arco-normal.mp3,cello,strings,1.28,44100,C6,84,pianissimo,arco-normal,1,0
cello/C6/cello_C6_1_forte_arco-normal.mp3,cello,strings,1.071,44100,C6,84,forte,arco-normal,1,0
cello/C6/cello_C6_1_fortissimo_arco-normal.mp3,cello,strings,1.8286,44100,C6,84,fortissimo,arco-normal,1,0
cello/C6/cello_C6_1_mezzo-piano_arco-normal.mp3,cello,strings,1.0188,44100,C6,84,mezzo-piano,arco-normal,1,0
cello/C6/cello_C6_1_pianissimo_arco-normal.mp3,cello,strings,0.9404,44100,C6,84,pianissimo,arco-normal,1,0
cello/Cs2/cello_Cs2_025_forte_arco-normal.mp3,cello,strings,0.862,44100,Cs2,37,forte,arco-normal,1,0
cello/Cs2/cello_Cs2_025_fortissimo_arco-normal.mp3,cello,strings,0.6269,44100,Cs2,37,fortissimo,arco-normal,1,0
cello/Cs2/cello_Cs2_025_mezzo-piano_arco-normal.mp3,cello,strings,0.9665,44100,Cs2,37,mezzo-piano,arco-normal,1,0
cello/Cs2/cello_Cs2_025_pianissimo_arco-normal.mp3,cello,strings,0.6269,44100,Cs2,37,pianissimo,arco-normal,1,0
cello/Cs2/cello_Cs2_025_piano_arco-normal.mp3,cello,strings,0.7576,44100,Cs2,37,piano,arco-normal,1,0
cello/Cs2/cello_Cs2_05_forte_arco-normal.mp3,cello,strings,0.8098,44100,Cs2,37,forte,arco-normal,1,0
cello/Cs2/cello_Cs2_05_fortissimo_arco-normal.mp3,cello,strings,0.7053,44100,Cs2,37,fortissimo,arco-normal,1,0
cello/Cs2/cello_Cs2_05_pianissimo_arco-normal.mp3,cello,strings,0.7053,44100,Cs2,37,pianissimo,arco-normal,1,0
cello/Cs2/cello_Cs2_15_forte_arco-normal.mp3,cello,strings,2.4555,44100,Cs2,37,forte,arco-normal,1,0
cello/Cs2/cello_Cs2_15_fortissimo_arco-normal.mp3,cello,strings,2.1942,44100,Cs2,37,fortissimo,arco-normal,1,0
cello/Cs2/cello_Cs2_15_pianissimo_arco-normal.mp3,cello,strings,2.0637,44100,Cs2,37,pianissimo,arco-normal,1,0
cello/Cs2/cello_Cs2_15_piano_arco-normal.mp3,cello,strings,2.4294,44100,Cs2,37,piano,arco-normal,1,0
cello/Cs2/cello_Cs2_1_forte_arco-normal.mp3,cello,strings,1.4106,44100,Cs2,37,forte,arco-normal,1,0
cello/Cs2/cello_Cs2_1_fortissimo_arco-normal.mp3,cello,strings,1.1755,44100,Cs2,37,fortissimo,arco-normal,1,0
cello/Cs2/cello_Cs2_1_mezzo-piano_arco-normal.mp3,cello,strings,1.2539,44100,Cs2,37,mezzo-piano,arco-normal,1,0
cello/Cs2/cello_Cs2_1_pianissimo_arco-normal.mp3,cello,strings,1.2539,44100,Cs2,37,pianissimo,arco-normal,1,0
cello/Cs3/cello_Cs3_025_forte_arco-normal.mp3,cello,strings,0.7053,44100,Cs3,49,forte,arco-normal,1,0
cello/Cs3/cello_Cs3_025_fortissimo_arco-normal.mp3,cello,strings,0.6269,44100,Cs3,49,fortissimo,arco-normal,1,0
cello/Cs3/cello_Cs3_025_pianissimo_arco-normal.mp3,cello,strings,0.5486,44100,Cs3,49,pianissimo,arco-normal,1,0
cello/Cs3/cello_Cs3_025_piano_arco-normal.mp3,cello,strings,0.6531,44100,Cs3,49,piano,arco-normal,1,0
cello/Cs3/cello_Cs3_05_forte_arco-normal.mp3,cello,strings,0.7837,44100,Cs3,49,forte,arco-normal,1,0
cello/Cs3/cello_Cs3_05_fortissimo_arco-normal.mp3,cello,strings,0.7053,44100,Cs3,49,fortissimo,arco-normal,1,0
cello/Cs3/cello_Cs3_05_pianissimo_arco-normal.mp3,cello,strings,0.7314,44100,Cs3,49,pianissimo,arco-normal,1,0
cello/Cs3/cello_Cs3_05_piano_arco-normal.mp3,cello,strings,0.862,44100,Cs3,49,piano,arco-normal,1,0
cello/Cs3/cello_Cs3_15_forte_arco-normal.mp3,cello,strings,2.1942,44100,Cs3,49,forte,arco-normal,1,0
cello/Cs3/cello_Cs3_15_fortissimo_arco-normal.mp3,cello,strings,2.0114,44100,Cs3,49,fortissimo,arco-normal,1,0
cello/Cs3/cello_Cs3_15_pianissimo_arco-normal.mp3,cello,strings,2.351,44100,Cs3,49,pianissimo,arco-normal,1,0
cello/Cs3/cello_Cs3_15_piano_arco-normal.mp3,cello,strings,2.3249,44100,Cs3,49,piano,arco-normal,1,0
cello/Cs3/cello_Cs3_1_forte_arco-normal.mp3,cello,strings,0.8359,44100,Cs3,49,forte,arco-normal,1,0
cello/Cs3/cello_Cs3_1_fortissimo_arco-normal.mp3,cello,strings,1.1233,44100,Cs3,49,fortissimo,arco-normal,1,0
cello/Cs3/cello_Cs3_1_pianissimo_arco-normal.mp3,cello,strings,1.1494,44100,Cs3,49,pianissimo,arco-normal,1,0
cello/Cs3/cello_Cs3_1_piano_arco-normal.mp3,cello,strings,1.28,44100,Cs3,49,piano,arco-normal,1,0
cello/Cs4/cello_Cs4_025_forte_arco-normal.mp3,cello,strings,0.6792,44100,Cs4,61,forte,arco-normal,1,0
cello/Cs4/cello_Cs4_025_fortissimo_arco-normal.mp3,cello,strings,0.6008,44100,Cs4,61,fortissimo,arco-normal,1,0
cello/Cs4/cello_Cs4_025_mezzo-piano_arco-normal.mp3,cello,strings,0.7576,44100,Cs4,61,mezzo-piano,arco-normal,1,0
cello/Cs4/cello_Cs4_025_pianissimo_arco-normal.mp3,cello,strings,0.6008,44100,Cs4,61,pianissimo,arco-normal,1,0
cello/Cs4/cello_Cs4_05_forte_arco-normal.mp3,cello,strings,0.7053,44100,Cs4,61,forte,arco-normal,1,0
cello/Cs4/cello_Cs4_05_pianissimo_arco-normal.mp3,cello,strings,0.7053,44100,Cs4,61,pianissimo,arco-normal,1,0
cello/Cs4/cello_Cs4_15_forte_arco-normal.mp3,cello,strings,2.142,44100,Cs4,61,forte,arco-normal,1,0
cello/Cs4/cello_Cs4_15_fortissimo_arco-normal.mp3,cello,strings,1.9592,44100,Cs4,61,fortissimo,arco-normal,1,0
cello/Cs4/cello_Cs4_15_mezzo-piano_arco-normal.mp3,cello,strings,2.351,44100,Cs4,61,mezzo-piano,arco-normal,1,0
cello/Cs4/cello_Cs4_15_pianissimo_arco-normal.mp3,cello,strings,2.2204,44100,Cs4,61,pianissimo,arco-normal,1,0
cello/Cs4/cello_Cs4_1_forte_arco-normal.mp3,cello,strings,1.0972,44100,Cs4,61,forte,arco-normal,1,0
cello/Cs4/cello_Cs4_1_fortissimo_arco-normal.mp3,cello,strings,1.0188,44100,Cs4,61,fortissimo,arco-normal,1,0
cello/Cs4/cello_Cs4_1_mezzo-piano_arco-normal.mp3,cello,strings,1.2017,44100,Cs4,61,mezzo-piano,arco-normal,1,0
cello/Cs4/cello_Cs4_1_pianissimo_arco-normal.mp3,cello,strings,1.1494,44100,Cs4,61,pianissimo,arco-normal,1,0
cello/Cs5/cello_Cs5_025_forte_arco-normal.mp3,cello,strings,0.6531,44100,Cs5,73,forte,arco-normal,1,0
cello/Cs5/cello_Cs5_025_fortissimo_arco-normal.mp3,cello,strings,0.5486,44100,Cs5,73,fortissimo,arco-normal,1,0
cello/Cs5/cello_Cs5_025_mezzo-piano_arco-normal.mp3,cello,strings,0.6792,44100,Cs5,73,mezzo-piano,arco-normal,1,0
cello/Cs5/cello_Cs5_025_pianissimo_arco-normal.mp3,cello,strings,0.4963,44100,Cs5,73,pianissimo,arco-normal,1,0
cello/Cs5/cello_Cs5_05_forte_arco-normal.mp3,cello,strings,0.6531,44100,Cs5,73,forte,arco-normal,1,0
cello/Cs5/cello_Cs5_05_fortissimo_arco-normal.mp3,cello,strings,0.6531,44100,Cs5,73,fortissimo,arco-normal,1,0
cello/Cs5/cello_Cs5_05_mezzo-piano_arco-normal.mp3,cello,strings,0.7576,44100,Cs5,73,mezzo-piano,arco-normal,1,0
cello/Cs5/cello_Cs5_05_pianissimo_arco-normal.mp3,cello,strings,0.6008,44100,Cs5,73,pianissimo,arco-normal,1,0
cello/Cs5/cello_Cs5_15_forte_arco-normal.mp3,cello,strings,2.351,44100,Cs5,73,forte,arco-normal,1,0
cello/Cs5/cello_Cs5_15_fortissimo_arco-normal.mp3,cello,strings,1.7763,44100,Cs5,73,fortissimo,arco-normal,1,0
cello/Cs5/cello_Cs5_15_mezzo-piano_arco-normal.mp3,cello,strings,2.351,44100,Cs5,73,mezzo-piano,arco-normal,1,0
cello/Cs5/cello_Cs5_1_forte_arco-normal.mp3,cello,strings,1.1494,44100,Cs5,73,forte,arco-normal,1,0
cello/Cs5/cello_Cs5_1_fortissimo_arco-normal.mp3,cello,strings,1.0972,44100,Cs5,73,fortissimo,arco-normal,1,0
cello/Cs5/cello_Cs5_1_mezzo-piano_arco-normal.mp3,cello,strings,1.2277,44100,Cs5,73,mezzo-piano,arco-normal,1,0
cello/Cs5/cello_Cs5_1_pianissimo_arco-normal.mp3,cello,strings,1.6718,44100,Cs5,73,pianissimo,arco-normal,1,0
cello/D2/cello_D2_025_forte_arco-normal.mp3,cello,strings,0.7576,44100,D2,38,forte,arco-normal,1,0
cello/D2/cello_D2_025_fortissimo_arco-normal.mp3,cello,strings,0.7053,44100,D2,38,fortissimo,arco-normal,1,0
cello/D2/cello_D2_025_mezzo-piano_arco-normal.mp3,cello,strings,0.8882,44100,D2,38,mezzo-piano,arco-normal,1,0
cello/D2/cello_D2_025_pianissimo_arco-normal.mp3,cello,strings,0.8359,44100,D2,38,pianissimo,arco-normal,1,0
cello/D2/cello_D2_05_forte_arco-normal.mp3,cello,strings,0.7576,44100,D2,38,forte,arco-normal,1,0
cello/D2/cello_D2_05_fortissimo_arco-normal.mp3,cello,strings,0.7576,44100,D2,38,fortissimo,arco-normal,1,0
cello/D2/cello_D2_05_mezzo-piano_arco-normal.mp3,cello,strings,1.0188,44100,D2,38,mezzo-piano,arco-normal,1,0
cello/D2/cello_D2_05_pianissimo_arco-normal.mp3,cello,strings,0.9404,44100,D2,38,pianissimo,arco-normal,1,0
cello/D2/cello_D2_15_forte_arco-normal.mp3,cello,strings,2.6383,44100,D2,38,forte,arco-normal,1,0
cello/D2/cello_D2_15_fortissimo_arco-normal.mp3,cello,strings,2.3249,44100,D2,38,fortissimo,arco-normal,1,0
cello/D2/cello_D2_15_mezzo-piano_arco-normal.mp3,cello,strings,2.7951,44100,D2,38,mezzo-piano,arco-normal,1,0
cello/D2/cello_D2_15_pianissimo_arco-normal.mp3,cello,strings,2.5078,44100,D2,38,pianissimo,arco-normal,1,0
cello/D2/cello_D2_1_forte_arco-normal.mp3,cello,strings,1.489,44100,D2,38,forte,arco-normal,1,0
cello/D2/cello_D2_1_fortissimo_arco-normal.mp3,cello,strings,1.3583,44100,D2,38,fortissimo,arco-normal,1,0
cello/D2/cello_D2_1_mezzo-piano_arco-normal.mp3,cello,strings,1.4367,44100,D2,38,mezzo-piano,arco-normal,1,0
cello/D2/cello_D2_1_pianissimo_arco-normal.mp3,cello,strings,1.5935,44100,D2,38,pianissimo,arco-normal,1,0
cello/D3/cello_D3_025_forte_arco-normal.mp3,cello,strings,0.8098,44100,D3,50,forte,arco-normal,1,0
cello/D3/cello_D3_025_fortissimo_arco-normal.mp3,cello,strings,0.6008,44100,D3,50,fortissimo,arco-normal,1,0
cello/D3/cello_D3_025_mezzo-piano_arco-normal.mp3,cello,strings,0.8882,44100,D3,50,mezzo-piano,arco-normal,1,0
cello/D3/cello_D3_025_pianissimo_arco-normal.mp3,cello,strings,0.8882,44100,D3,50,pianissimo,arco-normal,1,0
cello/D3/cello_D3_05_forte_arco-normal.mp3,cello,strings,0.8098,44100,D3,50,forte,arco-normal,1,0
cello/D3/cello_D3_05_fortissimo_arco-normal.mp3,cello,strings,0.6792,44100,D3,50,fortissimo,arco-normal,1,0
cello/D3/cello_D3_05_mezzo-piano_arco-normal.mp3,cello,strings,0.8882,44100,D3,50,mezzo-piano,arco-normal,1,0
cello/D3/cello_D3_05_pianissimo_arco-normal.mp3,cello,strings,0.9404,44100,D3,50,pianissimo,arco-normal,1,0
cello/D3/cello_D3_15_forte_arco-normal.mp3,cello,strings,2.4555,44100,D3,50,forte,arco-normal,1,0
cello/D3/cello_D3_15_fortissimo_arco-normal.mp3,cello,strings,2.0114,44100,D3,50,fortissimo,arco-normal,1,0
cello/D3/cello_D3_15_mezzo-piano_arco-normal.mp3,cello,strings,2.5861,44100,D3,50,mezzo-piano,arco-normal,1,0
cello/D3/cello_D3_15_pianissimo_arco-normal.mp3,cello,strings,2.0898,44100,D3,50,pianissimo,arco-normal,1,0
cello/D3/cello_D3_1_forte_arco-normal.mp3,cello,strings,1.3322,44100,D3,50,forte,arco-normal,1,0
cello/D3/cello_D3_1_fortissimo_arco-normal.mp3,cello,strings,1.1494,44100,D3,50,fortissimo,arco-normal,1,0
cello/D3/cello_D3_1_mezzo-piano_arco-normal.mp3,cello,strings,1.4106,44100,D3,50,mezzo-piano,arco-normal,1,0
cello/D3/cello_D3_1_pianissimo_arco-normal.mp3,cello,strings,1.28,44100,D3,50,pianissimo,arco-normal,1,0
cello/D4/cello_D4_025_forte_arco-normal.mp3,cello,strings,0.8098,44100,D4,62,forte,arco-normal,1,0
cello/D4/cello_D4_025_fortissimo_arco-normal.mp3,cello,strings,0.7053,44100,D4,62,fortissimo,arco-normal,1,0
cello/D4/cello_D4_025_mezzo-piano_arco-normal.mp3,cello,strings,0.862,44100,D4,62,mezzo-piano,arco-normal,1,0
cello/D4/cello_D4_025_pianissimo_arco-normal.mp3,cello,strings,0.6531,44100,D4,62,pianissimo,arco-normal,1,0
cello/D4/cello_D4_05_fortissimo_arco-normal.mp3,cello,strings,0.7314,44100,D4,62,fortissimo,arco-normal,1,0
cello/D4/cello_D4_05_mezzo-piano_arco-normal.mp3,cello,strings,0.862,44100,D4,62,mezzo-piano,arco-normal,1,0
cello/D4/cello_D4_05_pianissimo_arco-normal.mp3,cello,strings,0.7314,44100,D4,62,pianissimo,arco-normal,1,0
cello/D4/cello_D4_15_forte_arco-normal.mp3,cello,strings,2.0114,44100,D4,62,forte,arco-normal,1,0
cello/D4/cello_D4_15_fortissimo_arco-normal.mp3,cello,strings,1.8808,44100,D4,62,fortissimo,arco-normal,1,0
cello/D4/cello_D4_15_mezzo-piano_arco-normal.mp3,cello,strings,2.5078,44100,D4,62,mezzo-piano,arco-normal,1,0
cello/D4/cello_D4_15_pianissimo_arco-normal.mp3,cello,strings,2.3249,44100,D4,62,pianissimo,arco-normal,1,0
cello/D4/cello_D4_1_forte_arco-normal.mp3,cello,strings,1.2017,44100,D4,62,forte,arco-normal,1,0
cello/D4/cello_D4_1_fortissimo_arco-normal.mp3,cello,strings,1.1233,44100,D4,62,fortissimo,arco-normal,1,0
cello/D4/cello_D4_1_mezzo-piano_arco-normal.mp3,cello,strings,1.3583,44100,D4,62,mezzo-piano,arco-normal,1,0
cello/D4/cello_D4_1_pianissimo_arco-normal.mp3,cello,strings,1.2539,44100,D4,62,pianissimo,arco-normal,1,0
cello/D5/cello_D5_025_forte_arco-normal.mp3,cello,strings,0.4702,44100,D5,74,forte,arco-normal,1,0
cello/D5/cello_D5_025_fortissimo_arco-normal.mp3,cello,strings,0.4702,44100,D5,74,fortissimo,arco-normal,1,0
cello/D5/cello_D5_025_mezzo-piano_arco-normal.mp3,cello,strings,0.5224,44100,D5,74,mezzo-piano,arco-normal,1,0
cello/D5/cello_D5_025_pianissimo_arco-normal.mp3,cello,strings,0.4702,44100,D5,74,pianissimo,arco-normal,1,0
cello/D5/cello_D5_05_forte_arco-normal.mp3,cello,strings,0.6792,44100,D5,74,forte,arco-normal,1,0
cello/D5/cello_D5_05_fortissimo_arco-normal.mp3,cello,strings,0.6269,44100,D5,74,fortissimo,arco-normal,1,0
cello/D5/cello_D5_05_pianissimo_arco-normal.mp3,cello,strings,0.6269,44100,D5,74,pianissimo,arco-normal,1,0
cello/D5/cello_D5_15_forte_arco-normal.mp3,cello,strings,2.1159,44100,D5,74,forte,arco-normal,1,0
cello/D5/cello_D5_15_mezzo-piano_arco-normal.mp3,cello,strings,1.3061,44100,D5,74,mezzo-piano,arco-normal,1,0
cello/D5/cello_D5_1_forte_arco-normal.mp3,cello,strings,1.1494,44100,D5,74,forte,arco-normal,1,0
cello/D5/cello_D5_1_fortissimo_arco-normal.mp3,cello,strings,1.8286,44100,D5,74,fortissimo,arco-normal,1,0
cello/D5/cello_D5_1_mezzo-piano_arco-normal.mp3,cello,strings,1.3845,44100,D5,74,mezzo-piano,arco-normal,1,0
cello/D5/cello_D5_1_pianissimo_arco-normal.mp3,cello,strings,0.862,44100,D5,74,pianissimo,arco-normal,1,0
cello/Ds2/cello_Ds2_025_forte_arco-normal.mp3,cello,strings,0.5747,44100,Ds2,39,forte,arco-normal,1,0
cello/Ds2/cello_Ds2_025_fortissimo_arco-normal.mp3,cello,strings,0.5747,44100,Ds2,39,fortissimo,arco-normal,1,0
cello/Ds2/cello_Ds2_025_mezzo-piano_arco-normal.mp3,cello,strings,0.6792,44100,Ds2,39,mezzo-piano,arco-normal,1,0
cello/Ds2/cello_Ds2_025_pianissimo_arco-normal.mp3,cello,strings,0.6269,44100,Ds2,39,pianissimo,arco-normal,1,0
cello/Ds2/cello_Ds2_05_forte_arco-normal.mp3,cello,strings,0.8359,44100,Ds2,39,forte,arco-normal,1,0
cello/Ds2/cello_Ds2_05_fortissimo_arco-normal.mp3,cello,strings,0.6531,44100,Ds2,39,fortissimo,arco-normal,1,0
cello/Ds2/cello_Ds2_05_pianissimo_arco-normal.mp3,cello,strings,0.7053,44100,Ds2,39,pianissimo,arco-normal,1,0
cello/Ds2/cello_Ds2_05_piano_arco-normal.mp3,cello,strings,0.8882,44100,Ds2,39,piano,arco-normal,1,0
cello/Ds2/cello_Ds2_15_forte_arco-normal.mp3,cello,strings,2.4817,44100,Ds2,39,forte,arco-normal,1,0
cello/Ds2/cello_Ds2_15_fortissimo_arco-normal.mp3,cello,strings,2.0898,44100,Ds2,39,fortissimo,arco-normal,1,0
cello/Ds2/cello_Ds2_15_pianissimo_arco-normal.mp3,cello,strings,2.0376,44100,Ds2,39,pianissimo,arco-normal,1,0
cello/Ds2/cello_Ds2_15_piano_arco-normal.mp3,cello,strings,2.4555,44100,Ds2,39,piano,arco-normal,1,0
cello/Ds2/cello_Ds2_1_forte_arco-normal.mp3,cello,strings,1.2017,44100,Ds2,39,forte,arco-normal,1,0
cello/Ds2/cello_Ds2_1_fortissimo_arco-normal.mp3,cello,strings,1.1494,44100,Ds2,39,fortissimo,arco-normal,1,0
cello/Ds2/cello_Ds2_1_pianissimo_arco-normal.mp3,cello,strings,1.28,44100,Ds2,39,pianissimo,arco-normal,1,0
cello/Ds2/cello_Ds2_1_piano_arco-normal.mp3,cello,strings,1.28,44100,Ds2,39,piano,arco-normal,1,0
cello/Ds3/cello_Ds3_025_fortissimo_arco-normal.mp3,cello,strings,0.5747,44100,Ds3,51,fortissimo,arco-normal,1,0
cello/Ds3/cello_Ds3_025_pianissimo_arco-normal.mp3,cello,strings,0.5747,44100,Ds3,51,pianissimo,arco-normal,1,0
cello/Ds3/cello_Ds3_025_piano_arco-normal.mp3,cello,strings,0.8098,44100,Ds3,51,piano,arco-normal,1,0
cello/Ds3/cello_Ds3_05_fortissimo_arco-normal.mp3,cello,strings,0.6269,44100,Ds3,51,fortissimo,arco-normal,1,0
cello/Ds3/cello_Ds3_05_pianissimo_arco-normal.mp3,cello,strings,0.7576,44100,Ds3,51,pianissimo,arco-normal,1,0
cello/Ds3/cello_Ds3_05_piano_arco-normal.mp3,cello,strings,0.8882,44100,Ds3,51,piano,arco-normal,1,0
cello/Ds3/cello_Ds3_15_forte_arco-normal.mp3,cello,strings,2.2988,44100,Ds3,51,forte,arco-normal,1,0
cello/Ds3/cello_Ds3_15_fortissimo_arco-normal.mp3,cello,strings,2.0376,44100,Ds3,51,fortissimo,arco-normal,1,0
cello/Ds3/cello_Ds3_15_pianissimo_arco-normal.mp3,cello,strings,2.1942,44100,Ds3,51,pianissimo,arco-normal,1,0
cello/Ds3/cello_Ds3_15_piano_arco-normal.mp3,cello,strings,2.2988,44100,Ds3,51,piano,arco-normal,1,0
cello/Ds3/cello_Ds3_1_forte_arco-normal.mp3,cello,strings,1.1755,44100,Ds3,51,forte,arco-normal,1,0
cello/Ds3/cello_Ds3_1_fortissimo_arco-normal.mp3,cello,strings,1.071,44100,Ds3,51,fortissimo,arco-normal,1,0
cello/Ds3/cello_Ds3_1_pianissimo_arco-normal.mp3,cello,strings,1.2017,44100,Ds3,51,pianissimo,arco-normal,1,0
cello/Ds3/cello_Ds3_1_piano_arco-normal.mp3,cello,strings,1.2539,44100,Ds3,51,piano,arco-normal,1,0
cello/Ds4/cello_Ds4_025_forte_arco-normal.mp3,cello,strings,0.6792,44100,Ds4,63,forte,arco-normal,1,0
cello/Ds4/cello_Ds4_025_fortissimo_arco-normal.mp3,cello,strings,0.6531,44100,Ds4,63,fortissimo,arco-normal,1,0
cello/Ds4/cello_Ds4_025_mezzo-piano_arco-normal.mp3,cello,strings,0.6008,44100,Ds4,63,mezzo-piano,arco-normal,1,0
cello/Ds4/cello_Ds4_025_pianissimo_arco-normal.mp3,cello,strings,0.4963,44100,Ds4,63,pianissimo,arco-normal,1,0
cello/Ds4/cello_Ds4_05_forte_arco-normal.mp3,cello,strings,0.6531,44100,Ds4,63,forte,arco-normal,1,0
cello/Ds4/cello_Ds4_05_mezzo-piano_arco-normal.mp3,cello,strings,0.8882,44100,Ds4,63,mezzo-piano,arco-normal,1,0
cello/Ds4/cello_Ds4_05_pianissimo_arco-normal.mp3,cello,strings,0.7053,44100,Ds4,63,pianissimo,arco-normal,1,0
cello/Ds4/cello_Ds4_15_forte_arco-normal.mp3,cello,strings,2.3249,44100,Ds4,63,forte,arco-normal,1,0
cello/Ds4/cello_Ds4_15_fortissimo_arco-normal.mp3,cello,strings,1.1233,44100,Ds4,63,fortissimo,arco-normal,1,0
cello/Ds4/cello_Ds4_15_mezzo-piano_arco-normal.mp3,cello,strings,2.3772,44100,Ds4,63,mezzo-piano,arco-normal,1,0
cello/Ds4/cello_Ds4_15_pianissimo_arco-normal.mp3,cello,strings,2.2465,44100,Ds4,63,pianissimo,arco-normal,1,0
cello/Ds4/cello_Ds4_1_forte_arco-normal.mp3,cello,strings,1.0449,44100,Ds4,63,forte,arco-normal,1,0
cello/Ds4/cello_Ds4_1_fortissimo_arco-normal.mp3,cello,strings,0.7576,44100,Ds4,63,fortissimo,arco-normal,1,0
cello/Ds4/cello_Ds4_1_mezzo-piano_arco-normal.mp3,cello,strings,1.2539,44100,Ds4,63,mezzo-piano,arco-normal,1,0
cello/Ds4/cello_Ds4_1_pianissimo_arco-normal.mp3,cello,strings,1.1755,44100,Ds4,63,pianissimo,arco-normal,1,0
cello/Ds5/cello_Ds5_025_forte_arco-normal.mp3,cello,strings,0.6008,44100,Ds5,75,forte,arco-normal,1,0
cello/Ds5/cello_Ds5_025_fortissimo_arco-normal.mp3,cello,strings,0.4179,44100,Ds5,75,fortissimo,arco-normal,1,0
cello/Ds5/cello_Ds5_025_mezzo-piano_arco-normal.mp3,cello,strings,0.3918,44100,Ds5,75,mezzo-piano,arco-normal,1,0
cello/Ds5/cello_Ds5_025_pianissimo_arco-normal.mp3,cello,strings,0.3918,44100,Ds5,75,pianissimo,arco-normal,1,0
cello/Ds5/cello_Ds5_05_fortissimo_arco-normal.mp3,cello,strings,0.5747,44100,Ds5,75,fortissimo,arco-normal,1,0
cello/Ds5/cello_Ds5_05_mezzo-piano_arco-normal.mp3,cello,strings,0.862,44100,Ds5,75,mezzo-piano,arco-normal,1,0
cello/Ds5/cello_Ds5_05_pianissimo_arco-normal.mp3,cello,strings,0.6008,44100,Ds5,75,pianissimo,arco-normal,1,0
cello/Ds5/cello_Ds5_15_forte_arco-normal.mp3,cello,strings,2.2465,44100,Ds5,75,forte,arco-normal,1,0
cello/Ds5/cello_Ds5_15_fortissimo_arco-normal.mp3,cello,strings,1.7502,44100,Ds5,75,fortissimo,arco-normal,1,0
cello/Ds5/cello_Ds5_15_mezzo-piano_arco-normal.mp3,cello,strings,2.4032,44100,Ds5,75,mezzo-piano,arco-normal,1,0
cello/Ds5/cello_Ds5_15_pianissimo_arco-normal.mp3,cello,strings,2.2465,44100,Ds5,75,pianissimo,arco-normal,1,0
cello/Ds5/cello_Ds5_1_forte_arco-normal.mp3,cello,strings,1.1755,44100,Ds5,75,forte,arco-normal,1,0
cello/Ds5/cello_Ds5_1_fortissimo_arco-normal.mp3,cello,strings,0.9927,44100,Ds5,75,fortissimo,arco-normal,1,0
cello/Ds5/cello_Ds5_1_mezzo-piano_arco-normal.mp3,cello,strings,1.0188,44100,Ds5,75,mezzo-piano,arco-normal,1,0
cello/Ds5/cello_Ds5_1_pianissimo_arco-normal.mp3,cello,strings,0.9143,44100,Ds5,75,pianissimo,arco-normal,1,0
cello/E2/cello_E2_025_forte_arco-normal.mp3,cello,strings,0.6792,44100,E2,40,forte,arco-normal,1,0
cello/E2/cello_E2_025_fortissimo_arco-normal.mp3,cello,strings,0.5747,44100,E2,40,fortissimo,arco-normal,1,0
cello/E2/cello_E2_025_pianissimo_arco-normal.mp3,cello,strings,0.6269,44100,E2,40,pianissimo,arco-normal,1,0
cello/E2/cello_E2_025_piano_arco-normal.mp3,cello,strings,0.6792,44100,E2,40,piano,arco-normal,1,0
cello/E2/cello_E2_05_forte_arco-normal.mp3,cello,strings,0.7314,44100,E2,40,forte,arco-normal,1,0
cello/E2/cello_E2_05_fortissimo_arco-normal.mp3,cello,strings,0.6531,44100,E2,40,fortissimo,arco-normal,1,0
cello/E2/cello_E2_05_pianissimo_arco-normal.mp3,cello,strings,0.7314,44100,E2,40,pianissimo,arco-normal,1,0
cello/E2/cello_E2_05_piano_arco-normal.mp3,cello,strings,0.7837,44100,E2,40,piano,arco-normal,1,0
cello/E2/cello_E2_15_forte_arco-normal.mp3,cello,strings,2.2988,44100,E2,40,forte,arco-normal,1,0
cello/E2/cello_E2_15_fortissimo_arco-normal.mp3,cello,strings,2.1682,44100,E2,40,fortissimo,arco-normal,1,0
cello/E2/cello_E2_15_pianissimo_arco-normal.mp3,cello,strings,2.2465,44100,E2,40,pianissimo,arco-normal,1,0
cello/E2/cello_E2_15_piano_arco-normal.mp3,cello,strings,2.4032,44100,E2,40,piano,arco-normal,1,0
cello/E2/cello_E2_1_forte_arco-normal.mp3,cello,strings,1.28,44100,E2,40,forte,arco-normal,1,0
cello/E2/cello_E2_1_fortissimo_arco-normal.mp3,cello,strings,1.1494,44100,E2,40,fortissimo,arco-normal,1,0
cello/E2/cello_E2_1_pianissimo_arco-normal.mp3,cello,strings,1.28,44100,E2,40,pianissimo,arco-normal,1,0
cello/E2/cello_E2_1_piano_arco-normal.mp3,cello,strings,1.1755,44100,E2,40,piano,arco-normal,1,0
cello/E3/cello_E3_025_forte_arco-normal.mp3,cello,strings,0.8882,44100,E3,52,forte,arco-normal,1,0
cello/E3/cello_E3_025_fortissimo_arco-normal.mp3,cello,strings,0.6531,44100,E3,52,fortissimo,arco-normal,1,0
cello/E3/cello_E3_025_pianissimo_arco-normal.mp3,cello,strings,0.4702,44100,E3,52,pianissimo,arco-normal,1,0
cello/E3/cello_E3_025_piano_arco-normal.mp3,cello,strings,0.7053,44100,E3,52,piano,arco-normal,1,0
cello/E3/cello_E3_05_pianissimo_arco-normal.mp3,cello,strings,0.6008,44100,E3,52,pianissimo,arco-normal,1,0
cello/E3/cello_E3_15_forte_arco-normal.mp3,cello,strings,2.4294,44100,E3,52,forte,arco-normal,1,0
cello/E3/cello_E3_15_fortissimo_arco-normal.mp3,cello,strings,2.1942,44100,E3,52,fortissimo,arco-normal,1,0
cello/E3/cello_E3_15_pianissimo_arco-normal.mp3,cello,strings,2.142,44100,E3,52,pianissimo,arco-normal,1,0
cello/E3/cello_E3_15_piano_arco-normal.mp3,cello,strings,2.2988,44100,E3,52,piano,arco-normal,1,0
cello/E3/cello_E3_1_forte_arco-normal.mp3,cello,strings,1.28,44100,E3,52,forte,arco-normal,1,0
cello/E3/cello_E3_1_fortissimo_arco-normal.mp3,cello,strings,1.1494,44100,E3,52,fortissimo,arco-normal,1,0
cello/E3/cello_E3_1_pianissimo_arco-normal.mp3,cello,strings,1.2277,44100,E3,52,pianissimo,arco-normal,1,0
cello/E3/cello_E3_phrase_cresc-decresc_arco-normal.mp3,cello,strings,9.8742,44100,E3,52,cresc-decresc,arco-normal,1,1
cello/E4/cello_E4_025_forte_arco-normal.mp3,cello,strings,0.7053,44100,E4,64,forte,arco-normal,1,0
cello/E4/cello_E4_025_fortissimo_arco-normal.mp3,cello,strings,0.7314,44100,E4,64,fortissimo,arco-normal,1,0
cello/E4/cello_E4_025_mezzo-piano_arco-normal.mp3,cello,strings,0.7053,44100,E4,64,mezzo-piano,arco-normal,1,0
cello/E4/cello_E4_025_pianissimo_arco-normal.mp3,cello,strings,0.6008,44100,E4,64,pianissimo,arco-normal,1,0
cello/E4/cello_E4_05_forte_arco-normal.mp3,cello,strings,0.6531,44100,E4,64,forte,arco-normal,1,0
cello/E4/cello_E4_05_mezzo-piano_arco-normal.mp3,cello,strings,0.8882,44100,E4,64,mezzo-piano,arco-normal,1,0
cello/E4/cello_E4_05_pianissimo_arco-normal.mp3,cello,strings,0.7053,44100,E4,64,pianissimo,arco-normal,1,0
cello/E4/cello_E4_15_forte_arco-normal.mp3,cello,strings,2.3249,44100,E4,64,forte,arco-normal,1,0
cello/E4/cello_E4_15_mezzo-piano_arco-normal.mp3,cello,strings,2.3772,44100,E4,64,mezzo-piano,arco-normal,1,0
cello/E4/cello_E4_15_pianissimo_arco-normal.mp3,cello,strings,2.1682,44100,E4,64,pianissimo,arco-normal,1,0
cello/E4/cello_E4_1_forte_arco-normal.mp3,cello,strings,1.071,44100,E4,64,forte,arco-normal,1,0
cello/E4/cello_E4_1_fortissimo_arco-normal.mp3,cello,strings,2.0114,44100,E4,64,fortissimo,arco-normal,1,0
cello/E4/cello_E4_1_mezzo-piano_arco-normal.mp3,cello,strings,1.2277,44100,E4,64,mezzo-piano,arco-normal,1,0
cello/E4/cello_E4_1_pianissimo_arco-normal.mp3,cello,strings,1.1755,44100,E4,64,pianissimo,arco-normal,1,0
cello/E5/cello_E5_025_forte_arco-normal.mp3,cello,strings,0.5747,44100,E5,76,forte,arco-normal,1,0
cello/E5/cello_E5_025_fortissimo_arco-normal.mp3,cello,strings,0.4963,44100,E5,76,fortissimo,arco-normal,1,0
cello/E5/cello_E5_025_mezzo-piano_arco-normal.mp3,cello,strings,0.4702,44100,E5,76,mezzo-piano,arco-normal,1,0
cello/E5/cello_E5_025_pianissimo_arco-normal.mp3,cello,strings,0.6269,44100,E5,76,pianissimo,arco-normal,1,0
cello/E5/cello_E5_05_forte_arco-normal.mp3,cello,strings,0.6792,44100,E5,76,forte,arco-normal,1,0
cello/E5/cello_E5_05_fortissimo_arco-normal.mp3,cello,strings,0.6792,44100,E5,76,fortissimo,arco-normal,1,0
cello/E5/cello_E5_05_mezzo-piano_arco-normal.mp3,cello,strings,0.7837,44100,E5,76,mezzo-piano,arco-normal,1,0
cello/E5/cello_E5_05_pianissimo_arco-normal.mp3,cello,strings,0.7576,44100,E5,76,pianissimo,arco-normal,1,0
cello/E5/cello_E5_15_forte_arco-normal.mp3,cello,strings,2.1159,44100,E5,76,forte,arco-normal,1,0
cello/E5/cello_E5_15_fortissimo_arco-normal.mp3,cello,strings,1.8286,44100,E5,76,fortissimo,arco-normal,1,0
cello/E5/cello_E5_15_mezzo-piano_arco-normal.mp3,cello,strings,1.9331,44100,E5,76,mezzo-piano,arco-normal,1,0
cello/E5/cello_E5_1_forte_arco-normal.mp3,cello,strings,1.1233,44100,E5,76,forte,arco-normal,1,0
cello/E5/cello_E5_1_fortissimo_arco-normal.mp3,cello,strings,0.9927,44100,E5,76,fortissimo,arco-normal,1,0
cello/E5/cello_E5_1_mezzo-piano_arco-normal.mp3,cello,strings,1.1755,44100,E5,76,mezzo-piano,arco-normal,1,0
cello/E5/cello_E5_1_pianissimo_arco-normal.mp3,cello,strings,1.1233,44100,E5,76,pianissimo,arco-normal,1,0
cello/F2/cello_F2_025_forte_arco-normal.mp3,cello,strings,0.6269,44100,F2,41,forte,arco-normal,1,0
cello/F2/cello_F2_025_fortissimo_arco-normal.mp3,cello,strings,0.6008,44100,F2,41,fortissimo,arco-normal,1,0
cello/F2/cello_F2_025_pianissimo_arco-normal.mp3,cello,strings,0.4963,44100,F2,41,pianissimo,arco-normal,1,0
cello/F2/cello_F2_025_piano_arco-normal.mp3,cello,strings,0.7314,44100,F2,41,piano,arco-normal,1,0
cello/F2/cello_F2_05_fortissimo_arco-normal.mp3,cello,strings,0.6792,44100,F2,41,fortissimo,arco-normal,1,0
cello/F2/cello_F2_05_pianissimo_arco-normal.mp3,cello,strings,0.7314,44100,F2,41,pianissimo,arco-normal,1,0
cello/F2/cello_F2_05_piano_arco-normal.mp3,cello,strings,0.7837,44100,F2,41,piano,arco-normal,1,0
cello/F2/cello_F2_15_forte_arco-normal.mp3,cello,strings,2.4555,44100,F2,41,forte,arco-normal,1,0
cello/F2/cello_F2_15_fortissimo_arco-normal.mp3,cello,strings,2.142,44100,F2,41,fortissimo,arco-normal,1,0
cello/F2/cello_F2_15_pianissimo_arco-normal.mp3,cello,strings,2.4294,44100,F2,41,pianissimo,arco-normal,1,0
cello/F2/cello_F2_15_piano_arco-normal.mp3,cello,strings,2.3249,44100,F2,41,piano,arco-normal,1,0
cello/F2/cello_F2_1_forte_arco-normal.mp3,cello,strings,1.1233,44100,F2,41,forte,arco-normal,1,0
cello/F2/cello_F2_1_fortissimo_arco-normal.mp3,cello,strings,1.1494,44100,F2,41,fortissimo,arco-normal,1,0
cello/F2/cello_F2_1_pianissimo_arco-normal.mp3,cello,strings,1.2017,44100,F2,41,pianissimo,arco-normal,1,0
cello/F2/cello_F2_1_piano_arco-normal.mp3,cello,strings,1.3061,44100,F2,41,piano,arco-normal,1,0
cello/F3/cello_F3_025_forte_arco-normal.mp3,cello,strings,0.7837,44100,F3,53,forte,arco-normal,1,0
cello/F3/cello_F3_025_fortissimo_arco-normal.mp3,cello,strings,0.6531,44100,F3,53,fortissimo,arco-normal,1,0
cello/F3/cello_F3_025_pianissimo_arco-normal.mp3,cello,strings,0.6008,44100,F3,53,pianissimo,arco-normal,1,0
cello/F3/cello_F3_025_piano_arco-normal.mp3,cello,strings,0.6531,44100,F3,53,piano,arco-normal,1,0
cello/F3/cello_F3_05_forte_arco-normal.mp3,cello,strings,0.7576,44100,F3,53,forte,arco-normal,1,0
cello/F3/cello_F3_05_fortissimo_arco-normal.mp3,cello,strings,0.6531,44100,F3,53,fortissimo,arco-normal,1,0
cello/F3/cello_F3_05_mezzo-piano_arco-normal.mp3,cello,strings,1.0188,44100,F3,53,mezzo-piano,arco-normal,1,0
cello/F3/cello_F3_05_pianissimo_arco-normal.mp3,cello,strings,0.7576,44100,F3,53,pianissimo,arco-normal,1,0
cello/F3/cello_F3_15_forte_arco-normal.mp3,cello,strings,2.4555,44100,F3,53,forte,arco-normal,1,0
cello/F3/cello_F3_15_fortissimo_arco-normal.mp3,cello,strings,2.1942,44100,F3,53,fortissimo,arco-normal,1,0
cello/F3/cello_F3_15_pianissimo_arco-normal.mp3,cello,strings,2.351,44100,F3,53,pianissimo,arco-normal,1,0
cello/F3/cello_F3_15_piano_arco-normal.mp3,cello,strings,2.4032,44100,F3,53,piano,arco-normal,1,0
cello/F3/cello_F3_1_forte_arco-normal.mp3,cello,strings,1.2017,44100,F3,53,forte,arco-normal,1,0
cello/F3/cello_F3_1_fortissimo_arco-normal.mp3,cello,strings,1.071,44100,F3,53,fortissimo,arco-normal,1,0
cello/F3/cello_F3_1_mezzo-piano_arco-normal.mp3,cello,strings,1.2017,44100,F3,53,mezzo-piano,arco-normal,1,0
cello/F3/cello_F3_1_pianissimo_arco-normal.mp3,cello,strings,1.2277,44100,F3,53,pianissimo,arco-normal,1,0
cello/F4/cello_F4_025_forte_arco-normal.mp3,cello,strings,0.6792,44100,F4,65,forte,arco-normal,1,0
cello/F4/cello_F4_025_fortissimo_arco-normal.mp3,cello,strings,0.6008,44100,F4,65,fortissimo,arco-normal,1,0
cello/F4/cello_F4_025_mezzo-piano_arco-normal.mp3,cello,strings,0.7053,44100,F4,65,mezzo-piano,arco-normal,1,0
cello/F4/cello_F4_025_pianissimo_arco-normal.mp3,cello,strings,0.4179,44100,F4,65,pianissimo,arco-normal,1,0
cello/F4/cello_F4_05_forte_arco-normal.mp3,cello,strings,0.8098,44100,F4,65,forte,arco-normal,1,0
cello/F4/cello_F4_05_mezzo-piano_arco-normal.mp3,cello,strings,0.8882,44100,F4,65,mezzo-piano,arco-normal,1,0
cello/F4/cello_F4_05_pianissimo_arco-normal.mp3,cello,strings,0.6269,44100,F4,65,pianissimo,arco-normal,1,0
cello/F4/cello_F4_15_forte_arco-normal.mp3,cello,strings,2.2204,44100,F4,65,forte,arco-normal,1,0
cello/F4/cello_F4_15_fortissimo_arco-normal.mp3,cello,strings,1.9853,44100,F4,65,fortissimo,arco-normal,1,0
cello/F4/cello_F4_15_mezzo-piano_arco-normal.mp3,cello,strings,2.1159,44100,F4,65,mezzo-piano,arco-normal,1,0
cello/F4/cello_F4_15_pianissimo_arco-normal.mp3,cello,strings,2.1942,44100,F4,65,pianissimo,arco-normal,1,0
cello/F4/cello_F4_1_forte_arco-normal.mp3,cello,strings,1.2539,44100,F4,65,forte,arco-normal,1,0
cello/F4/cello_F4_1_fortissimo_arco-normal.mp3,cello,strings,1.071,44100,F4,65,fortissimo,arco-normal,1,0
cello/F4/cello_F4_1_mezzo-piano_arco-normal.mp3,cello,strings,1.4367,44100,F4,65,mezzo-piano,arco-normal,1,0
cello/F4/cello_F4_1_pianissimo_arco-normal.mp3,cello,strings,1.0449,44100,F4,65,pianissimo,arco-normal,1,0
cello/F5/cello_F5_025_forte_arco-normal.mp3,cello,strings,0.5747,44100,F5,77,forte,arco-normal,1,0
cello/F5/cello_F5_025_fortissimo_arco-normal.mp3,cello,strings,0.4441,44100,F5,77,fortissimo,arco-normal,1,0
cello/F5/cello_F5_025_mezzo-piano_arco-normal.mp3,cello,strings,0.4702,44100,F5,77,mezzo-piano,arco-normal,1,0
cello/F5/cello_F5_025_pianissimo_arco-normal.mp3,cello,strings,0.3396,44100,F5,77,pianissimo,arco-normal,1,0
cello/F5/cello_F5_05_forte_arco-normal.mp3,cello,strings,0.5747,44100,F5,77,forte,arco-normal,1,0
cello/F5/cello_F5_05_fortissimo_arco-normal.mp3,cello,strings,0.5486,44100,F5,77,fortissimo,arco-normal,1,0
cello/F5/cello_F5_05_mezzo-piano_arco-normal.mp3,cello,strings,0.7314,44100,F5,77,mezzo-piano,arco-normal,1,0
cello/F5/cello_F5_05_pianissimo_arco-normal.mp3,cello,strings,0.6269,44100,F5,77,pianissimo,arco-normal,1,0
cello/F5/cello_F5_15_forte_arco-normal.mp3,cello,strings,2.1159,44100,F5,77,forte,arco-normal,1,0
cello/F5/cello_F5_15_fortissimo_arco-normal.mp3,cello,strings,1.7502,44100,F5,77,fortissimo,arco-normal,1,0
cello/F5/cello_F5_15_mezzo-piano_arco-normal.mp3,cello,strings,2.2727,44100,F5,77,mezzo-piano,arco-normal,1,0
cello/F5/cello_F5_1_forte_arco-normal.mp3,cello,strings,1.0449,44100,F5,77,forte,arco-normal,1,0
cello/F5/cello_F5_1_fortissimo_arco-normal.mp3,cello,strings,0.9404,44100,F5,77,fortissimo,arco-normal,1,0
cello/F5/cello_F5_1_mezzo-piano_arco-normal.mp3,cello,strings,1.1233,44100,F5,77,mezzo-piano,arco-normal,1,0
cello/F5/cello_F5_1_pianissimo_arco-normal.mp3,cello,strings,1.0972,44100,F5,77,pianissimo,arco-normal,1,0
cello/Fs2/cello_Fs2_025_forte_arco-normal.mp3,cello,strings,0.8098,44100,Fs2,42,forte,arco-normal,1,0
cello/Fs2/cello_Fs2_025_fortissimo_arco-normal.mp3,cello,strings,0.5747,44100,Fs2,42,fortissimo,arco-normal,1,0
cello/Fs2/cello_Fs2_025_pianissimo_arco-normal.mp3,cello,strings,0.6792,44100,Fs2,42,pianissimo,arco-normal,1,0
cello/Fs2/cello_Fs2_025_piano_arco-normal.mp3,cello,strings,0.7576,44100,Fs2,42,piano,arco-normal,1,0
cello/Fs2/cello_Fs2_05_fortissimo_arco-normal.mp3,cello,strings,0.6531,44100,Fs2,42,fortissimo,arco-normal,1,0
cello/Fs2/cello_Fs2_05_pianissimo_arco-normal.mp3,cello,strings,0.7837,44100,Fs2,42,pianissimo,arco-normal,1,0
cello/Fs2/cello_Fs2_05_piano_arco-normal.mp3,cello,strings,0.8882,44100,Fs2,42,piano,arco-normal,1,0
cello/Fs2/cello_Fs2_15_forte_arco-normal.mp3,cello,strings,2.3772,44100,Fs2,42,forte,arco-normal,1,0
cello/Fs2/cello_Fs2_15_fortissimo_arco-normal.mp3,cello,strings,2.0114,44100,Fs2,42,fortissimo,arco-normal,1,0
cello/Fs2/cello_Fs2_15_pianissimo_arco-normal.mp3,cello,strings,2.2465,44100,Fs2,42,pianissimo,arco-normal,1,0
cello/Fs2/cello_Fs2_15_piano_arco-normal.mp3,cello,strings,2.351,44100,Fs2,42,piano,arco-normal,1,0
cello/Fs2/cello_Fs2_1_forte_arco-normal.mp3,cello,strings,1.2539,44100,Fs2,42,forte,arco-normal,1,0
cello/Fs2/cello_Fs2_1_fortissimo_arco-normal.mp3,cello,strings,1.1494,44100,Fs2,42,fortissimo,arco-normal,1,0
cello/Fs2/cello_Fs2_1_pianissimo_arco-normal.mp3,cello,strings,1.2539,44100,Fs2,42,pianissimo,arco-normal,1,0
cello/Fs2/cello_Fs2_1_piano_arco-normal.mp3,cello,strings,1.28,44100,Fs2,42,piano,arco-normal,1,0
cello/Fs3/cello_Fs3_025_forte_arco-normal.mp3,cello,strings,0.7576,44100,Fs3,54,forte,arco-normal,1,0
cello/Fs3/cello_Fs3_025_fortissimo_arco-normal.mp3,cello,strings,0.6008,44100,Fs3,54,fortissimo,arco-normal,1,0
cello/Fs3/cello_Fs3_025_pianissimo_arco-normal.mp3,cello,strings,0.5224,44100,Fs3,54,pianissimo,arco-normal,1,0
cello/Fs3/cello_Fs3_025_piano_arco-normal.mp3,cello,strings,0.7053,44100,Fs3,54,piano,arco-normal,1,0
cello/Fs3/cello_Fs3_05_forte_arco-normal.mp3,cello,strings,0.7837,44100,Fs3,54,forte,arco-normal,1,0
cello/Fs3/cello_Fs3_05_fortissimo_arco-normal.mp3,cello,strings,0.7576,44100,Fs3,54,fortissimo,arco-normal,1,0
cello/Fs3/cello_Fs3_05_mezzo-piano_arco-normal.mp3,cello,strings,0.9143,44100,Fs3,54,mezzo-piano,arco-normal,1,0
cello/Fs3/cello_Fs3_05_pianissimo_arco-normal.mp3,cello,strings,0.6531,44100,Fs3,54,pianissimo,arco-normal,1,0
cello/Fs3/cello_Fs3_05_piano_arco-normal.mp3,cello,strings,0.7314,44100,Fs3,54,piano,arco-normal,1,0
cello/Fs3/cello_Fs3_15_forte_arco-normal.mp3,cello,strings,2.3249,44100,Fs3,54,forte,arco-normal,1,0
cello/Fs3/cello_Fs3_15_fortissimo_arco-normal.mp3,cello,strings,2.0898,44100,Fs3,54,fortissimo,arco-normal,1,0
cello/Fs3/cello_Fs3_15_pianissimo_arco-normal.mp3,cello,strings,2.4294,44100,Fs3,54,pianissimo,arco-normal,1,0
cello/Fs3/cello_Fs3_15_piano_arco-normal.mp3,cello,strings,2.3249,44100,Fs3,54,piano,arco-normal,1,0
cello/Fs3/cello_Fs3_1_forte_arco-normal.mp3,cello,strings,1.2539,44100,Fs3,54,forte,arco-normal,1,0
cello/Fs3/cello_Fs3_1_fortissimo_arco-normal.mp3,cello,strings,1.1494,44100,Fs3,54,fortissimo,arco-normal,1,0
cello/Fs3/cello_Fs3_1_mezzo-piano_arco-normal.mp3,cello,strings,1.3845,44100,Fs3,54,mezzo-piano,arco-normal,1,0
cello/Fs3/cello_Fs3_1_pianissimo_arco-normal.mp3,cello,strings,1.2017,44100,Fs3,54,pianissimo,arco-normal,1,0
cello/Fs3/cello_Fs3_1_piano_arco-normal.mp3,cello,strings,1.3845,44100,Fs3,54,piano,arco-normal,1,0
cello/Fs4/cello_Fs4_025_forte_arco-normal.mp3,cello,strings,0.6269,44100,Fs4,66,forte,arco-normal,1,0
cello/Fs4/cello_Fs4_025_fortissimo_arco-normal.mp3,cello,strings,0.7314,44100,Fs4,66,fortissimo,arco-normal,1,0
cello/Fs4/cello_Fs4_025_mezzo-piano_arco-normal.mp3,cello,strings,0.7576,44100,Fs4,66,mezzo-piano,arco-normal,1,0
cello/Fs4/cello_Fs4_025_pianissimo_arco-normal.mp3,cello,strings,0.5486,44100,Fs4,66,pianissimo,arco-normal,1,0
cello/Fs4/cello_Fs4_05_forte_arco-normal.mp3,cello,strings,0.8098,44100,Fs4,66,forte,arco-normal,1,0
cello/Fs4/cello_Fs4_05_mezzo-piano_arco-normal.mp3,cello,strings,0.862,44100,Fs4,66,mezzo-piano,arco-normal,1,0
cello/Fs4/cello_Fs4_05_pianissimo_arco-normal.mp3,cello,strings,0.6531,44100,Fs4,66,pianissimo,arco-normal,1,0
cello/Fs4/cello_Fs4_15_forte_arco-normal.mp3,cello,strings,2.351,44100,Fs4,66,forte,arco-normal,1,0
cello/Fs4/cello_Fs4_15_fortissimo_arco-normal.mp3,cello,strings,1.9853,44100,Fs4,66,fortissimo,arco-normal,1,0
cello/Fs4/cello_Fs4_15_mezzo-piano_arco-normal.mp3,cello,strings,2.5078,44100,Fs4,66,mezzo-piano,arco-normal,1,0
cello/Fs4/cello_Fs4_15_pianissimo_arco-normal.mp3,cello,strings,2.4032,44100,Fs4,66,pianissimo,arco-normal,1,0
cello/Fs4/cello_Fs4_1_forte_arco-normal.mp3,cello,strings,1.2277,44100,Fs4,66,forte,arco-normal,1,0
cello/Fs4/cello_Fs4_1_fortissimo_arco-normal.mp3,cello,strings,0.9665,44100,Fs4,66,fortissimo,arco-normal,1,0
cello/Fs4/cello_Fs4_1_mezzo-piano_arco-normal.mp3,cello,strings,1.3061,44100,Fs4,66,mezzo-piano,arco-normal,1,0
cello/Fs4/cello_Fs4_1_pianissimo_arco-normal.mp3,cello,strings,1.1233,44100,Fs4,66,pianissimo,arco-normal,1,0
cello/Fs5/cello_Fs5_025_forte_arco-normal.mp3,cello,strings,0.6531,44100,Fs5,78,forte,arco-normal,1,0
cello/Fs5/cello_Fs5_025_fortissimo_arco-normal.mp3,cello,strings,0.5224,44100,Fs5,78,fortissimo,arco-normal,1,0
cello/Fs5/cello_Fs5_025_mezzo-piano_arco-normal.mp3,cello,strings,0.6269,44100,Fs5,78,mezzo-piano,arco-normal,1,0
cello/Fs5/cello_Fs5_025_pianissimo_arco-normal.mp3,cello,strings,0.3396,44100,Fs5,78,pianissimo,arco-normal,1,0
cello/Fs5/cello_Fs5_05_forte_arco-normal.mp3,cello,strings,0.6269,44100,Fs5,78,forte,arco-normal,1,0
cello/Fs5/cello_Fs5_05_fortissimo_arco-normal.mp3,cello,strings,0.5747,44100,Fs5,78,fortissimo,arco-normal,1,0
cello/Fs5/cello_Fs5_05_mezzo-piano_arco-normal.mp3,cello,strings,0.6269,44100,Fs5,78,mezzo-piano,arco-normal,1,0
cello/Fs5/cello_Fs5_05_pianissimo_arco-normal.mp3,cello,strings,0.6008,44100,Fs5,78,pianissimo,arco-normal,1,0
cello/Fs5/cello_Fs5_15_forte_arco-normal.mp3,cello,strings,2.2465,44100,Fs5,78,forte,arco-normal,1,0
cello/Fs5/cello_Fs5_15_mezzo-piano_arco-normal.mp3,cello,strings,2.351,44100,Fs5,78,mezzo-piano,arco-normal,1,0
cello/Fs5/cello_Fs5_15_pianissimo_arco-normal.mp3,cello,strings,2.1682,44100,Fs5,78,pianissimo,arco-normal,1,0
cello/Fs5/cello_Fs5_1_forte_arco-normal.mp3,cello,strings,1.0972,44100,Fs5,78,forte,arco-normal,1,0
cello/Fs5/cello_Fs5_1_fortissimo_arco-normal.mp3,cello,strings,1.9592,44100,Fs5,78,fortissimo,arco-normal,1,0
cello/Fs5/cello_Fs5_1_mezzo-piano_arco-normal.mp3,cello,strings,1.1755,44100,Fs5,78,mezzo-piano,arco-normal,1,0
cello/Fs5/cello_Fs5_1_pianissimo_arco-normal.mp3,cello,strings,0.9927,44100,Fs5,78,pianissimo,arco-normal,1,0
cello/G2/cello_G2_025_forte_arco-normal.mp3,cello,strings,0.8098,44100,G2,43,forte,arco-normal,1,0
cello/G2/cello_G2_025_fortissimo_arco-normal.mp3,cello,strings,0.7053,44100,G2,43,fortissimo,arco-normal,1,0
cello/G2/cello_G2_025_mezzo-piano_arco-normal.mp3,cello,strings,0.7837,44100,G2,43,mezzo-piano,arco-normal,1,0
cello/G2/cello_G2_025_pianissimo_arco-normal.mp3,cello,strings,0.6531,44100,G2,43,pianissimo,arco-normal,1,0
cello/G2/cello_G2_05_forte_arco-normal.mp3,cello,strings,0.7837,44100,G2,43,forte,arco-normal,1,0
cello/G2/cello_G2_05_fortissimo_arco-normal.mp3,cello,strings,0.7053,44100,G2,43,fortissimo,arco-normal,1,0
cello/G2/cello_G2_05_mezzo-piano_arco-normal.mp3,cello,strings,1.0188,44100,G2,43,mezzo-piano,arco-normal,1,0
cello/G2/cello_G2_05_pianissimo_arco-normal.mp3,cello,strings,0.9665,44100,G2,43,pianissimo,arco-normal,1,0
cello/G2/cello_G2_15_forte_arco-normal.mp3,cello,strings,2.6645,44100,G2,43,forte,arco-normal,1,0
cello/G2/cello_G2_15_fortissimo_arco-normal.mp3,cello,strings,2.2204,44100,G2,43,fortissimo,arco-normal,1,0
cello/G2/cello_G2_15_mezzo-piano_arco-normal.mp3,cello,strings,2.6906,44100,G2,43,mezzo-piano,arco-normal,1,0
cello/G2/cello_G2_15_pianissimo_arco-normal.mp3,cello,strings,2.9257,44100,G2,43,pianissimo,arco-normal,1,0
cello/G2/cello_G2_1_forte_arco-normal.mp3,cello,strings,1.4106,44100,G2,43,forte,arco-normal,1,0
cello/G2/cello_G2_1_fortissimo_arco-normal.mp3,cello,strings,1.0972,44100,G2,43,fortissimo,arco-normal,1,0
cello/G2/cello_G2_1_mezzo-piano_arco-normal.mp3,cello,strings,1.5151,44100,G2,43,mezzo-piano,arco-normal,1,0
cello/G2/cello_G2_1_pianissimo_arco-normal.mp3,cello,strings,1.5413,44100,G2,43,pianissimo,arco-normal,1,0
cello/G3/cello_G3_025_forte_arco-normal.mp3,cello,strings,0.862,44100,G3,55,forte,arco-normal,1,0
cello/G3/cello_G3_025_fortissimo_arco-normal.mp3,cello,strings,0.6269,44100,G3,55,fortissimo,arco-normal,1,0
cello/G3/cello_G3_025_pianissimo_arco-normal.mp3,cello,strings,0.6008,44100,G3,55,pianissimo,arco-normal,1,0
cello/G3/cello_G3_025_piano_arco-normal.mp3,cello,strings,0.7576,44100,G3,55,piano,arco-normal,1,0
cello/G3/cello_G3_05_forte_arco-normal.mp3,cello,strings,0.6269,44100,G3,55,forte,arco-normal,1,0
cello/G3/cello_G3_05_fortissimo_arco-normal.mp3,cello,strings,1.0449,44100,G3,55,fortissimo,arco-normal,1,0
cello/G3/cello_G3_05_mezzo-piano_arco-normal.mp3,cello,strings,0.8882,44100,G3,55,mezzo-piano,arco-normal,1,0
cello/G3/cello_G3_05_pianissimo_arco-normal.mp3,cello,strings,0.7837,44100,G3,55,pianissimo,arco-normal,1,0
cello/G3/cello_G3_15_forte_arco-normal.mp3,cello,strings,2.4032,44100,G3,55,forte,arco-normal,1,0
cello/G3/cello_G3_15_fortissimo_arco-normal.mp3,cello,strings,2.142,44100,G3,55,fortissimo,arco-normal,1,0
cello/G3/cello_G3_15_mezzo-piano_arco-normal.mp3,cello,strings,2.5861,44100,G3,55,mezzo-piano,arco-normal,1,0
cello/G3/cello_G3_15_pianissimo_arco-normal.mp3,cello,strings,2.0114,44100,G3,55,pianissimo,arco-normal,1,0
cello/G3/cello_G3_1_forte_arco-normal.mp3,cello,strings,1.3322,44100,G3,55,forte,arco-normal,1,0
cello/G3/cello_G3_1_mezzo-piano_arco-normal.mp3,cello,strings,1.2277,44100,G3,55,mezzo-piano,arco-normal,1,0
cello/G3/cello_G3_1_pianissimo_arco-normal.mp3,cello,strings,1.3061,44100,G3,55,pianissimo,arco-normal,1,0
cello/G4/cello_G4_025_forte_arco-normal.mp3,cello,strings,0.6269,44100,G4,67,forte,arco-normal,1,0
cello/G4/cello_G4_025_fortissimo_arco-normal.mp3,cello,strings,0.5224,44100,G4,67,fortissimo,arco-normal,1,0
cello/G4/cello_G4_025_mezzo-piano_arco-normal.mp3,cello,strings,0.8098,44100,G4,67,mezzo-piano,arco-normal,1,0
cello/G4/cello_G4_025_pianissimo_arco-normal.mp3,cello,strings,0.3918,44100,G4,67,pianissimo,arco-normal,1,0
cello/G4/cello_G4_05_forte_arco-normal.mp3,cello,strings,0.7314,44100,G4,67,forte,arco-normal,1,0
cello/G4/cello_G4_05_pianissimo_arco-normal.mp3,cello,strings,0.7837,44100,G4,67,pianissimo,arco-normal,1,0
cello/G4/cello_G4_15_forte_arco-normal.mp3,cello,strings,2.2465,44100,G4,67,forte,arco-normal,1,0
cello/G4/cello_G4_15_mezzo-piano_arco-normal.mp3,cello,strings,2.4032,44100,G4,67,mezzo-piano,arco-normal,1,0
cello/G4/cello_G4_15_pianissimo_arco-normal.mp3,cello,strings,2.1942,44100,G4,67,pianissimo,arco-normal,1,0
cello/G4/cello_G4_1_forte_arco-normal.mp3,cello,strings,1.3845,44100,G4,67,forte,arco-normal,1,0
cello/G4/cello_G4_1_fortissimo_arco-normal.mp3,cello,strings,1.0449,44100,G4,67,fortissimo,arco-normal,1,0
cello/G4/cello_G4_1_mezzo-piano_arco-normal.mp3,cello,strings,1.071,44100,G4,67,mezzo-piano,arco-normal,1,0
cello/G4/cello_G4_1_pianissimo_arco-normal.mp3,cello,strings,0.9665,44100,G4,67,pianissimo,arco-normal,1,0
cello/G5/cello_G5_025_forte_arco-normal.mp3,cello,strings,0.5486,44100,G5,79,forte,arco-normal,1,0
cello/G5/cello_G5_025_fortissimo_arco-normal.mp3,cello,strings,0.4441,44100,G5,79,fortissimo,arco-normal,1,0
cello/G5/cello_G5_025_mezzo-piano_arco-normal.mp3,cello,strings,0.6269,44100,G5,79,mezzo-piano,arco-normal,1,0
cello/G5/cello_G5_025_pianissimo_arco-normal.mp3,cello,strings,0.3135,44100,G5,79,pianissimo,arco-normal,1,0
cello/G5/cello_G5_05_forte_arco-normal.mp3,cello,strings,0.6269,44100,G5,79,forte,arco-normal,1,0
cello/G5/cello_G5_05_fortissimo_arco-normal.mp3,cello,strings,0.7314,44100,G5,79,fortissimo,arco-normal,1,0
cello/G5/cello_G5_05_mezzo-piano_arco-normal.mp3,cello,strings,0.7837,44100,G5,79,mezzo-piano,arco-normal,1,0
cello/G5/cello_G5_05_pianissimo_arco-normal.mp3,cello,strings,0.5747,44100,G5,79,pianissimo,arco-normal,1,0
cello/G5/cello_G5_15_forte_arco-normal.mp3,cello,strings,2.1159,44100,G5,79,forte,arco-normal,1,0
cello/G5/cello_G5_15_fortissimo_arco-normal.mp3,cello,strings,1.8547,44100,G5,79,fortissimo,arco-normal,1,0
cello/G5/cello_G5_15_mezzo-piano_arco-normal.mp3,cello,strings,2.2727,44100,G5,79,mezzo-piano,arco-normal,1,0
cello/G5/cello_G5_15_pianissimo_arco-normal.mp3,cello,strings,1.3061,44100,G5,79,pianissimo,arco-normal,1,0
cello/G5/cello_G5_1_forte_arco-normal.mp3,cello,strings,1.0972,44100,G5,79,forte,arco-normal,1,0
cello/G5/cello_G5_1_fortissimo_arco-normal.mp3,cello,strings,0.9665,44100,G5,79,fortissimo,arco-normal,1,0
cello/G5/cello_G5_1_mezzo-piano_arco-normal.mp3,cello,strings,1.071,44100,G5,79,mezzo-piano,arco-normal,1,0
cello/G5/cello_G5_1_pianissimo_arco-normal.mp3,cello,strings,0.8882,44100,G5,79,pianissimo,arco-normal,1,0
cello/Gs2/cello_Gs2_025_forte_arco-normal.mp3,cello,strings,0.6792,44100,Gs2,44,forte,arco-normal,1,0
cello/Gs2/cello_Gs2_025_fortissimo_arco-normal.mp3,cello,strings,0.5747,44100,Gs2,44,fortissimo,arco-normal,1,0
cello/Gs2/cello_Gs2_025_mezzo-piano_arco-normal.mp3,cello,strings,0.862,44100,Gs2,44,mezzo-piano,arco-normal,1,0
cello/Gs2/cello_Gs2_025_pianissimo_arco-normal.mp3,cello,strings,0.7053,44100,Gs2,44,pianissimo,arco-normal,1,0
cello/Gs2/cello_Gs2_05_forte_arco-normal.mp3,cello,strings,0.8359,44100,Gs2,44,forte,arco-normal,1,0
cello/Gs2/cello_Gs2_05_fortissimo_arco-normal.mp3,cello,strings,0.7053,44100,Gs2,44,fortissimo,arco-normal,1,0
cello/Gs2/cello_Gs2_05_mezzo-piano_arco-normal.mp3,cello,strings,0.8098,44100,Gs2,44,mezzo-piano,arco-normal,1,0
cello/Gs2/cello_Gs2_05_pianissimo_arco-normal.mp3,cello,strings,0.8882,44100,Gs2,44,pianissimo,arco-normal,1,0
cello/Gs2/cello_Gs2_15_forte_arco-normal.mp3,cello,strings,2.351,44100,Gs2,44,forte,arco-normal,1,0
cello/Gs2/cello_Gs2_15_fortissimo_arco-normal.mp3,cello,strings,2.0898,44100,Gs2,44,fortissimo,arco-normal,1,0
cello/Gs2/cello_Gs2_15_pianissimo_arco-normal.mp3,cello,strings,2.2727,44100,Gs2,44,pianissimo,arco-normal,1,0
cello/Gs2/cello_Gs2_15_piano_arco-normal.mp3,cello,strings,2.351,44100,Gs2,44,piano,arco-normal,1,0
cello/Gs2/cello_Gs2_1_forte_arco-normal.mp3,cello,strings,1.3322,44100,Gs2,44,forte,arco-normal,1,0
cello/Gs2/cello_Gs2_1_fortissimo_arco-normal.mp3,cello,strings,1.1494,44100,Gs2,44,fortissimo,arco-normal,1,0
cello/Gs2/cello_Gs2_1_mezzo-piano_arco-normal.mp3,cello,strings,1.3061,44100,Gs2,44,mezzo-piano,arco-normal,1,0
cello/Gs2/cello_Gs2_1_pianissimo_arco-normal.mp3,cello,strings,1.2539,44100,Gs2,44,pianissimo,arco-normal,1,0
cello/Gs3/cello_Gs3_025_forte_arco-normal.mp3,cello,strings,0.6531,44100,Gs3,56,forte,arco-normal,1,0
cello/Gs3/cello_Gs3_025_fortissimo_arco-normal.mp3,cello,strings,0.7053,44100,Gs3,56,fortissimo,arco-normal,1,0
cello/Gs3/cello_Gs3_025_mezzo-piano_arco-normal.mp3,cello,strings,0.7837,44100,Gs3,56,mezzo-piano,arco-normal,1,0
cello/Gs3/cello_Gs3_025_pianissimo_arco-normal.mp3,cello,strings,0.5747,44100,Gs3,56,pianissimo,arco-normal,1,0
cello/Gs3/cello_Gs3_05_forte_arco-normal.mp3,cello,strings,0.8359,44100,Gs3,56,forte,arco-normal,1,0
cello/Gs3/cello_Gs3_05_fortissimo_arco-normal.mp3,cello,strings,1.071,44100,Gs3,56,fortissimo,arco-normal,1,0
cello/Gs3/cello_Gs3_05_mezzo-piano_arco-normal.mp3,cello,strings,0.8359,44100,Gs3,56,mezzo-piano,arco-normal,1,0
cello/Gs3/cello_Gs3_05_pianissimo_arco-normal.mp3,cello,strings,0.7314,44100,Gs3,56,pianissimo,arco-normal,1,0
cello/Gs3/cello_Gs3_15_forte_arco-normal.mp3,cello,strings,2.4032,44100,Gs3,56,forte,arco-normal,1,0
cello/Gs3/cello_Gs3_15_fortissimo_arco-normal.mp3,cello,strings,2.0637,44100,Gs3,56,fortissimo,arco-normal,1,0
cello/Gs3/cello_Gs3_15_pianissimo_arco-normal.mp3,cello,strings,2.3249,44100,Gs3,56,pianissimo,arco-normal,1,0
cello/Gs3/cello_Gs3_15_piano_arco-normal.mp3,cello,strings,2.2988,44100,Gs3,56,piano,arco-normal,1,0
cello/Gs3/cello_Gs3_1_forte_arco-normal.mp3,cello,strings,1.2277,44100,Gs3,56,forte,arco-normal,1,0
cello/Gs3/cello_Gs3_1_mezzo-piano_arco-normal.mp3,cello,strings,1.2277,44100,Gs3,56,mezzo-piano,arco-normal,1,0
cello/Gs3/cello_Gs3_1_pianissimo_arco-normal.mp3,cello,strings,1.1233,44100,Gs3,56,pianissimo,arco-normal,1,0
cello/Gs4/cello_Gs4_025_forte_arco-normal.mp3,cello,strings,0.5747,44100,Gs4,68,forte,arco-normal,1,0
cello/Gs4/cello_Gs4_025_fortissimo_arco-normal.mp3,cello,strings,0.5486,44100,Gs4,68,fortissimo,arco-normal,1,0
cello/Gs4/cello_Gs4_025_mezzo-piano_arco-normal.mp3,cello,strings,0.7314,44100,Gs4,68,mezzo-piano,arco-normal,1,0
cello/Gs4/cello_Gs4_025_pianissimo_arco-normal.mp3,cello,strings,0.3918,44100,Gs4,68,pianissimo,arco-normal,1,0
cello/Gs4/cello_Gs4_05_forte_arco-normal.mp3,cello,strings,0.7576,44100,Gs4,68,forte,arco-normal,1,0
cello/Gs4/cello_Gs4_05_fortissimo_arco-normal.mp3,cello,strings,0.6531,44100,Gs4,68,fortissimo,arco-normal,1,0
cello/Gs4/cello_Gs4_05_mezzo-piano_arco-normal.mp3,cello,strings,0.6531,44100,Gs4,68,mezzo-piano,arco-normal,1,0
cello/Gs4/cello_Gs4_05_pianissimo_arco-normal.mp3,cello,strings,0.6008,44100,Gs4,68,pianissimo,arco-normal,1,0
cello/Gs4/cello_Gs4_15_forte_arco-normal.mp3,cello,strings,2.2204,44100,Gs4,68,forte,arco-normal,1,0
cello/Gs4/cello_Gs4_15_fortissimo_arco-normal.mp3,cello,strings,1.7763,44100,Gs4,68,fortissimo,arco-normal,1,0
cello/Gs4/cello_Gs4_15_mezzo-piano_arco-normal.mp3,cello,strings,2.4032,44100,Gs4,68,mezzo-piano,arco-normal,1,0
cello/Gs4/cello_Gs4_15_pianissimo_arco-normal.mp3,cello,strings,2.0376,44100,Gs4,68,pianissimo,arco-normal,1,0
cello/Gs4/cello_Gs4_1_forte_arco-normal.mp3,cello,strings,1.1494,44100,Gs4,68,forte,arco-normal,1,0
cello/Gs4/cello_Gs4_1_fortissimo_arco-normal.mp3,cello,strings,0.9927,44100,Gs4,68,fortissimo,arco-normal,1,0
cello/Gs4/cello_Gs4_1_mezzo-piano_arco-normal.mp3,cello,strings,1.3061,44100,Gs4,68,mezzo-piano,arco-normal,1,0
cello/Gs4/cello_Gs4_1_pianissimo_arco-normal.mp3,cello,strings,1.0449,44100,Gs4,68,pianissimo,arco-normal,1,0
cello/Gs5/cello_Gs5_025_forte_arco-normal.mp3,cello,strings,0.6008,44100,Gs5,80,forte,arco-normal,1,0
cello/Gs5/cello_Gs5_025_fortissimo_arco-normal.mp3,cello,strings,0.4179,44100,Gs5,80,fortissimo,arco-normal,1,0
cello/Gs5/cello_Gs5_025_mezzo-piano_arco-normal.mp3,cello,strings,0.4702,44100,Gs5,80,mezzo-piano,arco-normal,1,0
cello/Gs5/cello_Gs5_025_pianissimo_arco-normal.mp3,cello,strings,0.4963,44100,Gs5,80,pianissimo,arco-normal,1,0
cello/Gs5/cello_Gs5_05_forte_arco-normal.mp3,cello,strings,0.6008,44100,Gs5,80,forte,arco-normal,1,0
cello/Gs5/cello_Gs5_05_fortissimo_arco-normal.mp3,cello,strings,0.6531,44100,Gs5,80,fortissimo,arco-normal,1,0
cello/Gs5/cello_Gs5_05_mezzo-piano_arco-normal.mp3,cello,strings,0.7314,44100,Gs5,80,mezzo-piano,arco-normal,1,0
cello/Gs5/cello_Gs5_05_pianissimo_arco-normal.mp3,cello,strings,0.4441,44100,Gs5,80,pianissimo,arco-normal,1,0
cello/Gs5/cello_Gs5_15_forte_arco-normal.mp3,cello,strings,2.1159,44100,Gs5,80,forte,arco-normal,1,0
cello/Gs5/cello_Gs5_15_fortissimo_arco-normal.mp3,cello,strings,1.8547,44100,Gs5,80,fortissimo,arco-normal,1,0
cello/Gs5/cello_Gs5_15_mezzo-piano_arco-normal.mp3,cello,strings,2.3249,44100,Gs5,80,mezzo-piano,arco-normal,1,0
cello/Gs5/cello_Gs5_15_pianissimo_arco-normal.mp3,cello,strings,1.5673,44100,Gs5,80,pianissimo,arco-normal,1,0
cello/Gs5/cello_Gs5_1_forte_arco-normal.mp3,cello,strings,1.0972,44100,Gs5,80,forte,arco-normal,1,0
cello/Gs5/cello_Gs5_1_fortissimo_arco-normal.mp3,cello,strings,0.9404,44100,Gs5,80,fortissimo,arco-normal,1,0
cello/Gs5/cello_Gs5_1_mezzo-piano_arco-normal.mp3,cello,strings,1.2017,44100,Gs5,80,mezzo-piano,arco-normal,1,0
cello/Gs5/cello_Gs5_1_pianissimo_arco-normal.mp3,cello,strings,1.0188,44100,Gs5,80,pianissimo,arco-normal,1,0
clarinet/A3/clarinet_A3_025_forte_normal.mp3,clarinet,woodwind,0.4441,44100,A3,57,forte,normal,1,0
clarinet/A3/clarinet_A3_025_fortissimo_normal.mp3,clarinet,woodwind,0.3396,44100,A3,57,fortissimo,normal,1,0
clarinet/A3/clarinet_A3_025_pianissimo_normal.mp3,clarinet,woodwind,0.4964,44100,A3,57,pianissimo,normal,1,0
clarinet/A3/clarinet_A3_025_piano_normal.mp3,clarinet,woodwind,0.418,44100,A3,57,piano,normal,1,0
clarinet/A3/clarinet_A3_05_forte_normal.mp3,clarinet,woodwind,1.0711,44100,A3,57,forte,normal,1,0
clarinet/A3/clarinet_A3_05_fortissimo_normal.mp3,clarinet,woodwind,0.8882,44100,A3,57,fortissimo,normal,1,0
clarinet/A3/clarinet_A3_05_pianissimo_normal.mp3,clarinet,woodwind,1.0711,44100,A3,57,pianissimo,normal,1,0
clarinet/A3/clarinet_A3_05_piano_normal.mp3,clarinet,woodwind,1.0189,44100,A3,57,piano,normal,1,0
clarinet/A3/clarinet_A3_15_forte_normal.mp3,clarinet,woodwind,2.325,44100,A3,57,forte,normal,1,0
clarinet/A3/clarinet_A3_15_fortissimo_normal.mp3,clarinet,woodwind,2.0376,44100,A3,57,fortissimo,normal,1,0
clarinet/A3/clarinet_A3_15_pianissimo_normal.mp3,clarinet,woodwind,1.8547,44100,A3,57,pianissimo,normal,1,0
clarinet/A3/clarinet_A3_15_piano_normal.mp3,clarinet,woodwind,2.1683,44100,A3,57,piano,normal,1,0
clarinet/A3/clarinet_A3_1_forte_normal.mp3,clarinet,woodwind,1.6458,44100,A3,57,forte,normal,1,0
clarinet/A3/clarinet_A3_1_fortissimo_normal.mp3,clarinet,woodwind,1.6719,44100,A3,57,fortissimo,normal,1,0
clarinet/A3/clarinet_A3_1_pianissimo_normal.mp3,clarinet,woodwind,1.3584,44100,A3,57,pianissimo,normal,1,0
clarinet/A3/clarinet_A3_1_piano_normal.mp3,clarinet,woodwind,1.5151,44100,A3,57,piano,normal,1,0
clarinet/A4/clarinet_A4_025_forte_normal.mp3,clarinet,woodwind,0.418,44100,A4,69,forte,normal,1,0
clarinet/A4/clarinet_A4_025_fortissimo_normal.mp3,clarinet,woodwind,0.3396,44100,A4,69,fortissimo,normal,1,0
clarinet/A4/clarinet_A4_025_pianissimo_normal.mp3,clarinet,woodwind,0.5747,44100,A4,69,pianissimo,normal,1,0
clarinet/A4/clarinet_A4_025_piano_normal.mp3,clarinet,woodwind,0.418,44100,A4,69,piano,normal,1,0
clarinet/A4/clarinet_A4_05_forte_normal.mp3,clarinet,woodwind,1.045,44100,A4,69,forte,normal,1,0
clarinet/A4/clarinet_A4_05_fortissimo_normal.mp3,clarinet,woodwind,0.9928,44100,A4,69,fortissimo,normal,1,0
clarinet/A4/clarinet_A4_05_pianissimo_normal.mp3,clarinet,woodwind,1.0973,44100,A4,69,pianissimo,normal,1,0
clarinet/A4/clarinet_A4_05_piano_normal.mp3,clarinet,woodwind,1.0711,44100,A4,69,piano,normal,1,0
clarinet/A4/clarinet_A4_15_forte_normal.mp3,clarinet,woodwind,2.2989,44100,A4,69,forte,normal,1,0
clarinet/A4/clarinet_A4_15_fortissimo_normal.mp3,clarinet,woodwind,2.0376,44100,A4,69,fortissimo,normal,1,0
clarinet/A4/clarinet_A4_15_pianissimo_normal.mp3,clarinet,woodwind,2.1421,44100,A4,69,pianissimo,normal,1,0
clarinet/A4/clarinet_A4_15_piano_normal.mp3,clarinet,woodwind,2.2205,44100,A4,69,piano,normal,1,0
clarinet/A4/clarinet_A4_1_forte_normal.mp3,clarinet,woodwind,1.6458,44100,A4,69,forte,normal,1,0
clarinet/A4/clarinet_A4_1_fortissimo_normal.mp3,clarinet,woodwind,1.5151,44100,A4,69,fortissimo,normal,1,0
clarinet/A4/clarinet_A4_1_pianissimo_normal.mp3,clarinet,woodwind,1.5151,44100,A4,69,pianissimo,normal,1,0
clarinet/A4/clarinet_A4_1_piano_normal.mp3,clarinet,woodwind,1.5413,44100,A4,69,piano,normal,1,0
clarinet/A5/clarinet_A5_025_forte_normal.mp3,clarinet,woodwind,0.3396,44100,A5,81,forte,normal,1,0
clarinet/A5/clarinet_A5_025_fortissimo_normal.mp3,clarinet,woodwind,0.3396,44100,A5,81,fortissimo,normal,1,0
clarinet/A5/clarinet_A5_025_pianissimo_normal.mp3,clarinet,woodwind,0.418,44100,A5,81,pianissimo,normal,1,0
clarinet/A5/clarinet_A5_025_piano_normal.mp3,clarinet,woodwind,0.3919,44100,A5,81,piano,normal,1,0
clarinet/A5/clarinet_A5_05_forte_normal.mp3,clarinet,woodwind,0.9666,44100,A5,81,forte,normal,1,0
clarinet/A5/clarinet_A5_05_fortissimo_normal.mp3,clarinet,woodwind,0.9666,44100,A5,81,fortissimo,normal,1,0
clarinet/A5/clarinet_A5_05_pianissimo_normal.mp3,clarinet,woodwind,0.9666,44100,A5,81,pianissimo,normal,1,0
clarinet/A5/clarinet_A5_05_piano_normal.mp3,clarinet,woodwind,1.045,44100,A5,81,piano,normal,1,0
clarinet/A5/clarinet_A5_15_forte_normal.mp3,clarinet,woodwind,2.0638,44100,A5,81,forte,normal,1,0
clarinet/A5/clarinet_A5_15_fortissimo_normal.mp3,clarinet,woodwind,2.1421,44100,A5,81,fortissimo,normal,1,0
clarinet/A5/clarinet_A5_15_pianissimo_normal.mp3,clarinet,woodwind,1.8547,44100,A5,81,pianissimo,normal,1,0
clarinet/A5/clarinet_A5_15_piano_normal.mp3,clarinet,woodwind,2.0899,44100,A5,81,piano,normal,1,0
clarinet/A5/clarinet_A5_1_forte_normal.mp3,clarinet,woodwind,1.5413,44100,A5,81,forte,normal,1,0
clarinet/A5/clarinet_A5_1_fortissimo_normal.mp3,clarinet,woodwind,1.6458,44100,A5,81,fortissimo,normal,1,0
clarinet/A5/clarinet_A5_1_pianissimo_normal.mp3,clarinet,woodwind,1.3061,44100,A5,81,pianissimo,normal,1,0
clarinet/A5/clarinet_A5_1_piano_normal.mp3,clarinet,woodwind,1.489,44100,A5,81,piano,normal,1,0
clarinet/A6/clarinet_A6_025_forte_normal.mp3,clarinet,woodwind,0.3396,44100,A6,93,forte,normal,1,0
clarinet/A6/clarinet_A6_025_fortissimo_normal.mp3,clarinet,woodwind,0.3396,44100,A6,93,fortissimo,normal,1,0
clarinet/A6/clarinet_A6_025_pianissimo_normal.mp3,clarinet,woodwind,0.418,44100,A6,93,pianissimo,normal,1,0
clarinet/A6/clarinet_A6_025_piano_normal.mp3,clarinet,woodwind,0.3658,44100,A6,93,piano,normal,1,0
clarinet/A6/clarinet_A6_05_forte_normal.mp3,clarinet,woodwind,0.8882,44100,A6,93,forte,normal,1,0
clarinet/A6/clarinet_A6_05_fortissimo_normal.mp3,clarinet,woodwind,0.9405,44100,A6,93,fortissimo,normal,1,0
clarinet/A6/clarinet_A6_05_pianissimo_normal.mp3,clarinet,woodwind,0.9928,44100,A6,93,pianissimo,normal,1,0
clarinet/A6/clarinet_A6_05_piano_normal.mp3,clarinet,woodwind,1.0189,44100,A6,93,piano,normal,1,0
clarinet/A6/clarinet_A6_15_forte_normal.mp3,clarinet,woodwind,2.1683,44100,A6,93,forte,normal,1,0
clarinet/A6/clarinet_A6_15_fortissimo_normal.mp3,clarinet,woodwind,1.9854,44100,A6,93,fortissimo,normal,1,0
clarinet/A6/clarinet_A6_15_pianissimo_normal.mp3,clarinet,woodwind,1.8809,44100,A6,93,pianissimo,normal,1,0
clarinet/A6/clarinet_A6_15_piano_normal.mp3,clarinet,woodwind,2.1421,44100,A6,93,piano,normal,1,0
clarinet/A6/clarinet_A6_1_forte_normal.mp3,clarinet,woodwind,1.5413,44100,A6,93,forte,normal,1,0
clarinet/A6/clarinet_A6_1_fortissimo_normal.mp3,clarinet,woodwind,1.4629,44100,A6,93,fortissimo,normal,1,0
clarinet/A6/clarinet_A6_1_pianissimo_normal.mp3,clarinet,woodwind,1.5674,44100,A6,93,pianissimo,normal,1,0
clarinet/A6/clarinet_A6_1_piano_normal.mp3,clarinet,woodwind,1.6458,44100,A6,93,piano,normal,1,0
clarinet/As3/clarinet_As3_025_forte_normal.mp3,clarinet,woodwind,0.4441,44100,As3,58,forte,normal,1,0
clarinet/As3/clarinet_As3_025_fortissimo_normal.mp3,clarinet,woodwind,0.3919,44100,As3,58,fortissimo,normal,1,0
clarinet/As3/clarinet_As3_025_pianissimo_normal.mp3,clarinet,woodwind,0.5747,44100,As3,58,pianissimo,normal,1,0
clarinet/As3/clarinet_As3_025_piano_normal.mp3,clarinet,woodwind,0.4703,44100,As3,58,piano,normal,1,0
clarinet/As3/clarinet_As3_05_forte_normal.mp3,clarinet,woodwind,1.1756,44100,As3,58,forte,normal,1,0
clarinet/As3/clarinet_As3_05_fortissimo_normal.mp3,clarinet,woodwind,1.045,44100,As3,58,fortissimo,normal,1,0
clarinet/As3/clarinet_As3_05_pianissimo_normal.mp3,clarinet,woodwind,1.28,44100,As3,58,pianissimo,normal,1,0
clarinet/As3/clarinet_As3_05_piano_normal.mp3,clarinet,woodwind,1.0711,44100,As3,58,piano,normal,1,0
clarinet/As3/clarinet_As3_15_forte_normal.mp3,clarinet,woodwind,2.325,44100,As3,58,forte,normal,1,0
clarinet/As3/clarinet_As3_15_fortissimo_normal.mp3,clarinet,woodwind,2.2205,44100,As3,58,fortissimo,normal,1,0
clarinet/As3/clarinet_As3_15_pianissimo_normal.mp3,clarinet,woodwind,2.2989,44100,As3,58,pianissimo,normal,1,0
clarinet/As3/clarinet_As3_15_piano_normal.mp3,clarinet,woodwind,2.2466,44100,As3,58,piano,normal,1,0
clarinet/As3/clarinet_As3_1_forte_normal.mp3,clarinet,woodwind,1.7764,44100,As3,58,forte,normal,1,0
clarinet/As3/clarinet_As3_1_fortissimo_normal.mp3,clarinet,woodwind,1.5674,44100,As3,58,fortissimo,normal,1,0
clarinet/As3/clarinet_As3_1_pianissimo_normal.mp3,clarinet,woodwind,1.6719,44100,As3,58,pianissimo,normal,1,0
clarinet/As3/clarinet_As3_1_piano_normal.mp3,clarinet,woodwind,1.5674,44100,As3,58,piano,normal,1,0
clarinet/As4/clarinet_As4_025_forte_normal.mp3,clarinet,woodwind,0.418,44100,As4,70,forte,normal,1,0
clarinet/As4/clarinet_As4_025_fortissimo_normal.mp3,clarinet,woodwind,0.3396,44100,As4,70,fortissimo,normal,1,0
clarinet/As4/clarinet_As4_025_pianissimo_normal.mp3,clarinet,woodwind,0.5747,44100,As4,70,pianissimo,normal,1,0
clarinet/As4/clarinet_As4_025_piano_normal.mp3,clarinet,woodwind,0.3658,44100,As4,70,piano,normal,1,0
clarinet/As4/clarinet_As4_05_forte_normal.mp3,clarinet,woodwind,0.9928,44100,As4,70,forte,normal,1,0
clarinet/As4/clarinet_As4_05_fortissimo_normal.mp3,clarinet,woodwind,0.9144,44100,As4,70,fortissimo,normal,1,0
clarinet/As4/clarinet_As4_05_pianissimo_normal.mp3,clarinet,woodwind,1.1234,44100,As4,70,pianissimo,normal,1,0
clarinet/As4/clarinet_As4_05_piano_normal.mp3,clarinet,woodwind,1.0973,44100,As4,70,piano,normal,1,0
clarinet/As4/clarinet_As4_15_forte_normal.mp3,clarinet,woodwind,2.0638,44100,As4,70,forte,normal,1,0
clarinet/As4/clarinet_As4_15_fortissimo_normal.mp3,clarinet,woodwind,2.1421,44100,As4,70,fortissimo,normal,1,0
clarinet/As4/clarinet_As4_15_pianissimo_normal.mp3,clarinet,woodwind,2.1683,44100,As4,70,pianissimo,normal,1,0
clarinet/As4/clarinet_As4_15_piano_normal.mp3,clarinet,woodwind,2.1944,44100,As4,70,piano,normal,1,0
clarinet/As4/clarinet_As4_1_forte_normal.mp3,clarinet,woodwind,1.5151,44100,As4,70,forte,normal,1,0
clarinet/As4/clarinet_As4_1_fortissimo_normal.mp3,clarinet,woodwind,1.489,44100,As4,70,fortissimo,normal,1,0
clarinet/As4/clarinet_As4_1_pianissimo_normal.mp3,clarinet,woodwind,1.6458,44100,As4,70,pianissimo,normal,1,0
clarinet/As4/clarinet_As4_1_piano_normal.mp3,clarinet,woodwind,1.6196,44100,As4,70,piano,normal,1,0
clarinet/As4/clarinet_As4_phrase_mezzo-forte_normal.mp3,clarinet,woodwind,2.6645,44100,As4,70,mezzo-forte,normal,1,1
clarinet/As5/clarinet_As5_025_forte_normal.mp3,clarinet,woodwind,0.3396,44100,As5,82,forte,normal,1,0
clarinet/As5/clarinet_As5_025_fortissimo_normal.mp3,clarinet,woodwind,0.3658,44100,As5,82,fortissimo,normal,1,0
clarinet/As5/clarinet_As5_025_pianissimo_normal.mp3,clarinet,woodwind,0.3919,44100,As5,82,pianissimo,normal,1,0
clarinet/As5/clarinet_As5_025_piano_normal.mp3,clarinet,woodwind,0.3919,44100,As5,82,piano,normal,1,0
clarinet/As5/clarinet_As5_05_forte_normal.mp3,clarinet,woodwind,0.9405,44100,As5,82,forte,normal,1,0
clarinet/As5/clarinet_As5_05_fortissimo_normal.mp3,clarinet,woodwind,0.9928,44100,As5,82,fortissimo,normal,1,0
clarinet/As5/clarinet_As5_05_pianissimo_normal.mp3,clarinet,woodwind,0.9405,44100,As5,82,pianissimo,normal,1,0
clarinet/As5/clarinet_As5_05_piano_normal.mp3,clarinet,woodwind,0.9666,44100,As5,82,piano,normal,1,0
clarinet/As5/clarinet_As5_15_forte_normal.mp3,clarinet,woodwind,2.0638,44100,As5,82,forte,normal,1,0
clarinet/As5/clarinet_As5_15_fortissimo_normal.mp3,clarinet,woodwind,2.1683,44100,As5,82,fortissimo,normal,1,0
clarinet/As5/clarinet_As5_15_pianissimo_normal.mp3,clarinet,woodwind,2.0115,44100,As5,82,pianissimo,normal,1,0
clarinet/As5/clarinet_As5_15_piano_normal.mp3,clarinet,woodwind,2.0376,44100,As5,82,piano,normal,1,0
clarinet/As5/clarinet_As5_1_forte_normal.mp3,clarinet,woodwind,1.6196,44100,As5,82,forte,normal,1,0
clarinet/As5/clarinet_As5_1_fortissimo_normal.mp3,clarinet,woodwind,1.7241,44100,As5,82,fortissimo,normal,1,0
clarinet/As5/clarinet_As5_1_pianissimo_normal.mp3,clarinet,woodwind,1.3845,44100,As5,82,pianissimo,normal,1,0
clarinet/As5/clarinet_As5_1_piano_normal.mp3,clarinet,woodwind,1.5935,44100,As5,82,piano,normal,1,0
clarinet/As5/clarinet_As5_very-long_cresc-decresc_normal.mp3,clarinet,woodwind,12.7479,44100,As5,82,cresc-decresc,normal,1,0
clarinet/As6/clarinet_As6_025_forte_normal.mp3,clarinet,woodwind,0.4964,44100,As6,94,forte,normal,1,0
clarinet/As6/clarinet_As6_025_fortissimo_normal.mp3,clarinet,woodwind,0.3396,44100,As6,94,fortissimo,normal,1,0
clarinet/As6/clarinet_As6_025_pianissimo_normal.mp3,clarinet,woodwind,0.418,44100,As6,94,pianissimo,normal,1,0
clarinet/As6/clarinet_As6_025_piano_normal.mp3,clarinet,woodwind,0.3919,44100,As6,94,piano,normal,1,0
clarinet/As6/clarinet_As6_05_forte_normal.mp3,clarinet,woodwind,0.9666,44100,As6,94,forte,normal,1,0
clarinet/As6/clarinet_As6_05_fortissimo_normal.mp3,clarinet,woodwind,0.9928,44100,As6,94,fortissimo,normal,1,0
clarinet/As6/clarinet_As6_05_pianissimo_normal.mp3,clarinet,woodwind,0.8882,44100,As6,94,pianissimo,normal,1,0
clarinet/As6/clarinet_As6_05_piano_normal.mp3,clarinet,woodwind,0.9666,44100,As6,94,piano,normal,1,0
clarinet/As6/clarinet_As6_15_forte_normal.mp3,clarinet,woodwind,1.9331,44100,As6,94,forte,normal,1,0
clarinet/As6/clarinet_As6_15_fortissimo_normal.mp3,clarinet,woodwind,1.9331,44100,As6,94,fortissimo,normal,1,0
clarinet/As6/clarinet_As6_15_pianissimo_normal.mp3,clarinet,woodwind,1.8286,44100,As6,94,pianissimo,normal,1,0
clarinet/As6/clarinet_As6_15_piano_normal.mp3,clarinet,woodwind,2.0115,44100,As6,94,piano,normal,1,0
clarinet/As6/clarinet_As6_1_forte_normal.mp3,clarinet,woodwind,1.4106,44100,As6,94,forte,normal,1,0
clarinet/As6/clarinet_As6_1_fortissimo_normal.mp3,clarinet,woodwind,1.4367,44100,As6,94,fortissimo,normal,1,0
clarinet/As6/clarinet_As6_1_pianissimo_normal.mp3,clarinet,woodwind,1.3061,44100,As6,94,pianissimo,normal,1,0
clarinet/As6/clarinet_As6_1_piano_normal.mp3,clarinet,woodwind,1.489,44100,As6,94,piano,normal,1,0
clarinet/B3/clarinet_B3_025_forte_normal.mp3,clarinet,woodwind,0.4441,44100,B3,59,forte,normal,1,0
clarinet/B3/clarinet_B3_025_fortissimo_normal.mp3,clarinet,woodwind,0.3658,44100,B3,59,fortissimo,normal,1,0
clarinet/B3/clarinet_B3_025_pianissimo_normal.mp3,clarinet,woodwind,0.6531,44100,B3,59,pianissimo,normal,1,0
clarinet/B3/clarinet_B3_025_piano_normal.mp3,clarinet,woodwind,0.4703,44100,B3,59,piano,normal,1,0
clarinet/B3/clarinet_B3_05_forte_normal.mp3,clarinet,woodwind,1.1234,44100,B3,59,forte,normal,1,0
clarinet/B3/clarinet_B3_05_fortissimo_normal.mp3,clarinet,woodwind,1.0189,44100,B3,59,fortissimo,normal,1,0
clarinet/B3/clarinet_B3_05_pianissimo_normal.mp3,clarinet,woodwind,1.1756,44100,B3,59,pianissimo,normal,1,0
clarinet/B3/clarinet_B3_05_piano_normal.mp3,clarinet,woodwind,1.0711,44100,B3,59,piano,normal,1,0
clarinet/B3/clarinet_B3_15_forte_normal.mp3,clarinet,woodwind,2.2466,44100,B3,59,forte,normal,1,0
clarinet/B3/clarinet_B3_15_fortissimo_normal.mp3,clarinet,woodwind,2.1683,44100,B3,59,fortissimo,normal,1,0
clarinet/B3/clarinet_B3_15_pianissimo_normal.mp3,clarinet,woodwind,2.1683,44100,B3,59,pianissimo,normal,1,0
clarinet/B3/clarinet_B3_15_piano_normal.mp3,clarinet,woodwind,2.2989,44100,B3,59,piano,normal,1,0
clarinet/B3/clarinet_B3_1_forte_normal.mp3,clarinet,woodwind,1.8025,44100,B3,59,forte,normal,1,0
clarinet/B3/clarinet_B3_1_fortissimo_normal.mp3,clarinet,woodwind,1.6458,44100,B3,59,fortissimo,normal,1,0
clarinet/B3/clarinet_B3_1_pianissimo_normal.mp3,clarinet,woodwind,1.6458,44100,B3,59,pianissimo,normal,1,0
clarinet/B3/clarinet_B3_1_piano_normal.mp3,clarinet,woodwind,1.7241,44100,B3,59,piano,normal,1,0
clarinet/B3/clarinet_B3_very-long_cresc-decresc_normal.mp3,clarinet,woodwind,13.1396,44100,B3,59,cresc-decresc,normal,1,0
clarinet/B4/clarinet_B4_025_forte_normal.mp3,clarinet,woodwind,0.3919,44100,B4,71,forte,normal,1,0
clarinet/B4/clarinet_B4_025_fortissimo_normal.mp3,clarinet,woodwind,0.9928,44100,B4,71,fortissimo,normal,1,0
clarinet/B4/clarinet_B4_025_pianissimo_normal.mp3,clarinet,woodwind,0.5486,44100,B4,71,pianissimo,normal,1,0
clarinet/B4/clarinet_B4_025_piano_normal.mp3,clarinet,woodwind,0.3658,44100,B4,71,piano,normal,1,0
clarinet/B4/clarinet_B4_05_forte_normal.mp3,clarinet,woodwind,1.0189,44100,B4,71,forte,normal,1,0
clarinet/B4/clarinet_B4_05_fortissimo_normal.mp3,clarinet,woodwind,1.5413,44100,B4,71,fortissimo,normal,1,0
clarinet/B4/clarinet_B4_05_pianissimo_normal.mp3,clarinet,woodwind,1.1234,44100,B4,71,pianissimo,normal,1,0
clarinet/B4/clarinet_B4_05_piano_normal.mp3,clarinet,woodwind,1.045,44100,B4,71,piano,normal,1,0
clarinet/B4/clarinet_B4_15_forte_normal.mp3,clarinet,woodwind,2.116,44100,B4,71,forte,normal,1,0
clarinet/B4/clarinet_B4_15_pianissimo_normal.mp3,clarinet,woodwind,2.1421,44100,B4,71,pianissimo,normal,1,0
clarinet/B4/clarinet_B4_15_piano_normal.mp3,clarinet,woodwind,2.0899,44100,B4,71,piano,normal,1,0
clarinet/B4/clarinet_B4_1_forte_normal.mp3,clarinet,woodwind,1.489,44100,B4,71,forte,normal,1,0
clarinet/B4/clarinet_B4_1_fortissimo_normal.mp3,clarinet,woodwind,2.1944,44100,B4,71,fortissimo,normal,1,0
clarinet/B4/clarinet_B4_1_pianissimo_normal.mp3,clarinet,woodwind,1.5935,44100,B4,71,pianissimo,normal,1,0
clarinet/B4/clarinet_B4_1_piano_normal.mp3,clarinet,woodwind,1.5413,44100,B4,71,piano,normal,1,0
clarinet/B4/clarinet_B4_phrase_forte_normal.mp3,clarinet,woodwind,8.0196,44100,B4,71,forte,normal,1,1
clarinet/B4/clarinet_B4_phrase_mezzo-forte_normal.mp3,clarinet,woodwind,2.7168,44100,B4,71,mezzo-forte,normal,1,1
clarinet/B4/clarinet_B4_very-long_cresc-decresc_normal.mp3,clarinet,woodwind,11.1805,44100,B4,71,cresc-decresc,normal,1,0
clarinet/B5/clarinet_B5_025_forte_normal.mp3,clarinet,woodwind,0.3135,44100,B5,83,forte,normal,1,0
clarinet/B5/clarinet_B5_025_fortissimo_normal.mp3,clarinet,woodwind,0.3396,44100,B5,83,fortissimo,normal,1,0
clarinet/B5/clarinet_B5_025_pianissimo_normal.mp3,clarinet,woodwind,0.3396,44100,B5,83,pianissimo,normal,1,0
clarinet/B5/clarinet_B5_025_piano_normal.mp3,clarinet,woodwind,0.3658,44100,B5,83,piano,normal,1,0
clarinet/B5/clarinet_B5_05_forte_normal.mp3,clarinet,woodwind,0.9144,44100,B5,83,forte,normal,1,0
clarinet/B5/clarinet_B5_05_fortissimo_normal.mp3,clarinet,woodwind,0.8882,44100,B5,83,fortissimo,normal,1,0
clarinet/B5/clarinet_B5_05_pianissimo_normal.mp3,clarinet,woodwind,0.9928,44100,B5,83,pianissimo,normal,1,0
clarinet/B5/clarinet_B5_05_piano_normal.mp3,clarinet,woodwind,1.045,44100,B5,83,piano,normal,1,0
clarinet/B5/clarinet_B5_15_forte_normal.mp3,clarinet,woodwind,2.0115,44100,B5,83,forte,normal,1,0
clarinet/B5/clarinet_B5_15_fortissimo_normal.mp3,clarinet,woodwind,2.0115,44100,B5,83,fortissimo,normal,1,0
clarinet/B5/clarinet_B5_15_pianissimo_normal.mp3,clarinet,woodwind,1.7241,44100,B5,83,pianissimo,normal,1,0
clarinet/B5/clarinet_B5_15_piano_normal.mp3,clarinet,woodwind,2.1944,44100,B5,83,piano,normal,1,0
clarinet/B5/clarinet_B5_1_forte_normal.mp3,clarinet,woodwind,1.5151,44100,B5,83,forte,normal,1,0
clarinet/B5/clarinet_B5_1_fortissimo_normal.mp3,clarinet,woodwind,1.5413,44100,B5,83,fortissimo,normal,1,0
clarinet/B5/clarinet_B5_1_pianissimo_normal.mp3,clarinet,woodwind,1.28,44100,B5,83,pianissimo,normal,1,0
clarinet/B5/clarinet_B5_1_piano_normal.mp3,clarinet,woodwind,1.5674,44100,B5,83,piano,normal,1,0
clarinet/B5/clarinet_B5_very-long_cresc-decresc_normal.mp3,clarinet,woodwind,8.4115,44100,B5,83,cresc-decresc,normal,1,0
clarinet/B6/clarinet_B6_025_forte_normal.mp3,clarinet,woodwind,0.3919,44100,B6,95,forte,normal,1,0
clarinet/B6/clarinet_B6_025_fortissimo_normal.mp3,clarinet,woodwind,0.3396,44100,B6,95,fortissimo,normal,1,0
clarinet/B6/clarinet_B6_025_pianissimo_normal.mp3,clarinet,woodwind,0.3919,44100,B6,95,pianissimo,normal,1,0
clarinet/B6/clarinet_B6_025_piano_normal.mp3,clarinet,woodwind,0.3396,44100,B6,95,piano,normal,1,0
clarinet/B6/clarinet_B6_05_forte_normal.mp3,clarinet,woodwind,0.9666,44100,B6,95,forte,normal,1,0
clarinet/B6/clarinet_B6_05_fortissimo_normal.mp3,clarinet,woodwind,1.0189,44100,B6,95,fortissimo,normal,1,0
clarinet/B6/clarinet_B6_05_pianissimo_normal.mp3,clarinet,woodwind,0.9666,44100,B6,95,pianissimo,normal,1,0
clarinet/B6/clarinet_B6_05_piano_normal.mp3,clarinet,woodwind,0.9666,44100,B6,95,piano,normal,1,0
clarinet/B6/clarinet_B6_15_forte_normal.mp3,clarinet,woodwind,1.8809,44100,B6,95,forte,normal,1,0
clarinet/B6/clarinet_B6_15_fortissimo_normal.mp3,clarinet,woodwind,1.9854,44100,B6,95,fortissimo,normal,1,0
clarinet/B6/clarinet_B6_15_pianissimo_normal.mp3,clarinet,woodwind,1.7241,44100,B6,95,pianissimo,normal,1,0
clarinet/B6/clarinet_B6_15_piano_normal.mp3,clarinet,woodwind,2.0638,44100,B6,95,piano,normal,1,0
clarinet/B6/clarinet_B6_1_forte_normal.mp3,clarinet,woodwind,1.5151,44100,B6,95,forte,normal,1,0
clarinet/B6/clarinet_B6_1_fortissimo_normal.mp3,clarinet,woodwind,1.4629,44100,B6,95,fortissimo,normal,1,0
clarinet/B6/clarinet_B6_1_pianissimo_normal.mp3,clarinet,woodwind,1.2279,44100,B6,95,pianissimo,normal,1,0
clarinet/B6/clarinet_B6_1_piano_normal.mp3,clarinet,woodwind,1.5674,44100,B6,95,piano,normal,1,0
clarinet/C4/clarinet_C4_025_forte_normal.mp3,clarinet,woodwind,0.4441,44100,C4,60,forte,normal,1,0
clarinet/C4/clarinet_C4_025_fortissimo_normal.mp3,clarinet,woodwind,0.3919,44100,C4,60,fortissimo,normal,1,0
clarinet/C4/clarinet_C4_025_pianissimo_normal.mp3,clarinet,woodwind,0.6009,44100,C4,60,pianissimo,normal,1,0
clarinet/C4/clarinet_C4_025_piano_normal.mp3,clarinet,woodwind,0.4703,44100,C4,60,piano,normal,1,0
clarinet/C4/clarinet_C4_05_forte_normal.mp3,clarinet,woodwind,1.0973,44100,C4,60,forte,normal,1,0
clarinet/C4/clarinet_C4_05_fortissimo_normal.mp3,clarinet,woodwind,1.0711,44100,C4,60,fortissimo,normal,1,0
clarinet/C4/clarinet_C4_05_pianissimo_normal.mp3,clarinet,woodwind,1.2018,44100,C4,60,pianissimo,normal,1,0
clarinet/C4/clarinet_C4_05_piano_normal.mp3,clarinet,woodwind,1.0973,44100,C4,60,piano,normal,1,0
clarinet/C4/clarinet_C4_15_forte_normal.mp3,clarinet,woodwind,2.325,44100,C4,60,forte,normal,1,0
clarinet/C4/clarinet_C4_15_fortissimo_normal.mp3,clarinet,woodwind,2.116,44100,C4,60,fortissimo,normal,1,0
clarinet/C4/clarinet_C4_15_pianissimo_normal.mp3,clarinet,woodwind,2.4556,44100,C4,60,pianissimo,normal,1,0
clarinet/C4/clarinet_C4_15_piano_normal.mp3,clarinet,woodwind,2.116,44100,C4,60,piano,normal,1,0
clarinet/C4/clarinet_C4_1_forte_normal.mp3,clarinet,woodwind,1.6458,44100,C4,60,forte,normal,1,0
clarinet/C4/clarinet_C4_1_fortissimo_normal.mp3,clarinet,woodwind,1.6719,44100,C4,60,fortissimo,normal,1,0
clarinet/C4/clarinet_C4_1_pianissimo_normal.mp3,clarinet,woodwind,1.5413,44100,C4,60,pianissimo,normal,1,0
clarinet/C4/clarinet_C4_1_piano_normal.mp3,clarinet,woodwind,1.5935,44100,C4,60,piano,normal,1,0
clarinet/C5/clarinet_C5_025_forte_normal.mp3,clarinet,woodwind,0.3919,44100,C5,72,forte,normal,1,0
clarinet/C5/clarinet_C5_025_fortissimo_normal.mp3,clarinet,woodwind,0.3658,44100,C5,72,fortissimo,normal,1,0
clarinet/C5/clarinet_C5_025_pianissimo_normal.mp3,clarinet,woodwind,0.4964,44100,C5,72,pianissimo,normal,1,0
clarinet/C5/clarinet_C5_025_piano_normal.mp3,clarinet,woodwind,0.3658,44100,C5,72,piano,normal,1,0
clarinet/C5/clarinet_C5_05_forte_normal.mp3,clarinet,woodwind,1.0189,44100,C5,72,forte,normal,1,0
clarinet/C5/clarinet_C5_05_fortissimo_normal.mp3,clarinet,woodwind,1.0711,44100,C5,72,fortissimo,normal,1,0
clarinet/C5/clarinet_C5_05_pianissimo_normal.mp3,clarinet,woodwind,1.1495,44100,C5,72,pianissimo,normal,1,0
clarinet/C5/clarinet_C5_05_piano_normal.mp3,clarinet,woodwind,1.045,44100,C5,72,piano,normal,1,0
clarinet/C5/clarinet_C5_15_forte_normal.mp3,clarinet,woodwind,2.2466,44100,C5,72,forte,normal,1,0
clarinet/C5/clarinet_C5_15_pianissimo_normal.mp3,clarinet,woodwind,2.0638,44100,C5,72,pianissimo,normal,1,0
clarinet/C5/clarinet_C5_15_piano_normal.mp3,clarinet,woodwind,2.2466,44100,C5,72,piano,normal,1,0
clarinet/C5/clarinet_C5_1_forte_normal.mp3,clarinet,woodwind,1.5413,44100,C5,72,forte,normal,1,0
clarinet/C5/clarinet_C5_1_pianissimo_normal.mp3,clarinet,woodwind,1.5674,44100,C5,72,pianissimo,normal,1,0
clarinet/C5/clarinet_C5_1_piano_normal.mp3,clarinet,woodwind,1.5674,44100,C5,72,piano,normal,1,0
clarinet/C5/clarinet_C5_phrase_mezzo-forte_normal.mp3,clarinet,woodwind,2.8996,44100,C5,72,mezzo-forte,normal,1,1
clarinet/C6/clarinet_C6_025_forte_normal.mp3,clarinet,woodwind,0.3396,44100,C6,84,forte,normal,1,0
clarinet/C6/clarinet_C6_025_fortissimo_normal.mp3,clarinet,woodwind,0.3396,44100,C6,84,fortissimo,normal,1,0
clarinet/C6/clarinet_C6_025_pianissimo_normal.mp3,clarinet,woodwind,0.3919,44100,C6,84,pianissimo,normal,1,0
clarinet/C6/clarinet_C6_025_piano_normal.mp3,clarinet,woodwind,0.3396,44100,C6,84,piano,normal,1,0
clarinet/C6/clarinet_C6_05_forte_normal.mp3,clarinet,woodwind,1.0189,44100,C6,84,forte,normal,1,0
clarinet/C6/clarinet_C6_05_fortissimo_normal.mp3,clarinet,woodwind,0.9405,44100,C6,84,fortissimo,normal,1,0
clarinet/C6/clarinet_C6_05_pianissimo_normal.mp3,clarinet,woodwind,0.9405,44100,C6,84,pianissimo,normal,1,0
clarinet/C6/clarinet_C6_05_piano_normal.mp3,clarinet,woodwind,0.9928,44100,C6,84,piano,normal,1,0
clarinet/C6/clarinet_C6_15_forte_normal.mp3,clarinet,woodwind,2.0115,44100,C6,84,forte,normal,1,0
clarinet/C6/clarinet_C6_15_fortissimo_normal.mp3,clarinet,woodwind,2.0376,44100,C6,84,fortissimo,normal,1,0
clarinet/C6/clarinet_C6_15_pianissimo_normal.mp3,clarinet,woodwind,1.8025,44100,C6,84,pianissimo,normal,1,0
clarinet/C6/clarinet_C6_15_piano_normal.mp3,clarinet,woodwind,2.0115,44100,C6,84,piano,normal,1,0
clarinet/C6/clarinet_C6_1_forte_normal.mp3,clarinet,woodwind,1.5674,44100,C6,84,forte,normal,1,0
clarinet/C6/clarinet_C6_1_fortissimo_normal.mp3,clarinet,woodwind,1.3584,44100,C6,84,fortissimo,normal,1,0
clarinet/C6/clarinet_C6_1_pianissimo_normal.mp3,clarinet,woodwind,1.2279,44100,C6,84,pianissimo,normal,1,0
clarinet/C6/clarinet_C6_1_piano_normal.mp3,clarinet,woodwind,1.5674,44100,C6,84,piano,normal,1,0
clarinet/C7/clarinet_C7_025_forte_normal.mp3,clarinet,woodwind,0.3658,44100,C7,96,forte,normal,1,0
clarinet/C7/clarinet_C7_025_fortissimo_normal.mp3,clarinet,woodwind,0.3396,44100,C7,96,fortissimo,normal,1,0
clarinet/C7/clarinet_C7_025_pianissimo_normal.mp3,clarinet,woodwind,0.3396,44100,C7,96,pianissimo,normal,1,0
clarinet/C7/clarinet_C7_025_piano_normal.mp3,clarinet,woodwind,0.3135,44100,C7,96,piano,normal,1,0
clarinet/C7/clarinet_C7_05_forte_normal.mp3,clarinet,woodwind,1.0189,44100,C7,96,forte,normal,1,0
clarinet/C7/clarinet_C7_05_fortissimo_normal.mp3,clarinet,woodwind,1.045,44100,C7,96,fortissimo,normal,1,0
clarinet/C7/clarinet_C7_05_pianissimo_normal.mp3,clarinet,woodwind,0.9144,44100,C7,96,pianissimo,normal,1,0
clarinet/C7/clarinet_C7_05_piano_normal.mp3,clarinet,woodwind,0.8882,44100,C7,96,piano,normal,1,0
clarinet/C7/clarinet_C7_15_forte_normal.mp3,clarinet,woodwind,2.3511,44100,C7,96,forte,normal,1,0
clarinet/C7/clarinet_C7_15_fortissimo_normal.mp3,clarinet,woodwind,2.1421,44100,C7,96,fortissimo,normal,1,0
clarinet/C7/clarinet_C7_15_pianissimo_normal.mp3,clarinet,woodwind,2.0638,44100,C7,96,pianissimo,normal,1,0
clarinet/C7/clarinet_C7_15_piano_normal.mp3,clarinet,woodwind,2.2989,44100,C7,96,piano,normal,1,0
clarinet/C7/clarinet_C7_1_forte_normal.mp3,clarinet,woodwind,1.5674,44100,C7,96,forte,normal,1,0
clarinet/C7/clarinet_C7_1_fortissimo_normal.mp3,clarinet,woodwind,1.6196,44100,C7,96,fortissimo,normal,1,0
clarinet/C7/clarinet_C7_1_pianissimo_normal.mp3,clarinet,woodwind,1.2279,44100,C7,96,pianissimo,normal,1,0
clarinet/C7/clarinet_C7_1_piano_normal.mp3,clarinet,woodwind,1.4629,44100,C7,96,piano,normal,1,0
clarinet/Cs4/clarinet_Cs4_025_forte_normal.mp3,clarinet,woodwind,0.3919,44100,Cs4,61,forte,normal,1,0
clarinet/Cs4/clarinet_Cs4_025_fortissimo_normal.mp3,clarinet,woodwind,0.3396,44100,Cs4,61,fortissimo,normal,1,0
clarinet/Cs4/clarinet_Cs4_025_pianissimo_normal.mp3,clarinet,woodwind,0.6009,44100,Cs4,61,pianissimo,normal,1,0
clarinet/Cs4/clarinet_Cs4_025_piano_normal.mp3,clarinet,woodwind,0.4441,44100,Cs4,61,piano,normal,1,0
clarinet/Cs4/clarinet_Cs4_05_forte_normal.mp3,clarinet,woodwind,1.1234,44100,Cs4,61,forte,normal,1,0
clarinet/Cs4/clarinet_Cs4_05_fortissimo_normal.mp3,clarinet,woodwind,0.9144,44100,Cs4,61,fortissimo,normal,1,0
clarinet/Cs4/clarinet_Cs4_05_pianissimo_normal.mp3,clarinet,woodwind,1.1756,44100,Cs4,61,pianissimo,normal,1,0
clarinet/Cs4/clarinet_Cs4_05_piano_normal.mp3,clarinet,woodwind,1.0973,44100,Cs4,61,piano,normal,1,0
clarinet/Cs4/clarinet_Cs4_15_forte_normal.mp3,clarinet,woodwind,2.2466,44100,Cs4,61,forte,normal,1,0
clarinet/Cs4/clarinet_Cs4_15_fortissimo_normal.mp3,clarinet,woodwind,2.0899,44100,Cs4,61,fortissimo,normal,1,0
clarinet/Cs4/clarinet_Cs4_15_pianissimo_normal.mp3,clarinet,woodwind,2.3511,44100,Cs4,61,pianissimo,normal,1,0
clarinet/Cs4/clarinet_Cs4_15_piano_normal.mp3,clarinet,woodwind,2.6906,44100,Cs4,61,piano,normal,1,0
clarinet/Cs4/clarinet_Cs4_1_forte_normal.mp3,clarinet,woodwind,1.5151,44100,Cs4,61,forte,normal,1,0
clarinet/Cs4/clarinet_Cs4_1_fortissimo_normal.mp3,clarinet,woodwind,1.5674,44100,Cs4,61,fortissimo,normal,1,0
clarinet/Cs4/clarinet_Cs4_1_pianissimo_normal.mp3,clarinet,woodwind,1.698,44100,Cs4,61,pianissimo,normal,1,0
clarinet/Cs4/clarinet_Cs4_1_piano_normal.mp3,clarinet,woodwind,1.7241,44100,Cs4,61,piano,normal,1,0
clarinet/Cs5/clarinet_Cs5_025_forte_normal.mp3,clarinet,woodwind,0.3919,44100,Cs5,73,forte,normal,1,0
clarinet/Cs5/clarinet_Cs5_025_pianissimo_normal.mp3,clarinet,woodwind,0.4703,44100,Cs5,73,pianissimo,normal,1,0
clarinet/Cs5/clarinet_Cs5_025_piano_normal.mp3,clarinet,woodwind,0.3396,44100,Cs5,73,piano,normal,1,0
clarinet/Cs5/clarinet_Cs5_05_forte_normal.mp3,clarinet,woodwind,0.8882,44100,Cs5,73,forte,normal,1,0
clarinet/Cs5/clarinet_Cs5_05_pianissimo_normal.mp3,clarinet,woodwind,1.0711,44100,Cs5,73,pianissimo,normal,1,0
clarinet/Cs5/clarinet_Cs5_05_piano_normal.mp3,clarinet,woodwind,1.0711,44100,Cs5,73,piano,normal,1,0
clarinet/Cs5/clarinet_Cs5_15_forte_normal.mp3,clarinet,woodwind,2.0899,44100,Cs5,73,forte,normal,1,0
clarinet/Cs5/clarinet_Cs5_15_fortissimo_normal.mp3,clarinet,woodwind,2.2727,44100,Cs5,73,fortissimo,normal,1,0
clarinet/Cs5/clarinet_Cs5_15_pianissimo_normal.mp3,clarinet,woodwind,1.9854,44100,Cs5,73,pianissimo,normal,1,0
clarinet/Cs5/clarinet_Cs5_15_piano_normal.mp3,clarinet,woodwind,2.0899,44100,Cs5,73,piano,normal,1,0
clarinet/Cs5/clarinet_Cs5_1_forte_normal.mp3,clarinet,woodwind,1.489,44100,Cs5,73,forte,normal,1,0
clarinet/Cs5/clarinet_Cs5_1_fortissimo_normal.mp3,clarinet,woodwind,1.6196,44100,Cs5,73,fortissimo,normal,1,0
clarinet/Cs5/clarinet_Cs5_1_pianissimo_normal.mp3,clarinet,woodwind,1.4367,44100,Cs5,73,pianissimo,normal,1,0
clarinet/Cs5/clarinet_Cs5_1_piano_normal.mp3,clarinet,woodwind,1.5413,44100,Cs5,73,piano,normal,1,0
clarinet/Cs6/clarinet_Cs6_025_forte_normal.mp3,clarinet,woodwind,0.3135,44100,Cs6,85,forte,normal,1,0
clarinet/Cs6/clarinet_Cs6_025_fortissimo_normal.mp3,clarinet,woodwind,0.3658,44100,Cs6,85,fortissimo,normal,1,0
clarinet/Cs6/clarinet_Cs6_025_pianissimo_normal.mp3,clarinet,woodwind,0.3919,44100,Cs6,85,pianissimo,normal,1,0
clarinet/Cs6/clarinet_Cs6_025_piano_normal.mp3,clarinet,woodwind,0.3919,44100,Cs6,85,piano,normal,1,0
clarinet/Cs6/clarinet_Cs6_05_forte_normal.mp3,clarinet,woodwind,0.9405,44100,Cs6,85,forte,normal,1,0
clarinet/Cs6/clarinet_Cs6_05_fortissimo_normal.mp3,clarinet,woodwind,0.9928,44100,Cs6,85,fortissimo,normal,1,0
clarinet/Cs6/clarinet_Cs6_05_pianissimo_normal.mp3,clarinet,woodwind,0.9405,44100,Cs6,85,pianissimo,normal,1,0
clarinet/Cs6/clarinet_Cs6_05_piano_normal.mp3,clarinet,woodwind,1.045,44100,Cs6,85,piano,normal,1,0
clarinet/Cs6/clarinet_Cs6_15_forte_normal.mp3,clarinet,woodwind,2.0376,44100,Cs6,85,forte,normal,1,0
clarinet/Cs6/clarinet_Cs6_15_fortissimo_normal.mp3,clarinet,woodwind,2.2205,44100,Cs6,85,fortissimo,normal,1,0
clarinet/Cs6/clarinet_Cs6_15_pianissimo_normal.mp3,clarinet,woodwind,1.7764,44100,Cs6,85,pianissimo,normal,1,0
clarinet/Cs6/clarinet_Cs6_15_piano_normal.mp3,clarinet,woodwind,2.0899,44100,Cs6,85,piano,normal,1,0
clarinet/Cs6/clarinet_Cs6_1_forte_normal.mp3,clarinet,woodwind,1.5151,44100,Cs6,85,forte,normal,1,0
clarinet/Cs6/clarinet_Cs6_1_fortissimo_normal.mp3,clarinet,woodwind,1.5413,44100,Cs6,85,fortissimo,normal,1,0
clarinet/Cs6/clarinet_Cs6_1_pianissimo_normal.mp3,clarinet,woodwind,1.28,44100,Cs6,85,pianissimo,normal,1,0
clarinet/Cs6/clarinet_Cs6_1_piano_normal.mp3,clarinet,woodwind,1.4629,44100,Cs6,85,piano,normal,1,0
clarinet/D3/clarinet_D3_025_forte_normal.mp3,clarinet,woodwind,0.4703,44100,D3,50,forte,normal,1,0
clarinet/D3/clarinet_D3_025_fortissimo_normal.mp3,clarinet,woodwind,0.4441,44100,D3,50,fortissimo,normal,1,0
clarinet/D3/clarinet_D3_025_pianissimo_normal.mp3,clarinet,woodwind,0.6531,44100,D3,50,pianissimo,normal,1,0
clarinet/D3/clarinet_D3_025_piano_normal.mp3,clarinet,woodwind,0.6009,44100,D3,50,piano,normal,1,0
clarinet/D3/clarinet_D3_05_forte_normal.mp3,clarinet,woodwind,1.1495,44100,D3,50,forte,normal,1,0
clarinet/D3/clarinet_D3_05_fortissimo_normal.mp3,clarinet,woodwind,1.045,44100,D3,50,fortissimo,normal,1,0
clarinet/D3/clarinet_D3_05_pianissimo_normal.mp3,clarinet,woodwind,1.1756,44100,D3,50,pianissimo,normal,1,0
clarinet/D3/clarinet_D3_05_piano_normal.mp3,clarinet,woodwind,1.1495,44100,D3,50,piano,normal,1,0
clarinet/D3/clarinet_D3_15_forte_normal.mp3,clarinet,woodwind,2.1421,44100,D3,50,forte,normal,1,0
clarinet/D3/clarinet_D3_15_fortissimo_normal.mp3,clarinet,woodwind,2.325,44100,D3,50,fortissimo,normal,1,0
clarinet/D3/clarinet_D3_15_pianissimo_normal.mp3,clarinet,woodwind,2.1421,44100,D3,50,pianissimo,normal,1,0
clarinet/D3/clarinet_D3_15_piano_normal.mp3,clarinet,woodwind,2.1944,44100,D3,50,piano,normal,1,0
clarinet/D3/clarinet_D3_1_forte_normal.mp3,clarinet,woodwind,1.7241,44100,D3,50,forte,normal,1,0
clarinet/D3/clarinet_D3_1_fortissimo_normal.mp3,clarinet,woodwind,1.6719,44100,D3,50,fortissimo,normal,1,0
clarinet/D3/clarinet_D3_1_pianissimo_normal.mp3,clarinet,woodwind,2.1421,44100,D3,50,pianissimo,normal,1,0
clarinet/D3/clarinet_D3_1_piano_normal.mp3,clarinet,woodwind,1.6719,44100,D3,50,piano,normal,1,0
clarinet/D3/clarinet_D3_very-long_cresc-decresc_normal.mp3,clarinet,woodwind,16.3266,44100,D3,50,cresc-decresc,normal,1,0
clarinet/D3/clarinet_D3_very-long_piano_normal.mp3,clarinet,woodwind,61.2572,44100,D3,50,piano,normal,1,0
clarinet/D4/clarinet_D4_025_forte_normal.mp3,clarinet,woodwind,0.418,44100,D4,62,forte,normal,1,0
clarinet/D4/clarinet_D4_025_fortissimo_normal.mp3,clarinet,woodwind,0.3396,44100,D4,62,fortissimo,normal,1,0
clarinet/D4/clarinet_D4_025_pianissimo_normal.mp3,clarinet,woodwind,0.5486,44100,D4,62,pianissimo,normal,1,0
clarinet/D4/clarinet_D4_025_piano_normal.mp3,clarinet,woodwind,0.4964,44100,D4,62,piano,normal,1,0
clarinet/D4/clarinet_D4_05_forte_normal.mp3,clarinet,woodwind,1.0973,44100,D4,62,forte,normal,1,0
clarinet/D4/clarinet_D4_05_fortissimo_normal.mp3,clarinet,woodwind,0.9666,44100,D4,62,fortissimo,normal,1,0
clarinet/D4/clarinet_D4_05_pianissimo_normal.mp3,clarinet,woodwind,1.0973,44100,D4,62,pianissimo,normal,1,0
clarinet/D4/clarinet_D4_05_piano_normal.mp3,clarinet,woodwind,1.0711,44100,D4,62,piano,normal,1,0
clarinet/D4/clarinet_D4_15_forte_normal.mp3,clarinet,woodwind,2.6122,44100,D4,62,forte,normal,1,0
clarinet/D4/clarinet_D4_15_fortissimo_normal.mp3,clarinet,woodwind,2.1421,44100,D4,62,fortissimo,normal,1,0
clarinet/D4/clarinet_D4_15_pianissimo_normal.mp3,clarinet,woodwind,2.0115,44100,D4,62,pianissimo,normal,1,0
clarinet/D4/clarinet_D4_15_piano_normal.mp3,clarinet,woodwind,2.2989,44100,D4,62,piano,normal,1,0
clarinet/D4/clarinet_D4_1_forte_normal.mp3,clarinet,woodwind,1.6196,44100,D4,62,forte,normal,1,0
clarinet/D4/clarinet_D4_1_fortissimo_normal.mp3,clarinet,woodwind,1.5674,44100,D4,62,fortissimo,normal,1,0
clarinet/D4/clarinet_D4_1_pianissimo_normal.mp3,clarinet,woodwind,1.5413,44100,D4,62,pianissimo,normal,1,0
clarinet/D4/clarinet_D4_1_piano_normal.mp3,clarinet,woodwind,1.6196,44100,D4,62,piano,normal,1,0
clarinet/D4/clarinet_D4_very-long_cresc-decresc_normal.mp3,clarinet,woodwind,11.7551,44100,D4,62,cresc-decresc,normal,1,0
clarinet/D5/clarinet_D5_025_forte_normal.mp3,clarinet,woodwind,0.3658,44100,D5,74,forte,normal,1,0
clarinet/D5/clarinet_D5_025_fortissimo_normal.mp3,clarinet,woodwind,0.3396,44100,D5,74,fortissimo,normal,1,0
clarinet/D5/clarinet_D5_025_pianissimo_normal.mp3,clarinet,woodwind,0.4964,44100,D5,74,pianissimo,normal,1,0
clarinet/D5/clarinet_D5_025_piano_normal.mp3,clarinet,woodwind,0.3919,44100,D5,74,piano,normal,1,0
clarinet/D5/clarinet_D5_05_forte_normal.mp3,clarinet,woodwind,0.9405,44100,D5,74,forte,normal,1,0
clarinet/D5/clarinet_D5_05_fortissimo_normal.mp3,clarinet,woodwind,1.0711,44100,D5,74,fortissimo,normal,1,0
clarinet/D5/clarinet_D5_05_pianissimo_normal.mp3,clarinet,woodwind,1.0711,44100,D5,74,pianissimo,normal,1,0
clarinet/D5/clarinet_D5_05_piano_normal.mp3,clarinet,woodwind,1.045,44100,D5,74,piano,normal,1,0
clarinet/D5/clarinet_D5_15_forte_normal.mp3,clarinet,woodwind,2.0638,44100,D5,74,forte,normal,1,0
clarinet/D5/clarinet_D5_15_fortissimo_normal.mp3,clarinet,woodwind,2.2727,44100,D5,74,fortissimo,normal,1,0
clarinet/D5/clarinet_D5_15_pianissimo_normal.mp3,clarinet,woodwind,2.3773,44100,D5,74,pianissimo,normal,1,0
clarinet/D5/clarinet_D5_15_piano_normal.mp3,clarinet,woodwind,2.5339,44100,D5,74,piano,normal,1,0
clarinet/D5/clarinet_D5_1_forte_normal.mp3,clarinet,woodwind,1.4629,44100,D5,74,forte,normal,1,0
clarinet/D5/clarinet_D5_1_fortissimo_normal.mp3,clarinet,woodwind,1.698,44100,D5,74,fortissimo,normal,1,0
clarinet/D5/clarinet_D5_1_pianissimo_normal.mp3,clarinet,woodwind,1.489,44100,D5,74,pianissimo,normal,1,0
clarinet/D5/clarinet_D5_1_piano_normal.mp3,clarinet,woodwind,1.5674,44100,D5,74,piano,normal,1,0
clarinet/D5/clarinet_D5_very-long_cresc-decresc_normal.mp3,clarinet,woodwind,11.1282,44100,D5,74,cresc-decresc,normal,1,0
clarinet/D5/clarinet_D5_very-long_piano_normal.mp3,clarinet,woodwind,32.6531,44100,D5,74,piano,normal,1,0
clarinet/D6/clarinet_D6_025_forte_normal.mp3,clarinet,woodwind,0.3396,44100,D6,86,forte,normal,1,0
clarinet/D6/clarinet_D6_025_fortissimo_normal.mp3,clarinet,woodwind,0.3658,44100,D6,86,fortissimo,normal,1,0
clarinet/D6/clarinet_D6_025_pianissimo_normal.mp3,clarinet,woodwind,0.3919,44100,D6,86,pianissimo,normal,1,0
clarinet/D6/clarinet_D6_025_piano_normal.mp3,clarinet,woodwind,0.3658,44100,D6,86,piano,normal,1,0
clarinet/D6/clarinet_D6_05_forte_normal.mp3,clarinet,woodwind,1.0189,44100,D6,86,forte,normal,1,0
clarinet/D6/clarinet_D6_05_fortissimo_normal.mp3,clarinet,woodwind,1.045,44100,D6,86,fortissimo,normal,1,0
clarinet/D6/clarinet_D6_05_pianissimo_normal.mp3,clarinet,woodwind,0.9144,44100,D6,86,pianissimo,normal,1,0
clarinet/D6/clarinet_D6_05_piano_normal.mp3,clarinet,woodwind,1.0189,44100,D6,86,piano,normal,1,0
clarinet/D6/clarinet_D6_15_forte_normal.mp3,clarinet,woodwind,2.0376,44100,D6,86,forte,normal,1,0
clarinet/D6/clarinet_D6_15_fortissimo_normal.mp3,clarinet,woodwind,2.325,44100,D6,86,fortissimo,normal,1,0
clarinet/D6/clarinet_D6_15_pianissimo_normal.mp3,clarinet,woodwind,2.0115,44100,D6,86,pianissimo,normal,1,0
clarinet/D6/clarinet_D6_15_piano_normal.mp3,clarinet,woodwind,2.5861,44100,D6,86,piano,normal,1,0
clarinet/D6/clarinet_D6_1_forte_normal.mp3,clarinet,woodwind,1.5151,44100,D6,86,forte,normal,1,0
clarinet/D6/clarinet_D6_1_fortissimo_normal.mp3,clarinet,woodwind,1.489,44100,D6,86,fortissimo,normal,1,0
clarinet/D6/clarinet_D6_1_pianissimo_normal.mp3,clarinet,woodwind,1.5674,44100,D6,86,pianissimo,normal,1,0
clarinet/D6/clarinet_D6_1_piano_normal.mp3,clarinet,woodwind,1.5151,44100,D6,86,piano,normal,1,0
clarinet/Ds3/clarinet_Ds3_025_forte_normal.mp3,clarinet,woodwind,0.4441,44100,Ds3,51,forte,normal,1,0
clarinet/Ds3/clarinet_Ds3_025_fortissimo_normal.mp3,clarinet,woodwind,0.4703,44100,Ds3,51,fortissimo,normal,1,0
clarinet/Ds3/clarinet_Ds3_025_pianissimo_normal.mp3,clarinet,woodwind,0.7054,44100,Ds3,51,pianissimo,normal,1,0
clarinet/Ds3/clarinet_Ds3_025_piano_normal.mp3,clarinet,woodwind,0.5486,44100,Ds3,51,piano,normal,1,0
clarinet/Ds3/clarinet_Ds3_05_forte_normal.mp3,clarinet,woodwind,1.0711,44100,Ds3,51,forte,normal,1,0
clarinet/Ds3/clarinet_Ds3_05_fortissimo_normal.mp3,clarinet,woodwind,1.0711,44100,Ds3,51,fortissimo,normal,1,0
clarinet/Ds3/clarinet_Ds3_05_pianissimo_normal.mp3,clarinet,woodwind,1.1495,44100,Ds3,51,pianissimo,normal,1,0
clarinet/Ds3/clarinet_Ds3_05_piano_normal.mp3,clarinet,woodwind,1.1495,44100,Ds3,51,piano,normal,1,0
clarinet/Ds3/clarinet_Ds3_15_forte_normal.mp3,clarinet,woodwind,2.2466,44100,Ds3,51,forte,normal,1,0
clarinet/Ds3/clarinet_Ds3_15_fortissimo_normal.mp3,clarinet,woodwind,2.2989,44100,Ds3,51,fortissimo,normal,1,0
clarinet/Ds3/clarinet_Ds3_15_pianissimo_normal.mp3,clarinet,woodwind,2.0638,44100,Ds3,51,pianissimo,normal,1,0
clarinet/Ds3/clarinet_Ds3_15_piano_normal.mp3,clarinet,woodwind,2.3773,44100,Ds3,51,piano,normal,1,0
clarinet/Ds3/clarinet_Ds3_1_forte_normal.mp3,clarinet,woodwind,1.6719,44100,Ds3,51,forte,normal,1,0
clarinet/Ds3/clarinet_Ds3_1_fortissimo_normal.mp3,clarinet,woodwind,1.6458,44100,Ds3,51,fortissimo,normal,1,0
clarinet/Ds3/clarinet_Ds3_1_pianissimo_normal.mp3,clarinet,woodwind,1.489,44100,Ds3,51,pianissimo,normal,1,0
clarinet/Ds3/clarinet_Ds3_1_piano_normal.mp3,clarinet,woodwind,1.5935,44100,Ds3,51,piano,normal,1,0
clarinet/Ds4/clarinet_Ds4_025_forte_normal.mp3,clarinet,woodwind,0.418,44100,Ds4,63,forte,normal,1,0
clarinet/Ds4/clarinet_Ds4_025_fortissimo_normal.mp3,clarinet,woodwind,0.3658,44100,Ds4,63,fortissimo,normal,1,0
clarinet/Ds4/clarinet_Ds4_025_pianissimo_normal.mp3,clarinet,woodwind,0.4703,44100,Ds4,63,pianissimo,normal,1,0
clarinet/Ds4/clarinet_Ds4_025_piano_normal.mp3,clarinet,woodwind,0.3919,44100,Ds4,63,piano,normal,1,0
clarinet/Ds4/clarinet_Ds4_05_forte_normal.mp3,clarinet,woodwind,1.1234,44100,Ds4,63,forte,normal,1,0
clarinet/Ds4/clarinet_Ds4_05_fortissimo_normal.mp3,clarinet,woodwind,0.9928,44100,Ds4,63,fortissimo,normal,1,0
clarinet/Ds4/clarinet_Ds4_05_pianissimo_normal.mp3,clarinet,woodwind,1.045,44100,Ds4,63,pianissimo,normal,1,0
clarinet/Ds4/clarinet_Ds4_05_piano_normal.mp3,clarinet,woodwind,1.0973,44100,Ds4,63,piano,normal,1,0
clarinet/Ds4/clarinet_Ds4_15_forte_normal.mp3,clarinet,woodwind,2.4817,44100,Ds4,63,forte,normal,1,0
clarinet/Ds4/clarinet_Ds4_15_fortissimo_normal.mp3,clarinet,woodwind,2.1421,44100,Ds4,63,fortissimo,normal,1,0
clarinet/Ds4/clarinet_Ds4_15_pianissimo_normal.mp3,clarinet,woodwind,1.8809,44100,Ds4,63,pianissimo,normal,1,0
clarinet/Ds4/clarinet_Ds4_15_piano_normal.mp3,clarinet,woodwind,2.2989,44100,Ds4,63,piano,normal,1,0
clarinet/Ds4/clarinet_Ds4_1_forte_normal.mp3,clarinet,woodwind,1.2539,44100,Ds4,63,forte,normal,1,0
clarinet/Ds4/clarinet_Ds4_1_fortissimo_normal.mp3,clarinet,woodwind,1.4629,44100,Ds4,63,fortissimo,normal,1,0
clarinet/Ds4/clarinet_Ds4_1_pianissimo_normal.mp3,clarinet,woodwind,1.4629,44100,Ds4,63,pianissimo,normal,1,0
clarinet/Ds4/clarinet_Ds4_1_piano_normal.mp3,clarinet,woodwind,1.698,44100,Ds4,63,piano,normal,1,0
clarinet/Ds5/clarinet_Ds5_025_forte_normal.mp3,clarinet,woodwind,0.3658,44100,Ds5,75,forte,normal,1,0
clarinet/Ds5/clarinet_Ds5_025_fortissimo_normal.mp3,clarinet,woodwind,0.3658,44100,Ds5,75,fortissimo,normal,1,0
clarinet/Ds5/clarinet_Ds5_025_pianissimo_normal.mp3,clarinet,woodwind,0.5225,44100,Ds5,75,pianissimo,normal,1,0
clarinet/Ds5/clarinet_Ds5_025_piano_normal.mp3,clarinet,woodwind,0.3919,44100,Ds5,75,piano,normal,1,0
clarinet/Ds5/clarinet_Ds5_05_forte_normal.mp3,clarinet,woodwind,1.0189,44100,Ds5,75,forte,normal,1,0
clarinet/Ds5/clarinet_Ds5_05_fortissimo_normal.mp3,clarinet,woodwind,1.0711,44100,Ds5,75,fortissimo,normal,1,0
clarinet/Ds5/clarinet_Ds5_05_pianissimo_normal.mp3,clarinet,woodwind,1.045,44100,Ds5,75,pianissimo,normal,1,0
clarinet/Ds5/clarinet_Ds5_05_piano_normal.mp3,clarinet,woodwind,1.0711,44100,Ds5,75,piano,normal,1,0
clarinet/Ds5/clarinet_Ds5_15_forte_normal.mp3,clarinet,woodwind,2.0376,44100,Ds5,75,forte,normal,1,0
clarinet/Ds5/clarinet_Ds5_15_fortissimo_normal.mp3,clarinet,woodwind,2.5339,44100,Ds5,75,fortissimo,normal,1,0
clarinet/Ds5/clarinet_Ds5_15_pianissimo_normal.mp3,clarinet,woodwind,1.9331,44100,Ds5,75,pianissimo,normal,1,0
clarinet/Ds5/clarinet_Ds5_15_piano_normal.mp3,clarinet,woodwind,2.1944,44100,Ds5,75,piano,normal,1,0
clarinet/Ds5/clarinet_Ds5_1_forte_normal.mp3,clarinet,woodwind,1.5674,44100,Ds5,75,forte,normal,1,0
clarinet/Ds5/clarinet_Ds5_1_fortissimo_normal.mp3,clarinet,woodwind,1.489,44100,Ds5,75,fortissimo,normal,1,0
clarinet/Ds5/clarinet_Ds5_1_pianissimo_normal.mp3,clarinet,woodwind,1.4629,44100,Ds5,75,pianissimo,normal,1,0
clarinet/Ds5/clarinet_Ds5_1_piano_normal.mp3,clarinet,woodwind,1.7503,44100,Ds5,75,piano,normal,1,0
clarinet/Ds6/clarinet_Ds6_025_forte_normal.mp3,clarinet,woodwind,0.3396,44100,Ds6,87,forte,normal,1,0
clarinet/Ds6/clarinet_Ds6_025_fortissimo_normal.mp3,clarinet,woodwind,0.3658,44100,Ds6,87,fortissimo,normal,1,0
clarinet/Ds6/clarinet_Ds6_025_pianissimo_normal.mp3,clarinet,woodwind,0.3658,44100,Ds6,87,pianissimo,normal,1,0
clarinet/Ds6/clarinet_Ds6_025_piano_normal.mp3,clarinet,woodwind,0.418,44100,Ds6,87,piano,normal,1,0
clarinet/Ds6/clarinet_Ds6_05_forte_normal.mp3,clarinet,woodwind,0.9405,44100,Ds6,87,forte,normal,1,0
clarinet/Ds6/clarinet_Ds6_05_fortissimo_normal.mp3,clarinet,woodwind,1.0973,44100,Ds6,87,fortissimo,normal,1,0
clarinet/Ds6/clarinet_Ds6_05_pianissimo_normal.mp3,clarinet,woodwind,0.9928,44100,Ds6,87,pianissimo,normal,1,0
clarinet/Ds6/clarinet_Ds6_05_piano_normal.mp3,clarinet,woodwind,1.0189,44100,Ds6,87,piano,normal,1,0
clarinet/Ds6/clarinet_Ds6_15_forte_normal.mp3,clarinet,woodwind,2.1421,44100,Ds6,87,forte,normal,1,0
clarinet/Ds6/clarinet_Ds6_15_fortissimo_normal.mp3,clarinet,woodwind,2.1421,44100,Ds6,87,fortissimo,normal,1,0
clarinet/Ds6/clarinet_Ds6_15_pianissimo_normal.mp3,clarinet,woodwind,1.907,44100,Ds6,87,pianissimo,normal,1,0
clarinet/Ds6/clarinet_Ds6_15_piano_normal.mp3,clarinet,woodwind,2.0899,44100,Ds6,87,piano,normal,1,0
clarinet/Ds6/clarinet_Ds6_1_forte_normal.mp3,clarinet,woodwind,1.3322,44100,Ds6,87,forte,normal,1,0
clarinet/Ds6/clarinet_Ds6_1_fortissimo_normal.mp3,clarinet,woodwind,1.5413,44100,Ds6,87,fortissimo,normal,1,0
clarinet/Ds6/clarinet_Ds6_1_pianissimo_normal.mp3,clarinet,woodwind,1.2539,44100,Ds6,87,pianissimo,normal,1,0
clarinet/Ds6/clarinet_Ds6_1_piano_normal.mp3,clarinet,woodwind,1.6719,44100,Ds6,87,piano,normal,1,0
clarinet/E3/clarinet_E3_025_forte_normal.mp3,clarinet,woodwind,0.5225,44100,E3,52,forte,normal,1,0
clarinet/E3/clarinet_E3_025_fortissimo_normal.mp3,clarinet,woodwind,0.4703,44100,E3,52,fortissimo,normal,1,0
clarinet/E3/clarinet_E3_025_pianissimo_normal.mp3,clarinet,woodwind,0.7054,44100,E3,52,pianissimo,normal,1,0
clarinet/E3/clarinet_E3_025_piano_normal.mp3,clarinet,woodwind,0.5747,44100,E3,52,piano,normal,1,0
clarinet/E3/clarinet_E3_05_forte_normal.mp3,clarinet,woodwind,1.1495,44100,E3,52,forte,normal,1,0
clarinet/E3/clarinet_E3_05_fortissimo_normal.mp3,clarinet,woodwind,1.1234,44100,E3,52,fortissimo,normal,1,0
clarinet/E3/clarinet_E3_05_pianissimo_normal.mp3,clarinet,woodwind,1.1234,44100,E3,52,pianissimo,normal,1,0
clarinet/E3/clarinet_E3_05_piano_normal.mp3,clarinet,woodwind,1.2279,44100,E3,52,piano,normal,1,0
clarinet/E3/clarinet_E3_15_forte_normal.mp3,clarinet,woodwind,2.1944,44100,E3,52,forte,normal,1,0
clarinet/E3/clarinet_E3_15_fortissimo_normal.mp3,clarinet,woodwind,2.1944,44100,E3,52,fortissimo,normal,1,0
clarinet/E3/clarinet_E3_15_pianissimo_normal.mp3,clarinet,woodwind,2.1683,44100,E3,52,pianissimo,normal,1,0
clarinet/E3/clarinet_E3_15_piano_normal.mp3,clarinet,woodwind,2.3773,44100,E3,52,piano,normal,1,0
clarinet/E3/clarinet_E3_1_forte_normal.mp3,clarinet,woodwind,1.7241,44100,E3,52,forte,normal,1,0
clarinet/E3/clarinet_E3_1_fortissimo_normal.mp3,clarinet,woodwind,1.7503,44100,E3,52,fortissimo,normal,1,0
clarinet/E3/clarinet_E3_1_pianissimo_normal.mp3,clarinet,woodwind,1.5413,44100,E3,52,pianissimo,normal,1,0
clarinet/E3/clarinet_E3_1_piano_normal.mp3,clarinet,woodwind,1.8547,44100,E3,52,piano,normal,1,0
clarinet/E4/clarinet_E4_025_forte_normal.mp3,clarinet,woodwind,0.3919,44100,E4,64,forte,normal,1,0
clarinet/E4/clarinet_E4_025_fortissimo_normal.mp3,clarinet,woodwind,0.3396,44100,E4,64,fortissimo,normal,1,0
clarinet/E4/clarinet_E4_025_pianissimo_normal.mp3,clarinet,woodwind,0.4703,44100,E4,64,pianissimo,normal,1,0
clarinet/E4/clarinet_E4_025_piano_normal.mp3,clarinet,woodwind,0.4441,44100,E4,64,piano,normal,1,0
clarinet/E4/clarinet_E4_05_forte_normal.mp3,clarinet,woodwind,0.9928,44100,E4,64,forte,normal,1,0
clarinet/E4/clarinet_E4_05_fortissimo_normal.mp3,clarinet,woodwind,0.8882,44100,E4,64,fortissimo,normal,1,0
clarinet/E4/clarinet_E4_05_pianissimo_normal.mp3,clarinet,woodwind,1.0189,44100,E4,64,pianissimo,normal,1,0
clarinet/E4/clarinet_E4_05_piano_normal.mp3,clarinet,woodwind,1.045,44100,E4,64,piano,normal,1,0
clarinet/E4/clarinet_E4_15_forte_normal.mp3,clarinet,woodwind,2.2727,44100,E4,64,forte,normal,1,0
clarinet/E4/clarinet_E4_15_fortissimo_normal.mp3,clarinet,woodwind,2.1421,44100,E4,64,fortissimo,normal,1,0
clarinet/E4/clarinet_E4_15_pianissimo_normal.mp3,clarinet,woodwind,2.0899,44100,E4,64,pianissimo,normal,1,0
clarinet/E4/clarinet_E4_15_piano_normal.mp3,clarinet,woodwind,2.1944,44100,E4,64,piano,normal,1,0
clarinet/E4/clarinet_E4_1_forte_normal.mp3,clarinet,woodwind,1.3584,44100,E4,64,forte,normal,1,0
clarinet/E4/clarinet_E4_1_fortissimo_normal.mp3,clarinet,woodwind,1.3845,44100,E4,64,fortissimo,normal,1,0
clarinet/E4/clarinet_E4_1_pianissimo_normal.mp3,clarinet,woodwind,1.4367,44100,E4,64,pianissimo,normal,1,0
clarinet/E4/clarinet_E4_1_piano_normal.mp3,clarinet,woodwind,1.698,44100,E4,64,piano,normal,1,0
clarinet/E4/clarinet_E4_very-long_piano_normal.mp3,clarinet,woodwind,77.6099,44100,E4,64,piano,normal,1,0
clarinet/E5/clarinet_E5_025_forte_normal.mp3,clarinet,woodwind,0.3658,44100,E5,76,forte,normal,1,0
clarinet/E5/clarinet_E5_025_fortissimo_normal.mp3,clarinet,woodwind,0.3658,44100,E5,76,fortissimo,normal,1,0
clarinet/E5/clarinet_E5_025_pianissimo_normal.mp3,clarinet,woodwind,0.4441,44100,E5,76,pianissimo,normal,1,0
clarinet/E5/clarinet_E5_025_piano_normal.mp3,clarinet,woodwind,0.3919,44100,E5,76,piano,normal,1,0
clarinet/E5/clarinet_E5_05_forte_normal.mp3,clarinet,woodwind,0.9666,44100,E5,76,forte,normal,1,0
clarinet/E5/clarinet_E5_05_fortissimo_normal.mp3,clarinet,woodwind,1.0711,44100,E5,76,fortissimo,normal,1,0
clarinet/E5/clarinet_E5_05_pianissimo_normal.mp3,clarinet,woodwind,1.0711,44100,E5,76,pianissimo,normal,1,0
clarinet/E5/clarinet_E5_05_piano_normal.mp3,clarinet,woodwind,1.045,44100,E5,76,piano,normal,1,0
clarinet/E5/clarinet_E5_15_forte_normal.mp3,clarinet,woodwind,2.2205,44100,E5,76,forte,normal,1,0
clarinet/E5/clarinet_E5_15_fortissimo_normal.mp3,clarinet,woodwind,2.116,44100,E5,76,fortissimo,normal,1,0
clarinet/E5/clarinet_E5_15_pianissimo_normal.mp3,clarinet,woodwind,2.0376,44100,E5,76,pianissimo,normal,1,0
clarinet/E5/clarinet_E5_15_piano_normal.mp3,clarinet,woodwind,2.0115,44100,E5,76,piano,normal,1,0
clarinet/E5/clarinet_E5_1_forte_normal.mp3,clarinet,woodwind,1.3845,44100,E5,76,forte,normal,1,0
clarinet/E5/clarinet_E5_1_fortissimo_normal.mp3,clarinet,woodwind,1.6458,44100,E5,76,fortissimo,normal,1,0
clarinet/E5/clarinet_E5_1_pianissimo_normal.mp3,clarinet,woodwind,1.489,44100,E5,76,pianissimo,normal,1,0
clarinet/E5/clarinet_E5_1_piano_normal.mp3,clarinet,woodwind,1.489,44100,E5,76,piano,normal,1,0
clarinet/E6/clarinet_E6_025_forte_normal.mp3,clarinet,woodwind,0.3658,44100,E6,88,forte,normal,1,0
clarinet/E6/clarinet_E6_025_fortissimo_normal.mp3,clarinet,woodwind,0.3396,44100,E6,88,fortissimo,normal,1,0
clarinet/E6/clarinet_E6_025_pianissimo_normal.mp3,clarinet,woodwind,0.3919,44100,E6,88,pianissimo,normal,1,0
clarinet/E6/clarinet_E6_025_piano_normal.mp3,clarinet,woodwind,0.3919,44100,E6,88,piano,normal,1,0
clarinet/E6/clarinet_E6_05_forte_normal.mp3,clarinet,woodwind,0.9144,44100,E6,88,forte,normal,1,0
clarinet/E6/clarinet_E6_05_fortissimo_normal.mp3,clarinet,woodwind,1.045,44100,E6,88,fortissimo,normal,1,0
clarinet/E6/clarinet_E6_05_pianissimo_normal.mp3,clarinet,woodwind,1.045,44100,E6,88,pianissimo,normal,1,0
clarinet/E6/clarinet_E6_05_piano_normal.mp3,clarinet,woodwind,1.0189,44100,E6,88,piano,normal,1,0
clarinet/E6/clarinet_E6_15_forte_normal.mp3,clarinet,woodwind,2.0638,44100,E6,88,forte,normal,1,0
clarinet/E6/clarinet_E6_15_fortissimo_normal.mp3,clarinet,woodwind,2.0899,44100,E6,88,fortissimo,normal,1,0
clarinet/E6/clarinet_E6_15_pianissimo_normal.mp3,clarinet,woodwind,1.7503,44100,E6,88,pianissimo,normal,1,0
clarinet/E6/clarinet_E6_15_piano_normal.mp3,clarinet,woodwind,2.0115,44100,E6,88,piano,normal,1,0
clarinet/E6/clarinet_E6_1_forte_normal.mp3,clarinet,woodwind,1.489,44100,E6,88,forte,normal,1,0
clarinet/E6/clarinet_E6_1_fortissimo_normal.mp3,clarinet,woodwind,1.489,44100,E6,88,fortissimo,normal,1,0
clarinet/E6/clarinet_E6_1_pianissimo_normal.mp3,clarinet,woodwind,1.4629,44100,E6,88,pianissimo,normal,1,0
clarinet/E6/clarinet_E6_1_piano_normal.mp3,clarinet,woodwind,1.5151,44100,E6,88,piano,normal,1,0
clarinet/F3/clarinet_F3_025_forte_normal.mp3,clarinet,woodwind,0.4964,44100,F3,53,forte,normal,1,0
clarinet/F3/clarinet_F3_025_fortissimo_normal.mp3,clarinet,woodwind,0.4441,44100,F3,53,fortissimo,normal,1,0
clarinet/F3/clarinet_F3_025_pianissimo_normal.mp3,clarinet,woodwind,0.7054,44100,F3,53,pianissimo,normal,1,0
clarinet/F3/clarinet_F3_025_piano_normal.mp3,clarinet,woodwind,0.5486,44100,F3,53,piano,normal,1,0
clarinet/F3/clarinet_F3_05_forte_normal.mp3,clarinet,woodwind,1.2018,44100,F3,53,forte,normal,1,0
clarinet/F3/clarinet_F3_05_fortissimo_normal.mp3,clarinet,woodwind,1.0189,44100,F3,53,fortissimo,normal,1,0
clarinet/F3/clarinet_F3_05_pianissimo_normal.mp3,clarinet,woodwind,1.2018,44100,F3,53,pianissimo,normal,1,0
clarinet/F3/clarinet_F3_05_piano_normal.mp3,clarinet,woodwind,1.1756,44100,F3,53,piano,normal,1,0
clarinet/F3/clarinet_F3_15_forte_normal.mp3,clarinet,woodwind,2.3511,44100,F3,53,forte,normal,1,0
clarinet/F3/clarinet_F3_15_fortissimo_normal.mp3,clarinet,woodwind,2.2989,44100,F3,53,fortissimo,normal,1,0
clarinet/F3/clarinet_F3_15_pianissimo_normal.mp3,clarinet,woodwind,2.2727,44100,F3,53,pianissimo,normal,1,0
clarinet/F3/clarinet_F3_15_piano_normal.mp3,clarinet,woodwind,2.2205,44100,F3,53,piano,normal,1,0
clarinet/F3/clarinet_F3_1_forte_normal.mp3,clarinet,woodwind,1.7241,44100,F3,53,forte,normal,1,0
clarinet/F3/clarinet_F3_1_fortissimo_normal.mp3,clarinet,woodwind,1.7241,44100,F3,53,fortissimo,normal,1,0
clarinet/F3/clarinet_F3_1_pianissimo_normal.mp3,clarinet,woodwind,1.5935,44100,F3,53,pianissimo,normal,1,0
clarinet/F3/clarinet_F3_1_piano_normal.mp3,clarinet,woodwind,1.5935,44100,F3,53,piano,normal,1,0
clarinet/F3/clarinet_F3_very-long_cresc-decresc_normal.mp3,clarinet,woodwind,18.6254,44100,F3,53,cresc-decresc,normal,1,0
clarinet/F4/clarinet_F4_025_forte_normal.mp3,clarinet,woodwind,0.418,44100,F4,65,forte,normal,1,0
clarinet/F4/clarinet_F4_025_fortissimo_normal.mp3,clarinet,woodwind,0.3658,44100,F4,65,fortissimo,normal,1,0
clarinet/F4/clarinet_F4_025_pianissimo_normal.mp3,clarinet,woodwind,0.4703,44100,F4,65,pianissimo,normal,1,0
clarinet/F4/clarinet_F4_025_piano_normal.mp3,clarinet,woodwind,0.4441,44100,F4,65,piano,normal,1,0
clarinet/F4/clarinet_F4_05_forte_normal.mp3,clarinet,woodwind,0.9928,44100,F4,65,forte,normal,1,0
clarinet/F4/clarinet_F4_05_fortissimo_normal.mp3,clarinet,woodwind,1.0711,44100,F4,65,fortissimo,normal,1,0
clarinet/F4/clarinet_F4_05_pianissimo_normal.mp3,clarinet,woodwind,1.045,44100,F4,65,pianissimo,normal,1,0
clarinet/F4/clarinet_F4_05_piano_normal.mp3,clarinet,woodwind,1.1495,44100,F4,65,piano,normal,1,0
clarinet/F4/clarinet_F4_15_forte_normal.mp3,clarinet,woodwind,2.1683,44100,F4,65,forte,normal,1,0
clarinet/F4/clarinet_F4_15_fortissimo_normal.mp3,clarinet,woodwind,2.1683,44100,F4,65,fortissimo,normal,1,0
clarinet/F4/clarinet_F4_15_pianissimo_normal.mp3,clarinet,woodwind,2.1683,44100,F4,65,pianissimo,normal,1,0
clarinet/F4/clarinet_F4_15_piano_normal.mp3,clarinet,woodwind,2.2989,44100,F4,65,piano,normal,1,0
clarinet/F4/clarinet_F4_1_forte_normal.mp3,clarinet,woodwind,1.5413,44100,F4,65,forte,normal,1,0
clarinet/F4/clarinet_F4_1_fortissimo_normal.mp3,clarinet,woodwind,1.6458,44100,F4,65,fortissimo,normal,1,0
clarinet/F4/clarinet_F4_1_pianissimo_normal.mp3,clarinet,woodwind,1.5151,44100,F4,65,pianissimo,normal,1,0
clarinet/F4/clarinet_F4_1_piano_normal.mp3,clarinet,woodwind,1.8286,44100,F4,65,piano,normal,1,0
clarinet/F4/clarinet_F4_very-long_cresc-decresc_normal.mp3,clarinet,woodwind,10.2139,44100,F4,65,cresc-decresc,normal,1,0
clarinet/F5/clarinet_F5_025_forte_normal.mp3,clarinet,woodwind,0.3658,44100,F5,77,forte,normal,1,0
clarinet/F5/clarinet_F5_025_fortissimo_normal.mp3,clarinet,woodwind,0.3658,44100,F5,77,fortissimo,normal,1,0
clarinet/F5/clarinet_F5_025_pianissimo_normal.mp3,clarinet,woodwind,0.418,44100,F5,77,pianissimo,normal,1,0
clarinet/F5/clarinet_F5_025_piano_normal.mp3,clarinet,woodwind,0.3919,44100,F5,77,piano,normal,1,0
clarinet/F5/clarinet_F5_05_forte_normal.mp3,clarinet,woodwind,0.9666,44100,F5,77,forte,normal,1,0
clarinet/F5/clarinet_F5_05_fortissimo_normal.mp3,clarinet,woodwind,0.9405,44100,F5,77,fortissimo,normal,1,0
clarinet/F5/clarinet_F5_05_pianissimo_normal.mp3,clarinet,woodwind,1.0189,44100,F5,77,pianissimo,normal,1,0
clarinet/F5/clarinet_F5_05_piano_normal.mp3,clarinet,woodwind,1.045,44100,F5,77,piano,normal,1,0
clarinet/F5/clarinet_F5_15_forte_normal.mp3,clarinet,woodwind,2.0899,44100,F5,77,forte,normal,1,0
clarinet/F5/clarinet_F5_15_fortissimo_normal.mp3,clarinet,woodwind,2.116,44100,F5,77,fortissimo,normal,1,0
clarinet/F5/clarinet_F5_15_pianissimo_normal.mp3,clarinet,woodwind,1.9854,44100,F5,77,pianissimo,normal,1,0
clarinet/F5/clarinet_F5_15_piano_normal.mp3,clarinet,woodwind,1.9854,44100,F5,77,piano,normal,1,0
clarinet/F5/clarinet_F5_1_forte_normal.mp3,clarinet,woodwind,1.5151,44100,F5,77,forte,normal,1,0
clarinet/F5/clarinet_F5_1_fortissimo_normal.mp3,clarinet,woodwind,1.4106,44100,F5,77,fortissimo,normal,1,0
clarinet/F5/clarinet_F5_1_pianissimo_normal.mp3,clarinet,woodwind,1.3584,44100,F5,77,pianissimo,normal,1,0
clarinet/F5/clarinet_F5_1_piano_normal.mp3,clarinet,woodwind,1.5151,44100,F5,77,piano,normal,1,0
clarinet/F5/clarinet_F5_very-long_cresc-decresc_normal.mp3,clarinet,woodwind,8.098,44100,F5,77,cresc-decresc,normal,1,0
clarinet/F6/clarinet_F6_025_forte_normal.mp3,clarinet,woodwind,0.3658,44100,F6,89,forte,normal,1,0
clarinet/F6/clarinet_F6_025_fortissimo_normal.mp3,clarinet,woodwind,0.3658,44100,F6,89,fortissimo,normal,1,0
clarinet/F6/clarinet_F6_025_pianissimo_normal.mp3,clarinet,woodwind,0.3658,44100,F6,89,pianissimo,normal,1,0
clarinet/F6/clarinet_F6_025_piano_normal.mp3,clarinet,woodwind,0.3658,44100,F6,89,piano,normal,1,0
clarinet/F6/clarinet_F6_05_forte_normal.mp3,clarinet,woodwind,0.9405,44100,F6,89,forte,normal,1,0
clarinet/F6/clarinet_F6_05_fortissimo_normal.mp3,clarinet,woodwind,1.0189,44100,F6,89,fortissimo,normal,1,0
clarinet/F6/clarinet_F6_05_pianissimo_normal.mp3,clarinet,woodwind,0.9666,44100,F6,89,pianissimo,normal,1,0
clarinet/F6/clarinet_F6_05_piano_normal.mp3,clarinet,woodwind,0.9405,44100,F6,89,piano,normal,1,0
clarinet/F6/clarinet_F6_15_forte_normal.mp3,clarinet,woodwind,2.116,44100,F6,89,forte,normal,1,0
clarinet/F6/clarinet_F6_15_fortissimo_normal.mp3,clarinet,woodwind,1.9592,44100,F6,89,fortissimo,normal,1,0
clarinet/F6/clarinet_F6_15_pianissimo_normal.mp3,clarinet,woodwind,1.8286,44100,F6,89,pianissimo,normal,1,0
clarinet/F6/clarinet_F6_15_piano_normal.mp3,clarinet,woodwind,2.0638,44100,F6,89,piano,normal,1,0
clarinet/F6/clarinet_F6_1_forte_normal.mp3,clarinet,woodwind,1.5674,44100,F6,89,forte,normal,1,0
clarinet/F6/clarinet_F6_1_fortissimo_normal.mp3,clarinet,woodwind,1.489,44100,F6,89,fortissimo,normal,1,0
clarinet/F6/clarinet_F6_1_pianissimo_normal.mp3,clarinet,woodwind,1.3322,44100,F6,89,pianissimo,normal,1,0
clarinet/F6/clarinet_F6_1_piano_normal.mp3,clarinet,woodwind,1.489,44100,F6,89,piano,normal,1,0
clarinet/F6/clarinet_F6_very-long_cresc-decresc_normal.mp3,clarinet,woodwind,10.7625,44100,F6,89,cresc-decresc,normal,1,0
clarinet/F6/clarinet_F6_very-long_piano_normal.mp3,clarinet,woodwind,32.3396,44100,F6,89,piano,normal,1,0
clarinet/Fs3/clarinet_Fs3_025_forte_normal.mp3,clarinet,woodwind,0.418,44100,Fs3,54,forte,normal,1,0
clarinet/Fs3/clarinet_Fs3_025_fortissimo_normal.mp3,clarinet,woodwind,0.418,44100,Fs3,54,fortissimo,normal,1,0
clarinet/Fs3/clarinet_Fs3_025_pianissimo_normal.mp3,clarinet,woodwind,0.5747,44100,Fs3,54,pianissimo,normal,1,0
clarinet/Fs3/clarinet_Fs3_025_piano_normal.mp3,clarinet,woodwind,0.4964,44100,Fs3,54,piano,normal,1,0
clarinet/Fs3/clarinet_Fs3_05_forte_normal.mp3,clarinet,woodwind,1.1234,44100,Fs3,54,forte,normal,1,0
clarinet/Fs3/clarinet_Fs3_05_fortissimo_normal.mp3,clarinet,woodwind,1.1495,44100,Fs3,54,fortissimo,normal,1,0
clarinet/Fs3/clarinet_Fs3_05_pianissimo_normal.mp3,clarinet,woodwind,1.0973,44100,Fs3,54,pianissimo,normal,1,0
clarinet/Fs3/clarinet_Fs3_05_piano_normal.mp3,clarinet,woodwind,1.1234,44100,Fs3,54,piano,normal,1,0
clarinet/Fs3/clarinet_Fs3_15_forte_normal.mp3,clarinet,woodwind,2.2727,44100,Fs3,54,forte,normal,1,0
clarinet/Fs3/clarinet_Fs3_15_fortissimo_normal.mp3,clarinet,woodwind,2.2205,44100,Fs3,54,fortissimo,normal,1,0
clarinet/Fs3/clarinet_Fs3_15_pianissimo_normal.mp3,clarinet,woodwind,2.1944,44100,Fs3,54,pianissimo,normal,1,0
clarinet/Fs3/clarinet_Fs3_15_piano_normal.mp3,clarinet,woodwind,2.2205,44100,Fs3,54,piano,normal,1,0
clarinet/Fs3/clarinet_Fs3_1_forte_normal.mp3,clarinet,woodwind,1.7503,44100,Fs3,54,forte,normal,1,0
clarinet/Fs3/clarinet_Fs3_1_fortissimo_normal.mp3,clarinet,woodwind,1.698,44100,Fs3,54,fortissimo,normal,1,0
clarinet/Fs3/clarinet_Fs3_1_pianissimo_normal.mp3,clarinet,woodwind,1.489,44100,Fs3,54,pianissimo,normal,1,0
clarinet/Fs3/clarinet_Fs3_1_piano_normal.mp3,clarinet,woodwind,1.5935,44100,Fs3,54,piano,normal,1,0
clarinet/Fs4/clarinet_Fs4_025_forte_normal.mp3,clarinet,woodwind,0.4441,44100,Fs4,66,forte,normal,1,0
clarinet/Fs4/clarinet_Fs4_025_fortissimo_normal.mp3,clarinet,woodwind,0.3658,44100,Fs4,66,fortissimo,normal,1,0
clarinet/Fs4/clarinet_Fs4_025_pianissimo_normal.mp3,clarinet,woodwind,0.5747,44100,Fs4,66,pianissimo,normal,1,0
clarinet/Fs4/clarinet_Fs4_025_piano_normal.mp3,clarinet,woodwind,0.4441,44100,Fs4,66,piano,normal,1,0
clarinet/Fs4/clarinet_Fs4_05_forte_normal.mp3,clarinet,woodwind,0.9666,44100,Fs4,66,forte,normal,1,0
clarinet/Fs4/clarinet_Fs4_05_fortissimo_normal.mp3,clarinet,woodwind,1.045,44100,Fs4,66,fortissimo,normal,1,0
clarinet/Fs4/clarinet_Fs4_05_pianissimo_normal.mp3,clarinet,woodwind,1.045,44100,Fs4,66,pianissimo,normal,1,0
clarinet/Fs4/clarinet_Fs4_05_piano_normal.mp3,clarinet,woodwind,1.1234,44100,Fs4,66,piano,normal,1,0
clarinet/Fs4/clarinet_Fs4_15_forte_normal.mp3,clarinet,woodwind,2.1944,44100,Fs4,66,forte,normal,1,0
clarinet/Fs4/clarinet_Fs4_15_fortissimo_normal.mp3,clarinet,woodwind,2.4295,44100,Fs4,66,fortissimo,normal,1,0
clarinet/Fs4/clarinet_Fs4_15_pianissimo_normal.mp3,clarinet,woodwind,2.2205,44100,Fs4,66,pianissimo,normal,1,0
clarinet/Fs4/clarinet_Fs4_15_piano_normal.mp3,clarinet,woodwind,2.1944,44100,Fs4,66,piano,normal,1,0
clarinet/Fs4/clarinet_Fs4_1_forte_normal.mp3,clarinet,woodwind,1.7503,44100,Fs4,66,forte,normal,1,0
clarinet/Fs4/clarinet_Fs4_1_fortissimo_normal.mp3,clarinet,woodwind,1.5935,44100,Fs4,66,fortissimo,normal,1,0
clarinet/Fs4/clarinet_Fs4_1_pianissimo_normal.mp3,clarinet,woodwind,1.6458,44100,Fs4,66,pianissimo,normal,1,0
clarinet/Fs4/clarinet_Fs4_1_piano_normal.mp3,clarinet,woodwind,1.6458,44100,Fs4,66,piano,normal,1,0
clarinet/Fs5/clarinet_Fs5_025_forte_normal.mp3,clarinet,woodwind,0.3919,44100,Fs5,78,forte,normal,1,0
clarinet/Fs5/clarinet_Fs5_025_fortissimo_normal.mp3,clarinet,woodwind,0.3396,44100,Fs5,78,fortissimo,normal,1,0
clarinet/Fs5/clarinet_Fs5_025_pianissimo_normal.mp3,clarinet,woodwind,0.4441,44100,Fs5,78,pianissimo,normal,1,0
clarinet/Fs5/clarinet_Fs5_025_piano_normal.mp3,clarinet,woodwind,0.3658,44100,Fs5,78,piano,normal,1,0
clarinet/Fs5/clarinet_Fs5_05_forte_normal.mp3,clarinet,woodwind,0.9666,44100,Fs5,78,forte,normal,1,0
clarinet/Fs5/clarinet_Fs5_05_fortissimo_normal.mp3,clarinet,woodwind,0.9928,44100,Fs5,78,fortissimo,normal,1,0
clarinet/Fs5/clarinet_Fs5_05_pianissimo_normal.mp3,clarinet,woodwind,1.0711,44100,Fs5,78,pianissimo,normal,1,0
clarinet/Fs5/clarinet_Fs5_05_piano_normal.mp3,clarinet,woodwind,0.9928,44100,Fs5,78,piano,normal,1,0
clarinet/Fs5/clarinet_Fs5_15_forte_normal.mp3,clarinet,woodwind,2.116,44100,Fs5,78,forte,normal,1,0
clarinet/Fs5/clarinet_Fs5_15_fortissimo_normal.mp3,clarinet,woodwind,2.3773,44100,Fs5,78,fortissimo,normal,1,0
clarinet/Fs5/clarinet_Fs5_15_pianissimo_normal.mp3,clarinet,woodwind,1.9331,44100,Fs5,78,pianissimo,normal,1,0
clarinet/Fs5/clarinet_Fs5_15_piano_normal.mp3,clarinet,woodwind,1.9854,44100,Fs5,78,piano,normal,1,0
clarinet/Fs5/clarinet_Fs5_1_forte_normal.mp3,clarinet,woodwind,1.489,44100,Fs5,78,forte,normal,1,0
clarinet/Fs5/clarinet_Fs5_1_fortissimo_normal.mp3,clarinet,woodwind,1.5413,44100,Fs5,78,fortissimo,normal,1,0
clarinet/Fs5/clarinet_Fs5_1_pianissimo_normal.mp3,clarinet,woodwind,1.4106,44100,Fs5,78,pianissimo,normal,1,0
clarinet/Fs5/clarinet_Fs5_1_piano_normal.mp3,clarinet,woodwind,1.5413,44100,Fs5,78,piano,normal,1,0
clarinet/Fs6/clarinet_Fs6_025_forte_normal.mp3,clarinet,woodwind,0.3396,44100,Fs6,90,forte,normal,1,0
clarinet/Fs6/clarinet_Fs6_025_fortissimo_normal.mp3,clarinet,woodwind,0.3396,44100,Fs6,90,fortissimo,normal,1,0
clarinet/Fs6/clarinet_Fs6_025_pianissimo_normal.mp3,clarinet,woodwind,0.3658,44100,Fs6,90,pianissimo,normal,1,0
clarinet/Fs6/clarinet_Fs6_025_piano_normal.mp3,clarinet,woodwind,0.3658,44100,Fs6,90,piano,normal,1,0
clarinet/Fs6/clarinet_Fs6_05_forte_normal.mp3,clarinet,woodwind,0.9928,44100,Fs6,90,forte,normal,1,0
clarinet/Fs6/clarinet_Fs6_05_fortissimo_normal.mp3,clarinet,woodwind,1.045,44100,Fs6,90,fortissimo,normal,1,0
clarinet/Fs6/clarinet_Fs6_05_pianissimo_normal.mp3,clarinet,woodwind,0.9144,44100,Fs6,90,pianissimo,normal,1,0
clarinet/Fs6/clarinet_Fs6_05_piano_normal.mp3,clarinet,woodwind,0.8882,44100,Fs6,90,piano,normal,1,0
clarinet/Fs6/clarinet_Fs6_15_forte_normal.mp3,clarinet,woodwind,2.0899,44100,Fs6,90,forte,normal,1,0
clarinet/Fs6/clarinet_Fs6_15_fortissimo_normal.mp3,clarinet,woodwind,2.0638,44100,Fs6,90,fortissimo,normal,1,0
clarinet/Fs6/clarinet_Fs6_15_pianissimo_normal.mp3,clarinet,woodwind,1.7764,44100,Fs6,90,pianissimo,normal,1,0
clarinet/Fs6/clarinet_Fs6_15_piano_normal.mp3,clarinet,woodwind,1.907,44100,Fs6,90,piano,normal,1,0
clarinet/Fs6/clarinet_Fs6_1_forte_normal.mp3,clarinet,woodwind,1.5674,44100,Fs6,90,forte,normal,1,0
clarinet/Fs6/clarinet_Fs6_1_fortissimo_normal.mp3,clarinet,woodwind,1.489,44100,Fs6,90,fortissimo,normal,1,0
clarinet/Fs6/clarinet_Fs6_1_pianissimo_normal.mp3,clarinet,woodwind,1.2018,44100,Fs6,90,pianissimo,normal,1,0
clarinet/Fs6/clarinet_Fs6_1_piano_normal.mp3,clarinet,woodwind,1.5151,44100,Fs6,90,piano,normal,1,0
clarinet/G3/clarinet_G3_025_forte_normal.mp3,clarinet,woodwind,0.4703,44100,G3,55,forte,normal,1,0
clarinet/G3/clarinet_G3_025_fortissimo_normal.mp3,clarinet,woodwind,0.3919,44100,G3,55,fortissimo,normal,1,0
clarinet/G3/clarinet_G3_025_pianissimo_normal.mp3,clarinet,woodwind,0.627,44100,G3,55,pianissimo,normal,1,0
clarinet/G3/clarinet_G3_025_piano_normal.mp3,clarinet,woodwind,0.5486,44100,G3,55,piano,normal,1,0
clarinet/G3/clarinet_G3_05_forte_normal.mp3,clarinet,woodwind,1.0711,44100,G3,55,forte,normal,1,0
clarinet/G3/clarinet_G3_05_fortissimo_normal.mp3,clarinet,woodwind,1.045,44100,G3,55,fortissimo,normal,1,0
clarinet/G3/clarinet_G3_05_pianissimo_normal.mp3,clarinet,woodwind,1.1234,44100,G3,55,pianissimo,normal,1,0
clarinet/G3/clarinet_G3_05_piano_normal.mp3,clarinet,woodwind,1.1234,44100,G3,55,piano,normal,1,0
clarinet/G3/clarinet_G3_15_forte_normal.mp3,clarinet,woodwind,2.1944,44100,G3,55,forte,normal,1,0
clarinet/G3/clarinet_G3_15_fortissimo_normal.mp3,clarinet,woodwind,2.3511,44100,G3,55,fortissimo,normal,1,0
clarinet/G3/clarinet_G3_15_pianissimo_normal.mp3,clarinet,woodwind,2.2205,44100,G3,55,pianissimo,normal,1,0
clarinet/G3/clarinet_G3_15_piano_normal.mp3,clarinet,woodwind,2.2727,44100,G3,55,piano,normal,1,0
clarinet/G3/clarinet_G3_1_forte_normal.mp3,clarinet,woodwind,1.7241,44100,G3,55,forte,normal,1,0
clarinet/G3/clarinet_G3_1_fortissimo_normal.mp3,clarinet,woodwind,1.7241,44100,G3,55,fortissimo,normal,1,0
clarinet/G3/clarinet_G3_1_pianissimo_normal.mp3,clarinet,woodwind,12.147,44100,G3,55,pianissimo,normal,1,0
clarinet/G3/clarinet_G3_1_piano_normal.mp3,clarinet,woodwind,1.7241,44100,G3,55,piano,normal,1,0
clarinet/G4/clarinet_G4_025_forte_normal.mp3,clarinet,woodwind,0.4441,44100,G4,67,forte,normal,1,0
clarinet/G4/clarinet_G4_025_fortissimo_normal.mp3,clarinet,woodwind,0.3919,44100,G4,67,fortissimo,normal,1,0
clarinet/G4/clarinet_G4_025_pianissimo_normal.mp3,clarinet,woodwind,0.5225,44100,G4,67,pianissimo,normal,1,0
clarinet/G4/clarinet_G4_025_piano_normal.mp3,clarinet,woodwind,0.418,44100,G4,67,piano,normal,1,0
clarinet/G4/clarinet_G4_05_forte_normal.mp3,clarinet,woodwind,0.9928,44100,G4,67,forte,normal,1,0
clarinet/G4/clarinet_G4_05_fortissimo_normal.mp3,clarinet,woodwind,1.045,44100,G4,67,fortissimo,normal,1,0
clarinet/G4/clarinet_G4_05_pianissimo_normal.mp3,clarinet,woodwind,1.0711,44100,G4,67,pianissimo,normal,1,0
clarinet/G4/clarinet_G4_05_piano_normal.mp3,clarinet,woodwind,1.045,44100,G4,67,piano,normal,1,0
clarinet/G4/clarinet_G4_15_forte_normal.mp3,clarinet,woodwind,2.1421,44100,G4,67,forte,normal,1,0
clarinet/G4/clarinet_G4_15_fortissimo_normal.mp3,clarinet,woodwind,2.1421,44100,G4,67,fortissimo,normal,1,0
clarinet/G4/clarinet_G4_15_pianissimo_normal.mp3,clarinet,woodwind,2.1683,44100,G4,67,pianissimo,normal,1,0
clarinet/G4/clarinet_G4_15_piano_normal.mp3,clarinet,woodwind,2.116,44100,G4,67,piano,normal,1,0
clarinet/G4/clarinet_G4_1_forte_normal.mp3,clarinet,woodwind,1.5935,44100,G4,67,forte,normal,1,0
clarinet/G4/clarinet_G4_1_fortissimo_normal.mp3,clarinet,woodwind,1.6719,44100,G4,67,fortissimo,normal,1,0
clarinet/G4/clarinet_G4_1_pianissimo_normal.mp3,clarinet,woodwind,1.698,44100,G4,67,pianissimo,normal,1,0
clarinet/G4/clarinet_G4_1_piano_normal.mp3,clarinet,woodwind,1.5935,44100,G4,67,piano,normal,1,0
clarinet/G5/clarinet_G5_025_forte_normal.mp3,clarinet,woodwind,0.3658,44100,G5,79,forte,normal,1,0
clarinet/G5/clarinet_G5_025_fortissimo_normal.mp3,clarinet,woodwind,0.3658,44100,G5,79,fortissimo,normal,1,0
clarinet/G5/clarinet_G5_025_pianissimo_normal.mp3,clarinet,woodwind,0.3658,44100,G5,79,pianissimo,normal,1,0
clarinet/G5/clarinet_G5_025_piano_normal.mp3,clarinet,woodwind,0.3658,44100,G5,79,piano,normal,1,0
clarinet/G5/clarinet_G5_05_forte_normal.mp3,clarinet,woodwind,1.045,44100,G5,79,forte,normal,1,0
clarinet/G5/clarinet_G5_05_fortissimo_normal.mp3,clarinet,woodwind,0.9928,44100,G5,79,fortissimo,normal,1,0
clarinet/G5/clarinet_G5_05_pianissimo_normal.mp3,clarinet,woodwind,0.9666,44100,G5,79,pianissimo,normal,1,0
clarinet/G5/clarinet_G5_05_piano_normal.mp3,clarinet,woodwind,1.0189,44100,G5,79,piano,normal,1,0
clarinet/G5/clarinet_G5_15_forte_normal.mp3,clarinet,woodwind,2.1421,44100,G5,79,forte,normal,1,0
clarinet/G5/clarinet_G5_15_fortissimo_normal.mp3,clarinet,woodwind,2.1683,44100,G5,79,fortissimo,normal,1,0
clarinet/G5/clarinet_G5_15_pianissimo_normal.mp3,clarinet,woodwind,2.0376,44100,G5,79,pianissimo,normal,1,0
clarinet/G5/clarinet_G5_15_piano_normal.mp3,clarinet,woodwind,1.9854,44100,G5,79,piano,normal,1,0
clarinet/G5/clarinet_G5_1_forte_normal.mp3,clarinet,woodwind,1.5413,44100,G5,79,forte,normal,1,0
clarinet/G5/clarinet_G5_1_fortissimo_normal.mp3,clarinet,woodwind,1.5151,44100,G5,79,fortissimo,normal,1,0
clarinet/G5/clarinet_G5_1_pianissimo_normal.mp3,clarinet,woodwind,1.3845,44100,G5,79,pianissimo,normal,1,0
clarinet/G5/clarinet_G5_1_piano_normal.mp3,clarinet,woodwind,1.5674,44100,G5,79,piano,normal,1,0
clarinet/G6/clarinet_G6_025_forte_normal.mp3,clarinet,woodwind,0.3658,44100,G6,91,forte,normal,1,0
clarinet/G6/clarinet_G6_025_fortissimo_normal.mp3,clarinet,woodwind,0.3396,44100,G6,91,fortissimo,normal,1,0
clarinet/G6/clarinet_G6_025_pianissimo_normal.mp3,clarinet,woodwind,0.3919,44100,G6,91,pianissimo,normal,1,0
clarinet/G6/clarinet_G6_025_piano_normal.mp3,clarinet,woodwind,0.3919,44100,G6,91,piano,normal,1,0
clarinet/G6/clarinet_G6_05_forte_normal.mp3,clarinet,woodwind,0.9666,44100,G6,91,forte,normal,1,0
clarinet/G6/clarinet_G6_05_fortissimo_normal.mp3,clarinet,woodwind,1.0189,44100,G6,91,fortissimo,normal,1,0
clarinet/G6/clarinet_G6_05_pianissimo_normal.mp3,clarinet,woodwind,0.9405,44100,G6,91,pianissimo,normal,1,0
clarinet/G6/clarinet_G6_05_piano_normal.mp3,clarinet,woodwind,1.0189,44100,G6,91,piano,normal,1,0
clarinet/G6/clarinet_G6_15_forte_normal.mp3,clarinet,woodwind,2.0376,44100,G6,91,forte,normal,1,0
clarinet/G6/clarinet_G6_15_fortissimo_normal.mp3,clarinet,woodwind,1.9331,44100,G6,91,fortissimo,normal,1,0
clarinet/G6/clarinet_G6_15_pianissimo_normal.mp3,clarinet,woodwind,2.0115,44100,G6,91,pianissimo,normal,1,0
clarinet/G6/clarinet_G6_15_piano_normal.mp3,clarinet,woodwind,1.9592,44100,G6,91,piano,normal,1,0
clarinet/G6/clarinet_G6_1_forte_normal.mp3,clarinet,woodwind,1.4629,44100,G6,91,forte,normal,1,0
clarinet/G6/clarinet_G6_1_fortissimo_normal.mp3,clarinet,woodwind,1.4367,44100,G6,91,fortissimo,normal,1,0
clarinet/G6/clarinet_G6_1_pianissimo_normal.mp3,clarinet,woodwind,1.3845,44100,G6,91,pianissimo,normal,1,0
clarinet/G6/clarinet_G6_1_piano_normal.mp3,clarinet,woodwind,1.5674,44100,G6,91,piano,normal,1,0
clarinet/Gs3/clarinet_Gs3_025_forte_normal.mp3,clarinet,woodwind,0.4441,44100,Gs3,56,forte,normal,1,0
clarinet/Gs3/clarinet_Gs3_025_fortissimo_normal.mp3,clarinet,woodwind,0.4703,44100,Gs3,56,fortissimo,normal,1,0
clarinet/Gs3/clarinet_Gs3_025_pianissimo_normal.mp3,clarinet,woodwind,0.627,44100,Gs3,56,pianissimo,normal,1,0
clarinet/Gs3/clarinet_Gs3_025_piano_normal.mp3,clarinet,woodwind,0.4703,44100,Gs3,56,piano,normal,1,0
clarinet/Gs3/clarinet_Gs3_05_forte_normal.mp3,clarinet,woodwind,1.0973,44100,Gs3,56,forte,normal,1,0
clarinet/Gs3/clarinet_Gs3_05_fortissimo_normal.mp3,clarinet,woodwind,1.0189,44100,Gs3,56,fortissimo,normal,1,0
clarinet/Gs3/clarinet_Gs3_05_pianissimo_normal.mp3,clarinet,woodwind,1.0711,44100,Gs3,56,pianissimo,normal,1,0
clarinet/Gs3/clarinet_Gs3_05_piano_normal.mp3,clarinet,woodwind,1.0711,44100,Gs3,56,piano,normal,1,0
clarinet/Gs3/clarinet_Gs3_15_forte_normal.mp3,clarinet,woodwind,2.2466,44100,Gs3,56,forte,normal,1,0
clarinet/Gs3/clarinet_Gs3_15_fortissimo_normal.mp3,clarinet,woodwind,2.116,44100,Gs3,56,fortissimo,normal,1,0
clarinet/Gs3/clarinet_Gs3_15_pianissimo_normal.mp3,clarinet,woodwind,2.0638,44100,Gs3,56,pianissimo,normal,1,0
clarinet/Gs3/clarinet_Gs3_15_piano_normal.mp3,clarinet,woodwind,2.2205,44100,Gs3,56,piano,normal,1,0
clarinet/Gs3/clarinet_Gs3_1_forte_normal.mp3,clarinet,woodwind,1.6196,44100,Gs3,56,forte,normal,1,0
clarinet/Gs3/clarinet_Gs3_1_fortissimo_normal.mp3,clarinet,woodwind,1.6458,44100,Gs3,56,fortissimo,normal,1,0
clarinet/Gs3/clarinet_Gs3_1_pianissimo_normal.mp3,clarinet,woodwind,1.5935,44100,Gs3,56,pianissimo,normal,1,0
clarinet/Gs3/clarinet_Gs3_1_piano_normal.mp3,clarinet,woodwind,1.5935,44100,Gs3,56,piano,normal,1,0
clarinet/Gs3/clarinet_Gs3_very-long_cresc-decresc_normal.mp3,clarinet,woodwind,10.3184,44100,Gs3,56,cresc-decresc,normal,1,0
clarinet/Gs3/clarinet_Gs3_very-long_piano_normal.mp3,clarinet,woodwind,33.1234,44100,Gs3,56,piano,normal,1,0
clarinet/Gs4/clarinet_Gs4_025_forte_normal.mp3,clarinet,woodwind,0.3919,44100,Gs4,68,forte,normal,1,0
clarinet/Gs4/clarinet_Gs4_025_fortissimo_normal.mp3,clarinet,woodwind,0.3658,44100,Gs4,68,fortissimo,normal,1,0
clarinet/Gs4/clarinet_Gs4_025_pianissimo_normal.mp3,clarinet,woodwind,0.5225,44100,Gs4,68,pianissimo,normal,1,0
clarinet/Gs4/clarinet_Gs4_025_piano_normal.mp3,clarinet,woodwind,0.418,44100,Gs4,68,piano,normal,1,0
clarinet/Gs4/clarinet_Gs4_05_forte_normal.mp3,clarinet,woodwind,0.8882,44100,Gs4,68,forte,normal,1,0
clarinet/Gs4/clarinet_Gs4_05_fortissimo_normal.mp3,clarinet,woodwind,1.0973,44100,Gs4,68,fortissimo,normal,1,0
clarinet/Gs4/clarinet_Gs4_05_pianissimo_normal.mp3,clarinet,woodwind,1.0711,44100,Gs4,68,pianissimo,normal,1,0
clarinet/Gs4/clarinet_Gs4_05_piano_normal.mp3,clarinet,woodwind,1.045,44100,Gs4,68,piano,normal,1,0
clarinet/Gs4/clarinet_Gs4_15_forte_normal.mp3,clarinet,woodwind,2.0115,44100,Gs4,68,forte,normal,1,0
clarinet/Gs4/clarinet_Gs4_15_fortissimo_normal.mp3,clarinet,woodwind,1.9854,44100,Gs4,68,fortissimo,normal,1,0
clarinet/Gs4/clarinet_Gs4_15_pianissimo_normal.mp3,clarinet,woodwind,2.1421,44100,Gs4,68,pianissimo,normal,1,0
clarinet/Gs4/clarinet_Gs4_15_piano_normal.mp3,clarinet,woodwind,2.116,44100,Gs4,68,piano,normal,1,0
clarinet/Gs4/clarinet_Gs4_1_forte_normal.mp3,clarinet,woodwind,1.5151,44100,Gs4,68,forte,normal,1,0
clarinet/Gs4/clarinet_Gs4_1_fortissimo_normal.mp3,clarinet,woodwind,1.5151,44100,Gs4,68,fortissimo,normal,1,0
clarinet/Gs4/clarinet_Gs4_1_pianissimo_normal.mp3,clarinet,woodwind,1.5935,44100,Gs4,68,pianissimo,normal,1,0
clarinet/Gs4/clarinet_Gs4_1_piano_normal.mp3,clarinet,woodwind,1.6196,44100,Gs4,68,piano,normal,1,0
clarinet/Gs4/clarinet_Gs4_very-long_cresc-decresc_normal.mp3,clarinet,woodwind,11.7029,44100,Gs4,68,cresc-decresc,normal,1,0
clarinet/Gs5/clarinet_Gs5_025_forte_normal.mp3,clarinet,woodwind,0.3396,44100,Gs5,80,forte,normal,1,0
clarinet/Gs5/clarinet_Gs5_025_fortissimo_normal.mp3,clarinet,woodwind,0.3658,44100,Gs5,80,fortissimo,normal,1,0
clarinet/Gs5/clarinet_Gs5_025_pianissimo_normal.mp3,clarinet,woodwind,0.3658,44100,Gs5,80,pianissimo,normal,1,0
clarinet/Gs5/clarinet_Gs5_025_piano_normal.mp3,clarinet,woodwind,0.3658,44100,Gs5,80,piano,normal,1,0
clarinet/Gs5/clarinet_Gs5_05_forte_normal.mp3,clarinet,woodwind,0.9405,44100,Gs5,80,forte,normal,1,0
clarinet/Gs5/clarinet_Gs5_05_fortissimo_normal.mp3,clarinet,woodwind,0.9144,44100,Gs5,80,fortissimo,normal,1,0
clarinet/Gs5/clarinet_Gs5_05_pianissimo_normal.mp3,clarinet,woodwind,0.9405,44100,Gs5,80,pianissimo,normal,1,0
clarinet/Gs5/clarinet_Gs5_05_piano_normal.mp3,clarinet,woodwind,1.0189,44100,Gs5,80,piano,normal,1,0
clarinet/Gs5/clarinet_Gs5_15_forte_normal.mp3,clarinet,woodwind,2.1683,44100,Gs5,80,forte,normal,1,0
clarinet/Gs5/clarinet_Gs5_15_fortissimo_normal.mp3,clarinet,woodwind,2.1683,44100,Gs5,80,fortissimo,normal,1,0
clarinet/Gs5/clarinet_Gs5_15_pianissimo_normal.mp3,clarinet,woodwind,2.1421,44100,Gs5,80,pianissimo,normal,1,0
clarinet/Gs5/clarinet_Gs5_15_piano_normal.mp3,clarinet,woodwind,1.9854,44100,Gs5,80,piano,normal,1,0
clarinet/Gs5/clarinet_Gs5_1_forte_normal.mp3,clarinet,woodwind,1.4106,44100,Gs5,80,forte,normal,1,0
clarinet/Gs5/clarinet_Gs5_1_fortissimo_normal.mp3,clarinet,woodwind,1.5674,44100,Gs5,80,fortissimo,normal,1,0
clarinet/Gs5/clarinet_Gs5_1_pianissimo_normal.mp3,clarinet,woodwind,1.1756,44100,Gs5,80,pianissimo,normal,1,0
clarinet/Gs5/clarinet_Gs5_1_piano_normal.mp3,clarinet,woodwind,1.3845,44100,Gs5,80,piano,normal,1,0
clarinet/Gs5/clarinet_Gs5_very-long_cresc-decresc_normal.mp3,clarinet,woodwind,10.3706,44100,Gs5,80,cresc-decresc,normal,1,0
clarinet/Gs6/clarinet_Gs6_025_forte_normal.mp3,clarinet,woodwind,0.3658,44100,Gs6,92,forte,normal,1,0
clarinet/Gs6/clarinet_Gs6_025_fortissimo_normal.mp3,clarinet,woodwind,0.3396,44100,Gs6,92,fortissimo,normal,1,0
clarinet/Gs6/clarinet_Gs6_025_pianissimo_normal.mp3,clarinet,woodwind,0.3658,44100,Gs6,92,pianissimo,normal,1,0
clarinet/Gs6/clarinet_Gs6_025_piano_normal.mp3,clarinet,woodwind,0.3919,44100,Gs6,92,piano,normal,1,0
clarinet/Gs6/clarinet_Gs6_05_forte_normal.mp3,clarinet,woodwind,0.9405,44100,Gs6,92,forte,normal,1,0
clarinet/Gs6/clarinet_Gs6_05_fortissimo_normal.mp3,clarinet,woodwind,1.0189,44100,Gs6,92,fortissimo,normal,1,0
clarinet/Gs6/clarinet_Gs6_05_pianissimo_normal.mp3,clarinet,woodwind,0.8621,44100,Gs6,92,pianissimo,normal,1,0
clarinet/Gs6/clarinet_Gs6_05_piano_normal.mp3,clarinet,woodwind,0.9666,44100,Gs6,92,piano,normal,1,0
clarinet/Gs6/clarinet_Gs6_15_forte_normal.mp3,clarinet,woodwind,1.9331,44100,Gs6,92,forte,normal,1,0
clarinet/Gs6/clarinet_Gs6_15_fortissimo_normal.mp3,clarinet,woodwind,2.0115,44100,Gs6,92,fortissimo,normal,1,0
clarinet/Gs6/clarinet_Gs6_15_pianissimo_normal.mp3,clarinet,woodwind,1.9854,44100,Gs6,92,pianissimo,normal,1,0
clarinet/Gs6/clarinet_Gs6_15_piano_normal.mp3,clarinet,woodwind,1.907,44100,Gs6,92,piano,normal,1,0
clarinet/Gs6/clarinet_Gs6_1_forte_normal.mp3,clarinet,woodwind,1.489,44100,Gs6,92,forte,normal,1,0
clarinet/Gs6/clarinet_Gs6_1_fortissimo_normal.mp3,clarinet,woodwind,1.4106,44100,Gs6,92,fortissimo,normal,1,0
clarinet/Gs6/clarinet_Gs6_1_pianissimo_normal.mp3,clarinet,woodwind,1.3845,44100,Gs6,92,pianissimo,normal,1,0
clarinet/Gs6/clarinet_Gs6_1_piano_normal.mp3,clarinet,woodwind,1.5413,44100,Gs6,92,piano,normal,1,0
double-bass/A1/double-bass_A1_025_forte_arco-normal.mp3,double-bass,strings,0.4703,44100,A1,33,forte,arco-normal,1,0
double-bass/A1/double-bass_A1_025_fortissimo_arco-normal.mp3,double-bass,strings,0.5225,44100,A1,33,fortissimo,arco-normal,1,0
double-bass/A1/double-bass_A1_025_mezzo-forte_arco-normal.mp3,double-bass,strings,0.5225,44100,A1,33,mezzo-forte,arco-normal,1,0
double-bass/A1/double-bass_A1_025_mezzo-piano_arco-normal.mp3,double-bass,strings,0.3919,44100,A1,33,mezzo-piano,arco-normal,1,0
double-bass/A1/double-bass_A1_025_molto-pianissimo_arco-normal.mp3,double-bass,strings,0.5225,44100,A1,33,molto-pianissimo,arco-normal,1,0
double-bass/A1/double-bass_A1_05_forte_arco-normal.mp3,double-bass,strings,0.9928,44100,A1,33,forte,arco-normal,1,0
double-bass/A1/double-bass_A1_05_fortissimo_arco-normal.mp3,double-bass,strings,1.045,44100,A1,33,fortissimo,arco-normal,1,0
double-bass/A1/double-bass_A1_05_mezzo-forte_arco-normal.mp3,double-bass,strings,1.045,44100,A1,33,mezzo-forte,arco-normal,1,0
double-bass/A1/double-bass_A1_05_mezzo-piano_arco-normal.mp3,double-bass,strings,1.045,44100,A1,33,mezzo-piano,arco-normal,1,0
double-bass/A1/double-bass_A1_05_molto-pianissimo_arco-normal.mp3,double-bass,strings,1.0189,44100,A1,33,molto-pianissimo,arco-normal,1,0
double-bass/A1/double-bass_A1_15_forte_arco-normal.mp3,double-bass,strings,1.8025,44100,A1,33,forte,arco-normal,1,0
double-bass/A1/double-bass_A1_15_mezzo-forte_arco-normal.mp3,double-bass,strings,1.8547,44100,A1,33,mezzo-forte,arco-normal,1,0
double-bass/A1/double-bass_A1_15_piano_arco-normal.mp3,double-bass,strings,1.9592,44100,A1,33,piano,arco-normal,1,0
double-bass/A1/double-bass_A1_1_forte_arco-normal.mp3,double-bass,strings,1.3845,44100,A1,33,forte,arco-normal,1,0
double-bass/A1/double-bass_A1_1_fortissimo_arco-normal.mp3,double-bass,strings,1.6458,44100,A1,33,fortissimo,arco-normal,1,0
double-bass/A1/double-bass_A1_1_mezzo-forte_arco-normal.mp3,double-bass,strings,1.28,44100,A1,33,mezzo-forte,arco-normal,1,0
double-bass/A1/double-bass_A1_1_molto-pianissimo_arco-normal.mp3,double-bass,strings,1.9331,44100,A1,33,molto-pianissimo,arco-normal,1,0
double-bass/A1/double-bass_A1_1_pianissimo_arco-normal.mp3,double-bass,strings,1.3061,44100,A1,33,pianissimo,arco-normal,1,0
double-bass/A1/double-bass_A1_1_piano_arco-normal.mp3,double-bass,strings,1.4367,44100,A1,33,piano,arco-normal,1,0
double-bass/A1/double-bass_A1_phrase_cresc-decresc_arco-normal.mp3,double-bass,strings,5.6164,44100,A1,33,cresc-decresc,arco-normal,1,1
double-bass/A1/double-bass_A1_phrase_piano_arco-normal.mp3,double-bass,strings,29.5445,44100,A1,33,piano,arco-normal,1,1
double-bass/A2/double-bass_A2_025_forte_arco-normal.mp3,double-bass,strings,0.6009,44100,A2,45,forte,arco-normal,1,0
double-bass/A2/double-bass_A2_025_fortissimo_arco-normal.mp3,double-bass,strings,0.5747,44100,A2,45,fortissimo,arco-normal,1,0
double-bass/A2/double-bass_A2_025_molto-pianissimo_arco-normal.mp3,double-bass,strings,0.627,44100,A2,45,molto-pianissimo,arco-normal,1,0
double-bass/A2/double-bass_A2_025_piano_arco-normal.mp3,double-bass,strings,0.5747,44100,A2,45,piano,arco-normal,1,0
double-bass/A2/double-bass_A2_05_forte_arco-normal.mp3,double-bass,strings,0.9666,44100,A2,45,forte,arco-normal,1,0
double-bass/A2/double-bass_A2_05_fortissimo_arco-normal.mp3,double-bass,strings,0.9928,44100,A2,45,fortissimo,arco-normal,1,0
double-bass/A2/double-bass_A2_05_mezzo-forte_arco-normal.mp3,double-bass,strings,0.9928,44100,A2,45,mezzo-forte,arco-normal,1,0
double-bass/A2/double-bass_A2_05_molto-pianissimo_arco-normal.mp3,double-bass,strings,1.0189,44100,A2,45,molto-pianissimo,arco-normal,1,0
double-bass/A2/double-bass_A2_05_piano_arco-normal.mp3,double-bass,strings,0.9928,44100,A2,45,piano,arco-normal,1,0
double-bass/A2/double-bass_A2_15_forte_arco-normal.mp3,double-bass,strings,1.8286,44100,A2,45,forte,arco-normal,1,0
double-bass/A2/double-bass_A2_15_mezzo-piano_arco-normal.mp3,double-bass,strings,1.8286,44100,A2,45,mezzo-piano,arco-normal,1,0
double-bass/A2/double-bass_A2_15_molto-pianissimo_arco-normal.mp3,double-bass,strings,2.116,44100,A2,45,molto-pianissimo,arco-normal,1,0
double-bass/A2/double-bass_A2_1_forte_arco-normal.mp3,double-bass,strings,1.2539,44100,A2,45,forte,arco-normal,1,0
double-bass/A2/double-bass_A2_1_fortissimo_arco-normal.mp3,double-bass,strings,1.9331,44100,A2,45,fortissimo,arco-normal,1,0
double-bass/A2/double-bass_A2_1_mezzo-forte_arco-normal.mp3,double-bass,strings,1.9331,44100,A2,45,mezzo-forte,arco-normal,1,0
double-bass/A2/double-bass_A2_1_mezzo-piano_arco-normal.mp3,double-bass,strings,1.28,44100,A2,45,mezzo-piano,arco-normal,1,0
double-bass/A2/double-bass_A2_1_molto-pianissimo_arco-normal.mp3,double-bass,strings,1.3061,44100,A2,45,molto-pianissimo,arco-normal,1,0
double-bass/A2/double-bass_A2_phrase_cresc-decresc_arco-normal.mp3,double-bass,strings,6.4,44100,A2,45,cresc-decresc,arco-normal,1,1
double-bass/A3/double-bass_A3_025_forte_arco-normal.mp3,double-bass,strings,0.6009,44100,A3,57,forte,arco-normal,1,0
double-bass/A3/double-bass_A3_025_fortissimo_arco-normal.mp3,double-bass,strings,0.6531,44100,A3,57,fortissimo,arco-normal,1,0
double-bass/A3/double-bass_A3_025_mezzo-forte_arco-normal.mp3,double-bass,strings,0.5225,44100,A3,57,mezzo-forte,arco-normal,1,0
double-bass/A3/double-bass_A3_025_mezzo-piano_arco-normal.mp3,double-bass,strings,0.9928,44100,A3,57,mezzo-piano,arco-normal,1,0
double-bass/A3/double-bass_A3_025_pianissimo_arco-normal.mp3,double-bass,strings,1.8547,44100,A3,57,pianissimo,arco-normal,1,0
double-bass/A3/double-bass_A3_025_piano_arco-normal.mp3,double-bass,strings,0.6009,44100,A3,57,piano,arco-normal,1,0
double-bass/A3/double-bass_A3_05_forte_arco-normal.mp3,double-bass,strings,1.0711,44100,A3,57,forte,arco-normal,1,0
double-bass/A3/double-bass_A3_05_fortissimo_arco-normal.mp3,double-bass,strings,0.9928,44100,A3,57,fortissimo,arco-normal,1,0
double-bass/A3/double-bass_A3_05_mezzo-forte_arco-normal.mp3,double-bass,strings,0.836,44100,A3,57,mezzo-forte,arco-normal,1,0
double-bass/A3/double-bass_A3_05_mezzo-piano_arco-normal.mp3,double-bass,strings,1.4629,44100,A3,57,mezzo-piano,arco-normal,1,0
double-bass/A3/double-bass_A3_15_forte_arco-normal.mp3,double-bass,strings,1.6719,44100,A3,57,forte,arco-normal,1,0
double-bass/A3/double-bass_A3_15_fortissimo_arco-normal.mp3,double-bass,strings,1.8286,44100,A3,57,fortissimo,arco-normal,1,0
double-bass/A3/double-bass_A3_15_mezzo-forte_arco-normal.mp3,double-bass,strings,1.8025,44100,A3,57,mezzo-forte,arco-normal,1,0
double-bass/A3/double-bass_A3_1_forte_arco-normal.mp3,double-bass,strings,1.3845,44100,A3,57,forte,arco-normal,1,0
double-bass/A3/double-bass_A3_1_fortissimo_arco-normal.mp3,double-bass,strings,1.6719,44100,A3,57,fortissimo,arco-normal,1,0
double-bass/A3/double-bass_A3_1_mezzo-forte_arco-normal.mp3,double-bass,strings,1.2539,44100,A3,57,mezzo-forte,arco-normal,1,0
double-bass/A3/double-bass_A3_1_mezzo-piano_arco-normal.mp3,double-bass,strings,1.8025,44100,A3,57,mezzo-piano,arco-normal,1,0
double-bass/A3/double-bass_A3_1_molto-pianissimo_arco-normal.mp3,double-bass,strings,1.2539,44100,A3,57,molto-pianissimo,arco-normal,1,0
double-bass/A3/double-bass_A3_1_pianissimo_arco-normal.mp3,double-bass,strings,1.1495,44100,A3,57,pianissimo,arco-normal,1,0
double-bass/As1/double-bass_As1_025_forte_arco-normal.mp3,double-bass,strings,0.5747,44100,As1,34,forte,arco-normal,1,0
double-bass/As1/double-bass_As1_025_fortissimo_arco-normal.mp3,double-bass,strings,0.6009,44100,As1,34,fortissimo,arco-normal,1,0
double-bass/As1/double-bass_As1_025_mezzo-forte_arco-normal.mp3,double-bass,strings,0.5747,44100,As1,34,mezzo-forte,arco-normal,1,0
double-bass/As1/double-bass_As1_025_molto-pianissimo_arco-normal.mp3,double-bass,strings,0.5486,44100,As1,34,molto-pianissimo,arco-normal,1,0
double-bass/As1/double-bass_As1_05_forte_arco-normal.mp3,double-bass,strings,1.0189,44100,As1,34,forte,arco-normal,1,0
double-bass/As1/double-bass_As1_05_fortissimo_arco-normal.mp3,double-bass,strings,1.0189,44100,As1,34,fortissimo,arco-normal,1,0
double-bass/As1/double-bass_As1_05_molto-pianissimo_arco-normal.mp3,double-bass,strings,0.9666,44100,As1,34,molto-pianissimo,arco-normal,1,0
double-bass/As1/double-bass_As1_05_piano_arco-normal.mp3,double-bass,strings,0.6531,44100,As1,34,piano,arco-normal,1,0
double-bass/As1/double-bass_As1_15_forte_arco-normal.mp3,double-bass,strings,1.8025,44100,As1,34,forte,arco-normal,1,0
double-bass/As1/double-bass_As1_15_fortissimo_arco-normal.mp3,double-bass,strings,1.907,44100,As1,34,fortissimo,arco-normal,1,0
double-bass/As1/double-bass_As1_15_mezzo-forte_arco-normal.mp3,double-bass,strings,1.8547,44100,As1,34,mezzo-forte,arco-normal,1,0
double-bass/As1/double-bass_As1_15_mezzo-piano_arco-normal.mp3,double-bass,strings,2.0376,44100,As1,34,mezzo-piano,arco-normal,1,0
double-bass/As1/double-bass_As1_15_pianissimo_arco-normal.mp3,double-bass,strings,1.9331,44100,As1,34,pianissimo,arco-normal,1,0
double-bass/As1/double-bass_As1_1_forte_arco-normal.mp3,double-bass,strings,1.4629,44100,As1,34,forte,arco-normal,1,0
double-bass/As1/double-bass_As1_1_fortissimo_arco-normal.mp3,double-bass,strings,1.5413,44100,As1,34,fortissimo,arco-normal,1,0
double-bass/As1/double-bass_As1_1_mezzo-forte_arco-normal.mp3,double-bass,strings,1.0973,44100,As1,34,mezzo-forte,arco-normal,1,0
double-bass/As1/double-bass_As1_1_mezzo-piano_arco-normal.mp3,double-bass,strings,1.3584,44100,As1,34,mezzo-piano,arco-normal,1,0
double-bass/As1/double-bass_As1_1_molto-pianissimo_arco-normal.mp3,double-bass,strings,1.3584,44100,As1,34,molto-pianissimo,arco-normal,1,0
double-bass/As1/double-bass_As1_1_piano_arco-normal.mp3,double-bass,strings,0.9928,44100,As1,34,piano,arco-normal,1,0
double-bass/As2/double-bass_As2_025_forte_arco-normal.mp3,double-bass,strings,0.4441,44100,As2,46,forte,arco-normal,1,0
double-bass/As2/double-bass_As2_025_fortissimo_arco-normal.mp3,double-bass,strings,0.5747,44100,As2,46,fortissimo,arco-normal,1,0
double-bass/As2/double-bass_As2_025_mezzo-forte_arco-normal.mp3,double-bass,strings,0.5225,44100,As2,46,mezzo-forte,arco-normal,1,0
double-bass/As2/double-bass_As2_025_molto-pianissimo_arco-normal.mp3,double-bass,strings,0.5747,44100,As2,46,molto-pianissimo,arco-normal,1,0
double-bass/As2/double-bass_As2_025_piano_arco-normal.mp3,double-bass,strings,0.5225,44100,As2,46,piano,arco-normal,1,0
double-bass/As2/double-bass_As2_05_forte_arco-normal.mp3,double-bass,strings,1.0711,44100,As2,46,forte,arco-normal,1,0
double-bass/As2/double-bass_As2_05_fortissimo_arco-normal.mp3,double-bass,strings,1.045,44100,As2,46,fortissimo,arco-normal,1,0
double-bass/As2/double-bass_As2_05_mezzo-forte_arco-normal.mp3,double-bass,strings,0.9928,44100,As2,46,mezzo-forte,arco-normal,1,0
double-bass/As2/double-bass_As2_05_mezzo-piano_arco-normal.mp3,double-bass,strings,1.3061,44100,As2,46,mezzo-piano,arco-normal,1,0
double-bass/As2/double-bass_As2_05_molto-pianissimo_arco-normal.mp3,double-bass,strings,0.9928,44100,As2,46,molto-pianissimo,arco-normal,1,0
double-bass/As2/double-bass_As2_15_forte_arco-normal.mp3,double-bass,strings,1.3845,44100,As2,46,forte,arco-normal,1,0
double-bass/As2/double-bass_As2_15_fortissimo_arco-normal.mp3,double-bass,strings,1.9331,44100,As2,46,fortissimo,arco-normal,1,0
double-bass/As2/double-bass_As2_15_molto-pianissimo_arco-normal.mp3,double-bass,strings,1.8809,44100,As2,46,molto-pianissimo,arco-normal,1,0
double-bass/As2/double-bass_As2_1_forte_arco-normal.mp3,double-bass,strings,1.7764,44100,As2,46,forte,arco-normal,1,0
double-bass/As2/double-bass_As2_1_fortissimo_arco-normal.mp3,double-bass,strings,1.5151,44100,As2,46,fortissimo,arco-normal,1,0
double-bass/As2/double-bass_As2_1_mezzo-forte_arco-normal.mp3,double-bass,strings,1.4106,44100,As2,46,mezzo-forte,arco-normal,1,0
double-bass/As2/double-bass_As2_1_mezzo-piano_arco-normal.mp3,double-bass,strings,1.489,44100,As2,46,mezzo-piano,arco-normal,1,0
double-bass/As2/double-bass_As2_1_molto-pianissimo_arco-normal.mp3,double-bass,strings,1.1495,44100,As2,46,molto-pianissimo,arco-normal,1,0
double-bass/As3/double-bass_As3_025_forte_arco-normal.mp3,double-bass,strings,0.6009,44100,As3,58,forte,arco-normal,1,0
double-bass/As3/double-bass_As3_025_fortissimo_arco-normal.mp3,double-bass,strings,0.6531,44100,As3,58,fortissimo,arco-normal,1,0
double-bass/As3/double-bass_As3_025_mezzo-forte_arco-normal.mp3,double-bass,strings,0.6009,44100,As3,58,mezzo-forte,arco-normal,1,0
double-bass/As3/double-bass_As3_025_mezzo-piano_arco-normal.mp3,double-bass,strings,0.5747,44100,As3,58,mezzo-piano,arco-normal,1,0
double-bass/As3/double-bass_As3_025_pianissimo_arco-normal.mp3,double-bass,strings,1.3845,44100,As3,58,pianissimo,arco-normal,1,0
double-bass/As3/double-bass_As3_05_forte_arco-normal.mp3,double-bass,strings,1.045,44100,As3,58,forte,arco-normal,1,0
double-bass/As3/double-bass_As3_05_fortissimo_arco-normal.mp3,double-bass,strings,1.0711,44100,As3,58,fortissimo,arco-normal,1,0
double-bass/As3/double-bass_As3_05_mezzo-forte_arco-normal.mp3,double-bass,strings,0.9928,44100,As3,58,mezzo-forte,arco-normal,1,0
double-bass/As3/double-bass_As3_05_mezzo-piano_arco-normal.mp3,double-bass,strings,1.045,44100,As3,58,mezzo-piano,arco-normal,1,0
double-bass/As3/double-bass_As3_05_pianissimo_arco-normal.mp3,double-bass,strings,0.5747,44100,As3,58,pianissimo,arco-normal,1,0
double-bass/As3/double-bass_As3_15_forte_arco-normal.mp3,double-bass,strings,1.7503,44100,As3,58,forte,arco-normal,1,0
double-bass/As3/double-bass_As3_15_fortissimo_arco-normal.mp3,double-bass,strings,1.8286,44100,As3,58,fortissimo,arco-normal,1,0
double-bass/As3/double-bass_As3_15_mezzo-piano_arco-normal.mp3,double-bass,strings,1.907,44100,As3,58,mezzo-piano,arco-normal,1,0
double-bass/As3/double-bass_As3_15_molto-pianissimo_arco-normal.mp3,double-bass,strings,1.9592,44100,As3,58,molto-pianissimo,arco-normal,1,0
double-bass/As3/double-bass_As3_1_forte_arco-normal.mp3,double-bass,strings,1.4367,44100,As3,58,forte,arco-normal,1,0
double-bass/As3/double-bass_As3_1_fortissimo_arco-normal.mp3,double-bass,strings,1.6196,44100,As3,58,fortissimo,arco-normal,1,0
double-bass/As3/double-bass_As3_1_mezzo-forte_arco-normal.mp3,double-bass,strings,1.9854,44100,As3,58,mezzo-forte,arco-normal,1,0
double-bass/As3/double-bass_As3_1_mezzo-piano_arco-normal.mp3,double-bass,strings,1.28,44100,As3,58,mezzo-piano,arco-normal,1,0
double-bass/As3/double-bass_As3_1_pianissimo_arco-normal.mp3,double-bass,strings,0.9928,44100,As3,58,pianissimo,arco-normal,1,0
double-bass/B1/double-bass_B1_025_forte_arco-normal.mp3,double-bass,strings,0.4703,44100,B1,35,forte,arco-normal,1,0
double-bass/B1/double-bass_B1_025_fortissimo_arco-normal.mp3,double-bass,strings,0.5225,44100,B1,35,fortissimo,arco-normal,1,0
double-bass/B1/double-bass_B1_025_mezzo-forte_arco-normal.mp3,double-bass,strings,0.5225,44100,B1,35,mezzo-forte,arco-normal,1,0
double-bass/B1/double-bass_B1_025_mezzo-piano_arco-normal.mp3,double-bass,strings,0.9144,44100,B1,35,mezzo-piano,arco-normal,1,0
double-bass/B1/double-bass_B1_025_molto-pianissimo_arco-normal.mp3,double-bass,strings,0.8621,44100,B1,35,molto-pianissimo,arco-normal,1,0
double-bass/B1/double-bass_B1_05_forte_arco-normal.mp3,double-bass,strings,0.9666,44100,B1,35,forte,arco-normal,1,0
double-bass/B1/double-bass_B1_05_fortissimo_arco-normal.mp3,double-bass,strings,1.0711,44100,B1,35,fortissimo,arco-normal,1,0
double-bass/B1/double-bass_B1_05_mezzo-forte_arco-normal.mp3,double-bass,strings,0.5486,44100,B1,35,mezzo-forte,arco-normal,1,0
double-bass/B1/double-bass_B1_05_molto-pianissimo_arco-normal.mp3,double-bass,strings,0.9144,44100,B1,35,molto-pianissimo,arco-normal,1,0
double-bass/B1/double-bass_B1_05_pianissimo_arco-normal.mp3,double-bass,strings,0.4441,44100,B1,35,pianissimo,arco-normal,1,0
double-bass/B1/double-bass_B1_05_piano_arco-normal.mp3,double-bass,strings,0.6531,44100,B1,35,piano,arco-normal,1,0
double-bass/B1/double-bass_B1_15_mezzo-forte_arco-normal.mp3,double-bass,strings,1.8025,44100,B1,35,mezzo-forte,arco-normal,1,0
double-bass/B1/double-bass_B1_1_forte_arco-normal.mp3,double-bass,strings,1.698,44100,B1,35,forte,arco-normal,1,0
double-bass/B1/double-bass_B1_1_fortissimo_arco-normal.mp3,double-bass,strings,1.5413,44100,B1,35,fortissimo,arco-normal,1,0
double-bass/B1/double-bass_B1_1_mezzo-forte_arco-normal.mp3,double-bass,strings,1.2018,44100,B1,35,mezzo-forte,arco-normal,1,0
double-bass/B1/double-bass_B1_1_molto-pianissimo_arco-normal.mp3,double-bass,strings,1.5935,44100,B1,35,molto-pianissimo,arco-normal,1,0
double-bass/B1/double-bass_B1_1_piano_arco-normal.mp3,double-bass,strings,0.9666,44100,B1,35,piano,arco-normal,1,0
double-bass/B2/double-bass_B2_025_forte_arco-normal.mp3,double-bass,strings,0.5747,44100,B2,47,forte,arco-normal,1,0
double-bass/B2/double-bass_B2_025_mezzo-forte_arco-normal.mp3,double-bass,strings,0.5747,44100,B2,47,mezzo-forte,arco-normal,1,0
double-bass/B2/double-bass_B2_025_mezzo-piano_arco-normal.mp3,double-bass,strings,0.6009,44100,B2,47,mezzo-piano,arco-normal,1,0
double-bass/B2/double-bass_B2_025_pianissimo_arco-normal.mp3,double-bass,strings,0.3135,44100,B2,47,pianissimo,arco-normal,1,0
double-bass/B2/double-bass_B2_05_forte_arco-normal.mp3,double-bass,strings,0.9666,44100,B2,47,forte,arco-normal,1,0
double-bass/B2/double-bass_B2_05_fortissimo_arco-normal.mp3,double-bass,strings,1.5151,44100,B2,47,fortissimo,arco-normal,1,0
double-bass/B2/double-bass_B2_05_mezzo-forte_arco-normal.mp3,double-bass,strings,1.0189,44100,B2,47,mezzo-forte,arco-normal,1,0
double-bass/B2/double-bass_B2_05_molto-pianissimo_arco-normal.mp3,double-bass,strings,1.489,44100,B2,47,molto-pianissimo,arco-normal,1,0
double-bass/B2/double-bass_B2_05_pianissimo_arco-normal.mp3,double-bass,strings,0.9666,44100,B2,47,pianissimo,arco-normal,1,0
double-bass/B2/double-bass_B2_15_forte_arco-normal.mp3,double-bass,strings,1.7241,44100,B2,47,forte,arco-normal,1,0
double-bass/B2/double-bass_B2_15_fortissimo_arco-normal.mp3,double-bass,strings,1.8547,44100,B2,47,fortissimo,arco-normal,1,0
double-bass/B2/double-bass_B2_15_mezzo-forte_arco-normal.mp3,double-bass,strings,1.9854,44100,B2,47,mezzo-forte,arco-normal,1,0
double-bass/B2/double-bass_B2_1_forte_arco-normal.mp3,double-bass,strings,1.4106,44100,B2,47,forte,arco-normal,1,0
double-bass/B2/double-bass_B2_1_fortissimo_arco-normal.mp3,double-bass,strings,1.1234,44100,B2,47,fortissimo,arco-normal,1,0
double-bass/B2/double-bass_B2_1_mezzo-forte_arco-normal.mp3,double-bass,strings,1.4367,44100,B2,47,mezzo-forte,arco-normal,1,0
double-bass/B2/double-bass_B2_1_mezzo-piano_arco-normal.mp3,double-bass,strings,1.698,44100,B2,47,mezzo-piano,arco-normal,1,0
double-bass/B2/double-bass_B2_1_pianissimo_arco-normal.mp3,double-bass,strings,1.3322,44100,B2,47,pianissimo,arco-normal,1,0
double-bass/B3/double-bass_B3_025_forte_arco-normal.mp3,double-bass,strings,0.6009,44100,B3,59,forte,arco-normal,1,0
double-bass/B3/double-bass_B3_025_fortissimo_arco-normal.mp3,double-bass,strings,0.6009,44100,B3,59,fortissimo,arco-normal,1,0
double-bass/B3/double-bass_B3_025_mezzo-piano_arco-normal.mp3,double-bass,strings,0.5486,44100,B3,59,mezzo-piano,arco-normal,1,0
double-bass/B3/double-bass_B3_025_pianissimo_arco-normal.mp3,double-bass,strings,2.1683,44100,B3,59,pianissimo,arco-normal,1,0
double-bass/B3/double-bass_B3_05_forte_arco-normal.mp3,double-bass,strings,1.0189,44100,B3,59,forte,arco-normal,1,0
double-bass/B3/double-bass_B3_05_fortissimo_arco-normal.mp3,double-bass,strings,1.1234,44100,B3,59,fortissimo,arco-normal,1,0
double-bass/B3/double-bass_B3_05_mezzo-piano_arco-normal.mp3,double-bass,strings,0.9405,44100,B3,59,mezzo-piano,arco-normal,1,0
double-bass/B3/double-bass_B3_05_pianissimo_arco-normal.mp3,double-bass,strings,0.5486,44100,B3,59,pianissimo,arco-normal,1,0
double-bass/B3/double-bass_B3_15_forte_arco-normal.mp3,double-bass,strings,1.8286,44100,B3,59,forte,arco-normal,1,0
double-bass/B3/double-bass_B3_15_mezzo-forte_arco-normal.mp3,double-bass,strings,2.0638,44100,B3,59,mezzo-forte,arco-normal,1,0
double-bass/B3/double-bass_B3_15_mezzo-piano_arco-normal.mp3,double-bass,strings,1.9592,44100,B3,59,mezzo-piano,arco-normal,1,0
double-bass/B3/double-bass_B3_15_pianissimo_arco-normal.mp3,double-bass,strings,1.3845,44100,B3,59,pianissimo,arco-normal,1,0
double-bass/B3/double-bass_B3_1_forte_arco-normal.mp3,double-bass,strings,1.3061,44100,B3,59,forte,arco-normal,1,0
double-bass/B3/double-bass_B3_1_fortissimo_arco-normal.mp3,double-bass,strings,1.5674,44100,B3,59,fortissimo,arco-normal,1,0
double-bass/B3/double-bass_B3_1_mezzo-piano_arco-normal.mp3,double-bass,strings,1.4106,44100,B3,59,mezzo-piano,arco-normal,1,0
double-bass/B3/double-bass_B3_1_pianissimo_arco-normal.mp3,double-bass,strings,1.045,44100,B3,59,pianissimo,arco-normal,1,0
double-bass/B3/double-bass_B3_phrase_mezzo-forte_arco-normal.mp3,double-bass,strings,2.5079,44100,B3,59,mezzo-forte,arco-normal,1,1
double-bass/C1/double-bass_C1_15_pianissimo_arco-normal.mp3,double-bass,strings,1.9854,44100,C1,24,pianissimo,arco-normal,1,0
double-bass/C1/double-bass_C1_1_forte_arco-normal.mp3,double-bass,strings,3.3176,44100,C1,24,forte,arco-normal,1,0
double-bass/C1/double-bass_C1_1_mezzo-forte_arco-normal.mp3,double-bass,strings,2.0899,44100,C1,24,mezzo-forte,arco-normal,1,0
double-bass/C1/double-bass_C1_1_mezzo-piano_arco-normal.mp3,double-bass,strings,1.8025,44100,C1,24,mezzo-piano,arco-normal,1,0
double-bass/C1/double-bass_C1_phrase_cresc-decresc_arco-normal.mp3,double-bass,strings,7.68,44100,C1,24,cresc-decresc,arco-normal,1,1
double-bass/C2/double-bass_C2_025_forte_arco-normal.mp3,double-bass,strings,0.5486,44100,C2,36,forte,arco-normal,1,0
double-bass/C2/double-bass_C2_025_mezzo-forte_arco-normal.mp3,double-bass,strings,0.6009,44100,C2,36,mezzo-forte,arco-normal,1,0
double-bass/C2/double-bass_C2_05_forte_arco-normal.mp3,double-bass,strings,0.9666,44100,C2,36,forte,arco-normal,1,0
double-bass/C2/double-bass_C2_05_fortissimo_arco-normal.mp3,double-bass,strings,1.045,44100,C2,36,fortissimo,arco-normal,1,0
double-bass/C2/double-bass_C2_05_mezzo-forte_arco-normal.mp3,double-bass,strings,0.9928,44100,C2,36,mezzo-forte,arco-normal,1,0
double-bass/C2/double-bass_C2_05_mezzo-piano_arco-normal.mp3,double-bass,strings,0.9928,44100,C2,36,mezzo-piano,arco-normal,1,0
double-bass/C2/double-bass_C2_05_piano_arco-normal.mp3,double-bass,strings,0.627,44100,C2,36,piano,arco-normal,1,0
double-bass/C2/double-bass_C2_15_mezzo-forte_arco-normal.mp3,double-bass,strings,1.7764,44100,C2,36,mezzo-forte,arco-normal,1,0
double-bass/C2/double-bass_C2_15_pianissimo_arco-normal.mp3,double-bass,strings,1.0711,44100,C2,36,pianissimo,arco-normal,1,0
double-bass/C2/double-bass_C2_1_forte_arco-normal.mp3,double-bass,strings,1.3061,44100,C2,36,forte,arco-normal,1,0
double-bass/C2/double-bass_C2_1_fortissimo_arco-normal.mp3,double-bass,strings,2.0115,44100,C2,36,fortissimo,arco-normal,1,0
double-bass/C2/double-bass_C2_1_mezzo-forte_arco-normal.mp3,double-bass,strings,1.4106,44100,C2,36,mezzo-forte,arco-normal,1,0
double-bass/C2/double-bass_C2_1_mezzo-piano_arco-normal.mp3,double-bass,strings,1.5413,44100,C2,36,mezzo-piano,arco-normal,1,0
double-bass/C2/double-bass_C2_1_pianissimo_arco-normal.mp3,double-bass,strings,0.6009,44100,C2,36,pianissimo,arco-normal,1,0
double-bass/C2/double-bass_C2_1_piano_arco-normal.mp3,double-bass,strings,1.9592,44100,C2,36,piano,arco-normal,1,0
double-bass/C2/double-bass_C2_long_pianissimo_arco-normal.mp3,double-bass,strings,2.1421,44100,C2,36,pianissimo,arco-normal,1,0
double-bass/C3/double-bass_C3_025_forte_arco-normal.mp3,double-bass,strings,0.5486,44100,C3,48,forte,arco-normal,1,0
double-bass/C3/double-bass_C3_025_fortissimo_arco-normal.mp3,double-bass,strings,0.5486,44100,C3,48,fortissimo,arco-normal,1,0
double-bass/C3/double-bass_C3_025_mezzo-piano_arco-normal.mp3,double-bass,strings,0.5486,44100,C3,48,mezzo-piano,arco-normal,1,0
double-bass/C3/double-bass_C3_025_pianissimo_arco-normal.mp3,double-bass,strings,0.0784,44100,C3,48,pianissimo,arco-normal,1,0
double-bass/C3/double-bass_C3_05_forte_arco-normal.mp3,double-bass,strings,1.0711,44100,C3,48,forte,arco-normal,1,0
double-bass/C3/double-bass_C3_05_fortissimo_arco-normal.mp3,double-bass,strings,1.0189,44100,C3,48,fortissimo,arco-normal,1,0
double-bass/C3/double-bass_C3_05_mezzo-forte_arco-normal.mp3,double-bass,strings,0.9928,44100,C3,48,mezzo-forte,arco-normal,1,0
double-bass/C3/double-bass_C3_05_mezzo-piano_arco-normal.mp3,double-bass,strings,0.9928,44100,C3,48,mezzo-piano,arco-normal,1,0
double-bass/C3/double-bass_C3_05_pianissimo_arco-normal.mp3,double-bass,strings,0.418,44100,C3,48,pianissimo,arco-normal,1,0
double-bass/C3/double-bass_C3_15_mezzo-forte_arco-normal.mp3,double-bass,strings,1.8809,44100,C3,48,mezzo-forte,arco-normal,1,0
double-bass/C3/double-bass_C3_15_piano_arco-normal.mp3,double-bass,strings,1.7764,44100,C3,48,piano,arco-normal,1,0
double-bass/C3/double-bass_C3_1_forte_arco-normal.mp3,double-bass,strings,1.3845,44100,C3,48,forte,arco-normal,1,0
double-bass/C3/double-bass_C3_1_fortissimo_arco-normal.mp3,double-bass,strings,1.2539,44100,C3,48,fortissimo,arco-normal,1,0
double-bass/C3/double-bass_C3_1_mezzo-forte_arco-normal.mp3,double-bass,strings,1.3322,44100,C3,48,mezzo-forte,arco-normal,1,0
double-bass/C3/double-bass_C3_1_mezzo-piano_arco-normal.mp3,double-bass,strings,1.7764,44100,C3,48,mezzo-piano,arco-normal,1,0
double-bass/C3/double-bass_C3_1_molto-pianissimo_arco-normal.mp3,double-bass,strings,1.5151,44100,C3,48,molto-pianissimo,arco-normal,1,0
double-bass/C3/double-bass_C3_1_pianissimo_arco-normal.mp3,double-bass,strings,0.9405,44100,C3,48,pianissimo,arco-normal,1,0
double-bass/C3/double-bass_C3_1_piano_arco-normal.mp3,double-bass,strings,1.3584,44100,C3,48,piano,arco-normal,1,0
double-bass/C4/double-bass_C4_025_forte_arco-normal.mp3,double-bass,strings,0.6009,44100,C4,60,forte,arco-normal,1,0
double-bass/C4/double-bass_C4_025_fortissimo_arco-normal.mp3,double-bass,strings,0.6009,44100,C4,60,fortissimo,arco-normal,1,0
double-bass/C4/double-bass_C4_025_mezzo-forte_arco-normal.mp3,double-bass,strings,0.7054,44100,C4,60,mezzo-forte,arco-normal,1,0
double-bass/C4/double-bass_C4_025_mezzo-piano_arco-normal.mp3,double-bass,strings,0.4964,44100,C4,60,mezzo-piano,arco-normal,1,0
double-bass/C4/double-bass_C4_025_pianissimo_arco-normal.mp3,double-bass,strings,1.9854,44100,C4,60,pianissimo,arco-normal,1,0
double-bass/C4/double-bass_C4_05_forte_arco-normal.mp3,double-bass,strings,1.7503,44100,C4,60,forte,arco-normal,1,0
double-bass/C4/double-bass_C4_05_fortissimo_arco-normal.mp3,double-bass,strings,1.0973,44100,C4,60,fortissimo,arco-normal,1,0
double-bass/C4/double-bass_C4_05_mezzo-forte_arco-normal.mp3,double-bass,strings,1.0711,44100,C4,60,mezzo-forte,arco-normal,1,0
double-bass/C4/double-bass_C4_05_mezzo-piano_arco-normal.mp3,double-bass,strings,1.0711,44100,C4,60,mezzo-piano,arco-normal,1,0
double-bass/C4/double-bass_C4_05_molto-pianissimo_arco-normal.mp3,double-bass,strings,1.045,44100,C4,60,molto-pianissimo,arco-normal,1,0
double-bass/C4/double-bass_C4_05_pianissimo_arco-normal.mp3,double-bass,strings,0.5486,44100,C4,60,pianissimo,arco-normal,1,0
double-bass/C4/double-bass_C4_15_mezzo-forte_arco-normal.mp3,double-bass,strings,2.0115,44100,C4,60,mezzo-forte,arco-normal,1,0
double-bass/C4/double-bass_C4_15_mezzo-piano_arco-normal.mp3,double-bass,strings,1.8286,44100,C4,60,mezzo-piano,arco-normal,1,0
double-bass/C4/double-bass_C4_15_pianissimo_arco-normal.mp3,double-bass,strings,1.4106,44100,C4,60,pianissimo,arco-normal,1,0
double-bass/C4/double-bass_C4_1_forte_arco-normal.mp3,double-bass,strings,1.0711,44100,C4,60,forte,arco-normal,1,0
double-bass/C4/double-bass_C4_1_fortissimo_arco-normal.mp3,double-bass,strings,1.6719,44100,C4,60,fortissimo,arco-normal,1,0
double-bass/C4/double-bass_C4_1_mezzo-forte_arco-normal.mp3,double-bass,strings,1.0711,44100,C4,60,mezzo-forte,arco-normal,1,0
double-bass/C4/double-bass_C4_1_mezzo-piano_arco-normal.mp3,double-bass,strings,1.3322,44100,C4,60,mezzo-piano,arco-normal,1,0
double-bass/C4/double-bass_C4_1_pianissimo_arco-normal.mp3,double-bass,strings,1.1234,44100,C4,60,pianissimo,arco-normal,1,0
double-bass/Cs1/double-bass_Cs1_1_forte_arco-normal.mp3,double-bass,strings,2.2727,44100,Cs1,25,forte,arco-normal,1,0
double-bass/Cs1/double-bass_Cs1_1_fortissimo_arco-normal.mp3,double-bass,strings,2.4034,44100,Cs1,25,fortissimo,arco-normal,1,0
double-bass/Cs1/double-bass_Cs1_1_mezzo-forte_arco-normal.mp3,double-bass,strings,2.325,44100,Cs1,25,mezzo-forte,arco-normal,1,0
double-bass/Cs1/double-bass_Cs1_1_mezzo-piano_arco-normal.mp3,double-bass,strings,2.2727,44100,Cs1,25,mezzo-piano,arco-normal,1,0
double-bass/Cs1/double-bass_Cs1_1_piano_arco-normal.mp3,double-bass,strings,1.5935,44100,Cs1,25,piano,arco-normal,1,0
double-bass/Cs2/double-bass_Cs2_025_forte_arco-normal.mp3,double-bass,strings,0.5225,44100,Cs2,37,forte,arco-normal,1,0
double-bass/Cs2/double-bass_Cs2_025_fortissimo_arco-normal.mp3,double-bass,strings,1.045,44100,Cs2,37,fortissimo,arco-normal,1,0
double-bass/Cs2/double-bass_Cs2_025_mezzo-forte_arco-normal.mp3,double-bass,strings,0.5486,44100,Cs2,37,mezzo-forte,arco-normal,1,0
double-bass/Cs2/double-bass_Cs2_025_molto-pianissimo_arco-normal.mp3,double-bass,strings,0.5225,44100,Cs2,37,molto-pianissimo,arco-normal,1,0
double-bass/Cs2/double-bass_Cs2_05_forte_arco-normal.mp3,double-bass,strings,0.9144,44100,Cs2,37,forte,arco-normal,1,0
double-bass/Cs2/double-bass_Cs2_05_fortissimo_arco-normal.mp3,double-bass,strings,1.5674,44100,Cs2,37,fortissimo,arco-normal,1,0
double-bass/Cs2/double-bass_Cs2_05_mezzo-forte_arco-normal.mp3,double-bass,strings,0.9928,44100,Cs2,37,mezzo-forte,arco-normal,1,0
double-bass/Cs2/double-bass_Cs2_05_mezzo-piano_arco-normal.mp3,double-bass,strings,0.9405,44100,Cs2,37,mezzo-piano,arco-normal,1,0
double-bass/Cs2/double-bass_Cs2_05_molto-pianissimo_arco-normal.mp3,double-bass,strings,1.9854,44100,Cs2,37,molto-pianissimo,arco-normal,1,0
double-bass/Cs2/double-bass_Cs2_05_pianissimo_arco-normal.mp3,double-bass,strings,1.0973,44100,Cs2,37,pianissimo,arco-normal,1,0
double-bass/Cs2/double-bass_Cs2_05_piano_arco-normal.mp3,double-bass,strings,0.627,44100,Cs2,37,piano,arco-normal,1,0
double-bass/Cs2/double-bass_Cs2_15_forte_arco-normal.mp3,double-bass,strings,1.7503,44100,Cs2,37,forte,arco-normal,1,0
double-bass/Cs2/double-bass_Cs2_1_forte_arco-normal.mp3,double-bass,strings,1.3061,44100,Cs2,37,forte,arco-normal,1,0
double-bass/Cs2/double-bass_Cs2_1_fortissimo_arco-normal.mp3,double-bass,strings,1.8809,44100,Cs2,37,fortissimo,arco-normal,1,0
double-bass/Cs2/double-bass_Cs2_1_mezzo-forte_arco-normal.mp3,double-bass,strings,1.3845,44100,Cs2,37,mezzo-forte,arco-normal,1,0
double-bass/Cs2/double-bass_Cs2_1_mezzo-piano_arco-normal.mp3,double-bass,strings,1.5151,44100,Cs2,37,mezzo-piano,arco-normal,1,0
double-bass/Cs2/double-bass_Cs2_1_pianissimo_arco-normal.mp3,double-bass,strings,1.489,44100,Cs2,37,pianissimo,arco-normal,1,0
double-bass/Cs2/double-bass_Cs2_1_piano_arco-normal.mp3,double-bass,strings,1.8809,44100,Cs2,37,piano,arco-normal,1,0
double-bass/Cs3/double-bass_Cs3_025_forte_arco-normal.mp3,double-bass,strings,0.5486,44100,Cs3,49,forte,arco-normal,1,0
double-bass/Cs3/double-bass_Cs3_025_fortissimo_arco-normal.mp3,double-bass,strings,0.6009,44100,Cs3,49,fortissimo,arco-normal,1,0
double-bass/Cs3/double-bass_Cs3_025_mezzo-forte_arco-normal.mp3,double-bass,strings,0.5486,44100,Cs3,49,mezzo-forte,arco-normal,1,0
double-bass/Cs3/double-bass_Cs3_025_mezzo-piano_arco-normal.mp3,double-bass,strings,0.5486,44100,Cs3,49,mezzo-piano,arco-normal,1,0
double-bass/Cs3/double-bass_Cs3_025_pianissimo_arco-normal.mp3,double-bass,strings,1.4629,44100,Cs3,49,pianissimo,arco-normal,1,0
double-bass/Cs3/double-bass_Cs3_05_forte_arco-normal.mp3,double-bass,strings,0.9928,44100,Cs3,49,forte,arco-normal,1,0
double-bass/Cs3/double-bass_Cs3_05_fortissimo_arco-normal.mp3,double-bass,strings,1.045,44100,Cs3,49,fortissimo,arco-normal,1,0
double-bass/Cs3/double-bass_Cs3_05_mezzo-forte_arco-normal.mp3,double-bass,strings,1.0711,44100,Cs3,49,mezzo-forte,arco-normal,1,0
double-bass/Cs3/double-bass_Cs3_05_mezzo-piano_arco-normal.mp3,double-bass,strings,0.9666,44100,Cs3,49,mezzo-piano,arco-normal,1,0
double-bass/Cs3/double-bass_Cs3_05_pianissimo_arco-normal.mp3,double-bass,strings,0.4964,44100,Cs3,49,pianissimo,arco-normal,1,0
double-bass/Cs3/double-bass_Cs3_15_forte_arco-normal.mp3,double-bass,strings,1.8809,44100,Cs3,49,forte,arco-normal,1,0
double-bass/Cs3/double-bass_Cs3_15_mezzo-forte_arco-normal.mp3,double-bass,strings,1.9331,44100,Cs3,49,mezzo-forte,arco-normal,1,0
double-bass/Cs3/double-bass_Cs3_1_forte_arco-normal.mp3,double-bass,strings,1.4106,44100,Cs3,49,forte,arco-normal,1,0
double-bass/Cs3/double-bass_Cs3_1_fortissimo_arco-normal.mp3,double-bass,strings,1.4106,44100,Cs3,49,fortissimo,arco-normal,1,0
double-bass/Cs3/double-bass_Cs3_1_mezzo-forte_arco-normal.mp3,double-bass,strings,1.3845,44100,Cs3,49,mezzo-forte,arco-normal,1,0
double-bass/Cs3/double-bass_Cs3_1_mezzo-piano_arco-normal.mp3,double-bass,strings,1.2279,44100,Cs3,49,mezzo-piano,arco-normal,1,0
double-bass/Cs3/double-bass_Cs3_1_molto-pianissimo_arco-normal.mp3,double-bass,strings,1.7503,44100,Cs3,49,molto-pianissimo,arco-normal,1,0
double-bass/Cs3/double-bass_Cs3_1_pianissimo_arco-normal.mp3,double-bass,strings,0.9144,44100,Cs3,49,pianissimo,arco-normal,1,0
double-bass/Cs4/double-bass_Cs4_025_fortissimo_arco-normal.mp3,double-bass,strings,0.627,44100,Cs4,61,fortissimo,arco-normal,1,0
double-bass/Cs4/double-bass_Cs4_025_mezzo-forte_arco-normal.mp3,double-bass,strings,0.5225,44100,Cs4,61,mezzo-forte,arco-normal,1,0
double-bass/Cs4/double-bass_Cs4_025_mezzo-piano_arco-normal.mp3,double-bass,strings,0.6009,44100,Cs4,61,mezzo-piano,arco-normal,1,0
double-bass/Cs4/double-bass_Cs4_025_pianissimo_arco-normal.mp3,double-bass,strings,1.3061,44100,Cs4,61,pianissimo,arco-normal,1,0
double-bass/Cs4/double-bass_Cs4_05_forte_arco-normal.mp3,double-bass,strings,0.627,44100,Cs4,61,forte,arco-normal,1,0
double-bass/Cs4/double-bass_Cs4_05_fortissimo_arco-normal.mp3,double-bass,strings,1.1234,44100,Cs4,61,fortissimo,arco-normal,1,0
double-bass/Cs4/double-bass_Cs4_05_mezzo-forte_arco-normal.mp3,double-bass,strings,1.0189,44100,Cs4,61,mezzo-forte,arco-normal,1,0
double-bass/Cs4/double-bass_Cs4_05_mezzo-piano_arco-normal.mp3,double-bass,strings,1.0711,44100,Cs4,61,mezzo-piano,arco-normal,1,0
double-bass/Cs4/double-bass_Cs4_05_pianissimo_arco-normal.mp3,double-bass,strings,0.6009,44100,Cs4,61,pianissimo,arco-normal,1,0
double-bass/Cs4/double-bass_Cs4_15_forte_arco-normal.mp3,double-bass,strings,1.698,44100,Cs4,61,forte,arco-normal,1,0
double-bass/Cs4/double-bass_Cs4_15_fortissimo_arco-normal.mp3,double-bass,strings,1.8809,44100,Cs4,61,fortissimo,arco-normal,1,0
double-bass/Cs4/double-bass_Cs4_15_mezzo-forte_arco-normal.mp3,double-bass,strings,2.0376,44100,Cs4,61,mezzo-forte,arco-normal,1,0
double-bass/Cs4/double-bass_Cs4_15_mezzo-piano_arco-normal.mp3,double-bass,strings,1.907,44100,Cs4,61,mezzo-piano,arco-normal,1,0
double-bass/Cs4/double-bass_Cs4_1_forte_arco-normal.mp3,double-bass,strings,1.5151,44100,Cs4,61,forte,arco-normal,1,0
double-bass/Cs4/double-bass_Cs4_1_fortissimo_arco-normal.mp3,double-bass,strings,1.6719,44100,Cs4,61,fortissimo,arco-normal,1,0
double-bass/Cs4/double-bass_Cs4_1_mezzo-forte_arco-normal.mp3,double-bass,strings,1.4106,44100,Cs4,61,mezzo-forte,arco-normal,1,0
double-bass/Cs4/double-bass_Cs4_1_mezzo-piano_arco-normal.mp3,double-bass,strings,1.3322,44100,Cs4,61,mezzo-piano,arco-normal,1,0
double-bass/Cs4/double-bass_Cs4_1_pianissimo_arco-normal.mp3,double-bass,strings,1.2279,44100,Cs4,61,pianissimo,arco-normal,1,0
double-bass/D1/double-bass_D1_1_forte_arco-normal.mp3,double-bass,strings,2.5339,44100,D1,26,forte,arco-normal,1,0
double-bass/D1/double-bass_D1_1_fortissimo_arco-normal.mp3,double-bass,strings,2.2466,44100,D1,26,fortissimo,arco-normal,1,0
double-bass/D1/double-bass_D1_1_mezzo-forte_arco-normal.mp3,double-bass,strings,2.2727,44100,D1,26,mezzo-forte,arco-normal,1,0
double-bass/D1/double-bass_D1_1_piano_arco-normal.mp3,double-bass,strings,2.325,44100,D1,26,piano,arco-normal,1,0
double-bass/D2/double-bass_D2_025_forte_arco-normal.mp3,double-bass,strings,0.5486,44100,D2,38,forte,arco-normal,1,0
double-bass/D2/double-bass_D2_025_fortissimo_arco-normal.mp3,double-bass,strings,0.5747,44100,D2,38,fortissimo,arco-normal,1,0
double-bass/D2/double-bass_D2_025_mezzo-forte_arco-normal.mp3,double-bass,strings,0.5486,44100,D2,38,mezzo-forte,arco-normal,1,0
double-bass/D2/double-bass_D2_025_molto-pianissimo_arco-normal.mp3,double-bass,strings,0.627,44100,D2,38,molto-pianissimo,arco-normal,1,0
double-bass/D2/double-bass_D2_025_piano_arco-normal.mp3,double-bass,strings,0.5486,44100,D2,38,piano,arco-normal,1,0
double-bass/D2/double-bass_D2_05_forte_arco-normal.mp3,double-bass,strings,0.9666,44100,D2,38,forte,arco-normal,1,0
double-bass/D2/double-bass_D2_05_fortissimo_arco-normal.mp3,double-bass,strings,0.9928,44100,D2,38,fortissimo,arco-normal,1,0
double-bass/D2/double-bass_D2_05_mezzo-forte_arco-normal.mp3,double-bass,strings,1.0189,44100,D2,38,mezzo-forte,arco-normal,1,0
double-bass/D2/double-bass_D2_05_molto-pianissimo_arco-normal.mp3,double-bass,strings,2.1683,44100,D2,38,molto-pianissimo,arco-normal,1,0
double-bass/D2/double-bass_D2_05_pianissimo_arco-normal.mp3,double-bass,strings,1.045,44100,D2,38,pianissimo,arco-normal,1,0
double-bass/D2/double-bass_D2_05_piano_arco-normal.mp3,double-bass,strings,1.0189,44100,D2,38,piano,arco-normal,1,0
double-bass/D2/double-bass_D2_15_forte_arco-normal.mp3,double-bass,strings,1.8025,44100,D2,38,forte,arco-normal,1,0
double-bass/D2/double-bass_D2_15_mezzo-forte_arco-normal.mp3,double-bass,strings,1.8286,44100,D2,38,mezzo-forte,arco-normal,1,0
double-bass/D2/double-bass_D2_15_piano_arco-normal.mp3,double-bass,strings,1.9331,44100,D2,38,piano,arco-normal,1,0
double-bass/D2/double-bass_D2_1_forte_arco-normal.mp3,double-bass,strings,1.3584,44100,D2,38,forte,arco-normal,1,0
double-bass/D2/double-bass_D2_1_fortissimo_arco-normal.mp3,double-bass,strings,1.8025,44100,D2,38,fortissimo,arco-normal,1,0
double-bass/D2/double-bass_D2_1_mezzo-forte_arco-normal.mp3,double-bass,strings,1.3845,44100,D2,38,mezzo-forte,arco-normal,1,0
double-bass/D2/double-bass_D2_1_pianissimo_arco-normal.mp3,double-bass,strings,1.28,44100,D2,38,pianissimo,arco-normal,1,0
double-bass/D2/double-bass_D2_1_piano_arco-normal.mp3,double-bass,strings,1.5413,44100,D2,38,piano,arco-normal,1,0
double-bass/D2/double-bass_D2_phrase_cresc-decresc_arco-normal.mp3,double-bass,strings,6.8964,44100,D2,38,cresc-decresc,arco-normal,1,1
double-bass/D3/double-bass_D3_025_forte_arco-normal.mp3,double-bass,strings,0.5747,44100,D3,50,forte,arco-normal,1,0
double-bass/D3/double-bass_D3_025_fortissimo_arco-normal.mp3,double-bass,strings,0.5747,44100,D3,50,fortissimo,arco-normal,1,0
double-bass/D3/double-bass_D3_025_mezzo-forte_arco-normal.mp3,double-bass,strings,0.6009,44100,D3,50,mezzo-forte,arco-normal,1,0
double-bass/D3/double-bass_D3_025_mezzo-piano_arco-normal.mp3,double-bass,strings,0.5486,44100,D3,50,mezzo-piano,arco-normal,1,0
double-bass/D3/double-bass_D3_025_pianissimo_arco-normal.mp3,double-bass,strings,0.4703,44100,D3,50,pianissimo,arco-normal,1,0
double-bass/D3/double-bass_D3_05_forte_arco-normal.mp3,double-bass,strings,0.9405,44100,D3,50,forte,arco-normal,1,0
double-bass/D3/double-bass_D3_05_fortissimo_arco-normal.mp3,double-bass,strings,0.9666,44100,D3,50,fortissimo,arco-normal,1,0
double-bass/D3/double-bass_D3_05_mezzo-forte_arco-normal.mp3,double-bass,strings,0.8882,44100,D3,50,mezzo-forte,arco-normal,1,0
double-bass/D3/double-bass_D3_05_pianissimo_arco-normal.mp3,double-bass,strings,0.9666,44100,D3,50,pianissimo,arco-normal,1,0
double-bass/D3/double-bass_D3_15_forte_arco-normal.mp3,double-bass,strings,1.9592,44100,D3,50,forte,arco-normal,1,0
double-bass/D3/double-bass_D3_15_fortissimo_arco-normal.mp3,double-bass,strings,1.8025,44100,D3,50,fortissimo,arco-normal,1,0
double-bass/D3/double-bass_D3_15_mezzo-piano_arco-normal.mp3,double-bass,strings,1.907,44100,D3,50,mezzo-piano,arco-normal,1,0
double-bass/D3/double-bass_D3_15_pianissimo_arco-normal.mp3,double-bass,strings,2.116,44100,D3,50,pianissimo,arco-normal,1,0
double-bass/D3/double-bass_D3_1_forte_arco-normal.mp3,double-bass,strings,1.3845,44100,D3,50,forte,arco-normal,1,0
double-bass/D3/double-bass_D3_1_fortissimo_arco-normal.mp3,double-bass,strings,1.5413,44100,D3,50,fortissimo,arco-normal,1,0
double-bass/D3/double-bass_D3_1_mezzo-forte_arco-normal.mp3,double-bass,strings,1.489,44100,D3,50,mezzo-forte,arco-normal,1,0
double-bass/D3/double-bass_D3_1_mezzo-piano_arco-normal.mp3,double-bass,strings,1.3322,44100,D3,50,mezzo-piano,arco-normal,1,0
double-bass/D3/double-bass_D3_1_pianissimo_arco-normal.mp3,double-bass,strings,1.3584,44100,D3,50,pianissimo,arco-normal,1,0
double-bass/D3/double-bass_D3_phrase_cresc-decresc_arco-normal.mp3,double-bass,strings,5.538,44100,D3,50,cresc-decresc,arco-normal,1,1
double-bass/D4/double-bass_D4_025_forte_arco-normal.mp3,double-bass,strings,0.6009,44100,D4,62,forte,arco-normal,1,0
double-bass/D4/double-bass_D4_025_fortissimo_arco-normal.mp3,double-bass,strings,0.6009,44100,D4,62,fortissimo,arco-normal,1,0
double-bass/D4/double-bass_D4_025_mezzo-forte_arco-normal.mp3,double-bass,strings,0.5747,44100,D4,62,mezzo-forte,arco-normal,1,0
double-bass/D4/double-bass_D4_025_pianissimo_arco-normal.mp3,double-bass,strings,0.9666,44100,D4,62,pianissimo,arco-normal,1,0
double-bass/D4/double-bass_D4_025_piano_arco-normal.mp3,double-bass,strings,0.5747,44100,D4,62,piano,arco-normal,1,0
double-bass/D4/double-bass_D4_05_forte_arco-normal.mp3,double-bass,strings,1.0189,44100,D4,62,forte,arco-normal,1,0
double-bass/D4/double-bass_D4_05_fortissimo_arco-normal.mp3,double-bass,strings,1.0711,44100,D4,62,fortissimo,arco-normal,1,0
double-bass/D4/double-bass_D4_05_mezzo-forte_arco-normal.mp3,double-bass,strings,0.7315,44100,D4,62,mezzo-forte,arco-normal,1,0
double-bass/D4/double-bass_D4_05_mezzo-piano_arco-normal.mp3,double-bass,strings,0.9666,44100,D4,62,mezzo-piano,arco-normal,1,0
double-bass/D4/double-bass_D4_05_pianissimo_arco-normal.mp3,double-bass,strings,0.9666,44100,D4,62,pianissimo,arco-normal,1,0
double-bass/D4/double-bass_D4_15_forte_arco-normal.mp3,double-bass,strings,1.7764,44100,D4,62,forte,arco-normal,1,0
double-bass/D4/double-bass_D4_15_fortissimo_arco-normal.mp3,double-bass,strings,1.8547,44100,D4,62,fortissimo,arco-normal,1,0
double-bass/D4/double-bass_D4_15_mezzo-forte_arco-normal.mp3,double-bass,strings,1.698,44100,D4,62,mezzo-forte,arco-normal,1,0
double-bass/D4/double-bass_D4_15_mezzo-piano_arco-normal.mp3,double-bass,strings,1.8286,44100,D4,62,mezzo-piano,arco-normal,1,0
double-bass/D4/double-bass_D4_15_molto-pianissimo_arco-normal.mp3,double-bass,strings,1.8547,44100,D4,62,molto-pianissimo,arco-normal,1,0
double-bass/D4/double-bass_D4_1_forte_arco-normal.mp3,double-bass,strings,1.5413,44100,D4,62,forte,arco-normal,1,0
double-bass/D4/double-bass_D4_1_fortissimo_arco-normal.mp3,double-bass,strings,1.6719,44100,D4,62,fortissimo,arco-normal,1,0
double-bass/D4/double-bass_D4_1_mezzo-forte_arco-normal.mp3,double-bass,strings,1.3845,44100,D4,62,mezzo-forte,arco-normal,1,0
double-bass/D4/double-bass_D4_1_mezzo-piano_arco-normal.mp3,double-bass,strings,1.4367,44100,D4,62,mezzo-piano,arco-normal,1,0
double-bass/Ds1/double-bass_Ds1_15_pianissimo_arco-normal.mp3,double-bass,strings,1.5935,44100,Ds1,27,pianissimo,arco-normal,1,0
double-bass/Ds1/double-bass_Ds1_15_piano_arco-normal.mp3,double-bass,strings,1.698,44100,Ds1,27,piano,arco-normal,1,0
double-bass/Ds1/double-bass_Ds1_1_fortissimo_arco-normal.mp3,double-bass,strings,2.2205,44100,Ds1,27,fortissimo,arco-normal,1,0
double-bass/Ds1/double-bass_Ds1_1_mezzo-forte_arco-normal.mp3,double-bass,strings,2.1683,44100,Ds1,27,mezzo-forte,arco-normal,1,0
double-bass/Ds1/double-bass_Ds1_1_piano_arco-normal.mp3,double-bass,strings,2.1944,44100,Ds1,27,piano,arco-normal,1,0
double-bass/Ds2/double-bass_Ds2_025_forte_arco-normal.mp3,double-bass,strings,0.5225,44100,Ds2,39,forte,arco-normal,1,0
double-bass/Ds2/double-bass_Ds2_025_fortissimo_arco-normal.mp3,double-bass,strings,0.6009,44100,Ds2,39,fortissimo,arco-normal,1,0
double-bass/Ds2/double-bass_Ds2_025_mezzo-forte_arco-normal.mp3,double-bass,strings,0.5486,44100,Ds2,39,mezzo-forte,arco-normal,1,0
double-bass/Ds2/double-bass_Ds2_025_molto-pianissimo_arco-normal.mp3,double-bass,strings,0.6009,44100,Ds2,39,molto-pianissimo,arco-normal,1,0
double-bass/Ds2/double-bass_Ds2_05_fortissimo_arco-normal.mp3,double-bass,strings,1.045,44100,Ds2,39,fortissimo,arco-normal,1,0
double-bass/Ds2/double-bass_Ds2_05_mezzo-forte_arco-normal.mp3,double-bass,strings,0.9928,44100,Ds2,39,mezzo-forte,arco-normal,1,0
double-bass/Ds2/double-bass_Ds2_05_mezzo-piano_arco-normal.mp3,double-bass,strings,0.9928,44100,Ds2,39,mezzo-piano,arco-normal,1,0
double-bass/Ds2/double-bass_Ds2_05_molto-pianissimo_arco-normal.mp3,double-bass,strings,0.9666,44100,Ds2,39,molto-pianissimo,arco-normal,1,0
double-bass/Ds2/double-bass_Ds2_05_piano_arco-normal.mp3,double-bass,strings,0.6009,44100,Ds2,39,piano,arco-normal,1,0
double-bass/Ds2/double-bass_Ds2_15_mezzo-forte_arco-normal.mp3,double-bass,strings,1.907,44100,Ds2,39,mezzo-forte,arco-normal,1,0
double-bass/Ds2/double-bass_Ds2_15_molto-pianissimo_arco-normal.mp3,double-bass,strings,2.0638,44100,Ds2,39,molto-pianissimo,arco-normal,1,0
double-bass/Ds2/double-bass_Ds2_1_forte_arco-normal.mp3,double-bass,strings,0.9928,44100,Ds2,39,forte,arco-normal,1,0
double-bass/Ds2/double-bass_Ds2_1_fortissimo_arco-normal.mp3,double-bass,strings,1.6719,44100,Ds2,39,fortissimo,arco-normal,1,0
double-bass/Ds2/double-bass_Ds2_1_mezzo-forte_arco-normal.mp3,double-bass,strings,1.4106,44100,Ds2,39,mezzo-forte,arco-normal,1,0
double-bass/Ds2/double-bass_Ds2_1_mezzo-piano_arco-normal.mp3,double-bass,strings,1.3322,44100,Ds2,39,mezzo-piano,arco-normal,1,0
double-bass/Ds2/double-bass_Ds2_1_molto-pianissimo_arco-normal.mp3,double-bass,strings,1.3322,44100,Ds2,39,molto-pianissimo,arco-normal,1,0
double-bass/Ds2/double-bass_Ds2_1_piano_arco-normal.mp3,double-bass,strings,1.9331,44100,Ds2,39,piano,arco-normal,1,0
double-bass/Ds3/double-bass_Ds3_025_forte_arco-normal.mp3,double-bass,strings,0.6009,44100,Ds3,51,forte,arco-normal,1,0
double-bass/Ds3/double-bass_Ds3_025_fortissimo_arco-normal.mp3,double-bass,strings,0.6531,44100,Ds3,51,fortissimo,arco-normal,1,0
double-bass/Ds3/double-bass_Ds3_025_mezzo-forte_arco-normal.mp3,double-bass,strings,0.5225,44100,Ds3,51,mezzo-forte,arco-normal,1,0
double-bass/Ds3/double-bass_Ds3_025_mezzo-piano_arco-normal.mp3,double-bass,strings,0.4703,44100,Ds3,51,mezzo-piano,arco-normal,1,0
double-bass/Ds3/double-bass_Ds3_025_molto-pianissimo_arco-normal.mp3,double-bass,strings,0.4964,44100,Ds3,51,molto-pianissimo,arco-normal,1,0
double-bass/Ds3/double-bass_Ds3_05_forte_arco-normal.mp3,double-bass,strings,1.0189,44100,Ds3,51,forte,arco-normal,1,0
double-bass/Ds3/double-bass_Ds3_05_fortissimo_arco-normal.mp3,double-bass,strings,1.0973,44100,Ds3,51,fortissimo,arco-normal,1,0
double-bass/Ds3/double-bass_Ds3_05_mezzo-forte_arco-normal.mp3,double-bass,strings,1.3322,44100,Ds3,51,mezzo-forte,arco-normal,1,0
double-bass/Ds3/double-bass_Ds3_05_mezzo-piano_arco-normal.mp3,double-bass,strings,1.4367,44100,Ds3,51,mezzo-piano,arco-normal,1,0
double-bass/Ds3/double-bass_Ds3_05_molto-pianissimo_arco-normal.mp3,double-bass,strings,0.9666,44100,Ds3,51,molto-pianissimo,arco-normal,1,0
double-bass/Ds3/double-bass_Ds3_15_forte_arco-normal.mp3,double-bass,strings,1.8547,44100,Ds3,51,forte,arco-normal,1,0
double-bass/Ds3/double-bass_Ds3_15_fortissimo_arco-normal.mp3,double-bass,strings,1.7241,44100,Ds3,51,fortissimo,arco-normal,1,0
double-bass/Ds3/double-bass_Ds3_15_mezzo-forte_arco-normal.mp3,double-bass,strings,1.8809,44100,Ds3,51,mezzo-forte,arco-normal,1,0
double-bass/Ds3/double-bass_Ds3_15_molto-pianissimo_arco-normal.mp3,double-bass,strings,1.9854,44100,Ds3,51,molto-pianissimo,arco-normal,1,0
double-bass/Ds3/double-bass_Ds3_1_forte_arco-normal.mp3,double-bass,strings,1.4367,44100,Ds3,51,forte,arco-normal,1,0
double-bass/Ds3/double-bass_Ds3_1_fortissimo_arco-normal.mp3,double-bass,strings,1.4367,44100,Ds3,51,fortissimo,arco-normal,1,0
double-bass/Ds3/double-bass_Ds3_1_mezzo-piano_arco-normal.mp3,double-bass,strings,1.8809,44100,Ds3,51,mezzo-piano,arco-normal,1,0
double-bass/Ds3/double-bass_Ds3_1_molto-pianissimo_arco-normal.mp3,double-bass,strings,1.3584,44100,Ds3,51,molto-pianissimo,arco-normal,1,0
double-bass/Ds4/double-bass_Ds4_025_forte_arco-normal.mp3,double-bass,strings,0.6009,44100,Ds4,63,forte,arco-normal,1,0
double-bass/Ds4/double-bass_Ds4_025_fortissimo_arco-normal.mp3,double-bass,strings,0.627,44100,Ds4,63,fortissimo,arco-normal,1,0
double-bass/Ds4/double-bass_Ds4_025_mezzo-forte_arco-normal.mp3,double-bass,strings,0.6009,44100,Ds4,63,mezzo-forte,arco-normal,1,0
double-bass/Ds4/double-bass_Ds4_025_mezzo-piano_arco-normal.mp3,double-bass,strings,0.4964,44100,Ds4,63,mezzo-piano,arco-normal,1,0
double-bass/Ds4/double-bass_Ds4_025_pianissimo_arco-normal.mp3,double-bass,strings,1.045,44100,Ds4,63,pianissimo,arco-normal,1,0
double-bass/Ds4/double-bass_Ds4_05_forte_arco-normal.mp3,double-bass,strings,1.0711,44100,Ds4,63,forte,arco-normal,1,0
double-bass/Ds4/double-bass_Ds4_05_fortissimo_arco-normal.mp3,double-bass,strings,1.1234,44100,Ds4,63,fortissimo,arco-normal,1,0
double-bass/Ds4/double-bass_Ds4_05_mezzo-forte_arco-normal.mp3,double-bass,strings,1.0711,44100,Ds4,63,mezzo-forte,arco-normal,1,0
double-bass/Ds4/double-bass_Ds4_05_mezzo-piano_arco-normal.mp3,double-bass,strings,1.0189,44100,Ds4,63,mezzo-piano,arco-normal,1,0
double-bass/Ds4/double-bass_Ds4_05_pianissimo_arco-normal.mp3,double-bass,strings,0.5486,44100,Ds4,63,pianissimo,arco-normal,1,0
double-bass/Ds4/double-bass_Ds4_15_forte_arco-normal.mp3,double-bass,strings,1.7764,44100,Ds4,63,forte,arco-normal,1,0
double-bass/Ds4/double-bass_Ds4_15_fortissimo_arco-normal.mp3,double-bass,strings,1.7503,44100,Ds4,63,fortissimo,arco-normal,1,0
double-bass/Ds4/double-bass_Ds4_15_mezzo-forte_arco-normal.mp3,double-bass,strings,1.9592,44100,Ds4,63,mezzo-forte,arco-normal,1,0
double-bass/Ds4/double-bass_Ds4_15_mezzo-piano_arco-normal.mp3,double-bass,strings,1.5413,44100,Ds4,63,mezzo-piano,arco-normal,1,0
double-bass/Ds4/double-bass_Ds4_15_molto-pianissimo_arco-normal.mp3,double-bass,strings,1.9854,44100,Ds4,63,molto-pianissimo,arco-normal,1,0
double-bass/Ds4/double-bass_Ds4_1_forte_arco-normal.mp3,double-bass,strings,1.3322,44100,Ds4,63,forte,arco-normal,1,0
double-bass/Ds4/double-bass_Ds4_1_fortissimo_arco-normal.mp3,double-bass,strings,1.5935,44100,Ds4,63,fortissimo,arco-normal,1,0
double-bass/Ds4/double-bass_Ds4_1_mezzo-forte_arco-normal.mp3,double-bass,strings,1.4629,44100,Ds4,63,mezzo-forte,arco-normal,1,0
double-bass/Ds4/double-bass_Ds4_1_mezzo-piano_arco-normal.mp3,double-bass,strings,1.3061,44100,Ds4,63,mezzo-piano,arco-normal,1,0
double-bass/Ds4/double-bass_Ds4_1_pianissimo_arco-normal.mp3,double-bass,strings,0.0784,44100,Ds4,63,pianissimo,arco-normal,1,0
double-bass/E1/double-bass_E1_025_forte_arco-normal.mp3,double-bass,strings,0.627,44100,E1,28,forte,arco-normal,1,0
double-bass/E1/double-bass_E1_025_fortissimo_arco-normal.mp3,double-bass,strings,0.6531,44100,E1,28,fortissimo,arco-normal,1,0
double-bass/E1/double-bass_E1_025_mezzo-forte_arco-normal.mp3,double-bass,strings,0.6009,44100,E1,28,mezzo-forte,arco-normal,1,0
double-bass/E1/double-bass_E1_025_pianissimo_arco-normal.mp3,double-bass,strings,0.6531,44100,E1,28,pianissimo,arco-normal,1,0
double-bass/E1/double-bass_E1_025_piano_arco-normal.mp3,double-bass,strings,0.627,44100,E1,28,piano,arco-normal,1,0
double-bass/E1/double-bass_E1_05_forte_arco-normal.mp3,double-bass,strings,1.0711,44100,E1,28,forte,arco-normal,1,0
double-bass/E1/double-bass_E1_05_fortissimo_arco-normal.mp3,double-bass,strings,1.1756,44100,E1,28,fortissimo,arco-normal,1,0
double-bass/E1/double-bass_E1_05_mezzo-forte_arco-normal.mp3,double-bass,strings,1.0711,44100,E1,28,mezzo-forte,arco-normal,1,0
double-bass/E1/double-bass_E1_05_molto-pianissimo_arco-normal.mp3,double-bass,strings,1.5413,44100,E1,28,molto-pianissimo,arco-normal,1,0
double-bass/E1/double-bass_E1_05_piano_arco-normal.mp3,double-bass,strings,1.1234,44100,E1,28,piano,arco-normal,1,0
double-bass/E1/double-bass_E1_15_forte_arco-normal.mp3,double-bass,strings,1.8547,44100,E1,28,forte,arco-normal,1,0
double-bass/E1/double-bass_E1_15_fortissimo_arco-normal.mp3,double-bass,strings,2.1683,44100,E1,28,fortissimo,arco-normal,1,0
double-bass/E1/double-bass_E1_15_mezzo-forte_arco-normal.mp3,double-bass,strings,1.9592,44100,E1,28,mezzo-forte,arco-normal,1,0
double-bass/E1/double-bass_E1_1_forte_arco-normal.mp3,double-bass,strings,1.3845,44100,E1,28,forte,arco-normal,1,0
double-bass/E1/double-bass_E1_1_fortissimo_arco-normal.mp3,double-bass,strings,1.5413,44100,E1,28,fortissimo,arco-normal,1,0
double-bass/E1/double-bass_E1_1_mezzo-forte_arco-normal.mp3,double-bass,strings,1.3845,44100,E1,28,mezzo-forte,arco-normal,1,0
double-bass/E1/double-bass_E1_1_molto-pianissimo_arco-normal.mp3,double-bass,strings,2.2466,44100,E1,28,molto-pianissimo,arco-normal,1,0
double-bass/E1/double-bass_E1_1_piano_arco-normal.mp3,double-bass,strings,2.0638,44100,E1,28,piano,arco-normal,1,0
double-bass/E2/double-bass_E2_025_forte_arco-normal.mp3,double-bass,strings,0.4964,44100,E2,40,forte,arco-normal,1,0
double-bass/E2/double-bass_E2_025_mezzo-forte_arco-normal.mp3,double-bass,strings,0.5747,44100,E2,40,mezzo-forte,arco-normal,1,0
double-bass/E2/double-bass_E2_025_mezzo-piano_arco-normal.mp3,double-bass,strings,0.5225,44100,E2,40,mezzo-piano,arco-normal,1,0
double-bass/E2/double-bass_E2_025_molto-pianissimo_arco-normal.mp3,double-bass,strings,0.627,44100,E2,40,molto-pianissimo,arco-normal,1,0
double-bass/E2/double-bass_E2_05_forte_arco-normal.mp3,double-bass,strings,0.9928,44100,E2,40,forte,arco-normal,1,0
double-bass/E2/double-bass_E2_05_fortissimo_arco-normal.mp3,double-bass,strings,0.5747,44100,E2,40,fortissimo,arco-normal,1,0
double-bass/E2/double-bass_E2_05_mezzo-forte_arco-normal.mp3,double-bass,strings,1.045,44100,E2,40,mezzo-forte,arco-normal,1,0
double-bass/E2/double-bass_E2_05_mezzo-piano_arco-normal.mp3,double-bass,strings,0.9928,44100,E2,40,mezzo-piano,arco-normal,1,0
double-bass/E2/double-bass_E2_05_molto-pianissimo_arco-normal.mp3,double-bass,strings,0.9928,44100,E2,40,molto-pianissimo,arco-normal,1,0
double-bass/E2/double-bass_E2_15_forte_arco-normal.mp3,double-bass,strings,1.7503,44100,E2,40,forte,arco-normal,1,0
double-bass/E2/double-bass_E2_15_mezzo-forte_arco-normal.mp3,double-bass,strings,2.2727,44100,E2,40,mezzo-forte,arco-normal,1,0
double-bass/E2/double-bass_E2_15_piano_arco-normal.mp3,double-bass,strings,1.9854,44100,E2,40,piano,arco-normal,1,0
double-bass/E2/double-bass_E2_1_forte_arco-normal.mp3,double-bass,strings,1.4106,44100,E2,40,forte,arco-normal,1,0
double-bass/E2/double-bass_E2_1_fortissimo_arco-normal.mp3,double-bass,strings,1.045,44100,E2,40,fortissimo,arco-normal,1,0
double-bass/E2/double-bass_E2_1_mezzo-forte_arco-normal.mp3,double-bass,strings,1.3584,44100,E2,40,mezzo-forte,arco-normal,1,0
double-bass/E2/double-bass_E2_1_mezzo-piano_arco-normal.mp3,double-bass,strings,1.3584,44100,E2,40,mezzo-piano,arco-normal,1,0
double-bass/E2/double-bass_E2_1_molto-pianissimo_arco-normal.mp3,double-bass,strings,1.907,44100,E2,40,molto-pianissimo,arco-normal,1,0
double-bass/E2/double-bass_E2_1_pianissimo_arco-normal.mp3,double-bass,strings,1.3322,44100,E2,40,pianissimo,arco-normal,1,0
double-bass/E3/double-bass_E3_025_forte_arco-normal.mp3,double-bass,strings,0.5747,44100,E3,52,forte,arco-normal,1,0
double-bass/E3/double-bass_E3_025_fortissimo_arco-normal.mp3,double-bass,strings,0.5747,44100,E3,52,fortissimo,arco-normal,1,0
double-bass/E3/double-bass_E3_025_mezzo-forte_arco-normal.mp3,double-bass,strings,0.4964,44100,E3,52,mezzo-forte,arco-normal,1,0
double-bass/E3/double-bass_E3_025_mezzo-piano_arco-normal.mp3,double-bass,strings,1.045,44100,E3,52,mezzo-piano,arco-normal,1,0
double-bass/E3/double-bass_E3_025_pianissimo_arco-normal.mp3,double-bass,strings,0.4703,44100,E3,52,pianissimo,arco-normal,1,0
double-bass/E3/double-bass_E3_05_forte_arco-normal.mp3,double-bass,strings,0.9928,44100,E3,52,forte,arco-normal,1,0
double-bass/E3/double-bass_E3_05_fortissimo_arco-normal.mp3,double-bass,strings,1.045,44100,E3,52,fortissimo,arco-normal,1,0
double-bass/E3/double-bass_E3_05_mezzo-forte_arco-normal.mp3,double-bass,strings,0.9666,44100,E3,52,mezzo-forte,arco-normal,1,0
double-bass/E3/double-bass_E3_05_mezzo-piano_arco-normal.mp3,double-bass,strings,1.045,44100,E3,52,mezzo-piano,arco-normal,1,0
double-bass/E3/double-bass_E3_05_pianissimo_arco-normal.mp3,double-bass,strings,0.9928,44100,E3,52,pianissimo,arco-normal,1,0
double-bass/E3/double-bass_E3_15_forte_arco-normal.mp3,double-bass,strings,1.8025,44100,E3,52,forte,arco-normal,1,0
double-bass/E3/double-bass_E3_15_fortissimo_arco-normal.mp3,double-bass,strings,1.7764,44100,E3,52,fortissimo,arco-normal,1,0
double-bass/E3/double-bass_E3_15_mezzo-forte_arco-normal.mp3,double-bass,strings,1.8025,44100,E3,52,mezzo-forte,arco-normal,1,0
double-bass/E3/double-bass_E3_15_mezzo-piano_arco-normal.mp3,double-bass,strings,1.907,44100,E3,52,mezzo-piano,arco-normal,1,0
double-bass/E3/double-bass_E3_15_pianissimo_arco-normal.mp3,double-bass,strings,1.9331,44100,E3,52,pianissimo,arco-normal,1,0
double-bass/E3/double-bass_E3_1_forte_arco-normal.mp3,double-bass,strings,1.2018,44100,E3,52,forte,arco-normal,1,0
double-bass/E3/double-bass_E3_1_fortissimo_arco-normal.mp3,double-bass,strings,1.5413,44100,E3,52,fortissimo,arco-normal,1,0
double-bass/E3/double-bass_E3_1_mezzo-forte_arco-normal.mp3,double-bass,strings,1.3845,44100,E3,52,mezzo-forte,arco-normal,1,0
double-bass/E3/double-bass_E3_1_mezzo-piano_arco-normal.mp3,double-bass,strings,1.4106,44100,E3,52,mezzo-piano,arco-normal,1,0
double-bass/E3/double-bass_E3_1_pianissimo_arco-normal.mp3,double-bass,strings,1.3845,44100,E3,52,pianissimo,arco-normal,1,0
double-bass/E3/double-bass_E3_phrase_cresc-decresc_arco-normal.mp3,double-bass,strings,5.4335,44100,E3,52,cresc-decresc,arco-normal,1,1
double-bass/E4/double-bass_E4_025_forte_arco-normal.mp3,double-bass,strings,0.627,44100,E4,64,forte,arco-normal,1,0
double-bass/E4/double-bass_E4_025_fortissimo_arco-normal.mp3,double-bass,strings,0.6531,44100,E4,64,fortissimo,arco-normal,1,0
double-bass/E4/double-bass_E4_025_mezzo-forte_arco-normal.mp3,double-bass,strings,0.5486,44100,E4,64,mezzo-forte,arco-normal,1,0
double-bass/E4/double-bass_E4_025_pianissimo_arco-normal.mp3,double-bass,strings,0.6009,44100,E4,64,pianissimo,arco-normal,1,0
double-bass/E4/double-bass_E4_05_fortissimo_arco-normal.mp3,double-bass,strings,1.0711,44100,E4,64,fortissimo,arco-normal,1,0
double-bass/E4/double-bass_E4_05_mezzo-forte_arco-normal.mp3,double-bass,strings,1.045,44100,E4,64,mezzo-forte,arco-normal,1,0
double-bass/E4/double-bass_E4_05_mezzo-piano_arco-normal.mp3,double-bass,strings,0.9405,44100,E4,64,mezzo-piano,arco-normal,1,0
double-bass/E4/double-bass_E4_05_pianissimo_arco-normal.mp3,double-bass,strings,0.7576,44100,E4,64,pianissimo,arco-normal,1,0
double-bass/E4/double-bass_E4_05_piano_arco-normal.mp3,double-bass,strings,0.5225,44100,E4,64,piano,arco-normal,1,0
double-bass/E4/double-bass_E4_15_forte_arco-normal.mp3,double-bass,strings,1.8286,44100,E4,64,forte,arco-normal,1,0
double-bass/E4/double-bass_E4_15_mezzo-forte_arco-normal.mp3,double-bass,strings,1.907,44100,E4,64,mezzo-forte,arco-normal,1,0
double-bass/E4/double-bass_E4_15_mezzo-piano_arco-normal.mp3,double-bass,strings,1.7764,44100,E4,64,mezzo-piano,arco-normal,1,0
double-bass/E4/double-bass_E4_15_molto-pianissimo_arco-normal.mp3,double-bass,strings,1.7764,44100,E4,64,molto-pianissimo,arco-normal,1,0
double-bass/E4/double-bass_E4_1_forte_arco-normal.mp3,double-bass,strings,1.1234,44100,E4,64,forte,arco-normal,1,0
double-bass/E4/double-bass_E4_1_fortissimo_arco-normal.mp3,double-bass,strings,1.907,44100,E4,64,fortissimo,arco-normal,1,0
double-bass/E4/double-bass_E4_1_mezzo-forte_arco-normal.mp3,double-bass,strings,1.489,44100,E4,64,mezzo-forte,arco-normal,1,0
double-bass/E4/double-bass_E4_1_mezzo-piano_arco-normal.mp3,double-bass,strings,1.3584,44100,E4,64,mezzo-piano,arco-normal,1,0
double-bass/E4/double-bass_E4_1_molto-pianissimo_arco-normal.mp3,double-bass,strings,1.5413,44100,E4,64,molto-pianissimo,arco-normal,1,0
double-bass/F1/double-bass_F1_025_forte_arco-normal.mp3,double-bass,strings,0.5486,44100,F1,29,forte,arco-normal,1,0
double-bass/F1/double-bass_F1_025_fortissimo_arco-normal.mp3,double-bass,strings,0.7054,44100,F1,29,fortissimo,arco-normal,1,0
double-bass/F1/double-bass_F1_025_mezzo-forte_arco-normal.mp3,double-bass,strings,0.5747,44100,F1,29,mezzo-forte,arco-normal,1,0
double-bass/F1/double-bass_F1_025_molto-pianissimo_arco-normal.mp3,double-bass,strings,0.6009,44100,F1,29,molto-pianissimo,arco-normal,1,0
double-bass/F1/double-bass_F1_025_piano_arco-normal.mp3,double-bass,strings,0.5486,44100,F1,29,piano,arco-normal,1,0
double-bass/F1/double-bass_F1_05_forte_arco-normal.mp3,double-bass,strings,0.9928,44100,F1,29,forte,arco-normal,1,0
double-bass/F1/double-bass_F1_05_fortissimo_arco-normal.mp3,double-bass,strings,1.0711,44100,F1,29,fortissimo,arco-normal,1,0
double-bass/F1/double-bass_F1_05_mezzo-forte_arco-normal.mp3,double-bass,strings,1.0189,44100,F1,29,mezzo-forte,arco-normal,1,0
double-bass/F1/double-bass_F1_05_molto-pianissimo_arco-normal.mp3,double-bass,strings,0.8621,44100,F1,29,molto-pianissimo,arco-normal,1,0
double-bass/F1/double-bass_F1_05_piano_arco-normal.mp3,double-bass,strings,1.1495,44100,F1,29,piano,arco-normal,1,0
double-bass/F1/double-bass_F1_15_forte_arco-normal.mp3,double-bass,strings,1.8025,44100,F1,29,forte,arco-normal,1,0
double-bass/F1/double-bass_F1_15_fortissimo_arco-normal.mp3,double-bass,strings,1.907,44100,F1,29,fortissimo,arco-normal,1,0
double-bass/F1/double-bass_F1_15_mezzo-forte_arco-normal.mp3,double-bass,strings,1.8547,44100,F1,29,mezzo-forte,arco-normal,1,0
double-bass/F1/double-bass_F1_15_mezzo-piano_arco-normal.mp3,double-bass,strings,2.0638,44100,F1,29,mezzo-piano,arco-normal,1,0
double-bass/F1/double-bass_F1_15_pianissimo_arco-normal.mp3,double-bass,strings,2.1421,44100,F1,29,pianissimo,arco-normal,1,0
double-bass/F1/double-bass_F1_1_forte_arco-normal.mp3,double-bass,strings,1.3845,44100,F1,29,forte,arco-normal,1,0
double-bass/F1/double-bass_F1_1_fortissimo_arco-normal.mp3,double-bass,strings,1.6196,44100,F1,29,fortissimo,arco-normal,1,0
double-bass/F1/double-bass_F1_1_mezzo-forte_arco-normal.mp3,double-bass,strings,1.3584,44100,F1,29,mezzo-forte,arco-normal,1,0
double-bass/F1/double-bass_F1_1_mezzo-piano_arco-normal.mp3,double-bass,strings,1.4106,44100,F1,29,mezzo-piano,arco-normal,1,0
double-bass/F1/double-bass_F1_1_molto-pianissimo_arco-normal.mp3,double-bass,strings,1.5151,44100,F1,29,molto-pianissimo,arco-normal,1,0
double-bass/F2/double-bass_F2_025_forte_arco-normal.mp3,double-bass,strings,0.6531,44100,F2,41,forte,arco-normal,1,0
double-bass/F2/double-bass_F2_025_fortissimo_arco-normal.mp3,double-bass,strings,0.5486,44100,F2,41,fortissimo,arco-normal,1,0
double-bass/F2/double-bass_F2_025_mezzo-forte_arco-normal.mp3,double-bass,strings,0.5225,44100,F2,41,mezzo-forte,arco-normal,1,0
double-bass/F2/double-bass_F2_025_molto-pianissimo_arco-normal.mp3,double-bass,strings,0.5747,44100,F2,41,molto-pianissimo,arco-normal,1,0
double-bass/F2/double-bass_F2_025_piano_arco-normal.mp3,double-bass,strings,0.5747,44100,F2,41,piano,arco-normal,1,0
double-bass/F2/double-bass_F2_05_forte_arco-normal.mp3,double-bass,strings,0.9928,44100,F2,41,forte,arco-normal,1,0
double-bass/F2/double-bass_F2_05_fortissimo_arco-normal.mp3,double-bass,strings,1.0711,44100,F2,41,fortissimo,arco-normal,1,0
double-bass/F2/double-bass_F2_05_mezzo-forte_arco-normal.mp3,double-bass,strings,1.045,44100,F2,41,mezzo-forte,arco-normal,1,0
double-bass/F2/double-bass_F2_05_mezzo-piano_arco-normal.mp3,double-bass,strings,0.9928,44100,F2,41,mezzo-piano,arco-normal,1,0
double-bass/F2/double-bass_F2_05_molto-pianissimo_arco-normal.mp3,double-bass,strings,0.9928,44100,F2,41,molto-pianissimo,arco-normal,1,0
double-bass/F2/double-bass_F2_15_forte_arco-normal.mp3,double-bass,strings,1.8025,44100,F2,41,forte,arco-normal,1,0
double-bass/F2/double-bass_F2_15_fortissimo_arco-normal.mp3,double-bass,strings,1.8286,44100,F2,41,fortissimo,arco-normal,1,0
double-bass/F2/double-bass_F2_15_mezzo-forte_arco-normal.mp3,double-bass,strings,1.8809,44100,F2,41,mezzo-forte,arco-normal,1,0
double-bass/F2/double-bass_F2_15_mezzo-piano_arco-normal.mp3,double-bass,strings,1.9331,44100,F2,41,mezzo-piano,arco-normal,1,0
double-bass/F2/double-bass_F2_15_pianissimo_arco-normal.mp3,double-bass,strings,1.698,44100,F2,41,pianissimo,arco-normal,1,0
double-bass/F2/double-bass_F2_1_forte_arco-normal.mp3,double-bass,strings,1.4106,44100,F2,41,forte,arco-normal,1,0
double-bass/F2/double-bass_F2_1_fortissimo_arco-normal.mp3,double-bass,strings,1.5935,44100,F2,41,fortissimo,arco-normal,1,0
double-bass/F2/double-bass_F2_1_mezzo-forte_arco-normal.mp3,double-bass,strings,1.3322,44100,F2,41,mezzo-forte,arco-normal,1,0
double-bass/F2/double-bass_F2_1_mezzo-piano_arco-normal.mp3,double-bass,strings,1.4367,44100,F2,41,mezzo-piano,arco-normal,1,0
double-bass/F2/double-bass_F2_1_pianissimo_arco-normal.mp3,double-bass,strings,1.28,44100,F2,41,pianissimo,arco-normal,1,0
double-bass/F3/double-bass_F3_025_forte_arco-normal.mp3,double-bass,strings,0.4703,44100,F3,53,forte,arco-normal,1,0
double-bass/F3/double-bass_F3_025_fortissimo_arco-normal.mp3,double-bass,strings,0.627,44100,F3,53,fortissimo,arco-normal,1,0
double-bass/F3/double-bass_F3_025_mezzo-forte_arco-normal.mp3,double-bass,strings,0.5225,44100,F3,53,mezzo-forte,arco-normal,1,0
double-bass/F3/double-bass_F3_025_mezzo-piano_arco-normal.mp3,double-bass,strings,0.4964,44100,F3,53,mezzo-piano,arco-normal,1,0
double-bass/F3/double-bass_F3_025_molto-pianissimo_arco-normal.mp3,double-bass,strings,0.3396,44100,F3,53,molto-pianissimo,arco-normal,1,0
double-bass/F3/double-bass_F3_05_forte_arco-normal.mp3,double-bass,strings,1.0711,44100,F3,53,forte,arco-normal,1,0
double-bass/F3/double-bass_F3_05_fortissimo_arco-normal.mp3,double-bass,strings,1.0973,44100,F3,53,fortissimo,arco-normal,1,0
double-bass/F3/double-bass_F3_05_mezzo-forte_arco-normal.mp3,double-bass,strings,0.9144,44100,F3,53,mezzo-forte,arco-normal,1,0
double-bass/F3/double-bass_F3_05_molto-pianissimo_arco-normal.mp3,double-bass,strings,1.0711,44100,F3,53,molto-pianissimo,arco-normal,1,0
double-bass/F3/double-bass_F3_15_forte_arco-normal.mp3,double-bass,strings,1.6719,44100,F3,53,forte,arco-normal,1,0
double-bass/F3/double-bass_F3_15_fortissimo_arco-normal.mp3,double-bass,strings,1.8547,44100,F3,53,fortissimo,arco-normal,1,0
double-bass/F3/double-bass_F3_15_mezzo-forte_arco-normal.mp3,double-bass,strings,1.7764,44100,F3,53,mezzo-forte,arco-normal,1,0
double-bass/F3/double-bass_F3_15_mezzo-piano_arco-normal.mp3,double-bass,strings,1.8286,44100,F3,53,mezzo-piano,arco-normal,1,0
double-bass/F3/double-bass_F3_15_molto-pianissimo_arco-normal.mp3,double-bass,strings,1.8809,44100,F3,53,molto-pianissimo,arco-normal,1,0
double-bass/F3/double-bass_F3_1_forte_arco-normal.mp3,double-bass,strings,1.3322,44100,F3,53,forte,arco-normal,1,0
double-bass/F3/double-bass_F3_1_fortissimo_arco-normal.mp3,double-bass,strings,1.5151,44100,F3,53,fortissimo,arco-normal,1,0
double-bass/F3/double-bass_F3_1_mezzo-forte_arco-normal.mp3,double-bass,strings,1.489,44100,F3,53,mezzo-forte,arco-normal,1,0
double-bass/F3/double-bass_F3_1_mezzo-piano_arco-normal.mp3,double-bass,strings,1.6458,44100,F3,53,mezzo-piano,arco-normal,1,0
double-bass/F3/double-bass_F3_1_molto-pianissimo_arco-normal.mp3,double-bass,strings,0.8621,44100,F3,53,molto-pianissimo,arco-normal,1,0
double-bass/F4/double-bass_F4_025_fortissimo_arco-normal.mp3,double-bass,strings,0.6009,44100,F4,65,fortissimo,arco-normal,1,0
double-bass/F4/double-bass_F4_025_mezzo-forte_arco-normal.mp3,double-bass,strings,0.5486,44100,F4,65,mezzo-forte,arco-normal,1,0
double-bass/F4/double-bass_F4_025_mezzo-piano_arco-normal.mp3,double-bass,strings,0.6009,44100,F4,65,mezzo-piano,arco-normal,1,0
double-bass/F4/double-bass_F4_025_molto-pianissimo_arco-normal.mp3,double-bass,strings,0.5747,44100,F4,65,molto-pianissimo,arco-normal,1,0
double-bass/F4/double-bass_F4_05_forte_arco-normal.mp3,double-bass,strings,0.7054,44100,F4,65,forte,arco-normal,1,0
double-bass/F4/double-bass_F4_05_fortissimo_arco-normal.mp3,double-bass,strings,1.0973,44100,F4,65,fortissimo,arco-normal,1,0
double-bass/F4/double-bass_F4_05_mezzo-forte_arco-normal.mp3,double-bass,strings,1.0711,44100,F4,65,mezzo-forte,arco-normal,1,0
double-bass/F4/double-bass_F4_05_mezzo-piano_arco-normal.mp3,double-bass,strings,0.9928,44100,F4,65,mezzo-piano,arco-normal,1,0
double-bass/F4/double-bass_F4_05_pianissimo_arco-normal.mp3,double-bass,strings,1.0189,44100,F4,65,pianissimo,arco-normal,1,0
double-bass/F4/double-bass_F4_15_pianissimo_arco-normal.mp3,double-bass,strings,1.7764,44100,F4,65,pianissimo,arco-normal,1,0
double-bass/F4/double-bass_F4_1_forte_arco-normal.mp3,double-bass,strings,1.6719,44100,F4,65,forte,arco-normal,1,0
double-bass/F4/double-bass_F4_1_fortissimo_arco-normal.mp3,double-bass,strings,1.8025,44100,F4,65,fortissimo,arco-normal,1,0
double-bass/F4/double-bass_F4_1_mezzo-forte_arco-normal.mp3,double-bass,strings,1.8286,44100,F4,65,mezzo-forte,arco-normal,1,0
double-bass/F4/double-bass_F4_1_mezzo-piano_arco-normal.mp3,double-bass,strings,1.2539,44100,F4,65,mezzo-piano,arco-normal,1,0
double-bass/F4/double-bass_F4_1_pianissimo_arco-normal.mp3,double-bass,strings,1.4367,44100,F4,65,pianissimo,arco-normal,1,0
double-bass/F4/double-bass_F4_1_piano_arco-normal.mp3,double-bass,strings,1.7503,44100,F4,65,piano,arco-normal,1,0
double-bass/Fs1/double-bass_Fs1_025_forte_arco-normal.mp3,double-bass,strings,0.5225,44100,Fs1,30,forte,arco-normal,1,0
double-bass/Fs1/double-bass_Fs1_025_fortissimo_arco-normal.mp3,double-bass,strings,0.6009,44100,Fs1,30,fortissimo,arco-normal,1,0
double-bass/Fs1/double-bass_Fs1_025_mezzo-forte_arco-normal.mp3,double-bass,strings,0.4964,44100,Fs1,30,mezzo-forte,arco-normal,1,0
double-bass/Fs1/double-bass_Fs1_025_mezzo-piano_arco-normal.mp3,double-bass,strings,0.5747,44100,Fs1,30,mezzo-piano,arco-normal,1,0
double-bass/Fs1/double-bass_Fs1_025_molto-pianissimo_arco-normal.mp3,double-bass,strings,0.6009,44100,Fs1,30,molto-pianissimo,arco-normal,1,0
double-bass/Fs1/double-bass_Fs1_05_forte_arco-normal.mp3,double-bass,strings,1.045,44100,Fs1,30,forte,arco-normal,1,0
double-bass/Fs1/double-bass_Fs1_05_fortissimo_arco-normal.mp3,double-bass,strings,1.045,44100,Fs1,30,fortissimo,arco-normal,1,0
double-bass/Fs1/double-bass_Fs1_05_mezzo-forte_arco-normal.mp3,double-bass,strings,0.9405,44100,Fs1,30,mezzo-forte,arco-normal,1,0
double-bass/Fs1/double-bass_Fs1_05_mezzo-piano_arco-normal.mp3,double-bass,strings,1.0973,44100,Fs1,30,mezzo-piano,arco-normal,1,0
double-bass/Fs1/double-bass_Fs1_05_molto-pianissimo_arco-normal.mp3,double-bass,strings,1.0711,44100,Fs1,30,molto-pianissimo,arco-normal,1,0
double-bass/Fs1/double-bass_Fs1_15_forte_arco-normal.mp3,double-bass,strings,1.7764,44100,Fs1,30,forte,arco-normal,1,0
double-bass/Fs1/double-bass_Fs1_15_fortissimo_arco-normal.mp3,double-bass,strings,1.8809,44100,Fs1,30,fortissimo,arco-normal,1,0
double-bass/Fs1/double-bass_Fs1_15_mezzo-forte_arco-normal.mp3,double-bass,strings,1.8547,44100,Fs1,30,mezzo-forte,arco-normal,1,0
double-bass/Fs1/double-bass_Fs1_15_molto-pianissimo_arco-normal.mp3,double-bass,strings,2.0376,44100,Fs1,30,molto-pianissimo,arco-normal,1,0
double-bass/Fs1/double-bass_Fs1_1_forte_arco-normal.mp3,double-bass,strings,1.3584,44100,Fs1,30,forte,arco-normal,1,0
double-bass/Fs1/double-bass_Fs1_1_fortissimo_arco-normal.mp3,double-bass,strings,1.5151,44100,Fs1,30,fortissimo,arco-normal,1,0
double-bass/Fs1/double-bass_Fs1_1_mezzo-forte_arco-normal.mp3,double-bass,strings,1.3845,44100,Fs1,30,mezzo-forte,arco-normal,1,0
double-bass/Fs1/double-bass_Fs1_1_mezzo-piano_arco-normal.mp3,double-bass,strings,1.489,44100,Fs1,30,mezzo-piano,arco-normal,1,0
double-bass/Fs1/double-bass_Fs1_1_molto-pianissimo_arco-normal.mp3,double-bass,strings,1.5151,44100,Fs1,30,molto-pianissimo,arco-normal,1,0
double-bass/Fs2/double-bass_Fs2_025_forte_arco-normal.mp3,double-bass,strings,0.5486,44100,Fs2,42,forte,arco-normal,1,0
double-bass/Fs2/double-bass_Fs2_025_fortissimo_arco-normal.mp3,double-bass,strings,0.5747,44100,Fs2,42,fortissimo,arco-normal,1,0
double-bass/Fs2/double-bass_Fs2_025_mezzo-forte_arco-normal.mp3,double-bass,strings,0.5486,44100,Fs2,42,mezzo-forte,arco-normal,1,0
double-bass/Fs2/double-bass_Fs2_025_pianissimo_arco-normal.mp3,double-bass,strings,0.5486,44100,Fs2,42,pianissimo,arco-normal,1,0
double-bass/Fs2/double-bass_Fs2_025_piano_arco-normal.mp3,double-bass,strings,0.5486,44100,Fs2,42,piano,arco-normal,1,0
double-bass/Fs2/double-bass_Fs2_05_forte_arco-normal.mp3,double-bass,strings,1.045,44100,Fs2,42,forte,arco-normal,1,0
double-bass/Fs2/double-bass_Fs2_05_fortissimo_arco-normal.mp3,double-bass,strings,1.0711,44100,Fs2,42,fortissimo,arco-normal,1,0
double-bass/Fs2/double-bass_Fs2_05_mezzo-forte_arco-normal.mp3,double-bass,strings,0.9928,44100,Fs2,42,mezzo-forte,arco-normal,1,0
double-bass/Fs2/double-bass_Fs2_05_pianissimo_arco-normal.mp3,double-bass,strings,1.045,44100,Fs2,42,pianissimo,arco-normal,1,0
double-bass/Fs2/double-bass_Fs2_05_piano_arco-normal.mp3,double-bass,strings,1.0711,44100,Fs2,42,piano,arco-normal,1,0
double-bass/Fs2/double-bass_Fs2_15_forte_arco-normal.mp3,double-bass,strings,1.8286,44100,Fs2,42,forte,arco-normal,1,0
double-bass/Fs2/double-bass_Fs2_15_fortissimo_arco-normal.mp3,double-bass,strings,1.8809,44100,Fs2,42,fortissimo,arco-normal,1,0
double-bass/Fs2/double-bass_Fs2_15_mezzo-forte_arco-normal.mp3,double-bass,strings,1.907,44100,Fs2,42,mezzo-forte,arco-normal,1,0
double-bass/Fs2/double-bass_Fs2_15_mezzo-piano_arco-normal.mp3,double-bass,strings,1.907,44100,Fs2,42,mezzo-piano,arco-normal,1,0
double-bass/Fs2/double-bass_Fs2_15_molto-pianissimo_arco-normal.mp3,double-bass,strings,1.5151,44100,Fs2,42,molto-pianissimo,arco-normal,1,0
double-bass/Fs2/double-bass_Fs2_1_forte_arco-normal.mp3,double-bass,strings,1.3322,44100,Fs2,42,forte,arco-normal,1,0
double-bass/Fs2/double-bass_Fs2_1_fortissimo_arco-normal.mp3,double-bass,strings,1.4367,44100,Fs2,42,fortissimo,arco-normal,1,0
double-bass/Fs2/double-bass_Fs2_1_mezzo-forte_arco-normal.mp3,double-bass,strings,1.3322,44100,Fs2,42,mezzo-forte,arco-normal,1,0
double-bass/Fs2/double-bass_Fs2_1_mezzo-piano_arco-normal.mp3,double-bass,strings,1.3061,44100,Fs2,42,mezzo-piano,arco-normal,1,0
double-bass/Fs2/double-bass_Fs2_1_molto-pianissimo_arco-normal.mp3,double-bass,strings,1.28,44100,Fs2,42,molto-pianissimo,arco-normal,1,0
double-bass/Fs3/double-bass_Fs3_025_forte_arco-normal.mp3,double-bass,strings,0.6009,44100,Fs3,54,forte,arco-normal,1,0
double-bass/Fs3/double-bass_Fs3_025_fortissimo_arco-normal.mp3,double-bass,strings,0.627,44100,Fs3,54,fortissimo,arco-normal,1,0
double-bass/Fs3/double-bass_Fs3_025_mezzo-forte_arco-normal.mp3,double-bass,strings,0.5225,44100,Fs3,54,mezzo-forte,arco-normal,1,0
double-bass/Fs3/double-bass_Fs3_025_molto-pianissimo_arco-normal.mp3,double-bass,strings,0.5486,44100,Fs3,54,molto-pianissimo,arco-normal,1,0
double-bass/Fs3/double-bass_Fs3_025_piano_arco-normal.mp3,double-bass,strings,0.5486,44100,Fs3,54,piano,arco-normal,1,0
double-bass/Fs3/double-bass_Fs3_05_forte_arco-normal.mp3,double-bass,strings,0.9928,44100,Fs3,54,forte,arco-normal,1,0
double-bass/Fs3/double-bass_Fs3_05_fortissimo_arco-normal.mp3,double-bass,strings,1.0973,44100,Fs3,54,fortissimo,arco-normal,1,0
double-bass/Fs3/double-bass_Fs3_05_mezzo-forte_arco-normal.mp3,double-bass,strings,0.836,44100,Fs3,54,mezzo-forte,arco-normal,1,0
double-bass/Fs3/double-bass_Fs3_05_mezzo-piano_arco-normal.mp3,double-bass,strings,0.9928,44100,Fs3,54,mezzo-piano,arco-normal,1,0
double-bass/Fs3/double-bass_Fs3_05_pianissimo_arco-normal.mp3,double-bass,strings,1.0189,44100,Fs3,54,pianissimo,arco-normal,1,0
double-bass/Fs3/double-bass_Fs3_15_forte_arco-normal.mp3,double-bass,strings,1.8547,44100,Fs3,54,forte,arco-normal,1,0
double-bass/Fs3/double-bass_Fs3_15_fortissimo_arco-normal.mp3,double-bass,strings,1.8809,44100,Fs3,54,fortissimo,arco-normal,1,0
double-bass/Fs3/double-bass_Fs3_15_mezzo-forte_arco-normal.mp3,double-bass,strings,1.7241,44100,Fs3,54,mezzo-forte,arco-normal,1,0
double-bass/Fs3/double-bass_Fs3_15_mezzo-piano_arco-normal.mp3,double-bass,strings,1.8547,44100,Fs3,54,mezzo-piano,arco-normal,1,0
double-bass/Fs3/double-bass_Fs3_15_pianissimo_arco-normal.mp3,double-bass,strings,2.0115,44100,Fs3,54,pianissimo,arco-normal,1,0
double-bass/Fs3/double-bass_Fs3_1_forte_arco-normal.mp3,double-bass,strings,1.28,44100,Fs3,54,forte,arco-normal,1,0
double-bass/Fs3/double-bass_Fs3_1_fortissimo_arco-normal.mp3,double-bass,strings,1.5151,44100,Fs3,54,fortissimo,arco-normal,1,0
double-bass/Fs3/double-bass_Fs3_1_mezzo-forte_arco-normal.mp3,double-bass,strings,1.1234,44100,Fs3,54,mezzo-forte,arco-normal,1,0
double-bass/Fs3/double-bass_Fs3_1_mezzo-piano_arco-normal.mp3,double-bass,strings,1.4106,44100,Fs3,54,mezzo-piano,arco-normal,1,0
double-bass/Fs3/double-bass_Fs3_1_pianissimo_arco-normal.mp3,double-bass,strings,1.2539,44100,Fs3,54,pianissimo,arco-normal,1,0
double-bass/Fs4/double-bass_Fs4_025_forte_arco-normal.mp3,double-bass,strings,0.6793,44100,Fs4,66,forte,arco-normal,1,0
double-bass/Fs4/double-bass_Fs4_025_fortissimo_arco-normal.mp3,double-bass,strings,0.6009,44100,Fs4,66,fortissimo,arco-normal,1,0
double-bass/Fs4/double-bass_Fs4_025_mezzo-forte_arco-normal.mp3,double-bass,strings,0.6531,44100,Fs4,66,mezzo-forte,arco-normal,1,0
double-bass/Fs4/double-bass_Fs4_025_mezzo-piano_arco-normal.mp3,double-bass,strings,0.5225,44100,Fs4,66,mezzo-piano,arco-normal,1,0
double-bass/Fs4/double-bass_Fs4_025_pianissimo_arco-normal.mp3,double-bass,strings,0.5225,44100,Fs4,66,pianissimo,arco-normal,1,0
double-bass/Fs4/double-bass_Fs4_05_forte_arco-normal.mp3,double-bass,strings,0.9928,44100,Fs4,66,forte,arco-normal,1,0
double-bass/Fs4/double-bass_Fs4_05_fortissimo_arco-normal.mp3,double-bass,strings,1.1234,44100,Fs4,66,fortissimo,arco-normal,1,0
double-bass/Fs4/double-bass_Fs4_05_mezzo-forte_arco-normal.mp3,double-bass,strings,0.9928,44100,Fs4,66,mezzo-forte,arco-normal,1,0
double-bass/Fs4/double-bass_Fs4_05_mezzo-piano_arco-normal.mp3,double-bass,strings,1.0189,44100,Fs4,66,mezzo-piano,arco-normal,1,0
double-bass/Fs4/double-bass_Fs4_05_pianissimo_arco-normal.mp3,double-bass,strings,1.0189,44100,Fs4,66,pianissimo,arco-normal,1,0
double-bass/Fs4/double-bass_Fs4_15_fortissimo_arco-normal.mp3,double-bass,strings,1.907,44100,Fs4,66,fortissimo,arco-normal,1,0
double-bass/Fs4/double-bass_Fs4_15_mezzo-forte_arco-normal.mp3,double-bass,strings,2.0376,44100,Fs4,66,mezzo-forte,arco-normal,1,0
double-bass/Fs4/double-bass_Fs4_15_mezzo-piano_arco-normal.mp3,double-bass,strings,2.116,44100,Fs4,66,mezzo-piano,arco-normal,1,0
double-bass/Fs4/double-bass_Fs4_15_pianissimo_arco-normal.mp3,double-bass,strings,1.8809,44100,Fs4,66,pianissimo,arco-normal,1,0
double-bass/Fs4/double-bass_Fs4_1_forte_arco-normal.mp3,double-bass,strings,1.8547,44100,Fs4,66,forte,arco-normal,1,0
double-bass/Fs4/double-bass_Fs4_1_fortissimo_arco-normal.mp3,double-bass,strings,1.5151,44100,Fs4,66,fortissimo,arco-normal,1,0
double-bass/Fs4/double-bass_Fs4_1_mezzo-forte_arco-normal.mp3,double-bass,strings,1.3845,44100,Fs4,66,mezzo-forte,arco-normal,1,0
double-bass/Fs4/double-bass_Fs4_1_mezzo-piano_arco-normal.mp3,double-bass,strings,1.1756,44100,Fs4,66,mezzo-piano,arco-normal,1,0
double-bass/Fs4/double-bass_Fs4_1_pianissimo_arco-normal.mp3,double-bass,strings,1.2279,44100,Fs4,66,pianissimo,arco-normal,1,0
double-bass/G1/double-bass_G1_025_forte_arco-normal.mp3,double-bass,strings,0.5486,44100,G1,31,forte,arco-normal,1,0
double-bass/G1/double-bass_G1_025_fortissimo_arco-normal.mp3,double-bass,strings,0.5747,44100,G1,31,fortissimo,arco-normal,1,0
double-bass/G1/double-bass_G1_025_mezzo-forte_arco-normal.mp3,double-bass,strings,0.6009,44100,G1,31,mezzo-forte,arco-normal,1,0
double-bass/G1/double-bass_G1_025_mezzo-piano_arco-normal.mp3,double-bass,strings,0.5225,44100,G1,31,mezzo-piano,arco-normal,1,0
double-bass/G1/double-bass_G1_025_molto-pianissimo_arco-normal.mp3,double-bass,strings,0.5747,44100,G1,31,molto-pianissimo,arco-normal,1,0
double-bass/G1/double-bass_G1_05_forte_arco-normal.mp3,double-bass,strings,0.9405,44100,G1,31,forte,arco-normal,1,0
double-bass/G1/double-bass_G1_05_fortissimo_arco-normal.mp3,double-bass,strings,1.0973,44100,G1,31,fortissimo,arco-normal,1,0
double-bass/G1/double-bass_G1_05_mezzo-forte_arco-normal.mp3,double-bass,strings,0.8621,44100,G1,31,mezzo-forte,arco-normal,1,0
double-bass/G1/double-bass_G1_05_mezzo-piano_arco-normal.mp3,double-bass,strings,1.1495,44100,G1,31,mezzo-piano,arco-normal,1,0
double-bass/G1/double-bass_G1_05_pianissimo_arco-normal.mp3,double-bass,strings,1.0189,44100,G1,31,pianissimo,arco-normal,1,0
double-bass/G1/double-bass_G1_15_forte_arco-normal.mp3,double-bass,strings,1.7764,44100,G1,31,forte,arco-normal,1,0
double-bass/G1/double-bass_G1_15_fortissimo_arco-normal.mp3,double-bass,strings,1.907,44100,G1,31,fortissimo,arco-normal,1,0
double-bass/G1/double-bass_G1_15_mezzo-forte_arco-normal.mp3,double-bass,strings,1.8547,44100,G1,31,mezzo-forte,arco-normal,1,0
double-bass/G1/double-bass_G1_15_pianissimo_arco-normal.mp3,double-bass,strings,2.0638,44100,G1,31,pianissimo,arco-normal,1,0
double-bass/G1/double-bass_G1_1_forte_arco-normal.mp3,double-bass,strings,1.3322,44100,G1,31,forte,arco-normal,1,0
double-bass/G1/double-bass_G1_1_fortissimo_arco-normal.mp3,double-bass,strings,1.4629,44100,G1,31,fortissimo,arco-normal,1,0
double-bass/G1/double-bass_G1_1_mezzo-forte_arco-normal.mp3,double-bass,strings,1.2279,44100,G1,31,mezzo-forte,arco-normal,1,0
double-bass/G1/double-bass_G1_1_mezzo-piano_arco-normal.mp3,double-bass,strings,1.2018,44100,G1,31,mezzo-piano,arco-normal,1,0
double-bass/G1/double-bass_G1_1_pianissimo_arco-normal.mp3,double-bass,strings,1.4629,44100,G1,31,pianissimo,arco-normal,1,0
double-bass/G2/double-bass_G2_025_forte_arco-normal.mp3,double-bass,strings,0.5486,44100,G2,43,forte,arco-normal,1,0
double-bass/G2/double-bass_G2_025_fortissimo_arco-normal.mp3,double-bass,strings,0.5486,44100,G2,43,fortissimo,arco-normal,1,0
double-bass/G2/double-bass_G2_025_mezzo-forte_arco-normal.mp3,double-bass,strings,0.5225,44100,G2,43,mezzo-forte,arco-normal,1,0
double-bass/G2/double-bass_G2_025_pianissimo_arco-normal.mp3,double-bass,strings,0.5225,44100,G2,43,pianissimo,arco-normal,1,0
double-bass/G2/double-bass_G2_025_piano_arco-normal.mp3,double-bass,strings,0.5747,44100,G2,43,piano,arco-normal,1,0
double-bass/G2/double-bass_G2_05_forte_arco-normal.mp3,double-bass,strings,0.9928,44100,G2,43,forte,arco-normal,1,0
double-bass/G2/double-bass_G2_05_fortissimo_arco-normal.mp3,double-bass,strings,1.0711,44100,G2,43,fortissimo,arco-normal,1,0
double-bass/G2/double-bass_G2_05_mezzo-forte_arco-normal.mp3,double-bass,strings,1.045,44100,G2,43,mezzo-forte,arco-normal,1,0
double-bass/G2/double-bass_G2_05_mezzo-piano_arco-normal.mp3,double-bass,strings,0.9928,44100,G2,43,mezzo-piano,arco-normal,1,0
double-bass/G2/double-bass_G2_05_pianissimo_arco-normal.mp3,double-bass,strings,1.0189,44100,G2,43,pianissimo,arco-normal,1,0
double-bass/G2/double-bass_G2_15_fortissimo_arco-normal.mp3,double-bass,strings,1.9592,44100,G2,43,fortissimo,arco-normal,1,0
double-bass/G2/double-bass_G2_15_mezzo-forte_arco-normal.mp3,double-bass,strings,1.8547,44100,G2,43,mezzo-forte,arco-normal,1,0
double-bass/G2/double-bass_G2_15_molto-pianissimo_arco-normal.mp3,double-bass,strings,1.8809,44100,G2,43,molto-pianissimo,arco-normal,1,0
double-bass/G2/double-bass_G2_15_piano_arco-normal.mp3,double-bass,strings,2.2205,44100,G2,43,piano,arco-normal,1,0
double-bass/G2/double-bass_G2_1_forte_arco-normal.mp3,double-bass,strings,1.4629,44100,G2,43,forte,arco-normal,1,0
double-bass/G2/double-bass_G2_1_fortissimo_arco-normal.mp3,double-bass,strings,1.5151,44100,G2,43,fortissimo,arco-normal,1,0
double-bass/G2/double-bass_G2_1_mezzo-forte_arco-normal.mp3,double-bass,strings,1.4629,44100,G2,43,mezzo-forte,arco-normal,1,0
double-bass/G2/double-bass_G2_1_mezzo-piano_arco-normal.mp3,double-bass,strings,1.0973,44100,G2,43,mezzo-piano,arco-normal,1,0
double-bass/G2/double-bass_G2_1_pianissimo_arco-normal.mp3,double-bass,strings,1.2279,44100,G2,43,pianissimo,arco-normal,1,0
double-bass/G3/double-bass_G3_025_forte_arco-normal.mp3,double-bass,strings,0.627,44100,G3,55,forte,arco-normal,1,0
double-bass/G3/double-bass_G3_025_fortissimo_arco-normal.mp3,double-bass,strings,0.627,44100,G3,55,fortissimo,arco-normal,1,0
double-bass/G3/double-bass_G3_025_mezzo-forte_arco-normal.mp3,double-bass,strings,0.4964,44100,G3,55,mezzo-forte,arco-normal,1,0
double-bass/G3/double-bass_G3_025_mezzo-piano_arco-normal.mp3,double-bass,strings,0.5486,44100,G3,55,mezzo-piano,arco-normal,1,0
double-bass/G3/double-bass_G3_025_pianissimo_arco-normal.mp3,double-bass,strings,1.28,44100,G3,55,pianissimo,arco-normal,1,0
double-bass/G3/double-bass_G3_05_forte_arco-normal.mp3,double-bass,strings,1.045,44100,G3,55,forte,arco-normal,1,0
double-bass/G3/double-bass_G3_05_fortissimo_arco-normal.mp3,double-bass,strings,0.9928,44100,G3,55,fortissimo,arco-normal,1,0
double-bass/G3/double-bass_G3_05_mezzo-forte_arco-normal.mp3,double-bass,strings,0.9666,44100,G3,55,mezzo-forte,arco-normal,1,0
double-bass/G3/double-bass_G3_05_mezzo-piano_arco-normal.mp3,double-bass,strings,0.9405,44100,G3,55,mezzo-piano,arco-normal,1,0
double-bass/G3/double-bass_G3_05_molto-pianissimo_arco-normal.mp3,double-bass,strings,1.28,44100,G3,55,molto-pianissimo,arco-normal,1,0
double-bass/G3/double-bass_G3_05_pianissimo_arco-normal.mp3,double-bass,strings,0.4441,44100,G3,55,pianissimo,arco-normal,1,0
double-bass/G3/double-bass_G3_15_forte_arco-normal.mp3,double-bass,strings,1.8025,44100,G3,55,forte,arco-normal,1,0
double-bass/G3/double-bass_G3_15_fortissimo_arco-normal.mp3,double-bass,strings,1.9592,44100,G3,55,fortissimo,arco-normal,1,0
double-bass/G3/double-bass_G3_15_mezzo-forte_arco-normal.mp3,double-bass,strings,1.7241,44100,G3,55,mezzo-forte,arco-normal,1,0
double-bass/G3/double-bass_G3_15_mezzo-piano_arco-normal.mp3,double-bass,strings,1.9331,44100,G3,55,mezzo-piano,arco-normal,1,0
double-bass/G3/double-bass_G3_1_forte_arco-normal.mp3,double-bass,strings,1.2539,44100,G3,55,forte,arco-normal,1,0
double-bass/G3/double-bass_G3_1_fortissimo_arco-normal.mp3,double-bass,strings,1.6196,44100,G3,55,fortissimo,arco-normal,1,0
double-bass/G3/double-bass_G3_1_mezzo-forte_arco-normal.mp3,double-bass,strings,1.4367,44100,G3,55,mezzo-forte,arco-normal,1,0
double-bass/G3/double-bass_G3_1_mezzo-piano_arco-normal.mp3,double-bass,strings,1.3061,44100,G3,55,mezzo-piano,arco-normal,1,0
double-bass/G3/double-bass_G3_1_molto-pianissimo_arco-normal.mp3,double-bass,strings,2.0376,44100,G3,55,molto-pianissimo,arco-normal,1,0
double-bass/G4/double-bass_G4_025_forte_arco-normal.mp3,double-bass,strings,0.6009,44100,G4,67,forte,arco-normal,1,0
double-bass/G4/double-bass_G4_025_fortissimo_arco-normal.mp3,double-bass,strings,0.627,44100,G4,67,fortissimo,arco-normal,1,0
double-bass/G4/double-bass_G4_025_mezzo-forte_arco-normal.mp3,double-bass,strings,0.5225,44100,G4,67,mezzo-forte,arco-normal,1,0
double-bass/G4/double-bass_G4_025_mezzo-piano_arco-normal.mp3,double-bass,strings,0.9405,44100,G4,67,mezzo-piano,arco-normal,1,0
double-bass/G4/double-bass_G4_025_pianissimo_arco-normal.mp3,double-bass,strings,0.5747,44100,G4,67,pianissimo,arco-normal,1,0
double-bass/G4/double-bass_G4_025_piano_arco-normal.mp3,double-bass,strings,0.5486,44100,G4,67,piano,arco-normal,1,0
double-bass/G4/double-bass_G4_05_forte_arco-normal.mp3,double-bass,strings,1.3584,44100,G4,67,forte,arco-normal,1,0
double-bass/G4/double-bass_G4_05_fortissimo_arco-normal.mp3,double-bass,strings,1.1234,44100,G4,67,fortissimo,arco-normal,1,0
double-bass/G4/double-bass_G4_05_mezzo-forte_arco-normal.mp3,double-bass,strings,0.8621,44100,G4,67,mezzo-forte,arco-normal,1,0
double-bass/G4/double-bass_G4_05_mezzo-piano_arco-normal.mp3,double-bass,strings,1.4367,44100,G4,67,mezzo-piano,arco-normal,1,0
double-bass/G4/double-bass_G4_05_pianissimo_arco-normal.mp3,double-bass,strings,0.9928,44100,G4,67,pianissimo,arco-normal,1,0
double-bass/G4/double-bass_G4_15_forte_arco-normal.mp3,double-bass,strings,2.3511,44100,G4,67,forte,arco-normal,1,0
double-bass/G4/double-bass_G4_15_fortissimo_arco-normal.mp3,double-bass,strings,4.049,44100,G4,67,fortissimo,arco-normal,1,0
double-bass/G4/double-bass_G4_15_mezzo-forte_arco-normal.mp3,double-bass,strings,2.2466,44100,G4,67,mezzo-forte,arco-normal,1,0
double-bass/G4/double-bass_G4_15_pianissimo_arco-normal.mp3,double-bass,strings,1.7764,44100,G4,67,pianissimo,arco-normal,1,0
double-bass/G4/double-bass_G4_1_fortissimo_arco-normal.mp3,double-bass,strings,1.5935,44100,G4,67,fortissimo,arco-normal,1,0
double-bass/G4/double-bass_G4_1_mezzo-forte_arco-normal.mp3,double-bass,strings,1.5413,44100,G4,67,mezzo-forte,arco-normal,1,0
double-bass/G4/double-bass_G4_1_mezzo-piano_arco-normal.mp3,double-bass,strings,1.7241,44100,G4,67,mezzo-piano,arco-normal,1,0
double-bass/G4/double-bass_G4_1_pianissimo_arco-normal.mp3,double-bass,strings,1.5674,44100,G4,67,pianissimo,arco-normal,1,0
double-bass/Gs1/double-bass_Gs1_025_forte_arco-normal.mp3,double-bass,strings,0.4964,44100,Gs1,32,forte,arco-normal,1,0
double-bass/Gs1/double-bass_Gs1_025_fortissimo_arco-normal.mp3,double-bass,strings,0.5486,44100,Gs1,32,fortissimo,arco-normal,1,0
double-bass/Gs1/double-bass_Gs1_025_mezzo-forte_arco-normal.mp3,double-bass,strings,0.5225,44100,Gs1,32,mezzo-forte,arco-normal,1,0
double-bass/Gs1/double-bass_Gs1_025_mezzo-piano_arco-normal.mp3,double-bass,strings,0.5486,44100,Gs1,32,mezzo-piano,arco-normal,1,0
double-bass/Gs1/double-bass_Gs1_025_pianissimo_arco-normal.mp3,double-bass,strings,0.5747,44100,Gs1,32,pianissimo,arco-normal,1,0
double-bass/Gs1/double-bass_Gs1_05_forte_arco-normal.mp3,double-bass,strings,1.0189,44100,Gs1,32,forte,arco-normal,1,0
double-bass/Gs1/double-bass_Gs1_05_fortissimo_arco-normal.mp3,double-bass,strings,1.0711,44100,Gs1,32,fortissimo,arco-normal,1,0
double-bass/Gs1/double-bass_Gs1_05_mezzo-forte_arco-normal.mp3,double-bass,strings,0.9666,44100,Gs1,32,mezzo-forte,arco-normal,1,0
double-bass/Gs1/double-bass_Gs1_05_mezzo-piano_arco-normal.mp3,double-bass,strings,1.1495,44100,Gs1,32,mezzo-piano,arco-normal,1,0
double-bass/Gs1/double-bass_Gs1_05_molto-pianissimo_arco-normal.mp3,double-bass,strings,1.3322,44100,Gs1,32,molto-pianissimo,arco-normal,1,0
double-bass/Gs1/double-bass_Gs1_05_pianissimo_arco-normal.mp3,double-bass,strings,1.0711,44100,Gs1,32,pianissimo,arco-normal,1,0
double-bass/Gs1/double-bass_Gs1_15_forte_arco-normal.mp3,double-bass,strings,1.8286,44100,Gs1,32,forte,arco-normal,1,0
double-bass/Gs1/double-bass_Gs1_15_mezzo-forte_arco-normal.mp3,double-bass,strings,1.8025,44100,Gs1,32,mezzo-forte,arco-normal,1,0
double-bass/Gs1/double-bass_Gs1_15_mezzo-piano_arco-normal.mp3,double-bass,strings,1.9592,44100,Gs1,32,mezzo-piano,arco-normal,1,0
double-bass/Gs1/double-bass_Gs1_1_forte_arco-normal.mp3,double-bass,strings,1.3845,44100,Gs1,32,forte,arco-normal,1,0
double-bass/Gs1/double-bass_Gs1_1_fortissimo_arco-normal.mp3,double-bass,strings,1.5674,44100,Gs1,32,fortissimo,arco-normal,1,0
double-bass/Gs1/double-bass_Gs1_1_mezzo-forte_arco-normal.mp3,double-bass,strings,1.3584,44100,Gs1,32,mezzo-forte,arco-normal,1,0
double-bass/Gs1/double-bass_Gs1_1_mezzo-piano_arco-normal.mp3,double-bass,strings,1.0189,44100,Gs1,32,mezzo-piano,arco-normal,1,0
double-bass/Gs1/double-bass_Gs1_1_molto-pianissimo_arco-normal.mp3,double-bass,strings,1.9592,44100,Gs1,32,molto-pianissimo,arco-normal,1,0
double-bass/Gs2/double-bass_Gs2_025_forte_arco-normal.mp3,double-bass,strings,0.4703,44100,Gs2,44,forte,arco-normal,1,0
double-bass/Gs2/double-bass_Gs2_025_fortissimo_arco-normal.mp3,double-bass,strings,0.5486,44100,Gs2,44,fortissimo,arco-normal,1,0
double-bass/Gs2/double-bass_Gs2_025_mezzo-forte_arco-normal.mp3,double-bass,strings,0.4964,44100,Gs2,44,mezzo-forte,arco-normal,1,0
double-bass/Gs2/double-bass_Gs2_025_molto-pianissimo_arco-normal.mp3,double-bass,strings,0.5486,44100,Gs2,44,molto-pianissimo,arco-normal,1,0
double-bass/Gs2/double-bass_Gs2_025_piano_arco-normal.mp3,double-bass,strings,0.5747,44100,Gs2,44,piano,arco-normal,1,0
double-bass/Gs2/double-bass_Gs2_05_forte_arco-normal.mp3,double-bass,strings,0.9666,44100,Gs2,44,forte,arco-normal,1,0
double-bass/Gs2/double-bass_Gs2_05_fortissimo_arco-normal.mp3,double-bass,strings,1.0711,44100,Gs2,44,fortissimo,arco-normal,1,0
double-bass/Gs2/double-bass_Gs2_05_mezzo-forte_arco-normal.mp3,double-bass,strings,0.9666,44100,Gs2,44,mezzo-forte,arco-normal,1,0
double-bass/Gs2/double-bass_Gs2_15_forte_arco-normal.mp3,double-bass,strings,2.4034,44100,Gs2,44,forte,arco-normal,1,0
double-bass/Gs2/double-bass_Gs2_15_mezzo-piano_arco-normal.mp3,double-bass,strings,1.907,44100,Gs2,44,mezzo-piano,arco-normal,1,0
double-bass/Gs2/double-bass_Gs2_15_pianissimo_arco-normal.mp3,double-bass,strings,2.0376,44100,Gs2,44,pianissimo,arco-normal,1,0
double-bass/Gs2/double-bass_Gs2_1_forte_arco-normal.mp3,double-bass,strings,1.3322,44100,Gs2,44,forte,arco-normal,1,0
double-bass/Gs2/double-bass_Gs2_1_fortissimo_arco-normal.mp3,double-bass,strings,1.8809,44100,Gs2,44,fortissimo,arco-normal,1,0
double-bass/Gs2/double-bass_Gs2_1_mezzo-forte_arco-normal.mp3,double-bass,strings,1.3845,44100,Gs2,44,mezzo-forte,arco-normal,1,0
double-bass/Gs2/double-bass_Gs2_1_mezzo-piano_arco-normal.mp3,double-bass,strings,1.3584,44100,Gs2,44,mezzo-piano,arco-normal,1,0
double-bass/Gs2/double-bass_Gs2_1_pianissimo_arco-normal.mp3,double-bass,strings,1.2279,44100,Gs2,44,pianissimo,arco-normal,1,0
double-bass/Gs2/double-bass_Gs2_1_piano_arco-normal.mp3,double-bass,strings,1.0189,44100,Gs2,44,piano,arco-normal,1,0
double-bass/Gs3/double-bass_Gs3_025_forte_arco-normal.mp3,double-bass,strings,0.4441,44100,Gs3,56,forte,arco-normal,1,0
double-bass/Gs3/double-bass_Gs3_025_fortissimo_arco-normal.mp3,double-bass,strings,0.5486,44100,Gs3,56,fortissimo,arco-normal,1,0
double-bass/Gs3/double-bass_Gs3_025_mezzo-forte_arco-normal.mp3,double-bass,strings,0.5225,44100,Gs3,56,mezzo-forte,arco-normal,1,0
double-bass/Gs3/double-bass_Gs3_025_mezzo-piano_arco-normal.mp3,double-bass,strings,0.5225,44100,Gs3,56,mezzo-piano,arco-normal,1,0
double-bass/Gs3/double-bass_Gs3_025_molto-pianissimo_arco-normal.mp3,double-bass,strings,0.6009,44100,Gs3,56,molto-pianissimo,arco-normal,1,0
double-bass/Gs3/double-bass_Gs3_05_forte_arco-normal.mp3,double-bass,strings,1.0711,44100,Gs3,56,forte,arco-normal,1,0
double-bass/Gs3/double-bass_Gs3_05_fortissimo_arco-normal.mp3,double-bass,strings,1.0711,44100,Gs3,56,fortissimo,arco-normal,1,0
double-bass/Gs3/double-bass_Gs3_05_mezzo-forte_arco-normal.mp3,double-bass,strings,0.8621,44100,Gs3,56,mezzo-forte,arco-normal,1,0
double-bass/Gs3/double-bass_Gs3_05_mezzo-piano_arco-normal.mp3,double-bass,strings,0.9666,44100,Gs3,56,mezzo-piano,arco-normal,1,0
double-bass/Gs3/double-bass_Gs3_05_molto-pianissimo_arco-normal.mp3,double-bass,strings,1.0189,44100,Gs3,56,molto-pianissimo,arco-normal,1,0
double-bass/Gs3/double-bass_Gs3_15_forte_arco-normal.mp3,double-bass,strings,1.9331,44100,Gs3,56,forte,arco-normal,1,0
double-bass/Gs3/double-bass_Gs3_15_fortissimo_arco-normal.mp3,double-bass,strings,1.907,44100,Gs3,56,fortissimo,arco-normal,1,0
double-bass/Gs3/double-bass_Gs3_15_mezzo-forte_arco-normal.mp3,double-bass,strings,1.8025,44100,Gs3,56,mezzo-forte,arco-normal,1,0
double-bass/Gs3/double-bass_Gs3_1_forte_arco-normal.mp3,double-bass,strings,1.28,44100,Gs3,56,forte,arco-normal,1,0
double-bass/Gs3/double-bass_Gs3_1_fortissimo_arco-normal.mp3,double-bass,strings,1.5151,44100,Gs3,56,fortissimo,arco-normal,1,0
double-bass/Gs3/double-bass_Gs3_1_mezzo-forte_arco-normal.mp3,double-bass,strings,1.3061,44100,Gs3,56,mezzo-forte,arco-normal,1,0
double-bass/Gs3/double-bass_Gs3_1_mezzo-piano_arco-normal.mp3,double-bass,strings,1.3845,44100,Gs3,56,mezzo-piano,arco-normal,1,0
double-bass/Gs3/double-bass_Gs3_1_molto-pianissimo_arco-normal.mp3,double-bass,strings,1.2539,44100,Gs3,56,molto-pianissimo,arco-normal,1,0
double-bass/Gs3/double-bass_Gs3_1_piano_arco-normal.mp3,double-bass,strings,1.8286,44100,Gs3,56,piano,arco-normal,1,0
flute/A4/flute_A4_025_forte_normal.mp3,flute,woodwind,0.3658,44100,A4,69,forte,normal,1,0
flute/A4/flute_A4_025_mezzo-forte_normal.mp3,flute,woodwind,0.4441,44100,A4,69,mezzo-forte,normal,1,0
flute/A4/flute_A4_025_mezzo-piano_normal.mp3,flute,woodwind,0.4702,44100,A4,69,mezzo-piano,normal,1,0
flute/A4/flute_A4_025_pianissimo_normal.mp3,flute,woodwind,0.2612,44100,A4,69,pianissimo,normal,1,0
flute/A4/flute_A4_025_piano_normal.mp3,flute,woodwind,0.3396,44100,A4,69,piano,normal,1,0
flute/A4/flute_A4_05_forte_normal.mp3,flute,woodwind,0.8098,44100,A4,69,forte,normal,1,0
flute/A4/flute_A4_05_mezzo-forte_normal.mp3,flute,woodwind,0.8359,44100,A4,69,mezzo-forte,normal,1,0
flute/A4/flute_A4_05_mezzo-piano_normal.mp3,flute,woodwind,0.6792,44100,A4,69,mezzo-piano,normal,1,0
flute/A4/flute_A4_05_pianissimo_normal.mp3,flute,woodwind,0.7837,44100,A4,69,pianissimo,normal,1,0
flute/A4/flute_A4_05_piano_normal.mp3,flute,woodwind,0.8359,44100,A4,69,piano,normal,1,0
flute/A4/flute_A4_15_forte_normal.mp3,flute,woodwind,1.2539,44100,A4,69,forte,normal,1,0
flute/A4/flute_A4_15_mezzo-forte_normal.mp3,flute,woodwind,1.5151,44100,A4,69,mezzo-forte,normal,1,0
flute/A4/flute_A4_15_mezzo-piano_normal.mp3,flute,woodwind,1.3845,44100,A4,69,mezzo-piano,normal,1,0
flute/A4/flute_A4_15_pianissimo_normal.mp3,flute,woodwind,1.489,44100,A4,69,pianissimo,normal,1,0
flute/A4/flute_A4_15_piano_normal.mp3,flute,woodwind,1.4628,44100,A4,69,piano,normal,1,0
flute/A4/flute_A4_1_forte_normal.mp3,flute,woodwind,1.071,44100,A4,69,forte,normal,1,0
flute/A4/flute_A4_1_mezzo-forte_normal.mp3,flute,woodwind,1.1494,44100,A4,69,mezzo-forte,normal,1,0
flute/A4/flute_A4_1_mezzo-piano_normal.mp3,flute,woodwind,1.071,44100,A4,69,mezzo-piano,normal,1,0
flute/A4/flute_A4_1_pianissimo_normal.mp3,flute,woodwind,0.8882,44100,A4,69,pianissimo,normal,1,0
flute/A4/flute_A4_1_piano_normal.mp3,flute,woodwind,1.1494,44100,A4,69,piano,normal,1,0
flute/A4/flute_A4_phrase_mezzo-forte_normal.mp3,flute,woodwind,8.1763,44100,A4,69,mezzo-forte,normal,1,1
flute/A4/flute_A4_very-long_cresc-decresc_normal.mp3,flute,woodwind,16.7706,44100,A4,69,cresc-decresc,normal,1,0
flute/A5/flute_A5_025_forte_normal.mp3,flute,woodwind,0.3396,44100,A5,81,forte,normal,1,0
flute/A5/flute_A5_025_mezzo-forte_normal.mp3,flute,woodwind,0.4441,44100,A5,81,mezzo-forte,normal,1,0
flute/A5/flute_A5_025_mezzo-piano_normal.mp3,flute,woodwind,0.2873,44100,A5,81,mezzo-piano,normal,1,0
flute/A5/flute_A5_025_pianissimo_normal.mp3,flute,woodwind,0.2351,44100,A5,81,pianissimo,normal,1,0
flute/A5/flute_A5_025_piano_normal.mp3,flute,woodwind,0.3135,44100,A5,81,piano,normal,1,0
flute/A5/flute_A5_05_forte_normal.mp3,flute,woodwind,0.8359,44100,A5,81,forte,normal,1,0
flute/A5/flute_A5_05_mezzo-forte_normal.mp3,flute,woodwind,0.862,44100,A5,81,mezzo-forte,normal,1,0
flute/A5/flute_A5_05_mezzo-piano_normal.mp3,flute,woodwind,0.6531,44100,A5,81,mezzo-piano,normal,1,0
flute/A5/flute_A5_05_pianissimo_normal.mp3,flute,woodwind,0.7053,44100,A5,81,pianissimo,normal,1,0
flute/A5/flute_A5_05_piano_normal.mp3,flute,woodwind,0.8098,44100,A5,81,piano,normal,1,0
flute/A5/flute_A5_15_forte_normal.mp3,flute,woodwind,1.3061,44100,A5,81,forte,normal,1,0
flute/A5/flute_A5_15_mezzo-forte_normal.mp3,flute,woodwind,1.4628,44100,A5,81,mezzo-forte,normal,1,0
flute/A5/flute_A5_15_mezzo-piano_normal.mp3,flute,woodwind,1.4106,44100,A5,81,mezzo-piano,normal,1,0
flute/A5/flute_A5_15_pianissimo_normal.mp3,flute,woodwind,1.3322,44100,A5,81,pianissimo,normal,1,0
flute/A5/flute_A5_15_piano_normal.mp3,flute,woodwind,1.4106,44100,A5,81,piano,normal,1,0
flute/A5/flute_A5_1_forte_normal.mp3,flute,woodwind,0.9927,44100,A5,81,forte,normal,1,0
flute/A5/flute_A5_1_mezzo-forte_normal.mp3,flute,woodwind,1.071,44100,A5,81,mezzo-forte,normal,1,0
flute/A5/flute_A5_1_mezzo-piano_normal.mp3,flute,woodwind,0.9927,44100,A5,81,mezzo-piano,normal,1,0
flute/A5/flute_A5_1_pianissimo_normal.mp3,flute,woodwind,1.1233,44100,A5,81,pianissimo,normal,1,0
flute/A5/flute_A5_1_piano_normal.mp3,flute,woodwind,1.071,44100,A5,81,piano,normal,1,0
flute/A5/flute_A5_long_piano_normal.mp3,flute,woodwind,4.5192,44100,A5,81,piano,normal,1,0
flute/A5/flute_A5_very-long_cresc-decresc_normal.mp3,flute,woodwind,11.102,44100,A5,81,cresc-decresc,normal,1,0
flute/A6/flute_A6_025_forte_normal.mp3,flute,woodwind,0.4441,44100,A6,93,forte,normal,1,0
flute/A6/flute_A6_025_mezzo-forte_normal.mp3,flute,woodwind,0.4179,44100,A6,93,mezzo-forte,normal,1,0
flute/A6/flute_A6_025_pianissimo_normal.mp3,flute,woodwind,0.3135,44100,A6,93,pianissimo,normal,1,0
flute/A6/flute_A6_025_piano_normal.mp3,flute,woodwind,0.3396,44100,A6,93,piano,normal,1,0
flute/A6/flute_A6_05_forte_normal.mp3,flute,woodwind,0.8882,44100,A6,93,forte,normal,1,0
flute/A6/flute_A6_05_mezzo-forte_normal.mp3,flute,woodwind,0.8359,44100,A6,93,mezzo-forte,normal,1,0
flute/A6/flute_A6_05_pianissimo_normal.mp3,flute,woodwind,0.8359,44100,A6,93,pianissimo,normal,1,0
flute/A6/flute_A6_05_piano_normal.mp3,flute,woodwind,0.7053,44100,A6,93,piano,normal,1,0
flute/A6/flute_A6_15_forte_normal.mp3,flute,woodwind,1.3322,44100,A6,93,forte,normal,1,0
flute/A6/flute_A6_15_mezzo-forte_normal.mp3,flute,woodwind,1.6458,44100,A6,93,mezzo-forte,normal,1,0
flute/A6/flute_A6_15_pianissimo_normal.mp3,flute,woodwind,1.2017,44100,A6,93,pianissimo,normal,1,0
flute/A6/flute_A6_15_piano_normal.mp3,flute,woodwind,1.2539,44100,A6,93,piano,normal,1,0
flute/A6/flute_A6_1_forte_normal.mp3,flute,woodwind,1.1494,44100,A6,93,forte,normal,1,0
flute/A6/flute_A6_1_mezzo-forte_normal.mp3,flute,woodwind,1.1233,44100,A6,93,mezzo-forte,normal,1,0
flute/A6/flute_A6_1_pianissimo_normal.mp3,flute,woodwind,1.1755,44100,A6,93,pianissimo,normal,1,0
flute/A6/flute_A6_1_piano_normal.mp3,flute,woodwind,1.0449,44100,A6,93,piano,normal,1,0
flute/A6/flute_A6_long_piano_normal.mp3,flute,woodwind,2.6383,44100,A6,93,piano,normal,1,0
flute/A6/flute_A6_very-long_cresc-decresc_normal.mp3,flute,woodwind,11.7028,44100,A6,93,cresc-decresc,normal,1,0
flute/As4/flute_As4_025_forte_normal.mp3,flute,woodwind,0.3658,44100,As4,70,forte,normal,1,0
flute/As4/flute_As4_025_mezzo-forte_normal.mp3,flute,woodwind,0.4179,44100,As4,70,mezzo-forte,normal,1,0
flute/As4/flute_As4_025_mezzo-piano_normal.mp3,flute,woodwind,0.4441,44100,As4,70,mezzo-piano,normal,1,0
flute/As4/flute_As4_025_pianissimo_normal.mp3,flute,woodwind,0.9404,44100,As4,70,pianissimo,normal,1,0
flute/As4/flute_As4_025_piano_normal.mp3,flute,woodwind,0.3135,44100,As4,70,piano,normal,1,0
flute/As4/flute_As4_05_forte_normal.mp3,flute,woodwind,0.6792,44100,As4,70,forte,normal,1,0
flute/As4/flute_As4_05_mezzo-forte_normal.mp3,flute,woodwind,0.9143,44100,As4,70,mezzo-forte,normal,1,0
flute/As4/flute_As4_05_mezzo-piano_normal.mp3,flute,woodwind,0.7053,44100,As4,70,mezzo-piano,normal,1,0
flute/As4/flute_As4_05_pianissimo_normal.mp3,flute,woodwind,0.3396,44100,As4,70,pianissimo,normal,1,0
flute/As4/flute_As4_05_piano_normal.mp3,flute,woodwind,0.8359,44100,As4,70,piano,normal,1,0
flute/As4/flute_As4_15_forte_normal.mp3,flute,woodwind,1.4367,44100,As4,70,forte,normal,1,0
flute/As4/flute_As4_15_mezzo-forte_normal.mp3,flute,woodwind,1.489,44100,As4,70,mezzo-forte,normal,1,0
flute/As4/flute_As4_15_mezzo-piano_normal.mp3,flute,woodwind,1.4106,44100,As4,70,mezzo-piano,normal,1,0
flute/As4/flute_As4_15_pianissimo_normal.mp3,flute,woodwind,1.3845,44100,As4,70,pianissimo,normal,1,0
flute/As4/flute_As4_15_piano_normal.mp3,flute,woodwind,1.5673,44100,As4,70,piano,normal,1,0
flute/As4/flute_As4_1_forte_normal.mp3,flute,woodwind,0.9404,44100,As4,70,forte,normal,1,0
flute/As4/flute_As4_1_mezzo-forte_normal.mp3,flute,woodwind,1.0972,44100,As4,70,mezzo-forte,normal,1,0
flute/As4/flute_As4_1_mezzo-piano_normal.mp3,flute,woodwind,1.2277,44100,As4,70,mezzo-piano,normal,1,0
flute/As4/flute_As4_1_pianissimo_normal.mp3,flute,woodwind,0.9665,44100,As4,70,pianissimo,normal,1,0
flute/As4/flute_As4_1_piano_normal.mp3,flute,woodwind,1.2277,44100,As4,70,piano,normal,1,0
flute/As5/flute_As5_025_forte_normal.mp3,flute,woodwind,0.3396,44100,As5,82,forte,normal,1,0
flute/As5/flute_As5_025_mezzo-forte_normal.mp3,flute,woodwind,0.4179,44100,As5,82,mezzo-forte,normal,1,0
flute/As5/flute_As5_025_mezzo-piano_normal.mp3,flute,woodwind,0.4179,44100,As5,82,mezzo-piano,normal,1,0
flute/As5/flute_As5_025_pianissimo_normal.mp3,flute,woodwind,0.2873,44100,As5,82,pianissimo,normal,1,0
flute/As5/flute_As5_025_piano_normal.mp3,flute,woodwind,0.3135,44100,As5,82,piano,normal,1,0
flute/As5/flute_As5_05_forte_normal.mp3,flute,woodwind,0.7314,44100,As5,82,forte,normal,1,0
flute/As5/flute_As5_05_mezzo-forte_normal.mp3,flute,woodwind,0.7837,44100,As5,82,mezzo-forte,normal,1,0
flute/As5/flute_As5_05_mezzo-piano_normal.mp3,flute,woodwind,0.7576,44100,As5,82,mezzo-piano,normal,1,0
flute/As5/flute_As5_05_pianissimo_normal.mp3,flute,woodwind,0.6792,44100,As5,82,pianissimo,normal,1,0
flute/As5/flute_As5_05_piano_normal.mp3,flute,woodwind,0.6792,44100,As5,82,piano,normal,1,0
flute/As5/flute_As5_15_forte_normal.mp3,flute,woodwind,1.2277,44100,As5,82,forte,normal,1,0
flute/As5/flute_As5_15_mezzo-forte_normal.mp3,flute,woodwind,1.4367,44100,As5,82,mezzo-forte,normal,1,0
flute/As5/flute_As5_15_mezzo-piano_normal.mp3,flute,woodwind,1.2277,44100,As5,82,mezzo-piano,normal,1,0
flute/As5/flute_As5_15_pianissimo_normal.mp3,flute,woodwind,1.0449,44100,As5,82,pianissimo,normal,1,0
flute/As5/flute_As5_15_piano_normal.mp3,flute,woodwind,1.4628,44100,As5,82,piano,normal,1,0
flute/As5/flute_As5_1_forte_normal.mp3,flute,woodwind,1.1494,44100,As5,82,forte,normal,1,0
flute/As5/flute_As5_1_mezzo-forte_normal.mp3,flute,woodwind,1.0449,44100,As5,82,mezzo-forte,normal,1,0
flute/As5/flute_As5_1_mezzo-piano_normal.mp3,flute,woodwind,0.9404,44100,As5,82,mezzo-piano,normal,1,0
flute/As5/flute_As5_1_pianissimo_normal.mp3,flute,woodwind,0.9927,44100,As5,82,pianissimo,normal,1,0
flute/As5/flute_As5_1_piano_normal.mp3,flute,woodwind,1.0188,44100,As5,82,piano,normal,1,0
flute/As5/flute_As5_long_piano_normal.mp3,flute,woodwind,4.5192,44100,As5,82,piano,normal,1,0
flute/As6/flute_As6_025_forte_normal.mp3,flute,woodwind,1.5151,44100,As6,94,forte,normal,1,0
flute/As6/flute_As6_025_mezzo-forte_normal.mp3,flute,woodwind,0.2873,44100,As6,94,mezzo-forte,normal,1,0
flute/As6/flute_As6_025_pianissimo_normal.mp3,flute,woodwind,0.7837,44100,As6,94,pianissimo,normal,1,0
flute/As6/flute_As6_025_piano_normal.mp3,flute,woodwind,0.3135,44100,As6,94,piano,normal,1,0
flute/As6/flute_As6_05_forte_normal.mp3,flute,woodwind,0.4441,44100,As6,94,forte,normal,1,0
flute/As6/flute_As6_05_mezzo-forte_normal.mp3,flute,woodwind,0.862,44100,As6,94,mezzo-forte,normal,1,0
flute/As6/flute_As6_05_pianissimo_normal.mp3,flute,woodwind,0.862,44100,As6,94,pianissimo,normal,1,0
flute/As6/flute_As6_05_piano_normal.mp3,flute,woodwind,0.6792,44100,As6,94,piano,normal,1,0
flute/As6/flute_As6_15_forte_normal.mp3,flute,woodwind,1.5413,44100,As6,94,forte,normal,1,0
flute/As6/flute_As6_15_mezzo-forte_normal.mp3,flute,woodwind,1.3583,44100,As6,94,mezzo-forte,normal,1,0
flute/As6/flute_As6_15_pianissimo_normal.mp3,flute,woodwind,1.1494,44100,As6,94,pianissimo,normal,1,0
flute/As6/flute_As6_15_piano_normal.mp3,flute,woodwind,1.28,44100,As6,94,piano,normal,1,0
flute/As6/flute_As6_1_forte_normal.mp3,flute,woodwind,1.071,44100,As6,94,forte,normal,1,0
flute/As6/flute_As6_1_mezzo-forte_normal.mp3,flute,woodwind,1.1755,44100,As6,94,mezzo-forte,normal,1,0
flute/As6/flute_As6_1_pianissimo_normal.mp3,flute,woodwind,1.3061,44100,As6,94,pianissimo,normal,1,0
flute/As6/flute_As6_1_piano_normal.mp3,flute,woodwind,1.0449,44100,As6,94,piano,normal,1,0
flute/B4/flute_B4_025_forte_normal.mp3,flute,woodwind,0.3396,44100,B4,71,forte,normal,1,0
flute/B4/flute_B4_025_mezzo-forte_normal.mp3,flute,woodwind,0.4179,44100,B4,71,mezzo-forte,normal,1,0
flute/B4/flute_B4_025_mezzo-piano_normal.mp3,flute,woodwind,0.3396,44100,B4,71,mezzo-piano,normal,1,0
flute/B4/flute_B4_025_pianissimo_normal.mp3,flute,woodwind,0.3918,44100,B4,71,pianissimo,normal,1,0
flute/B4/flute_B4_025_piano_normal.mp3,flute,woodwind,0.3396,44100,B4,71,piano,normal,1,0
flute/B4/flute_B4_05_forte_normal.mp3,flute,woodwind,0.8098,44100,B4,71,forte,normal,1,0
flute/B4/flute_B4_05_mezzo-forte_normal.mp3,flute,woodwind,0.862,44100,B4,71,mezzo-forte,normal,1,0
flute/B4/flute_B4_05_mezzo-piano_normal.mp3,flute,woodwind,0.8098,44100,B4,71,mezzo-piano,normal,1,0
flute/B4/flute_B4_05_pianissimo_normal.mp3,flute,woodwind,0.9404,44100,B4,71,pianissimo,normal,1,0
flute/B4/flute_B4_05_piano_normal.mp3,flute,woodwind,0.8359,44100,B4,71,piano,normal,1,0
flute/B4/flute_B4_15_forte_normal.mp3,flute,woodwind,1.4106,44100,B4,71,forte,normal,1,0
flute/B4/flute_B4_15_mezzo-forte_normal.mp3,flute,woodwind,1.4367,44100,B4,71,mezzo-forte,normal,1,0
flute/B4/flute_B4_15_mezzo-piano_normal.mp3,flute,woodwind,1.5151,44100,B4,71,mezzo-piano,normal,1,0
flute/B4/flute_B4_15_pianissimo_normal.mp3,flute,woodwind,1.489,44100,B4,71,pianissimo,normal,1,0
flute/B4/flute_B4_15_piano_normal.mp3,flute,woodwind,1.5413,44100,B4,71,piano,normal,1,0
flute/B4/flute_B4_1_forte_normal.mp3,flute,woodwind,1.0449,44100,B4,71,forte,normal,1,0
flute/B4/flute_B4_1_mezzo-forte_normal.mp3,flute,woodwind,1.1755,44100,B4,71,mezzo-forte,normal,1,0
flute/B4/flute_B4_1_mezzo-piano_normal.mp3,flute,woodwind,1.0972,44100,B4,71,mezzo-piano,normal,1,0
flute/B4/flute_B4_1_pianissimo_normal.mp3,flute,woodwind,1.0972,44100,B4,71,pianissimo,normal,1,0
flute/B4/flute_B4_1_piano_normal.mp3,flute,woodwind,1.1494,44100,B4,71,piano,normal,1,0
flute/B5/flute_B5_025_forte_normal.mp3,flute,woodwind,0.3135,44100,B5,83,forte,normal,1,0
flute/B5/flute_B5_025_mezzo-forte_normal.mp3,flute,woodwind,0.3396,44100,B5,83,mezzo-forte,normal,1,0
flute/B5/flute_B5_025_mezzo-piano_normal.mp3,flute,woodwind,0.3135,44100,B5,83,mezzo-piano,normal,1,0
flute/B5/flute_B5_025_pianissimo_normal.mp3,flute,woodwind,0.7053,44100,B5,83,pianissimo,normal,1,0
flute/B5/flute_B5_025_piano_normal.mp3,flute,woodwind,0.3135,44100,B5,83,piano,normal,1,0
flute/B5/flute_B5_05_forte_normal.mp3,flute,woodwind,0.6269,44100,B5,83,forte,normal,1,0
flute/B5/flute_B5_05_mezzo-forte_normal.mp3,flute,woodwind,0.7314,44100,B5,83,mezzo-forte,normal,1,0
flute/B5/flute_B5_05_mezzo-piano_normal.mp3,flute,woodwind,0.4179,44100,B5,83,mezzo-piano,normal,1,0
flute/B5/flute_B5_05_pianissimo_normal.mp3,flute,woodwind,1.1494,44100,B5,83,pianissimo,normal,1,0
flute/B5/flute_B5_05_piano_normal.mp3,flute,woodwind,0.7576,44100,B5,83,piano,normal,1,0
flute/B5/flute_B5_15_forte_normal.mp3,flute,woodwind,1.4106,44100,B5,83,forte,normal,1,0
flute/B5/flute_B5_15_mezzo-forte_normal.mp3,flute,woodwind,1.4106,44100,B5,83,mezzo-forte,normal,1,0
flute/B5/flute_B5_15_mezzo-piano_normal.mp3,flute,woodwind,1.3322,44100,B5,83,mezzo-piano,normal,1,0
flute/B5/flute_B5_15_piano_normal.mp3,flute,woodwind,1.1233,44100,B5,83,piano,normal,1,0
flute/B5/flute_B5_1_forte_normal.mp3,flute,woodwind,1.0449,44100,B5,83,forte,normal,1,0
flute/B5/flute_B5_1_mezzo-forte_normal.mp3,flute,woodwind,1.1494,44100,B5,83,mezzo-forte,normal,1,0
flute/B5/flute_B5_1_mezzo-piano_normal.mp3,flute,woodwind,1.0188,44100,B5,83,mezzo-piano,normal,1,0
flute/B5/flute_B5_1_pianissimo_normal.mp3,flute,woodwind,1.4367,44100,B5,83,pianissimo,normal,1,0
flute/B5/flute_B5_1_piano_normal.mp3,flute,woodwind,1.0449,44100,B5,83,piano,normal,1,0
flute/B5/flute_B5_long_piano_normal.mp3,flute,woodwind,4.5192,44100,B5,83,piano,normal,1,0
flute/B6/flute_B6_025_forte_normal.mp3,flute,woodwind,0.4441,44100,B6,95,forte,normal,1,0
flute/B6/flute_B6_025_mezzo-forte_normal.mp3,flute,woodwind,0.4702,44100,B6,95,mezzo-forte,normal,1,0
flute/B6/flute_B6_025_pianissimo_normal.mp3,flute,woodwind,0.3135,44100,B6,95,pianissimo,normal,1,0
flute/B6/flute_B6_025_piano_normal.mp3,flute,woodwind,0.3135,44100,B6,95,piano,normal,1,0
flute/B6/flute_B6_05_forte_normal.mp3,flute,woodwind,0.8098,44100,B6,95,forte,normal,1,0
flute/B6/flute_B6_05_mezzo-forte_normal.mp3,flute,woodwind,0.8359,44100,B6,95,mezzo-forte,normal,1,0
flute/B6/flute_B6_05_pianissimo_normal.mp3,flute,woodwind,0.8359,44100,B6,95,pianissimo,normal,1,0
flute/B6/flute_B6_05_piano_normal.mp3,flute,woodwind,0.5486,44100,B6,95,piano,normal,1,0
flute/B6/flute_B6_15_forte_normal.mp3,flute,woodwind,1.489,44100,B6,95,forte,normal,1,0
flute/B6/flute_B6_15_mezzo-forte_normal.mp3,flute,woodwind,1.489,44100,B6,95,mezzo-forte,normal,1,0
flute/B6/flute_B6_15_pianissimo_normal.mp3,flute,woodwind,1.3845,44100,B6,95,pianissimo,normal,1,0
flute/B6/flute_B6_15_piano_normal.mp3,flute,woodwind,1.3061,44100,B6,95,piano,normal,1,0
flute/B6/flute_B6_1_forte_normal.mp3,flute,woodwind,0.9143,44100,B6,95,forte,normal,1,0
flute/B6/flute_B6_1_mezzo-forte_normal.mp3,flute,woodwind,0.9143,44100,B6,95,mezzo-forte,normal,1,0
flute/B6/flute_B6_1_pianissimo_normal.mp3,flute,woodwind,0.9927,44100,B6,95,pianissimo,normal,1,0
flute/B6/flute_B6_1_piano_normal.mp3,flute,woodwind,1.0188,44100,B6,95,piano,normal,1,0
flute/C4/flute_C4_025_forte_normal.mp3,flute,woodwind,0.3135,44100,C4,60,forte,normal,1,0
flute/C4/flute_C4_025_mezzo-forte_normal.mp3,flute,woodwind,0.4179,44100,C4,60,mezzo-forte,normal,1,0
flute/C4/flute_C4_025_mezzo-piano_normal.mp3,flute,woodwind,0.3658,44100,C4,60,mezzo-piano,normal,1,0
flute/C4/flute_C4_025_pianissimo_normal.mp3,flute,woodwind,0.3658,44100,C4,60,pianissimo,normal,1,0
flute/C4/flute_C4_025_piano_normal.mp3,flute,woodwind,0.3658,44100,C4,60,piano,normal,1,0
flute/C4/flute_C4_05_forte_normal.mp3,flute,woodwind,0.6792,44100,C4,60,forte,normal,1,0
flute/C4/flute_C4_05_mezzo-forte_normal.mp3,flute,woodwind,0.7314,44100,C4,60,mezzo-forte,normal,1,0
flute/C4/flute_C4_05_mezzo-piano_normal.mp3,flute,woodwind,0.7314,44100,C4,60,mezzo-piano,normal,1,0
flute/C4/flute_C4_05_pianissimo_normal.mp3,flute,woodwind,0.7053,44100,C4,60,pianissimo,normal,1,0
flute/C4/flute_C4_05_piano_normal.mp3,flute,woodwind,0.8098,44100,C4,60,piano,normal,1,0
flute/C4/flute_C4_15_forte_normal.mp3,flute,woodwind,1.4628,44100,C4,60,forte,normal,1,0
flute/C4/flute_C4_15_mezzo-forte_normal.mp3,flute,woodwind,1.28,44100,C4,60,mezzo-forte,normal,1,0
flute/C4/flute_C4_15_mezzo-piano_normal.mp3,flute,woodwind,1.2017,44100,C4,60,mezzo-piano,normal,1,0
flute/C4/flute_C4_15_pianissimo_normal.mp3,flute,woodwind,0.6008,44100,C4,60,pianissimo,normal,1,0
flute/C4/flute_C4_15_piano_normal.mp3,flute,woodwind,1.4628,44100,C4,60,piano,normal,1,0
flute/C4/flute_C4_1_forte_normal.mp3,flute,woodwind,1.2017,44100,C4,60,forte,normal,1,0
flute/C4/flute_C4_1_mezzo-forte_normal.mp3,flute,woodwind,1.1494,44100,C4,60,mezzo-forte,normal,1,0
flute/C4/flute_C4_1_mezzo-piano_normal.mp3,flute,woodwind,0.9927,44100,C4,60,mezzo-piano,normal,1,0
flute/C4/flute_C4_1_pianissimo_normal.mp3,flute,woodwind,1.1755,44100,C4,60,pianissimo,normal,1,0
flute/C4/flute_C4_1_piano_normal.mp3,flute,woodwind,1.28,44100,C4,60,piano,normal,1,0
flute/C4/flute_C4_very-long_cresc-decresc_normal.mp3,flute,woodwind,11.2587,44100,C4,60,cresc-decresc,normal,1,0
flute/C5/flute_C5_025_forte_normal.mp3,flute,woodwind,0.3396,44100,C5,72,forte,normal,1,0
flute/C5/flute_C5_025_mezzo-forte_normal.mp3,flute,woodwind,0.4441,44100,C5,72,mezzo-forte,normal,1,0
flute/C5/flute_C5_025_mezzo-piano_normal.mp3,flute,woodwind,0.3135,44100,C5,72,mezzo-piano,normal,1,0
flute/C5/flute_C5_025_pianissimo_normal.mp3,flute,woodwind,0.3135,44100,C5,72,pianissimo,normal,1,0
flute/C5/flute_C5_025_piano_normal.mp3,flute,woodwind,0.3135,44100,C5,72,piano,normal,1,0
flute/C5/flute_C5_05_forte_normal.mp3,flute,woodwind,0.8098,44100,C5,72,forte,normal,1,0
flute/C5/flute_C5_05_mezzo-forte_normal.mp3,flute,woodwind,0.8359,44100,C5,72,mezzo-forte,normal,1,0
flute/C5/flute_C5_05_mezzo-piano_normal.mp3,flute,woodwind,0.7053,44100,C5,72,mezzo-piano,normal,1,0
flute/C5/flute_C5_05_pianissimo_normal.mp3,flute,woodwind,0.7576,44100,C5,72,pianissimo,normal,1,0
flute/C5/flute_C5_05_piano_normal.mp3,flute,woodwind,0.8882,44100,C5,72,piano,normal,1,0
flute/C5/flute_C5_15_forte_normal.mp3,flute,woodwind,1.4106,44100,C5,72,forte,normal,1,0
flute/C5/flute_C5_15_mezzo-forte_normal.mp3,flute,woodwind,1.5151,44100,C5,72,mezzo-forte,normal,1,0
flute/C5/flute_C5_15_mezzo-piano_normal.mp3,flute,woodwind,1.28,44100,C5,72,mezzo-piano,normal,1,0
flute/C5/flute_C5_15_pianissimo_normal.mp3,flute,woodwind,1.489,44100,C5,72,pianissimo,normal,1,0
flute/C5/flute_C5_15_piano_normal.mp3,flute,woodwind,1.5673,44100,C5,72,piano,normal,1,0
flute/C5/flute_C5_1_forte_normal.mp3,flute,woodwind,1.2017,44100,C5,72,forte,normal,1,0
flute/C5/flute_C5_1_mezzo-forte_normal.mp3,flute,woodwind,1.0972,44100,C5,72,mezzo-forte,normal,1,0
flute/C5/flute_C5_1_mezzo-piano_normal.mp3,flute,woodwind,1.071,44100,C5,72,mezzo-piano,normal,1,0
flute/C5/flute_C5_1_pianissimo_normal.mp3,flute,woodwind,1.0449,44100,C5,72,pianissimo,normal,1,0
flute/C5/flute_C5_1_piano_normal.mp3,flute,woodwind,1.2017,44100,C5,72,piano,normal,1,0
flute/C5/flute_C5_long_piano_normal.mp3,flute,woodwind,3.0302,44100,C5,72,piano,normal,1,0
flute/C5/flute_C5_very-long_cresc-decresc_normal.mp3,flute,woodwind,16.7445,44100,C5,72,cresc-decresc,normal,1,0
flute/C6/flute_C6_025_forte_normal.mp3,flute,woodwind,0.3396,44100,C6,84,forte,normal,1,0
flute/C6/flute_C6_025_mezzo-forte_normal.mp3,flute,woodwind,0.3918,44100,C6,84,mezzo-forte,normal,1,0
flute/C6/flute_C6_025_mezzo-piano_normal.mp3,flute,woodwind,0.2873,44100,C6,84,mezzo-piano,normal,1,0
flute/C6/flute_C6_025_pianissimo_normal.mp3,flute,woodwind,0.3396,44100,C6,84,pianissimo,normal,1,0
flute/C6/flute_C6_025_piano_normal.mp3,flute,woodwind,0.2873,44100,C6,84,piano,normal,1,0
flute/C6/flute_C6_05_forte_normal.mp3,flute,woodwind,0.7314,44100,C6,84,forte,normal,1,0
flute/C6/flute_C6_05_mezzo-forte_normal.mp3,flute,woodwind,0.8098,44100,C6,84,mezzo-forte,normal,1,0
flute/C6/flute_C6_05_mezzo-piano_normal.mp3,flute,woodwind,0.6531,44100,C6,84,mezzo-piano,normal,1,0
flute/C6/flute_C6_05_pianissimo_normal.mp3,flute,woodwind,0.9404,44100,C6,84,pianissimo,normal,1,0
flute/C6/flute_C6_05_piano_normal.mp3,flute,woodwind,1.1233,44100,C6,84,piano,normal,1,0
flute/C6/flute_C6_15_forte_normal.mp3,flute,woodwind,1.3845,44100,C6,84,forte,normal,1,0
flute/C6/flute_C6_15_mezzo-forte_normal.mp3,flute,woodwind,1.4628,44100,C6,84,mezzo-forte,normal,1,0
flute/C6/flute_C6_15_mezzo-piano_normal.mp3,flute,woodwind,1.489,44100,C6,84,mezzo-piano,normal,1,0
flute/C6/flute_C6_1_forte_normal.mp3,flute,woodwind,1.0972,44100,C6,84,forte,normal,1,0
flute/C6/flute_C6_1_mezzo-forte_normal.mp3,flute,woodwind,1.1755,44100,C6,84,mezzo-forte,normal,1,0
flute/C6/flute_C6_1_mezzo-piano_normal.mp3,flute,woodwind,0.9404,44100,C6,84,mezzo-piano,normal,1,0
flute/C6/flute_C6_long_piano_normal.mp3,flute,woodwind,4.8849,44100,C6,84,piano,normal,1,0
flute/C6/flute_C6_very-long_cresc-decresc_normal.mp3,flute,woodwind,12.9306,44100,C6,84,cresc-decresc,normal,1,0
flute/C7/flute_C7_025_forte_normal.mp3,flute,woodwind,0.4179,44100,C7,96,forte,normal,1,0
flute/C7/flute_C7_025_mezzo-forte_normal.mp3,flute,woodwind,0.3135,44100,C7,96,mezzo-forte,normal,1,0
flute/C7/flute_C7_025_pianissimo_normal.mp3,flute,woodwind,0.3135,44100,C7,96,pianissimo,normal,1,0
flute/C7/flute_C7_025_piano_normal.mp3,flute,woodwind,0.2612,44100,C7,96,piano,normal,1,0
flute/C7/flute_C7_05_forte_normal.mp3,flute,woodwind,0.6792,44100,C7,96,forte,normal,1,0
flute/C7/flute_C7_05_mezzo-forte_normal.mp3,flute,woodwind,0.8098,44100,C7,96,mezzo-forte,normal,1,0
flute/C7/flute_C7_05_pianissimo_normal.mp3,flute,woodwind,0.6792,44100,C7,96,pianissimo,normal,1,0
flute/C7/flute_C7_05_piano_normal.mp3,flute,woodwind,0.7314,44100,C7,96,piano,normal,1,0
flute/C7/flute_C7_15_forte_normal.mp3,flute,woodwind,1.1755,44100,C7,96,forte,normal,1,0
flute/C7/flute_C7_15_mezzo-forte_normal.mp3,flute,woodwind,1.489,44100,C7,96,mezzo-forte,normal,1,0
flute/C7/flute_C7_15_pianissimo_normal.mp3,flute,woodwind,1.1755,44100,C7,96,pianissimo,normal,1,0
flute/C7/flute_C7_15_piano_normal.mp3,flute,woodwind,1.2539,44100,C7,96,piano,normal,1,0
flute/C7/flute_C7_1_forte_normal.mp3,flute,woodwind,0.9143,44100,C7,96,forte,normal,1,0
flute/C7/flute_C7_1_mezzo-forte_normal.mp3,flute,woodwind,1.2277,44100,C7,96,mezzo-forte,normal,1,0
flute/C7/flute_C7_1_pianissimo_normal.mp3,flute,woodwind,1.071,44100,C7,96,pianissimo,normal,1,0
flute/C7/flute_C7_1_piano_normal.mp3,flute,woodwind,0.9665,44100,C7,96,piano,normal,1,0
flute/C7/flute_C7_very-long_cresc-decresc_normal.mp3,flute,woodwind,13.8972,44100,C7,96,cresc-decresc,normal,1,0
flute/Cs4/flute_Cs4_025_forte_normal.mp3,flute,woodwind,0.3396,44100,Cs4,61,forte,normal,1,0
flute/Cs4/flute_Cs4_025_mezzo-forte_normal.mp3,flute,woodwind,0.4179,44100,Cs4,61,mezzo-forte,normal,1,0
flute/Cs4/flute_Cs4_025_mezzo-piano_normal.mp3,flute,woodwind,0.3135,44100,Cs4,61,mezzo-piano,normal,1,0
flute/Cs4/flute_Cs4_025_pianissimo_normal.mp3,flute,woodwind,0.6792,44100,Cs4,61,pianissimo,normal,1,0
flute/Cs4/flute_Cs4_025_piano_normal.mp3,flute,woodwind,0.3135,44100,Cs4,61,piano,normal,1,0
flute/Cs4/flute_Cs4_05_forte_normal.mp3,flute,woodwind,0.6531,44100,Cs4,61,forte,normal,1,0
flute/Cs4/flute_Cs4_05_mezzo-forte_normal.mp3,flute,woodwind,0.8098,44100,Cs4,61,mezzo-forte,normal,1,0
flute/Cs4/flute_Cs4_05_mezzo-piano_normal.mp3,flute,woodwind,0.6792,44100,Cs4,61,mezzo-piano,normal,1,0
flute/Cs4/flute_Cs4_05_pianissimo_normal.mp3,flute,woodwind,1.2539,44100,Cs4,61,pianissimo,normal,1,0
flute/Cs4/flute_Cs4_05_piano_normal.mp3,flute,woodwind,0.9143,44100,Cs4,61,piano,normal,1,0
flute/Cs4/flute_Cs4_15_forte_normal.mp3,flute,woodwind,1.28,44100,Cs4,61,forte,normal,1,0
flute/Cs4/flute_Cs4_15_mezzo-forte_normal.mp3,flute,woodwind,1.3583,44100,Cs4,61,mezzo-forte,normal,1,0
flute/Cs4/flute_Cs4_15_mezzo-piano_normal.mp3,flute,woodwind,1.4367,44100,Cs4,61,mezzo-piano,normal,1,0
flute/Cs4/flute_Cs4_15_piano_normal.mp3,flute,woodwind,1.6979,44100,Cs4,61,piano,normal,1,0
flute/Cs4/flute_Cs4_1_forte_normal.mp3,flute,woodwind,1.1755,44100,Cs4,61,forte,normal,1,0
flute/Cs4/flute_Cs4_1_mezzo-forte_normal.mp3,flute,woodwind,1.0449,44100,Cs4,61,mezzo-forte,normal,1,0
flute/Cs4/flute_Cs4_1_mezzo-piano_normal.mp3,flute,woodwind,1.0188,44100,Cs4,61,mezzo-piano,normal,1,0
flute/Cs4/flute_Cs4_1_pianissimo_normal.mp3,flute,woodwind,1.6196,44100,Cs4,61,pianissimo,normal,1,0
flute/Cs4/flute_Cs4_1_piano_normal.mp3,flute,woodwind,1.2277,44100,Cs4,61,piano,normal,1,0
flute/Cs5/flute_Cs5_025_forte_normal.mp3,flute,woodwind,0.3396,44100,Cs5,73,forte,normal,1,0
flute/Cs5/flute_Cs5_025_mezzo-forte_normal.mp3,flute,woodwind,0.3918,44100,Cs5,73,mezzo-forte,normal,1,0
flute/Cs5/flute_Cs5_025_mezzo-piano_normal.mp3,flute,woodwind,0.3135,44100,Cs5,73,mezzo-piano,normal,1,0
flute/Cs5/flute_Cs5_025_pianissimo_normal.mp3,flute,woodwind,0.3135,44100,Cs5,73,pianissimo,normal,1,0
flute/Cs5/flute_Cs5_025_piano_normal.mp3,flute,woodwind,0.3918,44100,Cs5,73,piano,normal,1,0
flute/Cs5/flute_Cs5_05_forte_normal.mp3,flute,woodwind,0.8098,44100,Cs5,73,forte,normal,1,0
flute/Cs5/flute_Cs5_05_mezzo-forte_normal.mp3,flute,woodwind,0.8359,44100,Cs5,73,mezzo-forte,normal,1,0
flute/Cs5/flute_Cs5_05_mezzo-piano_normal.mp3,flute,woodwind,0.7576,44100,Cs5,73,mezzo-piano,normal,1,0
flute/Cs5/flute_Cs5_05_pianissimo_normal.mp3,flute,woodwind,0.8098,44100,Cs5,73,pianissimo,normal,1,0
flute/Cs5/flute_Cs5_05_piano_normal.mp3,flute,woodwind,0.7576,44100,Cs5,73,piano,normal,1,0
flute/Cs5/flute_Cs5_15_forte_normal.mp3,flute,woodwind,1.4106,44100,Cs5,73,forte,normal,1,0
flute/Cs5/flute_Cs5_15_mezzo-forte_normal.mp3,flute,woodwind,1.4367,44100,Cs5,73,mezzo-forte,normal,1,0
flute/Cs5/flute_Cs5_15_mezzo-piano_normal.mp3,flute,woodwind,1.2277,44100,Cs5,73,mezzo-piano,normal,1,0
flute/Cs5/flute_Cs5_15_pianissimo_normal.mp3,flute,woodwind,1.1233,44100,Cs5,73,pianissimo,normal,1,0
flute/Cs5/flute_Cs5_15_piano_normal.mp3,flute,woodwind,1.6718,44100,Cs5,73,piano,normal,1,0
flute/Cs5/flute_Cs5_1_forte_normal.mp3,flute,woodwind,1.0449,44100,Cs5,73,forte,normal,1,0
flute/Cs5/flute_Cs5_1_mezzo-forte_normal.mp3,flute,woodwind,1.1494,44100,Cs5,73,mezzo-forte,normal,1,0
flute/Cs5/flute_Cs5_1_mezzo-piano_normal.mp3,flute,woodwind,0.9404,44100,Cs5,73,mezzo-piano,normal,1,0
flute/Cs5/flute_Cs5_1_pianissimo_normal.mp3,flute,woodwind,0.9404,44100,Cs5,73,pianissimo,normal,1,0
flute/Cs5/flute_Cs5_1_piano_normal.mp3,flute,woodwind,1.1755,44100,Cs5,73,piano,normal,1,0
flute/Cs5/flute_Cs5_long_piano_normal.mp3,flute,woodwind,3.7617,44100,Cs5,73,piano,normal,1,0
flute/Cs6/flute_Cs6_025_forte_normal.mp3,flute,woodwind,1.5673,44100,Cs6,85,forte,normal,1,0
flute/Cs6/flute_Cs6_025_mezzo-forte_normal.mp3,flute,woodwind,0.2873,44100,Cs6,85,mezzo-forte,normal,1,0
flute/Cs6/flute_Cs6_025_mezzo-piano_normal.mp3,flute,woodwind,0.3135,44100,Cs6,85,mezzo-piano,normal,1,0
flute/Cs6/flute_Cs6_025_pianissimo_normal.mp3,flute,woodwind,1.071,44100,Cs6,85,pianissimo,normal,1,0
flute/Cs6/flute_Cs6_025_piano_normal.mp3,flute,woodwind,0.3135,44100,Cs6,85,piano,normal,1,0
flute/Cs6/flute_Cs6_05_forte_normal.mp3,flute,woodwind,0.6531,44100,Cs6,85,forte,normal,1,0
flute/Cs6/flute_Cs6_05_mezzo-forte_normal.mp3,flute,woodwind,0.7837,44100,Cs6,85,mezzo-forte,normal,1,0
flute/Cs6/flute_Cs6_05_mezzo-piano_normal.mp3,flute,woodwind,0.7314,44100,Cs6,85,mezzo-piano,normal,1,0
flute/Cs6/flute_Cs6_05_pianissimo_normal.mp3,flute,woodwind,0.6792,44100,Cs6,85,pianissimo,normal,1,0
flute/Cs6/flute_Cs6_05_piano_normal.mp3,flute,woodwind,0.7314,44100,Cs6,85,piano,normal,1,0
flute/Cs6/flute_Cs6_15_forte_normal.mp3,flute,woodwind,1.489,44100,Cs6,85,forte,normal,1,0
flute/Cs6/flute_Cs6_15_mezzo-forte_normal.mp3,flute,woodwind,1.5413,44100,Cs6,85,mezzo-forte,normal,1,0
flute/Cs6/flute_Cs6_15_piano_normal.mp3,flute,woodwind,1.4106,44100,Cs6,85,piano,normal,1,0
flute/Cs6/flute_Cs6_1_forte_normal.mp3,flute,woodwind,0.9665,44100,Cs6,85,forte,normal,1,0
flute/Cs6/flute_Cs6_1_mezzo-forte_normal.mp3,flute,woodwind,1.2017,44100,Cs6,85,mezzo-forte,normal,1,0
flute/Cs6/flute_Cs6_1_mezzo-piano_normal.mp3,flute,woodwind,1.0972,44100,Cs6,85,mezzo-piano,normal,1,0
flute/Cs6/flute_Cs6_1_pianissimo_normal.mp3,flute,woodwind,1.5935,44100,Cs6,85,pianissimo,normal,1,0
flute/Cs6/flute_Cs6_1_piano_normal.mp3,flute,woodwind,1.071,44100,Cs6,85,piano,normal,1,0
flute/Cs6/flute_Cs6_long_piano_normal.mp3,flute,woodwind,4.6237,44100,Cs6,85,piano,normal,1,0
flute/Cs7/flute_Cs7_025_forte_normal.mp3,flute,woodwind,0.4441,44100,Cs7,97,forte,normal,1,0
flute/Cs7/flute_Cs7_025_mezzo-forte_normal.mp3,flute,woodwind,0.2873,44100,Cs7,97,mezzo-forte,normal,1,0
flute/Cs7/flute_Cs7_025_pianissimo_normal.mp3,flute,woodwind,0.2873,44100,Cs7,97,pianissimo,normal,1,0
flute/Cs7/flute_Cs7_025_piano_normal.mp3,flute,woodwind,0.3658,44100,Cs7,97,piano,normal,1,0
flute/Cs7/flute_Cs7_05_forte_normal.mp3,flute,woodwind,0.7314,44100,Cs7,97,forte,normal,1,0
flute/Cs7/flute_Cs7_05_mezzo-forte_normal.mp3,flute,woodwind,0.6008,44100,Cs7,97,mezzo-forte,normal,1,0
flute/Cs7/flute_Cs7_05_pianissimo_normal.mp3,flute,woodwind,0.7053,44100,Cs7,97,pianissimo,normal,1,0
flute/Cs7/flute_Cs7_05_piano_normal.mp3,flute,woodwind,0.7576,44100,Cs7,97,piano,normal,1,0
flute/Cs7/flute_Cs7_15_forte_normal.mp3,flute,woodwind,1.28,44100,Cs7,97,forte,normal,1,0
flute/Cs7/flute_Cs7_15_mezzo-forte_normal.mp3,flute,woodwind,1.2539,44100,Cs7,97,mezzo-forte,normal,1,0
flute/Cs7/flute_Cs7_15_pianissimo_normal.mp3,flute,woodwind,1.4367,44100,Cs7,97,pianissimo,normal,1,0
flute/Cs7/flute_Cs7_15_piano_normal.mp3,flute,woodwind,1.1233,44100,Cs7,97,piano,normal,1,0
flute/Cs7/flute_Cs7_1_forte_normal.mp3,flute,woodwind,1.0449,44100,Cs7,97,forte,normal,1,0
flute/Cs7/flute_Cs7_1_mezzo-forte_normal.mp3,flute,woodwind,0.9143,44100,Cs7,97,mezzo-forte,normal,1,0
flute/Cs7/flute_Cs7_1_pianissimo_normal.mp3,flute,woodwind,1.0449,44100,Cs7,97,pianissimo,normal,1,0
flute/Cs7/flute_Cs7_1_piano_normal.mp3,flute,woodwind,0.9927,44100,Cs7,97,piano,normal,1,0
flute/D4/flute_D4_025_forte_normal.mp3,flute,woodwind,0.3658,44100,D4,62,forte,normal,1,0
flute/D4/flute_D4_025_mezzo-forte_normal.mp3,flute,woodwind,0.4179,44100,D4,62,mezzo-forte,normal,1,0
flute/D4/flute_D4_025_mezzo-piano_normal.mp3,flute,woodwind,0.3918,44100,D4,62,mezzo-piano,normal,1,0
flute/D4/flute_D4_025_pianissimo_normal.mp3,flute,woodwind,0.4441,44100,D4,62,pianissimo,normal,1,0
flute/D4/flute_D4_025_piano_normal.mp3,flute,woodwind,0.3396,44100,D4,62,piano,normal,1,0
flute/D4/flute_D4_05_forte_normal.mp3,flute,woodwind,0.6792,44100,D4,62,forte,normal,1,0
flute/D4/flute_D4_05_mezzo-forte_normal.mp3,flute,woodwind,0.8098,44100,D4,62,mezzo-forte,normal,1,0
flute/D4/flute_D4_05_mezzo-piano_normal.mp3,flute,woodwind,0.7576,44100,D4,62,mezzo-piano,normal,1,0
flute/D4/flute_D4_05_pianissimo_normal.mp3,flute,woodwind,0.7576,44100,D4,62,pianissimo,normal,1,0
flute/D4/flute_D4_05_piano_normal.mp3,flute,woodwind,0.7314,44100,D4,62,piano,normal,1,0
flute/D4/flute_D4_15_forte_normal.mp3,flute,woodwind,1.3061,44100,D4,62,forte,normal,1,0
flute/D4/flute_D4_15_mezzo-forte_normal.mp3,flute,woodwind,1.4106,44100,D4,62,mezzo-forte,normal,1,0
flute/D4/flute_D4_15_mezzo-piano_normal.mp3,flute,woodwind,1.3322,44100,D4,62,mezzo-piano,normal,1,0
flute/D4/flute_D4_15_piano_normal.mp3,flute,woodwind,1.5413,44100,D4,62,piano,normal,1,0
flute/D4/flute_D4_1_forte_normal.mp3,flute,woodwind,1.2277,44100,D4,62,forte,normal,1,0
flute/D4/flute_D4_1_mezzo-forte_normal.mp3,flute,woodwind,1.1755,44100,D4,62,mezzo-forte,normal,1,0
flute/D4/flute_D4_1_mezzo-piano_normal.mp3,flute,woodwind,1.1494,44100,D4,62,mezzo-piano,normal,1,0
flute/D4/flute_D4_1_pianissimo_normal.mp3,flute,woodwind,1.1755,44100,D4,62,pianissimo,normal,1,0
flute/D4/flute_D4_1_piano_normal.mp3,flute,woodwind,1.1233,44100,D4,62,piano,normal,1,0
flute/D5/flute_D5_025_forte_normal.mp3,flute,woodwind,0.3396,44100,D5,74,forte,normal,1,0
flute/D5/flute_D5_025_mezzo-forte_normal.mp3,flute,woodwind,0.4179,44100,D5,74,mezzo-forte,normal,1,0
flute/D5/flute_D5_025_mezzo-piano_normal.mp3,flute,woodwind,0.3396,44100,D5,74,mezzo-piano,normal,1,0
flute/D5/flute_D5_025_pianissimo_normal.mp3,flute,woodwind,0.2351,44100,D5,74,pianissimo,normal,1,0
flute/D5/flute_D5_025_piano_normal.mp3,flute,woodwind,0.3135,44100,D5,74,piano,normal,1,0
flute/D5/flute_D5_05_forte_normal.mp3,flute,woodwind,0.8359,44100,D5,74,forte,normal,1,0
flute/D5/flute_D5_05_mezzo-forte_normal.mp3,flute,woodwind,0.862,44100,D5,74,mezzo-forte,normal,1,0
flute/D5/flute_D5_05_mezzo-piano_normal.mp3,flute,woodwind,0.6531,44100,D5,74,mezzo-piano,normal,1,0
flute/D5/flute_D5_05_pianissimo_normal.mp3,flute,woodwind,0.8098,44100,D5,74,pianissimo,normal,1,0
flute/D5/flute_D5_05_piano_normal.mp3,flute,woodwind,0.7837,44100,D5,74,piano,normal,1,0
flute/D5/flute_D5_15_forte_normal.mp3,flute,woodwind,1.4106,44100,D5,74,forte,normal,1,0
flute/D5/flute_D5_15_mezzo-forte_normal.mp3,flute,woodwind,1.4367,44100,D5,74,mezzo-forte,normal,1,0
flute/D5/flute_D5_15_mezzo-piano_normal.mp3,flute,woodwind,1.28,44100,D5,74,mezzo-piano,normal,1,0
flute/D5/flute_D5_15_piano_normal.mp3,flute,woodwind,1.5673,44100,D5,74,piano,normal,1,0
flute/D5/flute_D5_1_forte_normal.mp3,flute,woodwind,0.9927,44100,D5,74,forte,normal,1,0
flute/D5/flute_D5_1_mezzo-forte_normal.mp3,flute,woodwind,1.1233,44100,D5,74,mezzo-forte,normal,1,0
flute/D5/flute_D5_1_mezzo-piano_normal.mp3,flute,woodwind,1.0449,44100,D5,74,mezzo-piano,normal,1,0
flute/D5/flute_D5_1_pianissimo_normal.mp3,flute,woodwind,0.9665,44100,D5,74,pianissimo,normal,1,0
flute/D5/flute_D5_1_piano_normal.mp3,flute,woodwind,1.071,44100,D5,74,piano,normal,1,0
flute/D5/flute_D5_long_piano_normal.mp3,flute,woodwind,3.8923,44100,D5,74,piano,normal,1,0
flute/D6/flute_D6_025_forte_normal.mp3,flute,woodwind,0.4702,44100,D6,86,forte,normal,1,0
flute/D6/flute_D6_025_mezzo-forte_normal.mp3,flute,woodwind,0.3135,44100,D6,86,mezzo-forte,normal,1,0
flute/D6/flute_D6_025_pianissimo_normal.mp3,flute,woodwind,0.3135,44100,D6,86,pianissimo,normal,1,0
flute/D6/flute_D6_025_piano_normal.mp3,flute,woodwind,0.3396,44100,D6,86,piano,normal,1,0
flute/D6/flute_D6_05_forte_normal.mp3,flute,woodwind,1.1233,44100,D6,86,forte,normal,1,0
flute/D6/flute_D6_05_mezzo-forte_normal.mp3,flute,woodwind,0.8359,44100,D6,86,mezzo-forte,normal,1,0
flute/D6/flute_D6_05_pianissimo_normal.mp3,flute,woodwind,0.7314,44100,D6,86,pianissimo,normal,1,0
flute/D6/flute_D6_05_piano_normal.mp3,flute,woodwind,0.7576,44100,D6,86,piano,normal,1,0
flute/D6/flute_D6_15_forte_normal.mp3,flute,woodwind,1.3583,44100,D6,86,forte,normal,1,0
flute/D6/flute_D6_15_mezzo-forte_normal.mp3,flute,woodwind,1.5413,44100,D6,86,mezzo-forte,normal,1,0
flute/D6/flute_D6_15_pianissimo_normal.mp3,flute,woodwind,1.6196,44100,D6,86,pianissimo,normal,1,0
flute/D6/flute_D6_15_piano_normal.mp3,flute,woodwind,1.3322,44100,D6,86,piano,normal,1,0
flute/D6/flute_D6_1_forte_normal.mp3,flute,woodwind,1.1233,44100,D6,86,forte,normal,1,0
flute/D6/flute_D6_1_mezzo-forte_normal.mp3,flute,woodwind,0.9665,44100,D6,86,mezzo-forte,normal,1,0
flute/D6/flute_D6_1_pianissimo_normal.mp3,flute,woodwind,1.2277,44100,D6,86,pianissimo,normal,1,0
flute/D6/flute_D6_1_piano_normal.mp3,flute,woodwind,1.0449,44100,D6,86,piano,normal,1,0
flute/D6/flute_D6_long_piano_normal.mp3,flute,woodwind,3.2131,44100,D6,86,piano,normal,1,0
flute/D7/flute_D7_025_forte_normal.mp3,flute,woodwind,0.4441,44100,D7,98,forte,normal,1,0
flute/D7/flute_D7_025_fortissimo_normal.mp3,flute,woodwind,0.4441,44100,D7,98,fortissimo,normal,1,0
flute/D7/flute_D7_025_mezzo-forte_normal.mp3,flute,woodwind,0.4441,44100,D7,98,mezzo-forte,normal,1,0
flute/D7/flute_D7_025_piano_normal.mp3,flute,woodwind,0.3658,44100,D7,98,piano,normal,1,0
flute/D7/flute_D7_05_forte_normal.mp3,flute,woodwind,0.7053,44100,D7,98,forte,normal,1,0
flute/D7/flute_D7_05_fortissimo_normal.mp3,flute,woodwind,0.7576,44100,D7,98,fortissimo,normal,1,0
flute/D7/flute_D7_05_mezzo-forte_normal.mp3,flute,woodwind,0.7576,44100,D7,98,mezzo-forte,normal,1,0
flute/D7/flute_D7_05_piano_normal.mp3,flute,woodwind,0.7053,44100,D7,98,piano,normal,1,0
flute/D7/flute_D7_15_forte_normal.mp3,flute,woodwind,1.1494,44100,D7,98,forte,normal,1,0
flute/D7/flute_D7_15_fortissimo_normal.mp3,flute,woodwind,1.1755,44100,D7,98,fortissimo,normal,1,0
flute/D7/flute_D7_15_mezzo-forte_normal.mp3,flute,woodwind,1.5413,44100,D7,98,mezzo-forte,normal,1,0
flute/D7/flute_D7_15_piano_normal.mp3,flute,woodwind,1.1233,44100,D7,98,piano,normal,1,0
flute/D7/flute_D7_1_forte_normal.mp3,flute,woodwind,0.7837,44100,D7,98,forte,normal,1,0
flute/D7/flute_D7_1_fortissimo_normal.mp3,flute,woodwind,0.8098,44100,D7,98,fortissimo,normal,1,0
flute/D7/flute_D7_1_mezzo-forte_normal.mp3,flute,woodwind,1.28,44100,D7,98,mezzo-forte,normal,1,0
flute/D7/flute_D7_1_piano_normal.mp3,flute,woodwind,0.8882,44100,D7,98,piano,normal,1,0
flute/Ds4/flute_Ds4_025_forte_normal.mp3,flute,woodwind,0.3135,44100,Ds4,63,forte,normal,1,0
flute/Ds4/flute_Ds4_025_mezzo-forte_normal.mp3,flute,woodwind,0.4179,44100,Ds4,63,mezzo-forte,normal,1,0
flute/Ds4/flute_Ds4_025_mezzo-piano_normal.mp3,flute,woodwind,0.3396,44100,Ds4,63,mezzo-piano,normal,1,0
flute/Ds4/flute_Ds4_025_pianissimo_normal.mp3,flute,woodwind,0.2351,44100,Ds4,63,pianissimo,normal,1,0
flute/Ds4/flute_Ds4_025_piano_normal.mp3,flute,woodwind,0.3918,44100,Ds4,63,piano,normal,1,0
flute/Ds4/flute_Ds4_05_forte_normal.mp3,flute,woodwind,0.7053,44100,Ds4,63,forte,normal,1,0
flute/Ds4/flute_Ds4_05_mezzo-forte_normal.mp3,flute,woodwind,0.7314,44100,Ds4,63,mezzo-forte,normal,1,0
flute/Ds4/flute_Ds4_05_mezzo-piano_normal.mp3,flute,woodwind,0.6792,44100,Ds4,63,mezzo-piano,normal,1,0
flute/Ds4/flute_Ds4_05_pianissimo_normal.mp3,flute,woodwind,0.4441,44100,Ds4,63,pianissimo,normal,1,0
flute/Ds4/flute_Ds4_05_piano_normal.mp3,flute,woodwind,0.7837,44100,Ds4,63,piano,normal,1,0
flute/Ds4/flute_Ds4_15_forte_normal.mp3,flute,woodwind,1.4367,44100,Ds4,63,forte,normal,1,0
flute/Ds4/flute_Ds4_15_mezzo-forte_normal.mp3,flute,woodwind,1.3583,44100,Ds4,63,mezzo-forte,normal,1,0
flute/Ds4/flute_Ds4_15_mezzo-piano_normal.mp3,flute,woodwind,1.4628,44100,Ds4,63,mezzo-piano,normal,1,0
flute/Ds4/flute_Ds4_15_piano_normal.mp3,flute,woodwind,1.489,44100,Ds4,63,piano,normal,1,0
flute/Ds4/flute_Ds4_1_forte_normal.mp3,flute,woodwind,1.0972,44100,Ds4,63,forte,normal,1,0
flute/Ds4/flute_Ds4_1_mezzo-forte_normal.mp3,flute,woodwind,1.0972,44100,Ds4,63,mezzo-forte,normal,1,0
flute/Ds4/flute_Ds4_1_mezzo-piano_normal.mp3,flute,woodwind,1.0972,44100,Ds4,63,mezzo-piano,normal,1,0
flute/Ds4/flute_Ds4_1_pianissimo_normal.mp3,flute,woodwind,0.7053,44100,Ds4,63,pianissimo,normal,1,0
flute/Ds4/flute_Ds4_1_piano_normal.mp3,flute,woodwind,1.2017,44100,Ds4,63,piano,normal,1,0
flute/Ds4/flute_Ds4_very-long_cresc-decresc_normal.mp3,flute,woodwind,10.1617,44100,Ds4,63,cresc-decresc,normal,1,0
flute/Ds5/flute_Ds5_025_forte_normal.mp3,flute,woodwind,0.3396,44100,Ds5,75,forte,normal,1,0
flute/Ds5/flute_Ds5_025_mezzo-forte_normal.mp3,flute,woodwind,0.4179,44100,Ds5,75,mezzo-forte,normal,1,0
flute/Ds5/flute_Ds5_025_mezzo-piano_normal.mp3,flute,woodwind,0.3396,44100,Ds5,75,mezzo-piano,normal,1,0
flute/Ds5/flute_Ds5_025_pianissimo_normal.mp3,flute,woodwind,0.4702,44100,Ds5,75,pianissimo,normal,1,0
flute/Ds5/flute_Ds5_025_piano_normal.mp3,flute,woodwind,0.4179,44100,Ds5,75,piano,normal,1,0
flute/Ds5/flute_Ds5_05_forte_normal.mp3,flute,woodwind,0.6792,44100,Ds5,75,forte,normal,1,0
flute/Ds5/flute_Ds5_05_mezzo-forte_normal.mp3,flute,woodwind,0.8098,44100,Ds5,75,mezzo-forte,normal,1,0
flute/Ds5/flute_Ds5_05_mezzo-piano_normal.mp3,flute,woodwind,0.6792,44100,Ds5,75,mezzo-piano,normal,1,0
flute/Ds5/flute_Ds5_05_pianissimo_normal.mp3,flute,woodwind,0.7837,44100,Ds5,75,pianissimo,normal,1,0
flute/Ds5/flute_Ds5_05_piano_normal.mp3,flute,woodwind,0.862,44100,Ds5,75,piano,normal,1,0
flute/Ds5/flute_Ds5_15_forte_normal.mp3,flute,woodwind,1.0449,44100,Ds5,75,forte,normal,1,0
flute/Ds5/flute_Ds5_15_mezzo-forte_normal.mp3,flute,woodwind,1.4367,44100,Ds5,75,mezzo-forte,normal,1,0
flute/Ds5/flute_Ds5_15_mezzo-piano_normal.mp3,flute,woodwind,1.3583,44100,Ds5,75,mezzo-piano,normal,1,0
flute/Ds5/flute_Ds5_15_pianissimo_normal.mp3,flute,woodwind,1.4367,44100,Ds5,75,pianissimo,normal,1,0
flute/Ds5/flute_Ds5_15_piano_normal.mp3,flute,woodwind,1.4628,44100,Ds5,75,piano,normal,1,0
flute/Ds5/flute_Ds5_1_forte_normal.mp3,flute,woodwind,0.9404,44100,Ds5,75,forte,normal,1,0
flute/Ds5/flute_Ds5_1_mezzo-forte_normal.mp3,flute,woodwind,1.0972,44100,Ds5,75,mezzo-forte,normal,1,0
flute/Ds5/flute_Ds5_1_mezzo-piano_normal.mp3,flute,woodwind,1.071,44100,Ds5,75,mezzo-piano,normal,1,0
flute/Ds5/flute_Ds5_1_pianissimo_normal.mp3,flute,woodwind,1.0449,44100,Ds5,75,pianissimo,normal,1,0
flute/Ds5/flute_Ds5_1_piano_normal.mp3,flute,woodwind,1.2017,44100,Ds5,75,piano,normal,1,0
flute/Ds5/flute_Ds5_long_piano_normal.mp3,flute,woodwind,2.8996,44100,Ds5,75,piano,normal,1,0
flute/Ds5/flute_Ds5_very-long_cresc-decresc_normal.mp3,flute,woodwind,14.2628,44100,Ds5,75,cresc-decresc,normal,1,0
flute/Ds6/flute_Ds6_025_forte_normal.mp3,flute,woodwind,0.4702,44100,Ds6,87,forte,normal,1,0
flute/Ds6/flute_Ds6_025_mezzo-forte_normal.mp3,flute,woodwind,0.3658,44100,Ds6,87,mezzo-forte,normal,1,0
flute/Ds6/flute_Ds6_025_pianissimo_normal.mp3,flute,woodwind,0.3658,44100,Ds6,87,pianissimo,normal,1,0
flute/Ds6/flute_Ds6_025_piano_normal.mp3,flute,woodwind,0.3135,44100,Ds6,87,piano,normal,1,0
flute/Ds6/flute_Ds6_05_forte_normal.mp3,flute,woodwind,0.862,44100,Ds6,87,forte,normal,1,0
flute/Ds6/flute_Ds6_05_mezzo-forte_normal.mp3,flute,woodwind,0.7576,44100,Ds6,87,mezzo-forte,normal,1,0
flute/Ds6/flute_Ds6_05_pianissimo_normal.mp3,flute,woodwind,0.862,44100,Ds6,87,pianissimo,normal,1,0
flute/Ds6/flute_Ds6_05_piano_normal.mp3,flute,woodwind,0.7053,44100,Ds6,87,piano,normal,1,0
flute/Ds6/flute_Ds6_15_forte_normal.mp3,flute,woodwind,1.3061,44100,Ds6,87,forte,normal,1,0
flute/Ds6/flute_Ds6_15_mezzo-forte_normal.mp3,flute,woodwind,1.5935,44100,Ds6,87,mezzo-forte,normal,1,0
flute/Ds6/flute_Ds6_15_pianissimo_normal.mp3,flute,woodwind,1.4106,44100,Ds6,87,pianissimo,normal,1,0
flute/Ds6/flute_Ds6_15_piano_normal.mp3,flute,woodwind,1.3061,44100,Ds6,87,piano,normal,1,0
flute/Ds6/flute_Ds6_1_forte_normal.mp3,flute,woodwind,1.1494,44100,Ds6,87,forte,normal,1,0
flute/Ds6/flute_Ds6_1_mezzo-forte_normal.mp3,flute,woodwind,0.9665,44100,Ds6,87,mezzo-forte,normal,1,0
flute/Ds6/flute_Ds6_1_pianissimo_normal.mp3,flute,woodwind,1.1233,44100,Ds6,87,pianissimo,normal,1,0
flute/Ds6/flute_Ds6_1_piano_normal.mp3,flute,woodwind,1.0972,44100,Ds6,87,piano,normal,1,0
flute/Ds6/flute_Ds6_long_piano_normal.mp3,flute,woodwind,3.1347,44100,Ds6,87,piano,normal,1,0
flute/Ds6/flute_Ds6_very-long_cresc-decresc_normal.mp3,flute,woodwind,17.8939,44100,Ds6,87,cresc-decresc,normal,1,0
flute/Ds7/flute_Ds7_025_forte_normal.mp3,flute,woodwind,0.8359,44100,Ds7,99,forte,normal,1,0
flute/Ds7/flute_Ds7_025_fortissimo_normal.mp3,flute,woodwind,0.4441,44100,Ds7,99,fortissimo,normal,1,0
flute/Ds7/flute_Ds7_025_piano_normal.mp3,flute,woodwind,0.3658,44100,Ds7,99,piano,normal,1,0
flute/Ds7/flute_Ds7_05_forte_normal.mp3,flute,woodwind,0.6269,44100,Ds7,99,forte,normal,1,0
flute/Ds7/flute_Ds7_05_fortissimo_normal.mp3,flute,woodwind,0.4702,44100,Ds7,99,fortissimo,normal,1,0
flute/Ds7/flute_Ds7_05_piano_normal.mp3,flute,woodwind,0.6008,44100,Ds7,99,piano,normal,1,0
flute/Ds7/flute_Ds7_15_forte_normal.mp3,flute,woodwind,0.9404,44100,Ds7,99,forte,normal,1,0
flute/Ds7/flute_Ds7_15_piano_normal.mp3,flute,woodwind,1.0972,44100,Ds7,99,piano,normal,1,0
flute/Ds7/flute_Ds7_1_forte_normal.mp3,flute,woodwind,0.7576,44100,Ds7,99,forte,normal,1,0
flute/Ds7/flute_Ds7_1_piano_normal.mp3,flute,woodwind,0.7576,44100,Ds7,99,piano,normal,1,0
flute/E4/flute_E4_025_forte_normal.mp3,flute,woodwind,0.3135,44100,E4,64,forte,normal,1,0
flute/E4/flute_E4_025_mezzo-forte_normal.mp3,flute,woodwind,0.4179,44100,E4,64,mezzo-forte,normal,1,0
flute/E4/flute_E4_025_mezzo-piano_normal.mp3,flute,woodwind,0.3396,44100,E4,64,mezzo-piano,normal,1,0
flute/E4/flute_E4_025_pianissimo_normal.mp3,flute,woodwind,0.2873,44100,E4,64,pianissimo,normal,1,0
flute/E4/flute_E4_025_piano_normal.mp3,flute,woodwind,0.4441,44100,E4,64,piano,normal,1,0
flute/E4/flute_E4_05_forte_normal.mp3,flute,woodwind,0.7053,44100,E4,64,forte,normal,1,0
flute/E4/flute_E4_05_mezzo-forte_normal.mp3,flute,woodwind,0.7576,44100,E4,64,mezzo-forte,normal,1,0
flute/E4/flute_E4_05_mezzo-piano_normal.mp3,flute,woodwind,0.6792,44100,E4,64,mezzo-piano,normal,1,0
flute/E4/flute_E4_05_pianissimo_normal.mp3,flute,woodwind,0.7576,44100,E4,64,pianissimo,normal,1,0
flute/E4/flute_E4_05_piano_normal.mp3,flute,woodwind,0.862,44100,E4,64,piano,normal,1,0
flute/E4/flute_E4_15_forte_normal.mp3,flute,woodwind,1.489,44100,E4,64,forte,normal,1,0
flute/E4/flute_E4_15_mezzo-forte_normal.mp3,flute,woodwind,1.5413,44100,E4,64,mezzo-forte,normal,1,0
flute/E4/flute_E4_15_mezzo-piano_normal.mp3,flute,woodwind,1.3845,44100,E4,64,mezzo-piano,normal,1,0
flute/E4/flute_E4_15_pianissimo_normal.mp3,flute,woodwind,1.4106,44100,E4,64,pianissimo,normal,1,0
flute/E4/flute_E4_15_piano_normal.mp3,flute,woodwind,1.8024,44100,E4,64,piano,normal,1,0
flute/E4/flute_E4_1_forte_normal.mp3,flute,woodwind,1.3583,44100,E4,64,forte,normal,1,0
flute/E4/flute_E4_1_mezzo-forte_normal.mp3,flute,woodwind,1.1233,44100,E4,64,mezzo-forte,normal,1,0
flute/E4/flute_E4_1_mezzo-piano_normal.mp3,flute,woodwind,0.9665,44100,E4,64,mezzo-piano,normal,1,0
flute/E4/flute_E4_1_pianissimo_normal.mp3,flute,woodwind,1.0188,44100,E4,64,pianissimo,normal,1,0
flute/E4/flute_E4_1_piano_normal.mp3,flute,woodwind,1.0972,44100,E4,64,piano,normal,1,0
flute/E4/flute_E4_very-long_cresc-decresc_normal.mp3,flute,woodwind,10.2139,44100,E4,64,cresc-decresc,normal,1,0
flute/E4/flute_E4_very-long_forte_normal.mp3,flute,woodwind,12.0947,44100,E4,64,forte,normal,1,0
flute/E4/flute_E4_very-long_pianissimo_normal.mp3,flute,woodwind,41.4563,44100,E4,64,pianissimo,normal,1,0
flute/E5/flute_E5_025_forte_normal.mp3,flute,woodwind,0.4441,44100,E5,76,forte,normal,1,0
flute/E5/flute_E5_025_mezzo-forte_normal.mp3,flute,woodwind,0.3918,44100,E5,76,mezzo-forte,normal,1,0
flute/E5/flute_E5_025_mezzo-piano_normal.mp3,flute,woodwind,0.4441,44100,E5,76,mezzo-piano,normal,1,0
flute/E5/flute_E5_025_pianissimo_normal.mp3,flute,woodwind,0.2873,44100,E5,76,pianissimo,normal,1,0
flute/E5/flute_E5_025_piano_normal.mp3,flute,woodwind,0.3135,44100,E5,76,piano,normal,1,0
flute/E5/flute_E5_05_forte_normal.mp3,flute,woodwind,0.7053,44100,E5,76,forte,normal,1,0
flute/E5/flute_E5_05_mezzo-forte_normal.mp3,flute,woodwind,0.8359,44100,E5,76,mezzo-forte,normal,1,0
flute/E5/flute_E5_05_mezzo-piano_normal.mp3,flute,woodwind,0.7837,44100,E5,76,mezzo-piano,normal,1,0
flute/E5/flute_E5_05_pianissimo_normal.mp3,flute,woodwind,0.8882,44100,E5,76,pianissimo,normal,1,0
flute/E5/flute_E5_05_piano_normal.mp3,flute,woodwind,0.8359,44100,E5,76,piano,normal,1,0
flute/E5/flute_E5_15_forte_normal.mp3,flute,woodwind,1.0972,44100,E5,76,forte,normal,1,0
flute/E5/flute_E5_15_mezzo-forte_normal.mp3,flute,woodwind,1.4106,44100,E5,76,mezzo-forte,normal,1,0
flute/E5/flute_E5_15_mezzo-piano_normal.mp3,flute,woodwind,1.2539,44100,E5,76,mezzo-piano,normal,1,0
flute/E5/flute_E5_15_piano_normal.mp3,flute,woodwind,1.8547,44100,E5,76,piano,normal,1,0
flute/E5/flute_E5_1_forte_normal.mp3,flute,woodwind,1.0449,44100,E5,76,forte,normal,1,0
flute/E5/flute_E5_1_mezzo-forte_normal.mp3,flute,woodwind,1.0972,44100,E5,76,mezzo-forte,normal,1,0
flute/E5/flute_E5_1_mezzo-piano_normal.mp3,flute,woodwind,1.1755,44100,E5,76,mezzo-piano,normal,1,0
flute/E5/flute_E5_1_pianissimo_normal.mp3,flute,woodwind,1.2539,44100,E5,76,pianissimo,normal,1,0
flute/E5/flute_E5_1_piano_normal.mp3,flute,woodwind,0.9927,44100,E5,76,piano,normal,1,0
flute/E5/flute_E5_long_piano_normal.mp3,flute,woodwind,2.4555,44100,E5,76,piano,normal,1,0
flute/E6/flute_E6_025_forte_normal.mp3,flute,woodwind,0.4702,44100,E6,88,forte,normal,1,0
flute/E6/flute_E6_025_mezzo-forte_normal.mp3,flute,woodwind,0.4179,44100,E6,88,mezzo-forte,normal,1,0
flute/E6/flute_E6_025_pianissimo_normal.mp3,flute,woodwind,0.3658,44100,E6,88,pianissimo,normal,1,0
flute/E6/flute_E6_025_piano_normal.mp3,flute,woodwind,0.4179,44100,E6,88,piano,normal,1,0
flute/E6/flute_E6_05_forte_normal.mp3,flute,woodwind,1.1755,44100,E6,88,forte,normal,1,0
flute/E6/flute_E6_05_mezzo-forte_normal.mp3,flute,woodwind,0.8098,44100,E6,88,mezzo-forte,normal,1,0
flute/E6/flute_E6_05_pianissimo_normal.mp3,flute,woodwind,0.8882,44100,E6,88,pianissimo,normal,1,0
flute/E6/flute_E6_05_piano_normal.mp3,flute,woodwind,0.7314,44100,E6,88,piano,normal,1,0
flute/E6/flute_E6_15_forte_normal.mp3,flute,woodwind,1.3845,44100,E6,88,forte,normal,1,0
flute/E6/flute_E6_15_mezzo-forte_normal.mp3,flute,woodwind,1.6718,44100,E6,88,mezzo-forte,normal,1,0
flute/E6/flute_E6_15_pianissimo_normal.mp3,flute,woodwind,1.489,44100,E6,88,pianissimo,normal,1,0
flute/E6/flute_E6_15_piano_normal.mp3,flute,woodwind,1.1755,44100,E6,88,piano,normal,1,0
flute/E6/flute_E6_1_forte_normal.mp3,flute,woodwind,1.8024,44100,E6,88,forte,normal,1,0
flute/E6/flute_E6_1_mezzo-forte_normal.mp3,flute,woodwind,0.9404,44100,E6,88,mezzo-forte,normal,1,0
flute/E6/flute_E6_1_pianissimo_normal.mp3,flute,woodwind,1.2539,44100,E6,88,pianissimo,normal,1,0
flute/E6/flute_E6_1_piano_normal.mp3,flute,woodwind,1.1233,44100,E6,88,piano,normal,1,0
flute/E6/flute_E6_long_piano_normal.mp3,flute,woodwind,5.1723,44100,E6,88,piano,normal,1,0
flute/E6/flute_E6_phrase_forte_normal.mp3,flute,woodwind,3.9968,44100,E6,88,forte,normal,1,1
flute/E7/flute_E7_025_forte_normal.mp3,flute,woodwind,0.4963,44100,E7,100,forte,normal,1,0
flute/E7/flute_E7_025_piano_normal.mp3,flute,woodwind,0.4179,44100,E7,100,piano,normal,1,0
flute/E7/flute_E7_05_forte_normal.mp3,flute,woodwind,0.5486,44100,E7,100,forte,normal,1,0
flute/E7/flute_E7_05_piano_normal.mp3,flute,woodwind,0.4441,44100,E7,100,piano,normal,1,0
flute/E7/flute_E7_15_forte_normal.mp3,flute,woodwind,1.0188,44100,E7,100,forte,normal,1,0
flute/E7/flute_E7_15_piano_normal.mp3,flute,woodwind,1.2017,44100,E7,100,piano,normal,1,0
flute/E7/flute_E7_1_forte_normal.mp3,flute,woodwind,0.8098,44100,E7,100,forte,normal,1,0
flute/E7/flute_E7_1_piano_normal.mp3,flute,woodwind,0.8882,44100,E7,100,piano,normal,1,0
flute/F4/flute_F4_025_forte_normal.mp3,flute,woodwind,0.3658,44100,F4,65,forte,normal,1,0
flute/F4/flute_F4_025_mezzo-forte_normal.mp3,flute,woodwind,0.4179,44100,F4,65,mezzo-forte,normal,1,0
flute/F4/flute_F4_025_mezzo-piano_normal.mp3,flute,woodwind,0.3658,44100,F4,65,mezzo-piano,normal,1,0
flute/F4/flute_F4_025_pianissimo_normal.mp3,flute,woodwind,0.3918,44100,F4,65,pianissimo,normal,1,0
flute/F4/flute_F4_025_piano_normal.mp3,flute,woodwind,0.2873,44100,F4,65,piano,normal,1,0
flute/F4/flute_F4_05_forte_normal.mp3,flute,woodwind,0.7837,44100,F4,65,forte,normal,1,0
flute/F4/flute_F4_05_mezzo-forte_normal.mp3,flute,woodwind,0.7576,44100,F4,65,mezzo-forte,normal,1,0
flute/F4/flute_F4_05_mezzo-piano_normal.mp3,flute,woodwind,0.7314,44100,F4,65,mezzo-piano,normal,1,0
flute/F4/flute_F4_05_pianissimo_normal.mp3,flute,woodwind,0.6269,44100,F4,65,pianissimo,normal,1,0
flute/F4/flute_F4_05_piano_normal.mp3,flute,woodwind,0.7314,44100,F4,65,piano,normal,1,0
flute/F4/flute_F4_15_forte_normal.mp3,flute,woodwind,1.4106,44100,F4,65,forte,normal,1,0
flute/F4/flute_F4_15_mezzo-forte_normal.mp3,flute,woodwind,1.3845,44100,F4,65,mezzo-forte,normal,1,0
flute/F4/flute_F4_15_mezzo-piano_normal.mp3,flute,woodwind,1.3322,44100,F4,65,mezzo-piano,normal,1,0
flute/F4/flute_F4_15_pianissimo_normal.mp3,flute,woodwind,0.8098,44100,F4,65,pianissimo,normal,1,0
flute/F4/flute_F4_15_piano_normal.mp3,flute,woodwind,1.4628,44100,F4,65,piano,normal,1,0
flute/F4/flute_F4_1_forte_normal.mp3,flute,woodwind,1.1233,44100,F4,65,forte,normal,1,0
flute/F4/flute_F4_1_mezzo-forte_normal.mp3,flute,woodwind,1.1233,44100,F4,65,mezzo-forte,normal,1,0
flute/F4/flute_F4_1_mezzo-piano_normal.mp3,flute,woodwind,1.0972,44100,F4,65,mezzo-piano,normal,1,0
flute/F4/flute_F4_1_pianissimo_normal.mp3,flute,woodwind,1.071,44100,F4,65,pianissimo,normal,1,0
flute/F4/flute_F4_1_piano_normal.mp3,flute,woodwind,1.1233,44100,F4,65,piano,normal,1,0
flute/F4/flute_F4_phrase_mezzo-forte_normal.mp3,flute,woodwind,9.1951,44100,F4,65,mezzo-forte,normal,1,1
flute/F5/flute_F5_025_forte_normal.mp3,flute,woodwind,0.3135,44100,F5,77,forte,normal,1,0
flute/F5/flute_F5_025_mezzo-forte_normal.mp3,flute,woodwind,0.4179,44100,F5,77,mezzo-forte,normal,1,0
flute/F5/flute_F5_025_mezzo-piano_normal.mp3,flute,woodwind,0.2873,44100,F5,77,mezzo-piano,normal,1,0
flute/F5/flute_F5_025_pianissimo_normal.mp3,flute,woodwind,0.862,44100,F5,77,pianissimo,normal,1,0
flute/F5/flute_F5_025_piano_normal.mp3,flute,woodwind,0.3135,44100,F5,77,piano,normal,1,0
flute/F5/flute_F5_05_forte_normal.mp3,flute,woodwind,0.6792,44100,F5,77,forte,normal,1,0
flute/F5/flute_F5_05_mezzo-forte_normal.mp3,flute,woodwind,0.8098,44100,F5,77,mezzo-forte,normal,1,0
flute/F5/flute_F5_05_mezzo-piano_normal.mp3,flute,woodwind,0.6792,44100,F5,77,mezzo-piano,normal,1,0
flute/F5/flute_F5_05_pianissimo_normal.mp3,flute,woodwind,1.28,44100,F5,77,pianissimo,normal,1,0
flute/F5/flute_F5_05_piano_normal.mp3,flute,woodwind,0.6792,44100,F5,77,piano,normal,1,0
flute/F5/flute_F5_15_forte_normal.mp3,flute,woodwind,1.1233,44100,F5,77,forte,normal,1,0
flute/F5/flute_F5_15_mezzo-forte_normal.mp3,flute,woodwind,1.3845,44100,F5,77,mezzo-forte,normal,1,0
flute/F5/flute_F5_15_mezzo-piano_normal.mp3,flute,woodwind,1.5413,44100,F5,77,mezzo-piano,normal,1,0
flute/F5/flute_F5_15_pianissimo_normal.mp3,flute,woodwind,1.5413,44100,F5,77,pianissimo,normal,1,0
flute/F5/flute_F5_15_piano_normal.mp3,flute,woodwind,1.4367,44100,F5,77,piano,normal,1,0
flute/F5/flute_F5_1_forte_normal.mp3,flute,woodwind,1.0972,44100,F5,77,forte,normal,1,0
flute/F5/flute_F5_1_mezzo-forte_normal.mp3,flute,woodwind,1.1233,44100,F5,77,mezzo-forte,normal,1,0
flute/F5/flute_F5_1_mezzo-piano_normal.mp3,flute,woodwind,1.0972,44100,F5,77,mezzo-piano,normal,1,0
flute/F5/flute_F5_1_pianissimo_normal.mp3,flute,woodwind,1.0188,44100,F5,77,pianissimo,normal,1,0
flute/F5/flute_F5_1_piano_normal.mp3,flute,woodwind,1.0972,44100,F5,77,piano,normal,1,0
flute/F6/flute_F6_025_forte_normal.mp3,flute,woodwind,0.3658,44100,F6,89,forte,normal,1,0
flute/F6/flute_F6_025_mezzo-forte_normal.mp3,flute,woodwind,0.3396,44100,F6,89,mezzo-forte,normal,1,0
flute/F6/flute_F6_025_pianissimo_normal.mp3,flute,woodwind,0.3396,44100,F6,89,pianissimo,normal,1,0
flute/F6/flute_F6_025_piano_normal.mp3,flute,woodwind,0.3396,44100,F6,89,piano,normal,1,0
flute/F6/flute_F6_05_forte_normal.mp3,flute,woodwind,1.1233,44100,F6,89,forte,normal,1,0
flute/F6/flute_F6_05_mezzo-forte_normal.mp3,flute,woodwind,0.8359,44100,F6,89,mezzo-forte,normal,1,0
flute/F6/flute_F6_05_pianissimo_normal.mp3,flute,woodwind,0.862,44100,F6,89,pianissimo,normal,1,0
flute/F6/flute_F6_05_piano_normal.mp3,flute,woodwind,0.8359,44100,F6,89,piano,normal,1,0
flute/F6/flute_F6_15_forte_normal.mp3,flute,woodwind,1.4106,44100,F6,89,forte,normal,1,0
flute/F6/flute_F6_15_mezzo-forte_normal.mp3,flute,woodwind,1.6979,44100,F6,89,mezzo-forte,normal,1,0
flute/F6/flute_F6_15_pianissimo_normal.mp3,flute,woodwind,1.3322,44100,F6,89,pianissimo,normal,1,0
flute/F6/flute_F6_15_piano_normal.mp3,flute,woodwind,1.3322,44100,F6,89,piano,normal,1,0
flute/F6/flute_F6_1_forte_normal.mp3,flute,woodwind,1.0188,44100,F6,89,forte,normal,1,0
flute/F6/flute_F6_1_mezzo-forte_normal.mp3,flute,woodwind,1.5673,44100,F6,89,mezzo-forte,normal,1,0
flute/F6/flute_F6_1_pianissimo_normal.mp3,flute,woodwind,1.1494,44100,F6,89,pianissimo,normal,1,0
flute/F6/flute_F6_1_piano_normal.mp3,flute,woodwind,0.9927,44100,F6,89,piano,normal,1,0
flute/F6/flute_F6_long_piano_normal.mp3,flute,woodwind,4.2318,44100,F6,89,piano,normal,1,0
flute/F7/flute_F7_025_forte_normal.mp3,flute,woodwind,0.4179,44100,F7,101,forte,normal,1,0
flute/F7/flute_F7_05_forte_normal.mp3,flute,woodwind,0.6269,44100,F7,101,forte,normal,1,0
flute/F7/flute_F7_15_forte_normal.mp3,flute,woodwind,0.8359,44100,F7,101,forte,normal,1,0
flute/F7/flute_F7_1_forte_normal.mp3,flute,woodwind,0.6792,44100,F7,101,forte,normal,1,0
flute/Fs4/flute_Fs4_025_forte_normal.mp3,flute,woodwind,0.3135,44100,Fs4,66,forte,normal,1,0
flute/Fs4/flute_Fs4_025_mezzo-forte_normal.mp3,flute,woodwind,0.4441,44100,Fs4,66,mezzo-forte,normal,1,0
flute/Fs4/flute_Fs4_025_mezzo-piano_normal.mp3,flute,woodwind,0.3396,44100,Fs4,66,mezzo-piano,normal,1,0
flute/Fs4/flute_Fs4_025_pianissimo_normal.mp3,flute,woodwind,0.4441,44100,Fs4,66,pianissimo,normal,1,0
flute/Fs4/flute_Fs4_025_piano_normal.mp3,flute,woodwind,0.4441,44100,Fs4,66,piano,normal,1,0
flute/Fs4/flute_Fs4_05_forte_normal.mp3,flute,woodwind,0.6531,44100,Fs4,66,forte,normal,1,0
flute/Fs4/flute_Fs4_05_mezzo-forte_normal.mp3,flute,woodwind,0.7837,44100,Fs4,66,mezzo-forte,normal,1,0
flute/Fs4/flute_Fs4_05_mezzo-piano_normal.mp3,flute,woodwind,0.862,44100,Fs4,66,mezzo-piano,normal,1,0
flute/Fs4/flute_Fs4_05_pianissimo_normal.mp3,flute,woodwind,1.0972,44100,Fs4,66,pianissimo,normal,1,0
flute/Fs4/flute_Fs4_05_piano_normal.mp3,flute,woodwind,1.0972,44100,Fs4,66,piano,normal,1,0
flute/Fs4/flute_Fs4_15_forte_normal.mp3,flute,woodwind,1.4106,44100,Fs4,66,forte,normal,1,0
flute/Fs4/flute_Fs4_15_mezzo-forte_normal.mp3,flute,woodwind,1.3845,44100,Fs4,66,mezzo-forte,normal,1,0
flute/Fs4/flute_Fs4_15_mezzo-piano_normal.mp3,flute,woodwind,1.4106,44100,Fs4,66,mezzo-piano,normal,1,0
flute/Fs4/flute_Fs4_15_piano_normal.mp3,flute,woodwind,1.5413,44100,Fs4,66,piano,normal,1,0
flute/Fs4/flute_Fs4_1_forte_normal.mp3,flute,woodwind,1.0972,44100,Fs4,66,forte,normal,1,0
flute/Fs4/flute_Fs4_1_mezzo-forte_normal.mp3,flute,woodwind,1.071,44100,Fs4,66,mezzo-forte,normal,1,0
flute/Fs4/flute_Fs4_1_mezzo-piano_normal.mp3,flute,woodwind,1.071,44100,Fs4,66,mezzo-piano,normal,1,0
flute/Fs4/flute_Fs4_1_pianissimo_normal.mp3,flute,woodwind,1.28,44100,Fs4,66,pianissimo,normal,1,0
flute/Fs4/flute_Fs4_1_piano_normal.mp3,flute,woodwind,1.6196,44100,Fs4,66,piano,normal,1,0
flute/Fs4/flute_Fs4_very-long_cresc-decresc_normal.mp3,flute,woodwind,14.7069,44100,Fs4,66,cresc-decresc,normal,1,0
flute/Fs5/flute_Fs5_025_forte_normal.mp3,flute,woodwind,0.3918,44100,Fs5,78,forte,normal,1,0
flute/Fs5/flute_Fs5_025_mezzo-forte_normal.mp3,flute,woodwind,0.4441,44100,Fs5,78,mezzo-forte,normal,1,0
flute/Fs5/flute_Fs5_025_mezzo-piano_normal.mp3,flute,woodwind,0.3396,44100,Fs5,78,mezzo-piano,normal,1,0
flute/Fs5/flute_Fs5_025_pianissimo_normal.mp3,flute,woodwind,0.2873,44100,Fs5,78,pianissimo,normal,1,0
flute/Fs5/flute_Fs5_025_piano_normal.mp3,flute,woodwind,0.4702,44100,Fs5,78,piano,normal,1,0
flute/Fs5/flute_Fs5_05_forte_normal.mp3,flute,woodwind,0.7053,44100,Fs5,78,forte,normal,1,0
flute/Fs5/flute_Fs5_05_mezzo-forte_normal.mp3,flute,woodwind,0.8098,44100,Fs5,78,mezzo-forte,normal,1,0
flute/Fs5/flute_Fs5_05_mezzo-piano_normal.mp3,flute,woodwind,0.7576,44100,Fs5,78,mezzo-piano,normal,1,0
flute/Fs5/flute_Fs5_05_pianissimo_normal.mp3,flute,woodwind,1.1494,44100,Fs5,78,pianissimo,normal,1,0
flute/Fs5/flute_Fs5_05_piano_normal.mp3,flute,woodwind,0.7837,44100,Fs5,78,piano,normal,1,0
flute/Fs5/flute_Fs5_15_forte_normal.mp3,flute,woodwind,1.3583,44100,Fs5,78,forte,normal,1,0
flute/Fs5/flute_Fs5_15_mezzo-forte_normal.mp3,flute,woodwind,1.5151,44100,Fs5,78,mezzo-forte,normal,1,0
flute/Fs5/flute_Fs5_15_mezzo-piano_normal.mp3,flute,woodwind,1.489,44100,Fs5,78,mezzo-piano,normal,1,0
flute/Fs5/flute_Fs5_15_pianissimo_normal.mp3,flute,woodwind,1.3322,44100,Fs5,78,pianissimo,normal,1,0
flute/Fs5/flute_Fs5_15_piano_normal.mp3,flute,woodwind,1.3322,44100,Fs5,78,piano,normal,1,0
flute/Fs5/flute_Fs5_1_forte_normal.mp3,flute,woodwind,0.9143,44100,Fs5,78,forte,normal,1,0
flute/Fs5/flute_Fs5_1_mezzo-forte_normal.mp3,flute,woodwind,1.0972,44100,Fs5,78,mezzo-forte,normal,1,0
flute/Fs5/flute_Fs5_1_mezzo-piano_normal.mp3,flute,woodwind,1.071,44100,Fs5,78,mezzo-piano,normal,1,0
flute/Fs5/flute_Fs5_1_pianissimo_normal.mp3,flute,woodwind,1.2539,44100,Fs5,78,pianissimo,normal,1,0
flute/Fs5/flute_Fs5_1_piano_normal.mp3,flute,woodwind,1.1233,44100,Fs5,78,piano,normal,1,0
flute/Fs5/flute_Fs5_very-long_cresc-decresc_normal.mp3,flute,woodwind,10.9714,44100,Fs5,78,cresc-decresc,normal,1,0
flute/Fs5/flute_Fs5_very-long_forte_normal.mp3,flute,woodwind,11.4417,44100,Fs5,78,forte,normal,1,0
flute/Fs5/flute_Fs5_very-long_pianissimo_normal.mp3,flute,woodwind,40.4114,44100,Fs5,78,pianissimo,normal,1,0
flute/Fs6/flute_Fs6_025_forte_normal.mp3,flute,woodwind,0.4441,44100,Fs6,90,forte,normal,1,0
flute/Fs6/flute_Fs6_025_mezzo-forte_normal.mp3,flute,woodwind,0.3658,44100,Fs6,90,mezzo-forte,normal,1,0
flute/Fs6/flute_Fs6_025_pianissimo_normal.mp3,flute,woodwind,0.3658,44100,Fs6,90,pianissimo,normal,1,0
flute/Fs6/flute_Fs6_025_piano_normal.mp3,flute,woodwind,0.3396,44100,Fs6,90,piano,normal,1,0
flute/Fs6/flute_Fs6_05_forte_normal.mp3,flute,woodwind,0.8882,44100,Fs6,90,forte,normal,1,0
flute/Fs6/flute_Fs6_05_mezzo-forte_normal.mp3,flute,woodwind,0.862,44100,Fs6,90,mezzo-forte,normal,1,0
flute/Fs6/flute_Fs6_05_pianissimo_normal.mp3,flute,woodwind,0.7837,44100,Fs6,90,pianissimo,normal,1,0
flute/Fs6/flute_Fs6_05_piano_normal.mp3,flute,woodwind,0.6792,44100,Fs6,90,piano,normal,1,0
flute/Fs6/flute_Fs6_15_forte_normal.mp3,flute,woodwind,1.28,44100,Fs6,90,forte,normal,1,0
flute/Fs6/flute_Fs6_15_mezzo-forte_normal.mp3,flute,woodwind,1.489,44100,Fs6,90,mezzo-forte,normal,1,0
flute/Fs6/flute_Fs6_15_pianissimo_normal.mp3,flute,woodwind,1.4628,44100,Fs6,90,pianissimo,normal,1,0
flute/Fs6/flute_Fs6_15_piano_normal.mp3,flute,woodwind,1.3583,44100,Fs6,90,piano,normal,1,0
flute/Fs6/flute_Fs6_1_forte_normal.mp3,flute,woodwind,1.071,44100,Fs6,90,forte,normal,1,0
flute/Fs6/flute_Fs6_1_mezzo-forte_normal.mp3,flute,woodwind,1.071,44100,Fs6,90,mezzo-forte,normal,1,0
flute/Fs6/flute_Fs6_1_mezzo-piano_normal.mp3,flute,woodwind,1.6718,44100,Fs6,90,mezzo-piano,normal,1,0
flute/Fs6/flute_Fs6_1_pianissimo_normal.mp3,flute,woodwind,1.1755,44100,Fs6,90,pianissimo,normal,1,0
flute/Fs6/flute_Fs6_1_piano_normal.mp3,flute,woodwind,1.0449,44100,Fs6,90,piano,normal,1,0
flute/Fs6/flute_Fs6_long_piano_normal.mp3,flute,woodwind,4.8065,44100,Fs6,90,piano,normal,1,0
flute/Fs6/flute_Fs6_very-long_cresc-decresc_normal.mp3,flute,woodwind,12.1469,44100,Fs6,90,cresc-decresc,normal,1,0
flute/G4/flute_G4_025_forte_normal.mp3,flute,woodwind,0.3396,44100,G4,67,forte,normal,1,0
flute/G4/flute_G4_025_mezzo-forte_normal.mp3,flute,woodwind,0.4441,44100,G4,67,mezzo-forte,normal,1,0
flute/G4/flute_G4_025_mezzo-piano_normal.mp3,flute,woodwind,0.3396,44100,G4,67,mezzo-piano,normal,1,0
flute/G4/flute_G4_025_pianissimo_normal.mp3,flute,woodwind,0.2612,44100,G4,67,pianissimo,normal,1,0
flute/G4/flute_G4_025_piano_normal.mp3,flute,woodwind,0.3918,44100,G4,67,piano,normal,1,0
flute/G4/flute_G4_05_forte_normal.mp3,flute,woodwind,0.7837,44100,G4,67,forte,normal,1,0
flute/G4/flute_G4_05_mezzo-forte_normal.mp3,flute,woodwind,0.7576,44100,G4,67,mezzo-forte,normal,1,0
flute/G4/flute_G4_05_mezzo-piano_normal.mp3,flute,woodwind,0.6792,44100,G4,67,mezzo-piano,normal,1,0
flute/G4/flute_G4_05_pianissimo_normal.mp3,flute,woodwind,0.6269,44100,G4,67,pianissimo,normal,1,0
flute/G4/flute_G4_05_piano_normal.mp3,flute,woodwind,0.9143,44100,G4,67,piano,normal,1,0
flute/G4/flute_G4_15_forte_normal.mp3,flute,woodwind,1.4628,44100,G4,67,forte,normal,1,0
flute/G4/flute_G4_15_mezzo-forte_normal.mp3,flute,woodwind,1.5151,44100,G4,67,mezzo-forte,normal,1,0
flute/G4/flute_G4_15_mezzo-piano_normal.mp3,flute,woodwind,1.4367,44100,G4,67,mezzo-piano,normal,1,0
flute/G4/flute_G4_15_piano_normal.mp3,flute,woodwind,1.5151,44100,G4,67,piano,normal,1,0
flute/G4/flute_G4_1_forte_normal.mp3,flute,woodwind,1.071,44100,G4,67,forte,normal,1,0
flute/G4/flute_G4_1_mezzo-forte_normal.mp3,flute,woodwind,1.1494,44100,G4,67,mezzo-forte,normal,1,0
flute/G4/flute_G4_1_mezzo-piano_normal.mp3,flute,woodwind,1.071,44100,G4,67,mezzo-piano,normal,1,0
flute/G4/flute_G4_1_pianissimo_normal.mp3,flute,woodwind,1.28,44100,G4,67,pianissimo,normal,1,0
flute/G4/flute_G4_1_piano_normal.mp3,flute,woodwind,1.0449,44100,G4,67,piano,normal,1,0
flute/G5/flute_G5_025_forte_normal.mp3,flute,woodwind,0.3658,44100,G5,79,forte,normal,1,0
flute/G5/flute_G5_025_mezzo-forte_normal.mp3,flute,woodwind,0.4441,44100,G5,79,mezzo-forte,normal,1,0
flute/G5/flute_G5_025_mezzo-piano_normal.mp3,flute,woodwind,0.3135,44100,G5,79,mezzo-piano,normal,1,0
flute/G5/flute_G5_025_pianissimo_normal.mp3,flute,woodwind,0.3135,44100,G5,79,pianissimo,normal,1,0
flute/G5/flute_G5_025_piano_normal.mp3,flute,woodwind,0.3918,44100,G5,79,piano,normal,1,0
flute/G5/flute_G5_05_forte_normal.mp3,flute,woodwind,0.7314,44100,G5,79,forte,normal,1,0
flute/G5/flute_G5_05_mezzo-forte_normal.mp3,flute,woodwind,0.8098,44100,G5,79,mezzo-forte,normal,1,0
flute/G5/flute_G5_05_mezzo-piano_normal.mp3,flute,woodwind,0.8098,44100,G5,79,mezzo-piano,normal,1,0
flute/G5/flute_G5_05_pianissimo_normal.mp3,flute,woodwind,1.2539,44100,G5,79,pianissimo,normal,1,0
flute/G5/flute_G5_05_piano_normal.mp3,flute,woodwind,0.7576,44100,G5,79,piano,normal,1,0
flute/G5/flute_G5_15_forte_normal.mp3,flute,woodwind,1.3322,44100,G5,79,forte,normal,1,0
flute/G5/flute_G5_15_mezzo-forte_normal.mp3,flute,woodwind,1.489,44100,G5,79,mezzo-forte,normal,1,0
flute/G5/flute_G5_15_mezzo-piano_normal.mp3,flute,woodwind,1.4106,44100,G5,79,mezzo-piano,normal,1,0
flute/G5/flute_G5_15_pianissimo_normal.mp3,flute,woodwind,1.2277,44100,G5,79,pianissimo,normal,1,0
flute/G5/flute_G5_15_piano_normal.mp3,flute,woodwind,1.3845,44100,G5,79,piano,normal,1,0
flute/G5/flute_G5_1_forte_normal.mp3,flute,woodwind,1.0188,44100,G5,79,forte,normal,1,0
flute/G5/flute_G5_1_mezzo-forte_normal.mp3,flute,woodwind,1.1755,44100,G5,79,mezzo-forte,normal,1,0
flute/G5/flute_G5_1_mezzo-piano_normal.mp3,flute,woodwind,1.0188,44100,G5,79,mezzo-piano,normal,1,0
flute/G5/flute_G5_1_pianissimo_normal.mp3,flute,woodwind,1.1755,44100,G5,79,pianissimo,normal,1,0
flute/G5/flute_G5_1_piano_normal.mp3,flute,woodwind,1.0972,44100,G5,79,piano,normal,1,0
flute/G5/flute_G5_long_piano_normal.mp3,flute,woodwind,4.4408,44100,G5,79,piano,normal,1,0
flute/G6/flute_G6_025_forte_normal.mp3,flute,woodwind,0.4702,44100,G6,91,forte,normal,1,0
flute/G6/flute_G6_025_mezzo-forte_normal.mp3,flute,woodwind,0.8359,44100,G6,91,mezzo-forte,normal,1,0
flute/G6/flute_G6_025_mezzo-piano_normal.mp3,flute,woodwind,0.3135,44100,G6,91,mezzo-piano,normal,1,0
flute/G6/flute_G6_025_pianissimo_normal.mp3,flute,woodwind,0.3658,44100,G6,91,pianissimo,normal,1,0
flute/G6/flute_G6_025_piano_normal.mp3,flute,woodwind,0.3396,44100,G6,91,piano,normal,1,0
flute/G6/flute_G6_05_forte_normal.mp3,flute,woodwind,0.8359,44100,G6,91,forte,normal,1,0
flute/G6/flute_G6_05_mezzo-forte_normal.mp3,flute,woodwind,1.1233,44100,G6,91,mezzo-forte,normal,1,0
flute/G6/flute_G6_05_pianissimo_normal.mp3,flute,woodwind,0.7053,44100,G6,91,pianissimo,normal,1,0
flute/G6/flute_G6_05_piano_normal.mp3,flute,woodwind,0.7837,44100,G6,91,piano,normal,1,0
flute/G6/flute_G6_15_forte_normal.mp3,flute,woodwind,1.3845,44100,G6,91,forte,normal,1,0
flute/G6/flute_G6_15_fortissimo_normal.mp3,flute,woodwind,1.9331,44100,G6,91,fortissimo,normal,1,0
flute/G6/flute_G6_15_pianissimo_normal.mp3,flute,woodwind,1.28,44100,G6,91,pianissimo,normal,1,0
flute/G6/flute_G6_15_piano_normal.mp3,flute,woodwind,1.4367,44100,G6,91,piano,normal,1,0
flute/G6/flute_G6_1_forte_normal.mp3,flute,woodwind,1.0449,44100,G6,91,forte,normal,1,0
flute/G6/flute_G6_1_mezzo-forte_normal.mp3,flute,woodwind,1.5151,44100,G6,91,mezzo-forte,normal,1,0
flute/G6/flute_G6_1_pianissimo_normal.mp3,flute,woodwind,1.0972,44100,G6,91,pianissimo,normal,1,0
flute/G6/flute_G6_1_piano_normal.mp3,flute,woodwind,0.9927,44100,G6,91,piano,normal,1,0
flute/G6/flute_G6_long_fortissimo_normal.mp3,flute,woodwind,3.0563,44100,G6,91,fortissimo,normal,1,0
flute/G6/flute_G6_long_piano_normal.mp3,flute,woodwind,4.049,44100,G6,91,piano,normal,1,0
flute/Gs4/flute_Gs4_025_forte_normal.mp3,flute,woodwind,0.3658,44100,Gs4,68,forte,normal,1,0
flute/Gs4/flute_Gs4_025_mezzo-forte_normal.mp3,flute,woodwind,0.4179,44100,Gs4,68,mezzo-forte,normal,1,0
flute/Gs4/flute_Gs4_025_mezzo-piano_normal.mp3,flute,woodwind,0.3396,44100,Gs4,68,mezzo-piano,normal,1,0
flute/Gs4/flute_Gs4_025_pianissimo_normal.mp3,flute,woodwind,0.3135,44100,Gs4,68,pianissimo,normal,1,0
flute/Gs4/flute_Gs4_025_piano_normal.mp3,flute,woodwind,0.3396,44100,Gs4,68,piano,normal,1,0
flute/Gs4/flute_Gs4_05_forte_normal.mp3,flute,woodwind,0.8098,44100,Gs4,68,forte,normal,1,0
flute/Gs4/flute_Gs4_05_mezzo-forte_normal.mp3,flute,woodwind,0.7837,44100,Gs4,68,mezzo-forte,normal,1,0
flute/Gs4/flute_Gs4_05_mezzo-piano_normal.mp3,flute,woodwind,0.8359,44100,Gs4,68,mezzo-piano,normal,1,0
flute/Gs4/flute_Gs4_05_pianissimo_normal.mp3,flute,woodwind,0.7053,44100,Gs4,68,pianissimo,normal,1,0
flute/Gs4/flute_Gs4_05_piano_normal.mp3,flute,woodwind,0.6792,44100,Gs4,68,piano,normal,1,0
flute/Gs4/flute_Gs4_15_forte_normal.mp3,flute,woodwind,1.4106,44100,Gs4,68,forte,normal,1,0
flute/Gs4/flute_Gs4_15_mezzo-forte_normal.mp3,flute,woodwind,1.489,44100,Gs4,68,mezzo-forte,normal,1,0
flute/Gs4/flute_Gs4_15_mezzo-piano_normal.mp3,flute,woodwind,1.3061,44100,Gs4,68,mezzo-piano,normal,1,0
flute/Gs4/flute_Gs4_15_pianissimo_normal.mp3,flute,woodwind,1.5413,44100,Gs4,68,pianissimo,normal,1,0
flute/Gs4/flute_Gs4_15_piano_normal.mp3,flute,woodwind,1.3061,44100,Gs4,68,piano,normal,1,0
flute/Gs4/flute_Gs4_1_forte_normal.mp3,flute,woodwind,1.0449,44100,Gs4,68,forte,normal,1,0
flute/Gs4/flute_Gs4_1_mezzo-forte_normal.mp3,flute,woodwind,1.0972,44100,Gs4,68,mezzo-forte,normal,1,0
flute/Gs4/flute_Gs4_1_mezzo-piano_normal.mp3,flute,woodwind,0.9927,44100,Gs4,68,mezzo-piano,normal,1,0
flute/Gs4/flute_Gs4_1_pianissimo_normal.mp3,flute,woodwind,1.1755,44100,Gs4,68,pianissimo,normal,1,0
flute/Gs4/flute_Gs4_1_piano_normal.mp3,flute,woodwind,1.2017,44100,Gs4,68,piano,normal,1,0
flute/Gs5/flute_Gs5_025_forte_normal.mp3,flute,woodwind,0.3396,44100,Gs5,80,forte,normal,1,0
flute/Gs5/flute_Gs5_025_mezzo-forte_normal.mp3,flute,woodwind,0.4179,44100,Gs5,80,mezzo-forte,normal,1,0
flute/Gs5/flute_Gs5_025_mezzo-piano_normal.mp3,flute,woodwind,0.3135,44100,Gs5,80,mezzo-piano,normal,1,0
flute/Gs5/flute_Gs5_025_pianissimo_normal.mp3,flute,woodwind,0.2873,44100,Gs5,80,pianissimo,normal,1,0
flute/Gs5/flute_Gs5_025_piano_normal.mp3,flute,woodwind,0.2873,44100,Gs5,80,piano,normal,1,0
flute/Gs5/flute_Gs5_05_forte_normal.mp3,flute,woodwind,0.7053,44100,Gs5,80,forte,normal,1,0
flute/Gs5/flute_Gs5_05_mezzo-forte_normal.mp3,flute,woodwind,0.8098,44100,Gs5,80,mezzo-forte,normal,1,0
flute/Gs5/flute_Gs5_05_mezzo-piano_normal.mp3,flute,woodwind,0.7053,44100,Gs5,80,mezzo-piano,normal,1,0
flute/Gs5/flute_Gs5_05_pianissimo_normal.mp3,flute,woodwind,0.7576,44100,Gs5,80,pianissimo,normal,1,0
flute/Gs5/flute_Gs5_05_piano_normal.mp3,flute,woodwind,0.6792,44100,Gs5,80,piano,normal,1,0
flute/Gs5/flute_Gs5_15_forte_normal.mp3,flute,woodwind,1.28,44100,Gs5,80,forte,normal,1,0
flute/Gs5/flute_Gs5_15_mezzo-forte_normal.mp3,flute,woodwind,1.3845,44100,Gs5,80,mezzo-forte,normal,1,0
flute/Gs5/flute_Gs5_15_mezzo-piano_normal.mp3,flute,woodwind,1.4628,44100,Gs5,80,mezzo-piano,normal,1,0
flute/Gs5/flute_Gs5_15_piano_normal.mp3,flute,woodwind,1.3583,44100,Gs5,80,piano,normal,1,0
flute/Gs5/flute_Gs5_1_forte_normal.mp3,flute,woodwind,0.9927,44100,Gs5,80,forte,normal,1,0
flute/Gs5/flute_Gs5_1_mezzo-forte_normal.mp3,flute,woodwind,1.0972,44100,Gs5,80,mezzo-forte,normal,1,0
flute/Gs5/flute_Gs5_1_mezzo-piano_normal.mp3,flute,woodwind,1.0449,44100,Gs5,80,mezzo-piano,normal,1,0
flute/Gs5/flute_Gs5_1_pianissimo_normal.mp3,flute,woodwind,1.489,44100,Gs5,80,pianissimo,normal,1,0
flute/Gs5/flute_Gs5_1_piano_normal.mp3,flute,woodwind,0.9927,44100,Gs5,80,piano,normal,1,0
flute/Gs5/flute_Gs5_long_piano_normal.mp3,flute,woodwind,4.6237,44100,Gs5,80,piano,normal,1,0
flute/Gs6/flute_Gs6_025_forte_normal.mp3,flute,woodwind,0.4441,44100,Gs6,92,forte,normal,1,0
flute/Gs6/flute_Gs6_025_mezzo-forte_normal.mp3,flute,woodwind,0.3396,44100,Gs6,92,mezzo-forte,normal,1,0
flute/Gs6/flute_Gs6_025_pianissimo_normal.mp3,flute,woodwind,0.3135,44100,Gs6,92,pianissimo,normal,1,0
flute/Gs6/flute_Gs6_025_piano_normal.mp3,flute,woodwind,0.3135,44100,Gs6,92,piano,normal,1,0
flute/Gs6/flute_Gs6_05_forte_normal.mp3,flute,woodwind,0.862,44100,Gs6,92,forte,normal,1,0
flute/Gs6/flute_Gs6_05_mezzo-forte_normal.mp3,flute,woodwind,0.7837,44100,Gs6,92,mezzo-forte,normal,1,0
flute/Gs6/flute_Gs6_05_pianissimo_normal.mp3,flute,woodwind,0.7053,44100,Gs6,92,pianissimo,normal,1,0
flute/Gs6/flute_Gs6_05_piano_normal.mp3,flute,woodwind,0.7837,44100,Gs6,92,piano,normal,1,0
flute/Gs6/flute_Gs6_15_forte_normal.mp3,flute,woodwind,1.2539,44100,Gs6,92,forte,normal,1,0
flute/Gs6/flute_Gs6_15_mezzo-forte_normal.mp3,flute,woodwind,1.5151,44100,Gs6,92,mezzo-forte,normal,1,0
flute/Gs6/flute_Gs6_15_pianissimo_normal.mp3,flute,woodwind,1.3583,44100,Gs6,92,pianissimo,normal,1,0
flute/Gs6/flute_Gs6_15_piano_normal.mp3,flute,woodwind,1.3061,44100,Gs6,92,piano,normal,1,0
flute/Gs6/flute_Gs6_1_forte_normal.mp3,flute,woodwind,1.1233,44100,Gs6,92,forte,normal,1,0
flute/Gs6/flute_Gs6_1_mezzo-forte_normal.mp3,flute,woodwind,1.071,44100,Gs6,92,mezzo-forte,normal,1,0
flute/Gs6/flute_Gs6_1_pianissimo_normal.mp3,flute,woodwind,1.1233,44100,Gs6,92,pianissimo,normal,1,0
flute/Gs6/flute_Gs6_1_piano_normal.mp3,flute,woodwind,1.0449,44100,Gs6,92,piano,normal,1,0
flute/Gs6/flute_Gs6_long_piano_normal.mp3,flute,woodwind,3.3176,44100,Gs6,92,piano,normal,1,0
flute/Gs6/flute_Gs6_very-long_forte_normal.mp3,flute,woodwind,9.6392,44100,Gs6,92,forte,normal,1,0
flute/Gs6/flute_Gs6_very-long_pianissimo_normal.mp3,flute,woodwind,43.9379,44100,Gs6,92,pianissimo,normal,1,0
french-horn/A2/french-horn_A2_025_fortissimo_normal.mp3,french-horn,brass,0.4963,44100,A2,45,fortissimo,normal,1,0
french-horn/A2/french-horn_A2_025_mezzo-forte_normal.mp3,french-horn,brass,0.4963,44100,A2,45,mezzo-forte,normal,1,0
french-horn/A2/french-horn_A2_025_piano_normal.mp3,french-horn,brass,0.3658,44100,A2,45,piano,normal,1,0
french-horn/A2/french-horn_A2_05_fortissimo_normal.mp3,french-horn,brass,0.862,44100,A2,45,fortissimo,normal,1,0
french-horn/A2/french-horn_A2_05_mezzo-forte_normal.mp3,french-horn,brass,0.8882,44100,A2,45,mezzo-forte,normal,1,0
french-horn/A2/french-horn_A2_05_piano_normal.mp3,french-horn,brass,0.8098,44100,A2,45,piano,normal,1,0
french-horn/A2/french-horn_A2_15_fortissimo_normal.mp3,french-horn,brass,1.9069,44100,A2,45,fortissimo,normal,1,0
french-horn/A2/french-horn_A2_15_mezzo-forte_normal.mp3,french-horn,brass,1.6458,44100,A2,45,mezzo-forte,normal,1,0
french-horn/A2/french-horn_A2_15_piano_normal.mp3,french-horn,brass,2.142,44100,A2,45,piano,normal,1,0
french-horn/A2/french-horn_A2_1_fortissimo_normal.mp3,french-horn,brass,1.3845,44100,A2,45,fortissimo,normal,1,0
french-horn/A2/french-horn_A2_1_mezzo-forte_normal.mp3,french-horn,brass,1.5413,44100,A2,45,mezzo-forte,normal,1,0
french-horn/A2/french-horn_A2_1_piano_normal.mp3,french-horn,brass,1.3845,44100,A2,45,piano,normal,1,0
french-horn/A3/french-horn_A3_025_fortissimo_normal.mp3,french-horn,brass,0.4963,44100,A3,57,fortissimo,normal,1,0
french-horn/A3/french-horn_A3_025_mezzo-forte_normal.mp3,french-horn,brass,0.4179,44100,A3,57,mezzo-forte,normal,1,0
french-horn/A3/french-horn_A3_025_piano_normal.mp3,french-horn,brass,0.4963,44100,A3,57,piano,normal,1,0
french-horn/A3/french-horn_A3_05_fortissimo_normal.mp3,french-horn,brass,0.862,44100,A3,57,fortissimo,normal,1,0
french-horn/A3/french-horn_A3_05_mezzo-forte_normal.mp3,french-horn,brass,0.8098,44100,A3,57,mezzo-forte,normal,1,0
french-horn/A3/french-horn_A3_05_piano_normal.mp3,french-horn,brass,0.8098,44100,A3,57,piano,normal,1,0
french-horn/A3/french-horn_A3_15_fortissimo_normal.mp3,french-horn,brass,2.2204,44100,A3,57,fortissimo,normal,1,0
french-horn/A3/french-horn_A3_15_mezzo-forte_normal.mp3,french-horn,brass,1.7241,44100,A3,57,mezzo-forte,normal,1,0
french-horn/A3/french-horn_A3_15_piano_normal.mp3,french-horn,brass,1.8024,44100,A3,57,piano,normal,1,0
french-horn/A3/french-horn_A3_1_fortissimo_normal.mp3,french-horn,brass,1.4106,44100,A3,57,fortissimo,normal,1,0
french-horn/A3/french-horn_A3_1_mezzo-forte_normal.mp3,french-horn,brass,1.28,44100,A3,57,mezzo-forte,normal,1,0
french-horn/A3/french-horn_A3_1_piano_normal.mp3,french-horn,brass,1.4106,44100,A3,57,piano,normal,1,0
french-horn/A3/french-horn_A3_very-long_cresc-decresc_normal.mp3,french-horn,brass,11.6245,44100,A3,57,cresc-decresc,normal,1,0
french-horn/A3/french-horn_A3_very-long_piano_normal.mp3,french-horn,brass,7.68,44100,A3,57,piano,normal,1,0
french-horn/A4/french-horn_A4_025_fortissimo_normal.mp3,french-horn,brass,0.4441,44100,A4,69,fortissimo,normal,1,0
french-horn/A4/french-horn_A4_025_mezzo-forte_normal.mp3,french-horn,brass,0.4702,44100,A4,69,mezzo-forte,normal,1,0
french-horn/A4/french-horn_A4_025_piano_normal.mp3,french-horn,brass,0.4441,44100,A4,69,piano,normal,1,0
french-horn/A4/french-horn_A4_05_mezzo-forte_normal.mp3,french-horn,brass,0.9665,44100,A4,69,mezzo-forte,normal,1,0
french-horn/A4/french-horn_A4_05_piano_normal.mp3,french-horn,brass,0.9143,44100,A4,69,piano,normal,1,0
french-horn/A4/french-horn_A4_15_mezzo-forte_normal.mp3,french-horn,brass,1.5413,44100,A4,69,mezzo-forte,normal,1,0
french-horn/A4/french-horn_A4_15_piano_normal.mp3,french-horn,brass,1.7763,44100,A4,69,piano,normal,1,0
french-horn/A4/french-horn_A4_1_mezzo-forte_normal.mp3,french-horn,brass,1.5673,44100,A4,69,mezzo-forte,normal,1,0
french-horn/A4/french-horn_A4_1_piano_normal.mp3,french-horn,brass,1.6458,44100,A4,69,piano,normal,1,0
french-horn/A4/french-horn_A4_very-long_cresc-decresc_normal.mp3,french-horn,brass,9.7698,44100,A4,69,cresc-decresc,normal,1,0
french-horn/As1/french-horn_As1_025_fortissimo_normal.mp3,french-horn,brass,0.8359,44100,As1,34,fortissimo,normal,1,0
french-horn/As1/french-horn_As1_025_mezzo-forte_normal.mp3,french-horn,brass,0.3396,44100,As1,34,mezzo-forte,normal,1,0
french-horn/As1/french-horn_As1_025_piano_normal.mp3,french-horn,brass,0.6269,44100,As1,34,piano,normal,1,0
french-horn/As1/french-horn_As1_05_fortissimo_normal.mp3,french-horn,brass,1.4628,44100,As1,34,fortissimo,normal,1,0
french-horn/As1/french-horn_As1_05_mezzo-forte_normal.mp3,french-horn,brass,0.8098,44100,As1,34,mezzo-forte,normal,1,0
french-horn/As1/french-horn_As1_05_piano_normal.mp3,french-horn,brass,0.7576,44100,As1,34,piano,normal,1,0
french-horn/As1/french-horn_As1_15_mezzo-forte_normal.mp3,french-horn,brass,1.8547,44100,As1,34,mezzo-forte,normal,1,0
french-horn/As1/french-horn_As1_15_piano_normal.mp3,french-horn,brass,2.142,44100,As1,34,piano,normal,1,0
french-horn/As1/french-horn_As1_1_fortissimo_normal.mp3,french-horn,brass,1.7763,44100,As1,34,fortissimo,normal,1,0
french-horn/As1/french-horn_As1_1_mezzo-forte_normal.mp3,french-horn,brass,1.5413,44100,As1,34,mezzo-forte,normal,1,0
french-horn/As1/french-horn_As1_1_piano_normal.mp3,french-horn,brass,1.8024,44100,As1,34,piano,normal,1,0
french-horn/As1/french-horn_As1_long_forte_normal.mp3,french-horn,brass,2.56,44100,As1,34,forte,normal,1,0
french-horn/As1/french-horn_As1_very-long_cresc-decresc_normal.mp3,french-horn,brass,9.0645,44100,As1,34,cresc-decresc,normal,1,0
french-horn/As2/french-horn_As2_025_fortissimo_normal.mp3,french-horn,brass,0.5486,44100,As2,46,fortissimo,normal,1,0
french-horn/As2/french-horn_As2_025_mezzo-forte_normal.mp3,french-horn,brass,0.4441,44100,As2,46,mezzo-forte,normal,1,0
french-horn/As2/french-horn_As2_025_piano_normal.mp3,french-horn,brass,0.3918,44100,As2,46,piano,normal,1,0
french-horn/As2/french-horn_As2_05_fortissimo_normal.mp3,french-horn,brass,0.9404,44100,As2,46,fortissimo,normal,1,0
french-horn/As2/french-horn_As2_05_mezzo-forte_normal.mp3,french-horn,brass,1.0188,44100,As2,46,mezzo-forte,normal,1,0
french-horn/As2/french-horn_As2_05_piano_normal.mp3,french-horn,brass,0.8098,44100,As2,46,piano,normal,1,0
french-horn/As2/french-horn_As2_15_fortissimo_normal.mp3,french-horn,brass,1.9331,44100,As2,46,fortissimo,normal,1,0
french-horn/As2/french-horn_As2_15_mezzo-forte_normal.mp3,french-horn,brass,1.7502,44100,As2,46,mezzo-forte,normal,1,0
french-horn/As2/french-horn_As2_15_piano_normal.mp3,french-horn,brass,2.3249,44100,As2,46,piano,normal,1,0
french-horn/As2/french-horn_As2_1_fortissimo_normal.mp3,french-horn,brass,1.2277,44100,As2,46,fortissimo,normal,1,0
french-horn/As2/french-horn_As2_1_mezzo-forte_normal.mp3,french-horn,brass,1.3583,44100,As2,46,mezzo-forte,normal,1,0
french-horn/As2/french-horn_As2_1_piano_normal.mp3,french-horn,brass,1.4106,44100,As2,46,piano,normal,1,0
french-horn/As2/french-horn_As2_long_forte_normal.mp3,french-horn,brass,2.6383,44100,As2,46,forte,normal,1,0
french-horn/As2/french-horn_As2_long_piano_normal.mp3,french-horn,brass,2.4294,44100,As2,46,piano,normal,1,0
french-horn/As2/french-horn_As2_very-long_fortissimo_normal.mp3,french-horn,brass,4.2579,44100,As2,46,fortissimo,normal,1,0
french-horn/As3/french-horn_As3_025_fortissimo_normal.mp3,french-horn,brass,0.4963,44100,As3,58,fortissimo,normal,1,0
french-horn/As3/french-horn_As3_025_mezzo-forte_normal.mp3,french-horn,brass,0.4179,44100,As3,58,mezzo-forte,normal,1,0
french-horn/As3/french-horn_As3_025_piano_normal.mp3,french-horn,brass,0.4179,44100,As3,58,piano,normal,1,0
french-horn/As3/french-horn_As3_05_fortissimo_normal.mp3,french-horn,brass,0.9404,44100,As3,58,fortissimo,normal,1,0
french-horn/As3/french-horn_As3_05_mezzo-forte_normal.mp3,french-horn,brass,0.9143,44100,As3,58,mezzo-forte,normal,1,0
french-horn/As3/french-horn_As3_05_piano_normal.mp3,french-horn,brass,0.8359,44100,As3,58,piano,normal,1,0
french-horn/As3/french-horn_As3_15_fortissimo_normal.mp3,french-horn,brass,2.1682,44100,As3,58,fortissimo,normal,1,0
french-horn/As3/french-horn_As3_15_mezzo-forte_normal.mp3,french-horn,brass,1.7241,44100,As3,58,mezzo-forte,normal,1,0
french-horn/As3/french-horn_As3_15_piano_normal.mp3,french-horn,brass,1.9592,44100,As3,58,piano,normal,1,0
french-horn/As3/french-horn_As3_1_fortissimo_normal.mp3,french-horn,brass,1.4628,44100,As3,58,fortissimo,normal,1,0
french-horn/As3/french-horn_As3_1_mezzo-forte_normal.mp3,french-horn,brass,1.3845,44100,As3,58,mezzo-forte,normal,1,0
french-horn/As3/french-horn_As3_1_piano_normal.mp3,french-horn,brass,1.5151,44100,As3,58,piano,normal,1,0
french-horn/As3/french-horn_As3_long_forte_normal.mp3,french-horn,brass,2.769,44100,As3,58,forte,normal,1,0
french-horn/As3/french-horn_As3_long_piano_normal.mp3,french-horn,brass,2.2727,44100,As3,58,piano,normal,1,0
french-horn/As4/french-horn_As4_025_mezzo-forte_normal.mp3,french-horn,brass,1.0188,44100,As4,70,mezzo-forte,normal,1,0
french-horn/As4/french-horn_As4_025_piano_normal.mp3,french-horn,brass,0.4963,44100,As4,70,piano,normal,1,0
french-horn/As4/french-horn_As4_05_fortissimo_normal.mp3,french-horn,brass,0.9665,44100,As4,70,fortissimo,normal,1,0
french-horn/As4/french-horn_As4_05_mezzo-forte_normal.mp3,french-horn,brass,1.489,44100,As4,70,mezzo-forte,normal,1,0
french-horn/As4/french-horn_As4_05_piano_normal.mp3,french-horn,brass,1.6718,44100,As4,70,piano,normal,1,0
french-horn/As4/french-horn_As4_15_fortissimo_normal.mp3,french-horn,brass,1.7763,44100,As4,70,fortissimo,normal,1,0
french-horn/As4/french-horn_As4_15_mezzo-forte_normal.mp3,french-horn,brass,1.6718,44100,As4,70,mezzo-forte,normal,1,0
french-horn/As4/french-horn_As4_1_fortissimo_normal.mp3,french-horn,brass,1.5935,44100,As4,70,fortissimo,normal,1,0
french-horn/As4/french-horn_As4_1_mezzo-forte_normal.mp3,french-horn,brass,0.4441,44100,As4,70,mezzo-forte,normal,1,0
french-horn/As4/french-horn_As4_very-long_fortissimo_normal.mp3,french-horn,brass,3.2914,44100,As4,70,fortissimo,normal,1,0
french-horn/B1/french-horn_B1_025_fortissimo_normal.mp3,french-horn,brass,0.5224,44100,B1,35,fortissimo,normal,1,0
french-horn/B1/french-horn_B1_025_mezzo-forte_normal.mp3,french-horn,brass,0.3918,44100,B1,35,mezzo-forte,normal,1,0
french-horn/B1/french-horn_B1_025_piano_normal.mp3,french-horn,brass,0.4441,44100,B1,35,piano,normal,1,0
french-horn/B1/french-horn_B1_05_fortissimo_normal.mp3,french-horn,brass,0.8098,44100,B1,35,fortissimo,normal,1,0
french-horn/B1/french-horn_B1_05_mezzo-forte_normal.mp3,french-horn,brass,0.7314,44100,B1,35,mezzo-forte,normal,1,0
french-horn/B1/french-horn_B1_05_piano_normal.mp3,french-horn,brass,0.862,44100,B1,35,piano,normal,1,0
french-horn/B1/french-horn_B1_15_fortissimo_normal.mp3,french-horn,brass,1.4367,44100,B1,35,fortissimo,normal,1,0
french-horn/B1/french-horn_B1_15_mezzo-forte_normal.mp3,french-horn,brass,1.6718,44100,B1,35,mezzo-forte,normal,1,0
french-horn/B1/french-horn_B1_15_piano_normal.mp3,french-horn,brass,2.3772,44100,B1,35,piano,normal,1,0
french-horn/B1/french-horn_B1_1_fortissimo_normal.mp3,french-horn,brass,1.3583,44100,B1,35,fortissimo,normal,1,0
french-horn/B1/french-horn_B1_1_mezzo-forte_normal.mp3,french-horn,brass,1.28,44100,B1,35,mezzo-forte,normal,1,0
french-horn/B1/french-horn_B1_1_piano_normal.mp3,french-horn,brass,1.5413,44100,B1,35,piano,normal,1,0
french-horn/B2/french-horn_B2_025_fortissimo_normal.mp3,french-horn,brass,0.5224,44100,B2,47,fortissimo,normal,1,0
french-horn/B2/french-horn_B2_025_mezzo-forte_normal.mp3,french-horn,brass,0.4441,44100,B2,47,mezzo-forte,normal,1,0
french-horn/B2/french-horn_B2_025_piano_normal.mp3,french-horn,brass,0.4441,44100,B2,47,piano,normal,1,0
french-horn/B2/french-horn_B2_05_fortissimo_normal.mp3,french-horn,brass,0.8098,44100,B2,47,fortissimo,normal,1,0
french-horn/B2/french-horn_B2_05_mezzo-forte_normal.mp3,french-horn,brass,0.862,44100,B2,47,mezzo-forte,normal,1,0
french-horn/B2/french-horn_B2_05_piano_normal.mp3,french-horn,brass,0.862,44100,B2,47,piano,normal,1,0
french-horn/B2/french-horn_B2_15_fortissimo_normal.mp3,french-horn,brass,2.0376,44100,B2,47,fortissimo,normal,1,0
french-horn/B2/french-horn_B2_15_mezzo-forte_normal.mp3,french-horn,brass,1.8286,44100,B2,47,mezzo-forte,normal,1,0
french-horn/B2/french-horn_B2_15_piano_normal.mp3,french-horn,brass,2.1682,44100,B2,47,piano,normal,1,0
french-horn/B2/french-horn_B2_1_fortissimo_normal.mp3,french-horn,brass,1.3583,44100,B2,47,fortissimo,normal,1,0
french-horn/B2/french-horn_B2_1_mezzo-forte_normal.mp3,french-horn,brass,1.489,44100,B2,47,mezzo-forte,normal,1,0
french-horn/B2/french-horn_B2_1_piano_normal.mp3,french-horn,brass,1.4106,44100,B2,47,piano,normal,1,0
french-horn/B3/french-horn_B3_025_fortissimo_normal.mp3,french-horn,brass,0.5224,44100,B3,59,fortissimo,normal,1,0
french-horn/B3/french-horn_B3_025_mezzo-forte_normal.mp3,french-horn,brass,0.4179,44100,B3,59,mezzo-forte,normal,1,0
french-horn/B3/french-horn_B3_025_piano_normal.mp3,french-horn,brass,0.4441,44100,B3,59,piano,normal,1,0
french-horn/B3/french-horn_B3_05_fortissimo_normal.mp3,french-horn,brass,0.8882,44100,B3,59,fortissimo,normal,1,0
french-horn/B3/french-horn_B3_05_mezzo-forte_normal.mp3,french-horn,brass,0.9404,44100,B3,59,mezzo-forte,normal,1,0
french-horn/B3/french-horn_B3_05_piano_normal.mp3,french-horn,brass,0.9665,44100,B3,59,piano,normal,1,0
french-horn/B3/french-horn_B3_15_fortissimo_normal.mp3,french-horn,brass,1.9331,44100,B3,59,fortissimo,normal,1,0
french-horn/B3/french-horn_B3_15_mezzo-forte_normal.mp3,french-horn,brass,1.7763,44100,B3,59,mezzo-forte,normal,1,0
french-horn/B3/french-horn_B3_15_piano_normal.mp3,french-horn,brass,1.7502,44100,B3,59,piano,normal,1,0
french-horn/B3/french-horn_B3_1_fortissimo_normal.mp3,french-horn,brass,1.4628,44100,B3,59,fortissimo,normal,1,0
french-horn/B3/french-horn_B3_1_mezzo-forte_normal.mp3,french-horn,brass,1.5151,44100,B3,59,mezzo-forte,normal,1,0
french-horn/B3/french-horn_B3_1_piano_normal.mp3,french-horn,brass,1.4367,44100,B3,59,piano,normal,1,0
french-horn/B4/french-horn_B4_025_fortissimo_normal.mp3,french-horn,brass,0.4179,44100,B4,71,fortissimo,normal,1,0
french-horn/B4/french-horn_B4_025_mezzo-forte_normal.mp3,french-horn,brass,0.4179,44100,B4,71,mezzo-forte,normal,1,0
french-horn/B4/french-horn_B4_025_piano_normal.mp3,french-horn,brass,0.4441,44100,B4,71,piano,normal,1,0
french-horn/B4/french-horn_B4_05_fortissimo_normal.mp3,french-horn,brass,0.9404,44100,B4,71,fortissimo,normal,1,0
french-horn/B4/french-horn_B4_05_mezzo-forte_normal.mp3,french-horn,brass,0.9927,44100,B4,71,mezzo-forte,normal,1,0
french-horn/B4/french-horn_B4_05_piano_normal.mp3,french-horn,brass,0.9143,44100,B4,71,piano,normal,1,0
french-horn/B4/french-horn_B4_15_fortissimo_normal.mp3,french-horn,brass,1.6196,44100,B4,71,fortissimo,normal,1,0
french-horn/B4/french-horn_B4_15_mezzo-forte_normal.mp3,french-horn,brass,1.5413,44100,B4,71,mezzo-forte,normal,1,0
french-horn/B4/french-horn_B4_15_piano_normal.mp3,french-horn,brass,1.6979,44100,B4,71,piano,normal,1,0
french-horn/B4/french-horn_B4_1_fortissimo_normal.mp3,french-horn,brass,1.3845,44100,B4,71,fortissimo,normal,1,0
french-horn/B4/french-horn_B4_1_mezzo-forte_normal.mp3,french-horn,brass,1.5673,44100,B4,71,mezzo-forte,normal,1,0
french-horn/B4/french-horn_B4_1_piano_normal.mp3,french-horn,brass,1.6458,44100,B4,71,piano,normal,1,0
french-horn/B4/french-horn_B4_long_forte_normal.mp3,french-horn,brass,2.1159,44100,B4,71,forte,normal,1,0
french-horn/B4/french-horn_B4_long_piano_normal.mp3,french-horn,brass,2.142,44100,B4,71,piano,normal,1,0
french-horn/C2/french-horn_C2_025_fortissimo_normal.mp3,french-horn,brass,0.4702,44100,C2,36,fortissimo,normal,1,0
french-horn/C2/french-horn_C2_025_mezzo-forte_normal.mp3,french-horn,brass,0.3918,44100,C2,36,mezzo-forte,normal,1,0
french-horn/C2/french-horn_C2_025_piano_normal.mp3,french-horn,brass,0.3918,44100,C2,36,piano,normal,1,0
french-horn/C2/french-horn_C2_05_fortissimo_normal.mp3,french-horn,brass,0.7576,44100,C2,36,fortissimo,normal,1,0
french-horn/C2/french-horn_C2_05_mezzo-forte_normal.mp3,french-horn,brass,0.7576,44100,C2,36,mezzo-forte,normal,1,0
french-horn/C2/french-horn_C2_05_piano_normal.mp3,french-horn,brass,0.8359,44100,C2,36,piano,normal,1,0
french-horn/C2/french-horn_C2_15_fortissimo_normal.mp3,french-horn,brass,1.9069,44100,C2,36,fortissimo,normal,1,0
french-horn/C2/french-horn_C2_15_mezzo-forte_normal.mp3,french-horn,brass,1.6979,44100,C2,36,mezzo-forte,normal,1,0
french-horn/C2/french-horn_C2_15_piano_normal.mp3,french-horn,brass,2.0637,44100,C2,36,piano,normal,1,0
french-horn/C2/french-horn_C2_1_fortissimo_normal.mp3,french-horn,brass,1.4367,44100,C2,36,fortissimo,normal,1,0
french-horn/C2/french-horn_C2_1_mezzo-forte_normal.mp3,french-horn,brass,1.4367,44100,C2,36,mezzo-forte,normal,1,0
french-horn/C2/french-horn_C2_1_piano_normal.mp3,french-horn,brass,1.6979,44100,C2,36,piano,normal,1,0
french-horn/C2/french-horn_C2_very-long_forte_normal.mp3,french-horn,brass,5.5379,44100,C2,36,forte,normal,1,0
french-horn/C2/french-horn_C2_very-long_fortissimo_normal.mp3,french-horn,brass,3.4743,44100,C2,36,fortissimo,normal,1,0
french-horn/C2/french-horn_C2_very-long_piano_normal.mp3,french-horn,brass,17.2408,44100,C2,36,piano,normal,1,0
french-horn/C3/french-horn_C3_025_fortissimo_normal.mp3,french-horn,brass,0.5224,44100,C3,48,fortissimo,normal,1,0
french-horn/C3/french-horn_C3_025_mezzo-forte_normal.mp3,french-horn,brass,0.4441,44100,C3,48,mezzo-forte,normal,1,0
french-horn/C3/french-horn_C3_025_piano_normal.mp3,french-horn,brass,0.3918,44100,C3,48,piano,normal,1,0
french-horn/C3/french-horn_C3_05_fortissimo_normal.mp3,french-horn,brass,0.862,44100,C3,48,fortissimo,normal,1,0
french-horn/C3/french-horn_C3_05_mezzo-forte_normal.mp3,french-horn,brass,0.9143,44100,C3,48,mezzo-forte,normal,1,0
french-horn/C3/french-horn_C3_05_piano_normal.mp3,french-horn,brass,0.7837,44100,C3,48,piano,normal,1,0
french-horn/C3/french-horn_C3_15_fortissimo_normal.mp3,french-horn,brass,2.0114,44100,C3,48,fortissimo,normal,1,0
french-horn/C3/french-horn_C3_15_mezzo-forte_normal.mp3,french-horn,brass,1.8024,44100,C3,48,mezzo-forte,normal,1,0
french-horn/C3/french-horn_C3_15_piano_normal.mp3,french-horn,brass,2.1942,44100,C3,48,piano,normal,1,0
french-horn/C3/french-horn_C3_1_fortissimo_normal.mp3,french-horn,brass,1.3583,44100,C3,48,fortissimo,normal,1,0
french-horn/C3/french-horn_C3_1_mezzo-forte_normal.mp3,french-horn,brass,1.3583,44100,C3,48,mezzo-forte,normal,1,0
french-horn/C3/french-horn_C3_1_piano_normal.mp3,french-horn,brass,1.3845,44100,C3,48,piano,normal,1,0
french-horn/C3/french-horn_C3_very-long_cresc-decresc_normal.mp3,french-horn,brass,11.1542,44100,C3,48,cresc-decresc,normal,1,0
french-horn/C3/french-horn_C3_very-long_forte_normal.mp3,french-horn,brass,8.1763,44100,C3,48,forte,normal,1,0
french-horn/C3/french-horn_C3_very-long_pianissimo_normal.mp3,french-horn,brass,41.7698,44100,C3,48,pianissimo,normal,1,0
french-horn/C4/french-horn_C4_025_fortissimo_normal.mp3,french-horn,brass,0.4963,44100,C4,60,fortissimo,normal,1,0
french-horn/C4/french-horn_C4_025_mezzo-forte_normal.mp3,french-horn,brass,0.3918,44100,C4,60,mezzo-forte,normal,1,0
french-horn/C4/french-horn_C4_025_piano_normal.mp3,french-horn,brass,0.5747,44100,C4,60,piano,normal,1,0
french-horn/C4/french-horn_C4_05_fortissimo_normal.mp3,french-horn,brass,0.8882,44100,C4,60,fortissimo,normal,1,0
french-horn/C4/french-horn_C4_05_mezzo-forte_normal.mp3,french-horn,brass,0.8882,44100,C4,60,mezzo-forte,normal,1,0
french-horn/C4/french-horn_C4_05_piano_normal.mp3,french-horn,brass,0.9143,44100,C4,60,piano,normal,1,0
french-horn/C4/french-horn_C4_15_fortissimo_normal.mp3,french-horn,brass,2.0376,44100,C4,60,fortissimo,normal,1,0
french-horn/C4/french-horn_C4_15_mezzo-forte_normal.mp3,french-horn,brass,1.6718,44100,C4,60,mezzo-forte,normal,1,0
french-horn/C4/french-horn_C4_15_piano_normal.mp3,french-horn,brass,1.8024,44100,C4,60,piano,normal,1,0
french-horn/C4/french-horn_C4_1_fortissimo_normal.mp3,french-horn,brass,1.5151,44100,C4,60,fortissimo,normal,1,0
french-horn/C4/french-horn_C4_1_mezzo-forte_normal.mp3,french-horn,brass,1.5935,44100,C4,60,mezzo-forte,normal,1,0
french-horn/C4/french-horn_C4_1_piano_normal.mp3,french-horn,brass,1.4628,44100,C4,60,piano,normal,1,0
french-horn/C4/french-horn_C4_very-long_cresc-decresc_normal.mp3,french-horn,brass,11.4155,44100,C4,60,cresc-decresc,normal,1,0
french-horn/C4/french-horn_C4_very-long_forte_normal.mp3,french-horn,brass,8.7249,44100,C4,60,forte,normal,1,0
french-horn/C4/french-horn_C4_very-long_fortissimo_normal.mp3,french-horn,brass,3.6572,44100,C4,60,fortissimo,normal,1,0
french-horn/C4/french-horn_C4_very-long_piano_normal.mp3,french-horn,brass,33.3845,44100,C4,60,piano,normal,1,0
french-horn/C5/french-horn_C5_025_fortissimo_normal.mp3,french-horn,brass,0.4179,44100,C5,72,fortissimo,normal,1,0
french-horn/C5/french-horn_C5_025_mezzo-forte_normal.mp3,french-horn,brass,0.4441,44100,C5,72,mezzo-forte,normal,1,0
french-horn/C5/french-horn_C5_025_piano_normal.mp3,french-horn,brass,0.4441,44100,C5,72,piano,normal,1,0
french-horn/C5/french-horn_C5_05_fortissimo_normal.mp3,french-horn,brass,0.8882,44100,C5,72,fortissimo,normal,1,0
french-horn/C5/french-horn_C5_05_mezzo-forte_normal.mp3,french-horn,brass,0.9927,44100,C5,72,mezzo-forte,normal,1,0
french-horn/C5/french-horn_C5_05_piano_normal.mp3,french-horn,brass,0.9143,44100,C5,72,piano,normal,1,0
french-horn/C5/french-horn_C5_15_fortissimo_normal.mp3,french-horn,brass,1.4628,44100,C5,72,fortissimo,normal,1,0
french-horn/C5/french-horn_C5_15_mezzo-forte_normal.mp3,french-horn,brass,1.8547,44100,C5,72,mezzo-forte,normal,1,0
french-horn/C5/french-horn_C5_15_piano_normal.mp3,french-horn,brass,2.0898,44100,C5,72,piano,normal,1,0
french-horn/C5/french-horn_C5_1_fortissimo_normal.mp3,french-horn,brass,1.4106,44100,C5,72,fortissimo,normal,1,0
french-horn/C5/french-horn_C5_1_mezzo-forte_normal.mp3,french-horn,brass,1.5151,44100,C5,72,mezzo-forte,normal,1,0
french-horn/C5/french-horn_C5_1_piano_normal.mp3,french-horn,brass,1.4628,44100,C5,72,piano,normal,1,0
french-horn/C5/french-horn_C5_very-long_crescendo_normal.mp3,french-horn,brass,8.3069,44100,C5,72,crescendo,normal,1,0
french-horn/C5/french-horn_C5_very-long_forte_normal.mp3,french-horn,brass,8.2024,44100,C5,72,forte,normal,1,0
french-horn/C5/french-horn_C5_very-long_piano_normal.mp3,french-horn,brass,19.8792,44100,C5,72,piano,normal,1,0
french-horn/Cs2/french-horn_Cs2_025_fortissimo_normal.mp3,french-horn,brass,0.4963,44100,Cs2,37,fortissimo,normal,1,0
french-horn/Cs2/french-horn_Cs2_025_mezzo-forte_normal.mp3,french-horn,brass,0.4441,44100,Cs2,37,mezzo-forte,normal,1,0
french-horn/Cs2/french-horn_Cs2_025_piano_normal.mp3,french-horn,brass,0.5486,44100,Cs2,37,piano,normal,1,0
french-horn/Cs2/french-horn_Cs2_05_fortissimo_normal.mp3,french-horn,brass,0.8098,44100,Cs2,37,fortissimo,normal,1,0
french-horn/Cs2/french-horn_Cs2_05_mezzo-forte_normal.mp3,french-horn,brass,0.8098,44100,Cs2,37,mezzo-forte,normal,1,0
french-horn/Cs2/french-horn_Cs2_05_piano_normal.mp3,french-horn,brass,0.7314,44100,Cs2,37,piano,normal,1,0
french-horn/Cs2/french-horn_Cs2_15_fortissimo_normal.mp3,french-horn,brass,1.8808,44100,Cs2,37,fortissimo,normal,1,0
french-horn/Cs2/french-horn_Cs2_15_mezzo-forte_normal.mp3,french-horn,brass,1.5935,44100,Cs2,37,mezzo-forte,normal,1,0
french-horn/Cs2/french-horn_Cs2_15_piano_normal.mp3,french-horn,brass,2.1682,44100,Cs2,37,piano,normal,1,0
french-horn/Cs2/french-horn_Cs2_1_fortissimo_normal.mp3,french-horn,brass,1.489,44100,Cs2,37,fortissimo,normal,1,0
french-horn/Cs2/french-horn_Cs2_1_mezzo-forte_normal.mp3,french-horn,brass,1.6718,44100,Cs2,37,mezzo-forte,normal,1,0
french-horn/Cs2/french-horn_Cs2_1_piano_normal.mp3,french-horn,brass,1.5151,44100,Cs2,37,piano,normal,1,0
french-horn/Cs2/french-horn_Cs2_long_forte_normal.mp3,french-horn,brass,2.56,44100,Cs2,37,forte,normal,1,0
french-horn/Cs2/french-horn_Cs2_long_piano_normal.mp3,french-horn,brass,2.7168,44100,Cs2,37,piano,normal,1,0
french-horn/Cs2/french-horn_Cs2_very-long_cresc-decresc_normal.mp3,french-horn,brass,8.8033,44100,Cs2,37,cresc-decresc,normal,1,0
french-horn/Cs3/french-horn_Cs3_025_fortissimo_normal.mp3,french-horn,brass,0.4963,44100,Cs3,49,fortissimo,normal,1,0
french-horn/Cs3/french-horn_Cs3_025_mezzo-forte_normal.mp3,french-horn,brass,0.4441,44100,Cs3,49,mezzo-forte,normal,1,0
french-horn/Cs3/french-horn_Cs3_025_piano_normal.mp3,french-horn,brass,0.4702,44100,Cs3,49,piano,normal,1,0
french-horn/Cs3/french-horn_Cs3_05_fortissimo_normal.mp3,french-horn,brass,0.862,44100,Cs3,49,fortissimo,normal,1,0
french-horn/Cs3/french-horn_Cs3_05_mezzo-forte_normal.mp3,french-horn,brass,0.8882,44100,Cs3,49,mezzo-forte,normal,1,0
french-horn/Cs3/french-horn_Cs3_05_piano_normal.mp3,french-horn,brass,0.9143,44100,Cs3,49,piano,normal,1,0
french-horn/Cs3/french-horn_Cs3_15_fortissimo_normal.mp3,french-horn,brass,1.8286,44100,Cs3,49,fortissimo,normal,1,0
french-horn/Cs3/french-horn_Cs3_15_mezzo-forte_normal.mp3,french-horn,brass,1.5673,44100,Cs3,49,mezzo-forte,normal,1,0
french-horn/Cs3/french-horn_Cs3_15_piano_normal.mp3,french-horn,brass,2.2988,44100,Cs3,49,piano,normal,1,0
french-horn/Cs3/french-horn_Cs3_1_fortissimo_normal.mp3,french-horn,brass,1.3583,44100,Cs3,49,fortissimo,normal,1,0
french-horn/Cs3/french-horn_Cs3_1_mezzo-forte_normal.mp3,french-horn,brass,1.3061,44100,Cs3,49,mezzo-forte,normal,1,0
french-horn/Cs3/french-horn_Cs3_1_piano_normal.mp3,french-horn,brass,1.5151,44100,Cs3,49,piano,normal,1,0
french-horn/Cs3/french-horn_Cs3_long_forte_normal.mp3,french-horn,brass,2.5861,44100,Cs3,49,forte,normal,1,0
french-horn/Cs3/french-horn_Cs3_long_piano_normal.mp3,french-horn,brass,2.2727,44100,Cs3,49,piano,normal,1,0
french-horn/Cs3/french-horn_Cs3_phrase_piano_normal.mp3,french-horn,brass,7.4188,44100,Cs3,49,piano,normal,1,1
french-horn/Cs3/french-horn_Cs3_very-long_fortissimo_normal.mp3,french-horn,brass,4.049,44100,Cs3,49,fortissimo,normal,1,0
french-horn/Cs4/french-horn_Cs4_025_fortissimo_normal.mp3,french-horn,brass,0.4441,44100,Cs4,61,fortissimo,normal,1,0
french-horn/Cs4/french-horn_Cs4_025_mezzo-forte_normal.mp3,french-horn,brass,0.4179,44100,Cs4,61,mezzo-forte,normal,1,0
french-horn/Cs4/french-horn_Cs4_025_piano_normal.mp3,french-horn,brass,0.4441,44100,Cs4,61,piano,normal,1,0
french-horn/Cs4/french-horn_Cs4_05_fortissimo_normal.mp3,french-horn,brass,0.9143,44100,Cs4,61,fortissimo,normal,1,0
french-horn/Cs4/french-horn_Cs4_05_mezzo-forte_normal.mp3,french-horn,brass,0.9404,44100,Cs4,61,mezzo-forte,normal,1,0
french-horn/Cs4/french-horn_Cs4_05_piano_normal.mp3,french-horn,brass,0.8882,44100,Cs4,61,piano,normal,1,0
french-horn/Cs4/french-horn_Cs4_15_fortissimo_normal.mp3,french-horn,brass,1.9853,44100,Cs4,61,fortissimo,normal,1,0
french-horn/Cs4/french-horn_Cs4_15_mezzo-forte_normal.mp3,french-horn,brass,1.5673,44100,Cs4,61,mezzo-forte,normal,1,0
french-horn/Cs4/french-horn_Cs4_15_piano_normal.mp3,french-horn,brass,1.6718,44100,Cs4,61,piano,normal,1,0
french-horn/Cs4/french-horn_Cs4_1_fortissimo_normal.mp3,french-horn,brass,1.5151,44100,Cs4,61,fortissimo,normal,1,0
french-horn/Cs4/french-horn_Cs4_1_mezzo-forte_normal.mp3,french-horn,brass,1.4106,44100,Cs4,61,mezzo-forte,normal,1,0
french-horn/Cs4/french-horn_Cs4_1_piano_normal.mp3,french-horn,brass,1.2277,44100,Cs4,61,piano,normal,1,0
french-horn/Cs5/french-horn_Cs5_025_fortissimo_normal.mp3,french-horn,brass,0.4441,44100,Cs5,73,fortissimo,normal,1,0
french-horn/Cs5/french-horn_Cs5_05_fortissimo_normal.mp3,french-horn,brass,0.9143,44100,Cs5,73,fortissimo,normal,1,0
french-horn/Cs5/french-horn_Cs5_15_fortissimo_normal.mp3,french-horn,brass,1.4106,44100,Cs5,73,fortissimo,normal,1,0
french-horn/Cs5/french-horn_Cs5_1_fortissimo_normal.mp3,french-horn,brass,1.2277,44100,Cs5,73,fortissimo,normal,1,0
french-horn/Cs5/french-horn_Cs5_very-long_fortissimo_normal.mp3,french-horn,brass,2.8213,44100,Cs5,73,fortissimo,normal,1,0
french-horn/D2/french-horn_D2_025_fortissimo_normal.mp3,french-horn,brass,0.5224,44100,D2,38,fortissimo,normal,1,0
french-horn/D2/french-horn_D2_025_mezzo-forte_normal.mp3,french-horn,brass,0.4963,44100,D2,38,mezzo-forte,normal,1,0
french-horn/D2/french-horn_D2_025_piano_normal.mp3,french-horn,brass,0.3918,44100,D2,38,piano,normal,1,0
french-horn/D2/french-horn_D2_05_fortissimo_normal.mp3,french-horn,brass,0.8882,44100,D2,38,fortissimo,normal,1,0
french-horn/D2/french-horn_D2_05_mezzo-forte_normal.mp3,french-horn,brass,0.8359,44100,D2,38,mezzo-forte,normal,1,0
french-horn/D2/french-horn_D2_05_piano_normal.mp3,french-horn,brass,0.6792,44100,D2,38,piano,normal,1,0
french-horn/D2/french-horn_D2_15_fortissimo_normal.mp3,french-horn,brass,1.6979,44100,D2,38,fortissimo,normal,1,0
french-horn/D2/french-horn_D2_15_mezzo-forte_normal.mp3,french-horn,brass,1.6979,44100,D2,38,mezzo-forte,normal,1,0
french-horn/D2/french-horn_D2_15_piano_normal.mp3,french-horn,brass,2.0898,44100,D2,38,piano,normal,1,0
french-horn/D2/french-horn_D2_1_fortissimo_normal.mp3,french-horn,brass,1.489,44100,D2,38,fortissimo,normal,1,0
french-horn/D2/french-horn_D2_1_mezzo-forte_normal.mp3,french-horn,brass,1.6196,44100,D2,38,mezzo-forte,normal,1,0
french-horn/D2/french-horn_D2_1_piano_normal.mp3,french-horn,brass,1.5151,44100,D2,38,piano,normal,1,0
french-horn/D3/french-horn_D3_025_fortissimo_normal.mp3,french-horn,brass,0.4963,44100,D3,50,fortissimo,normal,1,0
french-horn/D3/french-horn_D3_025_mezzo-forte_normal.mp3,french-horn,brass,0.4441,44100,D3,50,mezzo-forte,normal,1,0
french-horn/D3/french-horn_D3_025_piano_normal.mp3,french-horn,brass,0.4702,44100,D3,50,piano,normal,1,0
french-horn/D3/french-horn_D3_05_fortissimo_normal.mp3,french-horn,brass,0.8098,44100,D3,50,fortissimo,normal,1,0
french-horn/D3/french-horn_D3_05_mezzo-forte_normal.mp3,french-horn,brass,0.8359,44100,D3,50,mezzo-forte,normal,1,0
french-horn/D3/french-horn_D3_05_piano_normal.mp3,french-horn,brass,0.7576,44100,D3,50,piano,normal,1,0
french-horn/D3/french-horn_D3_15_fortissimo_normal.mp3,french-horn,brass,1.7763,44100,D3,50,fortissimo,normal,1,0
french-horn/D3/french-horn_D3_15_mezzo-forte_normal.mp3,french-horn,brass,1.5413,44100,D3,50,mezzo-forte,normal,1,0
french-horn/D3/french-horn_D3_15_piano_normal.mp3,french-horn,brass,1.9853,44100,D3,50,piano,normal,1,0
french-horn/D3/french-horn_D3_1_fortissimo_normal.mp3,french-horn,brass,1.4106,44100,D3,50,fortissimo,normal,1,0
french-horn/D3/french-horn_D3_1_mezzo-forte_normal.mp3,french-horn,brass,1.2277,44100,D3,50,mezzo-forte,normal,1,0
french-horn/D3/french-horn_D3_1_piano_normal.mp3,french-horn,brass,1.3061,44100,D3,50,piano,normal,1,0
french-horn/D4/french-horn_D4_025_fortissimo_normal.mp3,french-horn,brass,0.4963,44100,D4,62,fortissimo,normal,1,0
french-horn/D4/french-horn_D4_025_mezzo-forte_normal.mp3,french-horn,brass,0.4179,44100,D4,62,mezzo-forte,normal,1,0
french-horn/D4/french-horn_D4_025_piano_normal.mp3,french-horn,brass,0.4179,44100,D4,62,piano,normal,1,0
french-horn/D4/french-horn_D4_05_fortissimo_normal.mp3,french-horn,brass,0.9927,44100,D4,62,fortissimo,normal,1,0
french-horn/D4/french-horn_D4_05_mezzo-forte_normal.mp3,french-horn,brass,0.862,44100,D4,62,mezzo-forte,normal,1,0
french-horn/D4/french-horn_D4_05_piano_normal.mp3,french-horn,brass,0.8098,44100,D4,62,piano,normal,1,0
french-horn/D4/french-horn_D4_15_fortissimo_normal.mp3,french-horn,brass,1.9592,44100,D4,62,fortissimo,normal,1,0
french-horn/D4/french-horn_D4_15_mezzo-forte_normal.mp3,french-horn,brass,1.6718,44100,D4,62,mezzo-forte,normal,1,0
french-horn/D4/french-horn_D4_15_piano_normal.mp3,french-horn,brass,1.7763,44100,D4,62,piano,normal,1,0
french-horn/D4/french-horn_D4_1_fortissimo_normal.mp3,french-horn,brass,1.4106,44100,D4,62,fortissimo,normal,1,0
french-horn/D4/french-horn_D4_1_mezzo-forte_normal.mp3,french-horn,brass,1.4367,44100,D4,62,mezzo-forte,normal,1,0
french-horn/D4/french-horn_D4_1_piano_normal.mp3,french-horn,brass,1.28,44100,D4,62,piano,normal,1,0
french-horn/D4/french-horn_D4_long_forte_normal.mp3,french-horn,brass,2.7428,44100,D4,62,forte,normal,1,0
french-horn/D4/french-horn_D4_long_piano_normal.mp3,french-horn,brass,2.2988,44100,D4,62,piano,normal,1,0
french-horn/D5/french-horn_D5_025_fortissimo_normal.mp3,french-horn,brass,0.4179,44100,D5,74,fortissimo,normal,1,0
french-horn/D5/french-horn_D5_05_fortissimo_normal.mp3,french-horn,brass,0.8098,44100,D5,74,fortissimo,normal,1,0
french-horn/D5/french-horn_D5_15_fortissimo_normal.mp3,french-horn,brass,1.489,44100,D5,74,fortissimo,normal,1,0
french-horn/D5/french-horn_D5_1_fortissimo_normal.mp3,french-horn,brass,1.3061,44100,D5,74,fortissimo,normal,1,0
french-horn/D5/french-horn_D5_long_forte_normal.mp3,french-horn,brass,1.7502,44100,D5,74,forte,normal,1,0
french-horn/D5/french-horn_D5_long_piano_normal.mp3,french-horn,brass,1.8024,44100,D5,74,piano,normal,1,0
french-horn/D5/french-horn_D5_very-long_crescendo_normal.mp3,french-horn,brass,4.3363,44100,D5,74,crescendo,normal,1,0
french-horn/Ds2/french-horn_Ds2_025_fortissimo_normal.mp3,french-horn,brass,0.4963,44100,Ds2,39,fortissimo,normal,1,0
french-horn/Ds2/french-horn_Ds2_025_mezzo-forte_normal.mp3,french-horn,brass,0.4441,44100,Ds2,39,mezzo-forte,normal,1,0
french-horn/Ds2/french-horn_Ds2_025_piano_normal.mp3,french-horn,brass,0.3918,44100,Ds2,39,piano,normal,1,0
french-horn/Ds2/french-horn_Ds2_05_fortissimo_normal.mp3,french-horn,brass,0.862,44100,Ds2,39,fortissimo,normal,1,0
french-horn/Ds2/french-horn_Ds2_05_mezzo-forte_normal.mp3,french-horn,brass,0.8882,44100,Ds2,39,mezzo-forte,normal,1,0
french-horn/Ds2/french-horn_Ds2_05_piano_normal.mp3,french-horn,brass,0.8882,44100,Ds2,39,piano,normal,1,0
french-horn/Ds2/french-horn_Ds2_15_fortissimo_normal.mp3,french-horn,brass,1.8024,44100,Ds2,39,fortissimo,normal,1,0
french-horn/Ds2/french-horn_Ds2_15_mezzo-forte_normal.mp3,french-horn,brass,1.5673,44100,Ds2,39,mezzo-forte,normal,1,0
french-horn/Ds2/french-horn_Ds2_15_piano_normal.mp3,french-horn,brass,2.142,44100,Ds2,39,piano,normal,1,0
french-horn/Ds2/french-horn_Ds2_1_fortissimo_normal.mp3,french-horn,brass,1.5935,44100,Ds2,39,fortissimo,normal,1,0
french-horn/Ds2/french-horn_Ds2_1_mezzo-forte_normal.mp3,french-horn,brass,1.489,44100,Ds2,39,mezzo-forte,normal,1,0
french-horn/Ds2/french-horn_Ds2_1_piano_normal.mp3,french-horn,brass,1.2539,44100,Ds2,39,piano,normal,1,0
french-horn/Ds3/french-horn_Ds3_025_fortissimo_normal.mp3,french-horn,brass,0.5224,44100,Ds3,51,fortissimo,normal,1,0
french-horn/Ds3/french-horn_Ds3_025_mezzo-forte_normal.mp3,french-horn,brass,0.4441,44100,Ds3,51,mezzo-forte,normal,1,0
french-horn/Ds3/french-horn_Ds3_025_piano_normal.mp3,french-horn,brass,0.4441,44100,Ds3,51,piano,normal,1,0
french-horn/Ds3/french-horn_Ds3_05_fortissimo_normal.mp3,french-horn,brass,0.8359,44100,Ds3,51,fortissimo,normal,1,0
french-horn/Ds3/french-horn_Ds3_05_mezzo-forte_normal.mp3,french-horn,brass,0.9143,44100,Ds3,51,mezzo-forte,normal,1,0
french-horn/Ds3/french-horn_Ds3_05_piano_normal.mp3,french-horn,brass,0.862,44100,Ds3,51,piano,normal,1,0
french-horn/Ds3/french-horn_Ds3_15_fortissimo_normal.mp3,french-horn,brass,2.0114,44100,Ds3,51,fortissimo,normal,1,0
french-horn/Ds3/french-horn_Ds3_15_mezzo-forte_normal.mp3,french-horn,brass,1.7502,44100,Ds3,51,mezzo-forte,normal,1,0
french-horn/Ds3/french-horn_Ds3_15_piano_normal.mp3,french-horn,brass,2.142,44100,Ds3,51,piano,normal,1,0
french-horn/Ds3/french-horn_Ds3_1_fortissimo_normal.mp3,french-horn,brass,1.4106,44100,Ds3,51,fortissimo,normal,1,0
french-horn/Ds3/french-horn_Ds3_1_mezzo-forte_normal.mp3,french-horn,brass,1.28,44100,Ds3,51,mezzo-forte,normal,1,0
french-horn/Ds3/french-horn_Ds3_1_piano_normal.mp3,french-horn,brass,1.5673,44100,Ds3,51,piano,normal,1,0
french-horn/Ds3/french-horn_Ds3_long_piano_normal.mp3,french-horn,brass,0.9665,44100,Ds3,51,piano,normal,1,0
french-horn/Ds3/french-horn_Ds3_very-long_cresc-decresc_normal.mp3,french-horn,brass,10.6058,44100,Ds3,51,cresc-decresc,normal,1,0
french-horn/Ds4/french-horn_Ds4_025_fortissimo_normal.mp3,french-horn,brass,0.4702,44100,Ds4,63,fortissimo,normal,1,0
french-horn/Ds4/french-horn_Ds4_025_mezzo-forte_normal.mp3,french-horn,brass,0.4441,44100,Ds4,63,mezzo-forte,normal,1,0
french-horn/Ds4/french-horn_Ds4_025_piano_normal.mp3,french-horn,brass,0.4702,44100,Ds4,63,piano,normal,1,0
french-horn/Ds4/french-horn_Ds4_05_fortissimo_normal.mp3,french-horn,brass,0.9143,44100,Ds4,63,fortissimo,normal,1,0
french-horn/Ds4/french-horn_Ds4_05_mezzo-forte_normal.mp3,french-horn,brass,0.9665,44100,Ds4,63,mezzo-forte,normal,1,0
french-horn/Ds4/french-horn_Ds4_05_piano_normal.mp3,french-horn,brass,0.9404,44100,Ds4,63,piano,normal,1,0
french-horn/Ds4/french-horn_Ds4_15_fortissimo_normal.mp3,french-horn,brass,1.7763,44100,Ds4,63,fortissimo,normal,1,0
french-horn/Ds4/french-horn_Ds4_15_mezzo-forte_normal.mp3,french-horn,brass,1.6718,44100,Ds4,63,mezzo-forte,normal,1,0
french-horn/Ds4/french-horn_Ds4_15_piano_normal.mp3,french-horn,brass,1.7763,44100,Ds4,63,piano,normal,1,0
french-horn/Ds4/french-horn_Ds4_1_fortissimo_normal.mp3,french-horn,brass,1.5673,44100,Ds4,63,fortissimo,normal,1,0
french-horn/Ds4/french-horn_Ds4_1_mezzo-forte_normal.mp3,french-horn,brass,1.5413,44100,Ds4,63,mezzo-forte,normal,1,0
french-horn/Ds4/french-horn_Ds4_1_piano_normal.mp3,french-horn,brass,1.4628,44100,Ds4,63,piano,normal,1,0
french-horn/Ds4/french-horn_Ds4_phrase_piano_normal.mp3,french-horn,brass,7.68,44100,Ds4,63,piano,normal,1,1
french-horn/Ds4/french-horn_Ds4_very-long_cresc-decresc_normal.mp3,french-horn,brass,11.6245,44100,Ds4,63,cresc-decresc,normal,1,0
french-horn/Ds4/french-horn_Ds4_very-long_fortissimo_normal.mp3,french-horn,brass,3.4743,44100,Ds4,63,fortissimo,normal,1,0
french-horn/Ds5/french-horn_Ds5_025_fortissimo_normal.mp3,french-horn,brass,0.4179,44100,Ds5,75,fortissimo,normal,1,0
french-horn/Ds5/french-horn_Ds5_05_fortissimo_normal.mp3,french-horn,brass,0.8098,44100,Ds5,75,fortissimo,normal,1,0
french-horn/Ds5/french-horn_Ds5_15_fortissimo_normal.mp3,french-horn,brass,1.3583,44100,Ds5,75,fortissimo,normal,1,0
french-horn/Ds5/french-horn_Ds5_1_fortissimo_normal.mp3,french-horn,brass,1.1494,44100,Ds5,75,fortissimo,normal,1,0
french-horn/Ds5/french-horn_Ds5_very-long_crescendo_normal.mp3,french-horn,brass,5.5379,44100,Ds5,75,crescendo,normal,1,0
french-horn/E2/french-horn_E2_025_fortissimo_normal.mp3,french-horn,brass,0.5486,44100,E2,40,fortissimo,normal,1,0
french-horn/E2/french-horn_E2_025_mezzo-forte_normal.mp3,french-horn,brass,0.4441,44100,E2,40,mezzo-forte,normal,1,0
french-horn/E2/french-horn_E2_025_piano_normal.mp3,french-horn,brass,0.4179,44100,E2,40,piano,normal,1,0
french-horn/E2/french-horn_E2_05_fortissimo_normal.mp3,french-horn,brass,0.8359,44100,E2,40,fortissimo,normal,1,0
french-horn/E2/french-horn_E2_05_mezzo-forte_normal.mp3,french-horn,brass,0.9404,44100,E2,40,mezzo-forte,normal,1,0
french-horn/E2/french-horn_E2_05_piano_normal.mp3,french-horn,brass,0.862,44100,E2,40,piano,normal,1,0
french-horn/E2/french-horn_E2_15_fortissimo_normal.mp3,french-horn,brass,1.8547,44100,E2,40,fortissimo,normal,1,0
french-horn/E2/french-horn_E2_15_mezzo-forte_normal.mp3,french-horn,brass,1.5413,44100,E2,40,mezzo-forte,normal,1,0
french-horn/E2/french-horn_E2_15_piano_normal.mp3,french-horn,brass,2.3772,44100,E2,40,piano,normal,1,0
french-horn/E2/french-horn_E2_1_mezzo-forte_normal.mp3,french-horn,brass,1.4367,44100,E2,40,mezzo-forte,normal,1,0
french-horn/E2/french-horn_E2_1_piano_normal.mp3,french-horn,brass,1.5673,44100,E2,40,piano,normal,1,0
french-horn/E2/french-horn_E2_long_forte_normal.mp3,french-horn,brass,2.6383,44100,E2,40,forte,normal,1,0
french-horn/E2/french-horn_E2_very-long_fortissimo_normal.mp3,french-horn,brass,3.7877,44100,E2,40,fortissimo,normal,1,0
french-horn/E3/french-horn_E3_025_fortissimo_normal.mp3,french-horn,brass,0.4702,44100,E3,52,fortissimo,normal,1,0
french-horn/E3/french-horn_E3_025_mezzo-forte_normal.mp3,french-horn,brass,0.4702,44100,E3,52,mezzo-forte,normal,1,0
french-horn/E3/french-horn_E3_025_piano_normal.mp3,french-horn,brass,0.4963,44100,E3,52,piano,normal,1,0
french-horn/E3/french-horn_E3_05_fortissimo_normal.mp3,french-horn,brass,0.9143,44100,E3,52,fortissimo,normal,1,0
french-horn/E3/french-horn_E3_05_mezzo-forte_normal.mp3,french-horn,brass,0.8098,44100,E3,52,mezzo-forte,normal,1,0
french-horn/E3/french-horn_E3_05_piano_normal.mp3,french-horn,brass,0.7576,44100,E3,52,piano,normal,1,0
french-horn/E3/french-horn_E3_15_fortissimo_normal.mp3,french-horn,brass,1.9069,44100,E3,52,fortissimo,normal,1,0
french-horn/E3/french-horn_E3_15_mezzo-forte_normal.mp3,french-horn,brass,1.6718,44100,E3,52,mezzo-forte,normal,1,0
french-horn/E3/french-horn_E3_15_piano_normal.mp3,french-horn,brass,1.9069,44100,E3,52,piano,normal,1,0
french-horn/E3/french-horn_E3_1_fortissimo_normal.mp3,french-horn,brass,1.3061,44100,E3,52,fortissimo,normal,1,0
french-horn/E3/french-horn_E3_1_mezzo-forte_normal.mp3,french-horn,brass,1.3061,44100,E3,52,mezzo-forte,normal,1,0
french-horn/E3/french-horn_E3_1_piano_normal.mp3,french-horn,brass,1.5151,44100,E3,52,piano,normal,1,0
french-horn/E3/french-horn_E3_long_forte_normal.mp3,french-horn,brass,2.5861,44100,E3,52,forte,normal,1,0
french-horn/E3/french-horn_E3_long_piano_normal.mp3,french-horn,brass,2.2465,44100,E3,52,piano,normal,1,0
french-horn/E4/french-horn_E4_025_fortissimo_normal.mp3,french-horn,brass,0.4702,44100,E4,64,fortissimo,normal,1,0
french-horn/E4/french-horn_E4_025_mezzo-forte_normal.mp3,french-horn,brass,0.4179,44100,E4,64,mezzo-forte,normal,1,0
french-horn/E4/french-horn_E4_025_piano_normal.mp3,french-horn,brass,0.4702,44100,E4,64,piano,normal,1,0
french-horn/E4/french-horn_E4_05_fortissimo_normal.mp3,french-horn,brass,0.9143,44100,E4,64,fortissimo,normal,1,0
french-horn/E4/french-horn_E4_05_mezzo-forte_normal.mp3,french-horn,brass,0.9404,44100,E4,64,mezzo-forte,normal,1,0
french-horn/E4/french-horn_E4_05_piano_normal.mp3,french-horn,brass,0.9665,44100,E4,64,piano,normal,1,0
french-horn/E4/french-horn_E4_15_fortissimo_normal.mp3,french-horn,brass,1.9069,44100,E4,64,fortissimo,normal,1,0
french-horn/E4/french-horn_E4_15_mezzo-forte_normal.mp3,french-horn,brass,1.6718,44100,E4,64,mezzo-forte,normal,1,0
french-horn/E4/french-horn_E4_15_piano_normal.mp3,french-horn,brass,1.5935,44100,E4,64,piano,normal,1,0
french-horn/E4/french-horn_E4_1_fortissimo_normal.mp3,french-horn,brass,1.5413,44100,E4,64,fortissimo,normal,1,0
french-horn/E4/french-horn_E4_1_mezzo-forte_normal.mp3,french-horn,brass,1.489,44100,E4,64,mezzo-forte,normal,1,0
french-horn/E4/french-horn_E4_1_piano_normal.mp3,french-horn,brass,1.2539,44100,E4,64,piano,normal,1,0
french-horn/E5/french-horn_E5_025_fortissimo_normal.mp3,french-horn,brass,0.4179,44100,E5,76,fortissimo,normal,1,0
french-horn/E5/french-horn_E5_05_fortissimo_normal.mp3,french-horn,brass,0.7576,44100,E5,76,fortissimo,normal,1,0
french-horn/E5/french-horn_E5_15_fortissimo_normal.mp3,french-horn,brass,1.4628,44100,E5,76,fortissimo,normal,1,0
french-horn/E5/french-horn_E5_1_fortissimo_normal.mp3,french-horn,brass,1.28,44100,E5,76,fortissimo,normal,1,0
french-horn/E5/french-horn_E5_long_fortissimo_normal.mp3,french-horn,brass,2.0898,44100,E5,76,fortissimo,normal,1,0
french-horn/F2/french-horn_F2_025_fortissimo_normal.mp3,french-horn,brass,0.5486,44100,F2,41,fortissimo,normal,1,0
french-horn/F2/french-horn_F2_025_mezzo-forte_normal.mp3,french-horn,brass,0.4179,44100,F2,41,mezzo-forte,normal,1,0
french-horn/F2/french-horn_F2_025_piano_normal.mp3,french-horn,brass,0.4179,44100,F2,41,piano,normal,1,0
french-horn/F2/french-horn_F2_05_fortissimo_normal.mp3,french-horn,brass,0.8359,44100,F2,41,fortissimo,normal,1,0
french-horn/F2/french-horn_F2_05_mezzo-forte_normal.mp3,french-horn,brass,0.8882,44100,F2,41,mezzo-forte,normal,1,0
french-horn/F2/french-horn_F2_05_piano_normal.mp3,french-horn,brass,0.8882,44100,F2,41,piano,normal,1,0
french-horn/F2/french-horn_F2_15_fortissimo_normal.mp3,french-horn,brass,1.5935,44100,F2,41,fortissimo,normal,1,0
french-horn/F2/french-horn_F2_15_mezzo-forte_normal.mp3,french-horn,brass,1.6196,44100,F2,41,mezzo-forte,normal,1,0
french-horn/F2/french-horn_F2_15_piano_normal.mp3,french-horn,brass,2.2727,44100,F2,41,piano,normal,1,0
french-horn/F2/french-horn_F2_1_fortissimo_normal.mp3,french-horn,brass,1.6196,44100,F2,41,fortissimo,normal,1,0
french-horn/F2/french-horn_F2_1_mezzo-forte_normal.mp3,french-horn,brass,1.4106,44100,F2,41,mezzo-forte,normal,1,0
french-horn/F2/french-horn_F2_1_piano_normal.mp3,french-horn,brass,1.4367,44100,F2,41,piano,normal,1,0
french-horn/F2/french-horn_F2_very-long_cresc-decresc_normal.mp3,french-horn,brass,9.6131,44100,F2,41,cresc-decresc,normal,1,0
french-horn/F3/french-horn_F3_025_fortissimo_normal.mp3,french-horn,brass,0.4963,44100,F3,53,fortissimo,normal,1,0
french-horn/F3/french-horn_F3_025_mezzo-forte_normal.mp3,french-horn,brass,0.4441,44100,F3,53,mezzo-forte,normal,1,0
french-horn/F3/french-horn_F3_025_piano_normal.mp3,french-horn,brass,0.4963,44100,F3,53,piano,normal,1,0
french-horn/F3/french-horn_F3_05_fortissimo_normal.mp3,french-horn,brass,0.862,44100,F3,53,fortissimo,normal,1,0
french-horn/F3/french-horn_F3_05_mezzo-forte_normal.mp3,french-horn,brass,0.862,44100,F3,53,mezzo-forte,normal,1,0
french-horn/F3/french-horn_F3_05_piano_normal.mp3,french-horn,brass,1.7763,44100,F3,53,piano,normal,1,0
french-horn/F3/french-horn_F3_15_fortissimo_normal.mp3,french-horn,brass,1.9853,44100,F3,53,fortissimo,normal,1,0
french-horn/F3/french-horn_F3_15_mezzo-forte_normal.mp3,french-horn,brass,1.7502,44100,F3,53,mezzo-forte,normal,1,0
french-horn/F3/french-horn_F3_1_fortissimo_normal.mp3,french-horn,brass,1.4367,44100,F3,53,fortissimo,normal,1,0
french-horn/F3/french-horn_F3_1_mezzo-forte_normal.mp3,french-horn,brass,1.3583,44100,F3,53,mezzo-forte,normal,1,0
french-horn/F3/french-horn_F3_very-long_fortissimo_normal.mp3,french-horn,brass,4.2058,44100,F3,53,fortissimo,normal,1,0
french-horn/F4/french-horn_F4_025_fortissimo_normal.mp3,french-horn,brass,0.4702,44100,F4,65,fortissimo,normal,1,0
french-horn/F4/french-horn_F4_025_mezzo-forte_normal.mp3,french-horn,brass,0.4179,44100,F4,65,mezzo-forte,normal,1,0
french-horn/F4/french-horn_F4_025_piano_normal.mp3,french-horn,brass,0.4179,44100,F4,65,piano,normal,1,0
french-horn/F4/french-horn_F4_05_fortissimo_normal.mp3,french-horn,brass,0.9665,44100,F4,65,fortissimo,normal,1,0
french-horn/F4/french-horn_F4_05_mezzo-forte_normal.mp3,french-horn,brass,0.9404,44100,F4,65,mezzo-forte,normal,1,0
french-horn/F4/french-horn_F4_05_piano_normal.mp3,french-horn,brass,0.9665,44100,F4,65,piano,normal,1,0
french-horn/F4/french-horn_F4_15_fortissimo_normal.mp3,french-horn,brass,1.7502,44100,F4,65,fortissimo,normal,1,0
french-horn/F4/french-horn_F4_15_mezzo-forte_normal.mp3,french-horn,brass,1.5935,44100,F4,65,mezzo-forte,normal,1,0
french-horn/F4/french-horn_F4_15_piano_normal.mp3,french-horn,brass,1.6979,44100,F4,65,piano,normal,1,0
french-horn/F4/french-horn_F4_1_fortissimo_normal.mp3,french-horn,brass,1.4628,44100,F4,65,fortissimo,normal,1,0
french-horn/F4/french-horn_F4_1_mezzo-forte_normal.mp3,french-horn,brass,1.5673,44100,F4,65,mezzo-forte,normal,1,0
french-horn/F4/french-horn_F4_1_piano_normal.mp3,french-horn,brass,1.6458,44100,F4,65,piano,normal,1,0
french-horn/F4/french-horn_F4_long_forte_normal.mp3,french-horn,brass,2.4294,44100,F4,65,forte,normal,1,0
french-horn/F4/french-horn_F4_long_piano_normal.mp3,french-horn,brass,2.351,44100,F4,65,piano,normal,1,0
french-horn/F5/french-horn_F5_025_fortissimo_normal.mp3,french-horn,brass,0.3918,44100,F5,77,fortissimo,normal,1,0
french-horn/F5/french-horn_F5_05_fortissimo_normal.mp3,french-horn,brass,0.7837,44100,F5,77,fortissimo,normal,1,0
french-horn/F5/french-horn_F5_15_fortissimo_normal.mp3,french-horn,brass,0.9665,44100,F5,77,fortissimo,normal,1,0
french-horn/F5/french-horn_F5_1_fortissimo_normal.mp3,french-horn,brass,0.7576,44100,F5,77,fortissimo,normal,1,0
french-horn/Fs2/french-horn_Fs2_025_fortissimo_normal.mp3,french-horn,brass,0.5224,44100,Fs2,42,fortissimo,normal,1,0
french-horn/Fs2/french-horn_Fs2_025_mezzo-forte_normal.mp3,french-horn,brass,0.4963,44100,Fs2,42,mezzo-forte,normal,1,0
french-horn/Fs2/french-horn_Fs2_025_piano_normal.mp3,french-horn,brass,0.6792,44100,Fs2,42,piano,normal,1,0
french-horn/Fs2/french-horn_Fs2_05_fortissimo_normal.mp3,french-horn,brass,0.9143,44100,Fs2,42,fortissimo,normal,1,0
french-horn/Fs2/french-horn_Fs2_05_mezzo-forte_normal.mp3,french-horn,brass,0.8359,44100,Fs2,42,mezzo-forte,normal,1,0
french-horn/Fs2/french-horn_Fs2_05_piano_normal.mp3,french-horn,brass,0.7576,44100,Fs2,42,piano,normal,1,0
french-horn/Fs2/french-horn_Fs2_15_fortissimo_normal.mp3,french-horn,brass,1.7241,44100,Fs2,42,fortissimo,normal,1,0
french-horn/Fs2/french-horn_Fs2_15_mezzo-forte_normal.mp3,french-horn,brass,1.5935,44100,Fs2,42,mezzo-forte,normal,1,0
french-horn/Fs2/french-horn_Fs2_15_piano_normal.mp3,french-horn,brass,2.3772,44100,Fs2,42,piano,normal,1,0
french-horn/Fs2/french-horn_Fs2_1_fortissimo_normal.mp3,french-horn,brass,1.4106,44100,Fs2,42,fortissimo,normal,1,0
french-horn/Fs2/french-horn_Fs2_1_mezzo-forte_normal.mp3,french-horn,brass,1.5413,44100,Fs2,42,mezzo-forte,normal,1,0
french-horn/Fs2/french-horn_Fs2_1_piano_normal.mp3,french-horn,brass,1.3583,44100,Fs2,42,piano,normal,1,0
french-horn/Fs3/french-horn_Fs3_025_fortissimo_normal.mp3,french-horn,brass,0.4702,44100,Fs3,54,fortissimo,normal,1,0
french-horn/Fs3/french-horn_Fs3_025_mezzo-forte_normal.mp3,french-horn,brass,0.4441,44100,Fs3,54,mezzo-forte,normal,1,0
french-horn/Fs3/french-horn_Fs3_025_piano_normal.mp3,french-horn,brass,0.4963,44100,Fs3,54,piano,normal,1,0
french-horn/Fs3/french-horn_Fs3_05_fortissimo_normal.mp3,french-horn,brass,0.8882,44100,Fs3,54,fortissimo,normal,1,0
french-horn/Fs3/french-horn_Fs3_05_mezzo-forte_normal.mp3,french-horn,brass,0.9404,44100,Fs3,54,mezzo-forte,normal,1,0
french-horn/Fs3/french-horn_Fs3_05_piano_normal.mp3,french-horn,brass,0.9927,44100,Fs3,54,piano,normal,1,0
french-horn/Fs3/french-horn_Fs3_15_fortissimo_normal.mp3,french-horn,brass,1.8808,44100,Fs3,54,fortissimo,normal,1,0
french-horn/Fs3/french-horn_Fs3_15_mezzo-forte_normal.mp3,french-horn,brass,1.7502,44100,Fs3,54,mezzo-forte,normal,1,0
french-horn/Fs3/french-horn_Fs3_15_piano_normal.mp3,french-horn,brass,2.142,44100,Fs3,54,piano,normal,1,0
french-horn/Fs3/french-horn_Fs3_1_fortissimo_normal.mp3,french-horn,brass,1.4367,44100,Fs3,54,fortissimo,normal,1,0
french-horn/Fs3/french-horn_Fs3_1_mezzo-forte_normal.mp3,french-horn,brass,1.3061,44100,Fs3,54,mezzo-forte,normal,1,0
french-horn/Fs3/french-horn_Fs3_1_piano_normal.mp3,french-horn,brass,1.4106,44100,Fs3,54,piano,normal,1,0
french-horn/Fs3/french-horn_Fs3_very-long_cresc-decresc_normal.mp3,french-horn,brass,10.6841,44100,Fs3,54,cresc-decresc,normal,1,0
french-horn/Fs4/french-horn_Fs4_025_fortissimo_normal.mp3,french-horn,brass,0.4963,44100,Fs4,66,fortissimo,normal,1,0
french-horn/Fs4/french-horn_Fs4_025_mezzo-forte_normal.mp3,french-horn,brass,0.4441,44100,Fs4,66,mezzo-forte,normal,1,0
french-horn/Fs4/french-horn_Fs4_025_piano_normal.mp3,french-horn,brass,0.4702,44100,Fs4,66,piano,normal,1,0
french-horn/Fs4/french-horn_Fs4_05_fortissimo_normal.mp3,french-horn,brass,0.9665,44100,Fs4,66,fortissimo,normal,1,0
french-horn/Fs4/french-horn_Fs4_05_mezzo-forte_normal.mp3,french-horn,brass,0.9927,44100,Fs4,66,mezzo-forte,normal,1,0
french-horn/Fs4/french-horn_Fs4_05_piano_normal.mp3,french-horn,brass,1.0188,44100,Fs4,66,piano,normal,1,0
french-horn/Fs4/french-horn_Fs4_15_fortissimo_normal.mp3,french-horn,brass,1.8547,44100,Fs4,66,fortissimo,normal,1,0
french-horn/Fs4/french-horn_Fs4_15_mezzo-forte_normal.mp3,french-horn,brass,1.5673,44100,Fs4,66,mezzo-forte,normal,1,0
french-horn/Fs4/french-horn_Fs4_15_piano_normal.mp3,french-horn,brass,1.5413,44100,Fs4,66,piano,normal,1,0
french-horn/Fs4/french-horn_Fs4_1_fortissimo_normal.mp3,french-horn,brass,1.5151,44100,Fs4,66,fortissimo,normal,1,0
french-horn/Fs4/french-horn_Fs4_1_mezzo-forte_normal.mp3,french-horn,brass,1.5673,44100,Fs4,66,mezzo-forte,normal,1,0
french-horn/Fs4/french-horn_Fs4_1_piano_normal.mp3,french-horn,brass,1.5935,44100,Fs4,66,piano,normal,1,0
french-horn/Fs4/french-horn_Fs4_very-long_cresc-decresc_normal.mp3,french-horn,brass,9.9787,44100,Fs4,66,cresc-decresc,normal,1,0
french-horn/G2/french-horn_G2_025_fortissimo_normal.mp3,french-horn,brass,0.5224,44100,G2,43,fortissimo,normal,1,0
french-horn/G2/french-horn_G2_025_mezzo-forte_normal.mp3,french-horn,brass,0.4963,44100,G2,43,mezzo-forte,normal,1,0
french-horn/G2/french-horn_G2_025_piano_normal.mp3,french-horn,brass,0.4441,44100,G2,43,piano,normal,1,0
french-horn/G2/french-horn_G2_05_fortissimo_normal.mp3,french-horn,brass,0.9143,44100,G2,43,fortissimo,normal,1,0
french-horn/G2/french-horn_G2_05_mezzo-forte_normal.mp3,french-horn,brass,0.862,44100,G2,43,mezzo-forte,normal,1,0
french-horn/G2/french-horn_G2_05_piano_normal.mp3,french-horn,brass,0.8882,44100,G2,43,piano,normal,1,0
french-horn/G2/french-horn_G2_15_fortissimo_normal.mp3,french-horn,brass,1.8286,44100,G2,43,fortissimo,normal,1,0
french-horn/G2/french-horn_G2_15_mezzo-forte_normal.mp3,french-horn,brass,1.6458,44100,G2,43,mezzo-forte,normal,1,0
french-horn/G2/french-horn_G2_15_piano_normal.mp3,french-horn,brass,2.3249,44100,G2,43,piano,normal,1,0
french-horn/G2/french-horn_G2_1_fortissimo_normal.mp3,french-horn,brass,1.4367,44100,G2,43,fortissimo,normal,1,0
french-horn/G2/french-horn_G2_1_mezzo-forte_normal.mp3,french-horn,brass,1.4628,44100,G2,43,mezzo-forte,normal,1,0
french-horn/G2/french-horn_G2_1_piano_normal.mp3,french-horn,brass,1.489,44100,G2,43,piano,normal,1,0
french-horn/G2/french-horn_G2_long_forte_normal.mp3,french-horn,brass,2.56,44100,G2,43,forte,normal,1,0
french-horn/G2/french-horn_G2_long_piano_normal.mp3,french-horn,brass,2.4555,44100,G2,43,piano,normal,1,0
french-horn/G2/french-horn_G2_phrase_fortissimo_normal.mp3,french-horn,brass,2.351,44100,G2,43,fortissimo,normal,1,1
french-horn/G2/french-horn_G2_very-long_fortissimo_normal.mp3,french-horn,brass,3.6833,44100,G2,43,fortissimo,normal,1,0
french-horn/G3/french-horn_G3_025_fortissimo_normal.mp3,french-horn,brass,0.4963,44100,G3,55,fortissimo,normal,1,0
french-horn/G3/french-horn_G3_025_mezzo-forte_normal.mp3,french-horn,brass,0.4441,44100,G3,55,mezzo-forte,normal,1,0
french-horn/G3/french-horn_G3_025_piano_normal.mp3,french-horn,brass,0.4179,44100,G3,55,piano,normal,1,0
french-horn/G3/french-horn_G3_05_fortissimo_normal.mp3,french-horn,brass,0.9404,44100,G3,55,fortissimo,normal,1,0
french-horn/G3/french-horn_G3_05_mezzo-forte_normal.mp3,french-horn,brass,0.9143,44100,G3,55,mezzo-forte,normal,1,0
french-horn/G3/french-horn_G3_05_piano_normal.mp3,french-horn,brass,0.8882,44100,G3,55,piano,normal,1,0
french-horn/G3/french-horn_G3_15_fortissimo_normal.mp3,french-horn,brass,2.0114,44100,G3,55,fortissimo,normal,1,0
french-horn/G3/french-horn_G3_15_mezzo-forte_normal.mp3,french-horn,brass,1.6196,44100,G3,55,mezzo-forte,normal,1,0
french-horn/G3/french-horn_G3_15_piano_normal.mp3,french-horn,brass,2.0376,44100,G3,55,piano,normal,1,0
french-horn/G3/french-horn_G3_1_fortissimo_normal.mp3,french-horn,brass,1.5151,44100,G3,55,fortissimo,normal,1,0
french-horn/G3/french-horn_G3_1_mezzo-forte_normal.mp3,french-horn,brass,1.4628,44100,G3,55,mezzo-forte,normal,1,0
french-horn/G3/french-horn_G3_1_piano_normal.mp3,french-horn,brass,1.3583,44100,G3,55,piano,normal,1,0
french-horn/G3/french-horn_G3_long_forte_normal.mp3,french-horn,brass,2.4294,44100,G3,55,forte,normal,1,0
french-horn/G3/french-horn_G3_long_piano_normal.mp3,french-horn,brass,2.351,44100,G3,55,piano,normal,1,0
french-horn/G4/french-horn_G4_025_fortissimo_normal.mp3,french-horn,brass,0.4702,44100,G4,67,fortissimo,normal,1,0
french-horn/G4/french-horn_G4_025_mezzo-forte_normal.mp3,french-horn,brass,0.4441,44100,G4,67,mezzo-forte,normal,1,0
french-horn/G4/french-horn_G4_025_piano_normal.mp3,french-horn,brass,0.4702,44100,G4,67,piano,normal,1,0
french-horn/G4/french-horn_G4_05_fortissimo_normal.mp3,french-horn,brass,0.9143,44100,G4,67,fortissimo,normal,1,0
french-horn/G4/french-horn_G4_05_mezzo-forte_normal.mp3,french-horn,brass,0.9404,44100,G4,67,mezzo-forte,normal,1,0
french-horn/G4/french-horn_G4_05_piano_normal.mp3,french-horn,brass,0.9143,44100,G4,67,piano,normal,1,0
french-horn/G4/french-horn_G4_15_fortissimo_normal.mp3,french-horn,brass,1.9592,44100,G4,67,fortissimo,normal,1,0
french-horn/G4/french-horn_G4_15_mezzo-forte_normal.mp3,french-horn,brass,1.6718,44100,G4,67,mezzo-forte,normal,1,0
french-horn/G4/french-horn_G4_15_piano_normal.mp3,french-horn,brass,1.7241,44100,G4,67,piano,normal,1,0
french-horn/G4/french-horn_G4_1_fortissimo_normal.mp3,french-horn,brass,1.7241,44100,G4,67,fortissimo,normal,1,0
french-horn/G4/french-horn_G4_1_mezzo-forte_normal.mp3,french-horn,brass,1.4628,44100,G4,67,mezzo-forte,normal,1,0
french-horn/G4/french-horn_G4_1_piano_normal.mp3,french-horn,brass,1.4106,44100,G4,67,piano,normal,1,0
french-horn/G4/french-horn_G4_very-long_fortissimo_normal.mp3,french-horn,brass,3.4482,44100,G4,67,fortissimo,normal,1,0
french-horn/Gs2/french-horn_Gs2_025_fortissimo_normal.mp3,french-horn,brass,0.5486,44100,Gs2,44,fortissimo,normal,1,0
french-horn/Gs2/french-horn_Gs2_025_mezzo-forte_normal.mp3,french-horn,brass,0.4702,44100,Gs2,44,mezzo-forte,normal,1,0
french-horn/Gs2/french-horn_Gs2_025_piano_normal.mp3,french-horn,brass,0.4179,44100,Gs2,44,piano,normal,1,0
french-horn/Gs2/french-horn_Gs2_05_fortissimo_normal.mp3,french-horn,brass,0.8882,44100,Gs2,44,fortissimo,normal,1,0
french-horn/Gs2/french-horn_Gs2_05_mezzo-forte_normal.mp3,french-horn,brass,0.862,44100,Gs2,44,mezzo-forte,normal,1,0
french-horn/Gs2/french-horn_Gs2_05_piano_normal.mp3,french-horn,brass,0.7576,44100,Gs2,44,piano,normal,1,0
french-horn/Gs2/french-horn_Gs2_15_fortissimo_normal.mp3,french-horn,brass,1.8808,44100,Gs2,44,fortissimo,normal,1,0
french-horn/Gs2/french-horn_Gs2_15_mezzo-forte_normal.mp3,french-horn,brass,1.5935,44100,Gs2,44,mezzo-forte,normal,1,0
french-horn/Gs2/french-horn_Gs2_15_piano_normal.mp3,french-horn,brass,2.0898,44100,Gs2,44,piano,normal,1,0
french-horn/Gs2/french-horn_Gs2_1_fortissimo_normal.mp3,french-horn,brass,1.3583,44100,Gs2,44,fortissimo,normal,1,0
french-horn/Gs2/french-horn_Gs2_1_mezzo-forte_normal.mp3,french-horn,brass,1.5673,44100,Gs2,44,mezzo-forte,normal,1,0
french-horn/Gs2/french-horn_Gs2_1_piano_normal.mp3,french-horn,brass,1.5673,44100,Gs2,44,piano,normal,1,0
french-horn/Gs2/french-horn_Gs2_very-long_cresc-decresc_normal.mp3,french-horn,brass,10.8147,44100,Gs2,44,cresc-decresc,normal,1,0
french-horn/Gs3/french-horn_Gs3_025_fortissimo_normal.mp3,french-horn,brass,0.4963,44100,Gs3,56,fortissimo,normal,1,0
french-horn/Gs3/french-horn_Gs3_025_mezzo-forte_normal.mp3,french-horn,brass,0.3918,44100,Gs3,56,mezzo-forte,normal,1,0
french-horn/Gs3/french-horn_Gs3_025_piano_normal.mp3,french-horn,brass,0.4441,44100,Gs3,56,piano,normal,1,0
french-horn/Gs3/french-horn_Gs3_05_fortissimo_normal.mp3,french-horn,brass,0.862,44100,Gs3,56,fortissimo,normal,1,0
french-horn/Gs3/french-horn_Gs3_05_mezzo-forte_normal.mp3,french-horn,brass,0.8098,44100,Gs3,56,mezzo-forte,normal,1,0
french-horn/Gs3/french-horn_Gs3_05_piano_normal.mp3,french-horn,brass,0.862,44100,Gs3,56,piano,normal,1,0
french-horn/Gs3/french-horn_Gs3_15_fortissimo_normal.mp3,french-horn,brass,1.9331,44100,Gs3,56,fortissimo,normal,1,0
french-horn/Gs3/french-horn_Gs3_15_mezzo-forte_normal.mp3,french-horn,brass,1.6718,44100,Gs3,56,mezzo-forte,normal,1,0
french-horn/Gs3/french-horn_Gs3_15_piano_normal.mp3,french-horn,brass,1.9853,44100,Gs3,56,piano,normal,1,0
french-horn/Gs3/french-horn_Gs3_1_fortissimo_normal.mp3,french-horn,brass,1.28,44100,Gs3,56,fortissimo,normal,1,0
french-horn/Gs3/french-horn_Gs3_1_mezzo-forte_normal.mp3,french-horn,brass,1.3845,44100,Gs3,56,mezzo-forte,normal,1,0
french-horn/Gs3/french-horn_Gs3_1_piano_normal.mp3,french-horn,brass,1.4106,44100,Gs3,56,piano,normal,1,0
french-horn/Gs3/french-horn_Gs3_very-long_fortissimo_normal.mp3,french-horn,brass,4.1273,44100,Gs3,56,fortissimo,normal,1,0
french-horn/Gs4/french-horn_Gs4_025_fortissimo_normal.mp3,french-horn,brass,0.4441,44100,Gs4,68,fortissimo,normal,1,0
french-horn/Gs4/french-horn_Gs4_025_mezzo-forte_normal.mp3,french-horn,brass,0.4441,44100,Gs4,68,mezzo-forte,normal,1,0
french-horn/Gs4/french-horn_Gs4_025_piano_normal.mp3,french-horn,brass,0.4441,44100,Gs4,68,piano,normal,1,0
french-horn/Gs4/french-horn_Gs4_05_fortissimo_normal.mp3,french-horn,brass,1.0188,44100,Gs4,68,fortissimo,normal,1,0
french-horn/Gs4/french-horn_Gs4_05_mezzo-forte_normal.mp3,french-horn,brass,0.9927,44100,Gs4,68,mezzo-forte,normal,1,0
french-horn/Gs4/french-horn_Gs4_05_piano_normal.mp3,french-horn,brass,0.9665,44100,Gs4,68,piano,normal,1,0
french-horn/Gs4/french-horn_Gs4_15_fortissimo_normal.mp3,french-horn,brass,1.7763,44100,Gs4,68,fortissimo,normal,1,0
french-horn/Gs4/french-horn_Gs4_15_mezzo-forte_normal.mp3,french-horn,brass,1.7763,44100,Gs4,68,mezzo-forte,normal,1,0
french-horn/Gs4/french-horn_Gs4_15_piano_normal.mp3,french-horn,brass,1.7763,44100,Gs4,68,piano,normal,1,0
french-horn/Gs4/french-horn_Gs4_1_fortissimo_normal.mp3,french-horn,brass,1.489,44100,Gs4,68,fortissimo,normal,1,0
french-horn/Gs4/french-horn_Gs4_1_mezzo-forte_normal.mp3,french-horn,brass,1.489,44100,Gs4,68,mezzo-forte,normal,1,0
french-horn/Gs4/french-horn_Gs4_1_piano_normal.mp3,french-horn,brass,1.5935,44100,Gs4,68,piano,normal,1,0
french-horn/Gs4/french-horn_Gs4_long_forte_normal.mp3,french-horn,brass,2.0114,44100,Gs4,68,forte,normal,1,0
french-horn/Gs4/french-horn_Gs4_long_piano_normal.mp3,french-horn,brass,2.0114,44100,Gs4,68,piano,normal,1,0
oboe/A4/oboe_A4_025_forte_normal.mp3,oboe,woodwind,0.4963,44100,A4,69,forte,normal,1,0
oboe/A4/oboe_A4_025_fortissimo_normal.mp3,oboe,woodwind,0.5486,44100,A4,69,fortissimo,normal,1,0
oboe/A4/oboe_A4_025_piano_normal.mp3,oboe,woodwind,0.3918,44100,A4,69,piano,normal,1,0
oboe/A4/oboe_A4_05_forte_normal.mp3,oboe,woodwind,0.862,44100,A4,69,forte,normal,1,0
oboe/A4/oboe_A4_05_fortissimo_normal.mp3,oboe,woodwind,1.0188,44100,A4,69,fortissimo,normal,1,0
oboe/A4/oboe_A4_05_piano_normal.mp3,oboe,woodwind,0.862,44100,A4,69,piano,normal,1,0
oboe/A4/oboe_A4_15_forte_normal.mp3,oboe,woodwind,1.6979,44100,A4,69,forte,normal,1,0
oboe/A4/oboe_A4_15_fortissimo_normal.mp3,oboe,woodwind,1.6979,44100,A4,69,fortissimo,normal,1,0
oboe/A4/oboe_A4_15_mezzo-forte_normal.mp3,oboe,woodwind,1.5151,44100,A4,69,mezzo-forte,normal,1,0
oboe/A4/oboe_A4_15_piano_normal.mp3,oboe,woodwind,1.4628,44100,A4,69,piano,normal,1,0
oboe/A4/oboe_A4_1_forte_normal.mp3,oboe,woodwind,1.071,44100,A4,69,forte,normal,1,0
oboe/A4/oboe_A4_1_fortissimo_normal.mp3,oboe,woodwind,1.28,44100,A4,69,fortissimo,normal,1,0
oboe/A4/oboe_A4_1_mezzo-forte_normal.mp3,oboe,woodwind,1.2539,44100,A4,69,mezzo-forte,normal,1,0
oboe/A4/oboe_A4_1_piano_normal.mp3,oboe,woodwind,1.0972,44100,A4,69,piano,normal,1,0
oboe/A5/oboe_A5_025_forte_normal.mp3,oboe,woodwind,0.4702,44100,A5,81,forte,normal,1,0
oboe/A5/oboe_A5_025_fortissimo_normal.mp3,oboe,woodwind,0.4702,44100,A5,81,fortissimo,normal,1,0
oboe/A5/oboe_A5_025_mezzo-forte_normal.mp3,oboe,woodwind,0.4702,44100,A5,81,mezzo-forte,normal,1,0
oboe/A5/oboe_A5_025_piano_normal.mp3,oboe,woodwind,0.4441,44100,A5,81,piano,normal,1,0
oboe/A5/oboe_A5_05_forte_normal.mp3,oboe,woodwind,1.0188,44100,A5,81,forte,normal,1,0
oboe/A5/oboe_A5_05_fortissimo_normal.mp3,oboe,woodwind,0.9404,44100,A5,81,fortissimo,normal,1,0
oboe/A5/oboe_A5_05_mezzo-forte_normal.mp3,oboe,woodwind,0.9143,44100,A5,81,mezzo-forte,normal,1,0
oboe/A5/oboe_A5_05_piano_normal.mp3,oboe,woodwind,1.0188,44100,A5,81,piano,normal,1,0
oboe/A5/oboe_A5_15_forte_normal.mp3,oboe,woodwind,1.6979,44100,A5,81,forte,normal,1,0
oboe/A5/oboe_A5_15_fortissimo_normal.mp3,oboe,woodwind,1.6718,44100,A5,81,fortissimo,normal,1,0
oboe/A5/oboe_A5_15_mezzo-forte_normal.mp3,oboe,woodwind,1.5935,44100,A5,81,mezzo-forte,normal,1,0
oboe/A5/oboe_A5_15_piano_normal.mp3,oboe,woodwind,1.3061,44100,A5,81,piano,normal,1,0
oboe/A5/oboe_A5_1_forte_normal.mp3,oboe,woodwind,1.28,44100,A5,81,forte,normal,1,0
oboe/A5/oboe_A5_1_fortissimo_normal.mp3,oboe,woodwind,0.9927,44100,A5,81,fortissimo,normal,1,0
oboe/A5/oboe_A5_1_mezzo-forte_normal.mp3,oboe,woodwind,0.9665,44100,A5,81,mezzo-forte,normal,1,0
oboe/A5/oboe_A5_1_piano_normal.mp3,oboe,woodwind,1.28,44100,A5,81,piano,normal,1,0
oboe/A5/oboe_A5_phrase_mezzo-forte_normal.mp3,oboe,woodwind,11.0237,44100,A5,81,mezzo-forte,normal,1,1
oboe/A6/oboe_A6_025_piano_normal.mp3,oboe,woodwind,0.5486,44100,A6,93,piano,normal,1,0
oboe/A6/oboe_A6_05_piano_normal.mp3,oboe,woodwind,0.9927,44100,A6,93,piano,normal,1,0
oboe/A6/oboe_A6_15_piano_normal.mp3,oboe,woodwind,1.5935,44100,A6,93,piano,normal,1,0
oboe/A6/oboe_A6_1_piano_normal.mp3,oboe,woodwind,1.28,44100,A6,93,piano,normal,1,0
oboe/As3/oboe_As3_025_forte_normal.mp3,oboe,woodwind,0.4963,44100,As3,58,forte,normal,1,0
oboe/As3/oboe_As3_025_fortissimo_normal.mp3,oboe,woodwind,0.4963,44100,As3,58,fortissimo,normal,1,0
oboe/As3/oboe_As3_025_mezzo-forte_normal.mp3,oboe,woodwind,0.6008,44100,As3,58,mezzo-forte,normal,1,0
oboe/As3/oboe_As3_025_piano_normal.mp3,oboe,woodwind,0.3396,44100,As3,58,piano,normal,1,0
oboe/As3/oboe_As3_05_forte_normal.mp3,oboe,woodwind,1.071,44100,As3,58,forte,normal,1,0
oboe/As3/oboe_As3_05_fortissimo_normal.mp3,oboe,woodwind,0.9927,44100,As3,58,fortissimo,normal,1,0
oboe/As3/oboe_As3_05_mezzo-forte_normal.mp3,oboe,woodwind,0.8359,44100,As3,58,mezzo-forte,normal,1,0
oboe/As3/oboe_As3_05_piano_normal.mp3,oboe,woodwind,0.8098,44100,As3,58,piano,normal,1,0
oboe/As3/oboe_As3_15_forte_normal.mp3,oboe,woodwind,1.7763,44100,As3,58,forte,normal,1,0
oboe/As3/oboe_As3_15_fortissimo_normal.mp3,oboe,woodwind,1.9331,44100,As3,58,fortissimo,normal,1,0
oboe/As3/oboe_As3_15_mezzo-forte_normal.mp3,oboe,woodwind,1.7502,44100,As3,58,mezzo-forte,normal,1,0
oboe/As3/oboe_As3_15_piano_normal.mp3,oboe,woodwind,1.5413,44100,As3,58,piano,normal,1,0
oboe/As3/oboe_As3_1_forte_normal.mp3,oboe,woodwind,1.3322,44100,As3,58,forte,normal,1,0
oboe/As3/oboe_As3_1_fortissimo_normal.mp3,oboe,woodwind,1.4367,44100,As3,58,fortissimo,normal,1,0
oboe/As3/oboe_As3_1_mezzo-forte_normal.mp3,oboe,woodwind,1.2539,44100,As3,58,mezzo-forte,normal,1,0
oboe/As3/oboe_As3_1_piano_normal.mp3,oboe,woodwind,1.1233,44100,As3,58,piano,normal,1,0
oboe/As4/oboe_As4_025_forte_normal.mp3,oboe,woodwind,0.4702,44100,As4,70,forte,normal,1,0
oboe/As4/oboe_As4_025_fortissimo_normal.mp3,oboe,woodwind,0.5224,44100,As4,70,fortissimo,normal,1,0
oboe/As4/oboe_As4_025_mezzo-forte_normal.mp3,oboe,woodwind,0.5224,44100,As4,70,mezzo-forte,normal,1,0
oboe/As4/oboe_As4_025_piano_normal.mp3,oboe,woodwind,0.3918,44100,As4,70,piano,normal,1,0
oboe/As4/oboe_As4_05_forte_normal.mp3,oboe,woodwind,0.8098,44100,As4,70,forte,normal,1,0
oboe/As4/oboe_As4_05_fortissimo_normal.mp3,oboe,woodwind,1.0188,44100,As4,70,fortissimo,normal,1,0
oboe/As4/oboe_As4_05_mezzo-forte_normal.mp3,oboe,woodwind,0.9927,44100,As4,70,mezzo-forte,normal,1,0
oboe/As4/oboe_As4_05_piano_normal.mp3,oboe,woodwind,0.8882,44100,As4,70,piano,normal,1,0
oboe/As4/oboe_As4_15_forte_normal.mp3,oboe,woodwind,1.9069,44100,As4,70,forte,normal,1,0
oboe/As4/oboe_As4_15_fortissimo_normal.mp3,oboe,woodwind,1.8547,44100,As4,70,fortissimo,normal,1,0
oboe/As4/oboe_As4_15_mezzo-forte_normal.mp3,oboe,woodwind,1.3322,44100,As4,70,mezzo-forte,normal,1,0
oboe/As4/oboe_As4_15_piano_normal.mp3,oboe,woodwind,1.3845,44100,As4,70,piano,normal,1,0
oboe/As4/oboe_As4_1_forte_normal.mp3,oboe,woodwind,1.0972,44100,As4,70,forte,normal,1,0
oboe/As4/oboe_As4_1_fortissimo_normal.mp3,oboe,woodwind,1.3322,44100,As4,70,fortissimo,normal,1,0
oboe/As4/oboe_As4_1_mezzo-forte_normal.mp3,oboe,woodwind,1.2539,44100,As4,70,mezzo-forte,normal,1,0
oboe/As4/oboe_As4_1_piano_normal.mp3,oboe,woodwind,1.1233,44100,As4,70,piano,normal,1,0
oboe/As5/oboe_As5_025_forte_normal.mp3,oboe,woodwind,0.4963,44100,As5,82,forte,normal,1,0
oboe/As5/oboe_As5_025_fortissimo_normal.mp3,oboe,woodwind,0.4702,44100,As5,82,fortissimo,normal,1,0
oboe/As5/oboe_As5_025_mezzo-forte_normal.mp3,oboe,woodwind,0.4441,44100,As5,82,mezzo-forte,normal,1,0
oboe/As5/oboe_As5_025_piano_normal.mp3,oboe,woodwind,0.4963,44100,As5,82,piano,normal,1,0
oboe/As5/oboe_As5_05_forte_normal.mp3,oboe,woodwind,1.0188,44100,As5,82,forte,normal,1,0
oboe/As5/oboe_As5_05_fortissimo_normal.mp3,oboe,woodwind,0.9404,44100,As5,82,fortissimo,normal,1,0
oboe/As5/oboe_As5_05_mezzo-forte_normal.mp3,oboe,woodwind,0.862,44100,As5,82,mezzo-forte,normal,1,0
oboe/As5/oboe_As5_05_piano_normal.mp3,oboe,woodwind,0.9665,44100,As5,82,piano,normal,1,0
oboe/As5/oboe_As5_15_forte_normal.mp3,oboe,woodwind,1.6979,44100,As5,82,forte,normal,1,0
oboe/As5/oboe_As5_15_fortissimo_normal.mp3,oboe,woodwind,1.5935,44100,As5,82,fortissimo,normal,1,0
oboe/As5/oboe_As5_15_mezzo-forte_normal.mp3,oboe,woodwind,1.5151,44100,As5,82,mezzo-forte,normal,1,0
oboe/As5/oboe_As5_15_piano_normal.mp3,oboe,woodwind,1.3583,44100,As5,82,piano,normal,1,0
oboe/As5/oboe_As5_1_forte_normal.mp3,oboe,woodwind,1.0972,44100,As5,82,forte,normal,1,0
oboe/As5/oboe_As5_1_fortissimo_normal.mp3,oboe,woodwind,1.2539,44100,As5,82,fortissimo,normal,1,0
oboe/As5/oboe_As5_1_mezzo-forte_normal.mp3,oboe,woodwind,0.9404,44100,As5,82,mezzo-forte,normal,1,0
oboe/As5/oboe_As5_1_piano_normal.mp3,oboe,woodwind,1.2539,44100,As5,82,piano,normal,1,0
oboe/As6/oboe_As6_025_piano_normal.mp3,oboe,woodwind,0.5486,44100,As6,94,piano,normal,1,0
oboe/As6/oboe_As6_05_piano_normal.mp3,oboe,woodwind,0.8882,44100,As6,94,piano,normal,1,0
oboe/As6/oboe_As6_15_piano_normal.mp3,oboe,woodwind,1.0449,44100,As6,94,piano,normal,1,0
oboe/As6/oboe_As6_1_piano_normal.mp3,oboe,woodwind,0.8882,44100,As6,94,piano,normal,1,0
oboe/B3/oboe_B3_025_forte_normal.mp3,oboe,woodwind,0.4702,44100,B3,59,forte,normal,1,0
oboe/B3/oboe_B3_025_fortissimo_normal.mp3,oboe,woodwind,0.4702,44100,B3,59,fortissimo,normal,1,0
oboe/B3/oboe_B3_025_mezzo-forte_normal.mp3,oboe,woodwind,0.3396,44100,B3,59,mezzo-forte,normal,1,0
oboe/B3/oboe_B3_025_piano_normal.mp3,oboe,woodwind,0.3918,44100,B3,59,piano,normal,1,0
oboe/B3/oboe_B3_05_forte_normal.mp3,oboe,woodwind,1.0188,44100,B3,59,forte,normal,1,0
oboe/B3/oboe_B3_05_fortissimo_normal.mp3,oboe,woodwind,0.9665,44100,B3,59,fortissimo,normal,1,0
oboe/B3/oboe_B3_05_mezzo-forte_normal.mp3,oboe,woodwind,0.9927,44100,B3,59,mezzo-forte,normal,1,0
oboe/B3/oboe_B3_05_piano_normal.mp3,oboe,woodwind,0.8359,44100,B3,59,piano,normal,1,0
oboe/B3/oboe_B3_15_forte_normal.mp3,oboe,woodwind,1.7241,44100,B3,59,forte,normal,1,0
oboe/B3/oboe_B3_15_fortissimo_normal.mp3,oboe,woodwind,1.7763,44100,B3,59,fortissimo,normal,1,0
oboe/B3/oboe_B3_15_mezzo-forte_normal.mp3,oboe,woodwind,1.5673,44100,B3,59,mezzo-forte,normal,1,0
oboe/B3/oboe_B3_15_piano_normal.mp3,oboe,woodwind,1.5151,44100,B3,59,piano,normal,1,0
oboe/B3/oboe_B3_1_forte_normal.mp3,oboe,woodwind,1.28,44100,B3,59,forte,normal,1,0
oboe/B3/oboe_B3_1_fortissimo_normal.mp3,oboe,woodwind,1.2277,44100,B3,59,fortissimo,normal,1,0
oboe/B3/oboe_B3_1_mezzo-forte_normal.mp3,oboe,woodwind,1.2017,44100,B3,59,mezzo-forte,normal,1,0
oboe/B3/oboe_B3_1_piano_normal.mp3,oboe,woodwind,1.1233,44100,B3,59,piano,normal,1,0
oboe/B3/oboe_B3_phrase_mezzo-forte_normal.mp3,oboe,woodwind,12.3037,44100,B3,59,mezzo-forte,normal,1,1
oboe/B4/oboe_B4_025_forte_normal.mp3,oboe,woodwind,0.4702,44100,B4,71,forte,normal,1,0
oboe/B4/oboe_B4_025_fortissimo_normal.mp3,oboe,woodwind,0.5224,44100,B4,71,fortissimo,normal,1,0
oboe/B4/oboe_B4_025_mezzo-forte_normal.mp3,oboe,woodwind,0.5486,44100,B4,71,mezzo-forte,normal,1,0
oboe/B4/oboe_B4_025_piano_normal.mp3,oboe,woodwind,0.4441,44100,B4,71,piano,normal,1,0
oboe/B4/oboe_B4_05_forte_normal.mp3,oboe,woodwind,0.9143,44100,B4,71,forte,normal,1,0
oboe/B4/oboe_B4_05_fortissimo_normal.mp3,oboe,woodwind,1.0188,44100,B4,71,fortissimo,normal,1,0
oboe/B4/oboe_B4_05_mezzo-forte_normal.mp3,oboe,woodwind,0.8359,44100,B4,71,mezzo-forte,normal,1,0
oboe/B4/oboe_B4_15_forte_normal.mp3,oboe,woodwind,1.6458,44100,B4,71,forte,normal,1,0
oboe/B4/oboe_B4_15_fortissimo_normal.mp3,oboe,woodwind,1.9331,44100,B4,71,fortissimo,normal,1,0
oboe/B4/oboe_B4_15_mezzo-forte_normal.mp3,oboe,woodwind,1.5673,44100,B4,71,mezzo-forte,normal,1,0
oboe/B4/oboe_B4_1_forte_normal.mp3,oboe,woodwind,1.071,44100,B4,71,forte,normal,1,0
oboe/B4/oboe_B4_1_fortissimo_normal.mp3,oboe,woodwind,1.0188,44100,B4,71,fortissimo,normal,1,0
oboe/B4/oboe_B4_1_mezzo-forte_normal.mp3,oboe,woodwind,1.1233,44100,B4,71,mezzo-forte,normal,1,0
oboe/B4/oboe_B4_phrase_mezzo-forte_normal.mp3,oboe,woodwind,8.8817,44100,B4,71,mezzo-forte,normal,1,1
oboe/B5/oboe_B5_025_forte_normal.mp3,oboe,woodwind,0.4441,44100,B5,83,forte,normal,1,0
oboe/B5/oboe_B5_025_fortissimo_normal.mp3,oboe,woodwind,0.4702,44100,B5,83,fortissimo,normal,1,0
oboe/B5/oboe_B5_025_mezzo-forte_normal.mp3,oboe,woodwind,0.4441,44100,B5,83,mezzo-forte,normal,1,0
oboe/B5/oboe_B5_025_piano_normal.mp3,oboe,woodwind,0.4441,44100,B5,83,piano,normal,1,0
oboe/B5/oboe_B5_05_forte_normal.mp3,oboe,woodwind,1.071,44100,B5,83,forte,normal,1,0
oboe/B5/oboe_B5_05_fortissimo_normal.mp3,oboe,woodwind,1.0188,44100,B5,83,fortissimo,normal,1,0
oboe/B5/oboe_B5_05_mezzo-forte_normal.mp3,oboe,woodwind,0.8359,44100,B5,83,mezzo-forte,normal,1,0
oboe/B5/oboe_B5_05_piano_normal.mp3,oboe,woodwind,1.0188,44100,B5,83,piano,normal,1,0
oboe/B5/oboe_B5_15_forte_normal.mp3,oboe,woodwind,1.7502,44100,B5,83,forte,normal,1,0
oboe/B5/oboe_B5_15_fortissimo_normal.mp3,oboe,woodwind,1.9331,44100,B5,83,fortissimo,normal,1,0
oboe/B5/oboe_B5_15_mezzo-forte_normal.mp3,oboe,woodwind,1.6458,44100,B5,83,mezzo-forte,normal,1,0
oboe/B5/oboe_B5_15_piano_normal.mp3,oboe,woodwind,1.5413,44100,B5,83,piano,normal,1,0
oboe/B5/oboe_B5_1_forte_normal.mp3,oboe,woodwind,1.0449,44100,B5,83,forte,normal,1,0
oboe/B5/oboe_B5_1_fortissimo_normal.mp3,oboe,woodwind,1.0449,44100,B5,83,fortissimo,normal,1,0
oboe/B5/oboe_B5_1_mezzo-forte_normal.mp3,oboe,woodwind,0.9927,44100,B5,83,mezzo-forte,normal,1,0
oboe/B5/oboe_B5_1_piano_normal.mp3,oboe,woodwind,1.0972,44100,B5,83,piano,normal,1,0
oboe/C4/oboe_C4_025_forte_normal.mp3,oboe,woodwind,0.5224,44100,C4,60,forte,normal,1,0
oboe/C4/oboe_C4_025_fortissimo_normal.mp3,oboe,woodwind,0.4702,44100,C4,60,fortissimo,normal,1,0
oboe/C4/oboe_C4_025_mezzo-forte_normal.mp3,oboe,woodwind,0.5224,44100,C4,60,mezzo-forte,normal,1,0
oboe/C4/oboe_C4_025_piano_normal.mp3,oboe,woodwind,0.4179,44100,C4,60,piano,normal,1,0
oboe/C4/oboe_C4_05_forte_normal.mp3,oboe,woodwind,0.862,44100,C4,60,forte,normal,1,0
oboe/C4/oboe_C4_05_fortissimo_normal.mp3,oboe,woodwind,0.9665,44100,C4,60,fortissimo,normal,1,0
oboe/C4/oboe_C4_05_mezzo-forte_normal.mp3,oboe,woodwind,0.9404,44100,C4,60,mezzo-forte,normal,1,0
oboe/C4/oboe_C4_05_piano_normal.mp3,oboe,woodwind,0.9665,44100,C4,60,piano,normal,1,0
oboe/C4/oboe_C4_15_forte_normal.mp3,oboe,woodwind,1.7502,44100,C4,60,forte,normal,1,0
oboe/C4/oboe_C4_15_fortissimo_normal.mp3,oboe,woodwind,1.7502,44100,C4,60,fortissimo,normal,1,0
oboe/C4/oboe_C4_15_mezzo-forte_normal.mp3,oboe,woodwind,1.5673,44100,C4,60,mezzo-forte,normal,1,0
oboe/C4/oboe_C4_15_piano_normal.mp3,oboe,woodwind,1.6196,44100,C4,60,piano,normal,1,0
oboe/C4/oboe_C4_1_forte_normal.mp3,oboe,woodwind,1.1233,44100,C4,60,forte,normal,1,0
oboe/C4/oboe_C4_1_fortissimo_normal.mp3,oboe,woodwind,1.2017,44100,C4,60,fortissimo,normal,1,0
oboe/C4/oboe_C4_1_mezzo-forte_normal.mp3,oboe,woodwind,1.2539,44100,C4,60,mezzo-forte,normal,1,0
oboe/C4/oboe_C4_1_piano_normal.mp3,oboe,woodwind,1.2017,44100,C4,60,piano,normal,1,0
oboe/C5/oboe_C5_025_forte_normal.mp3,oboe,woodwind,0.5224,44100,C5,72,forte,normal,1,0
oboe/C5/oboe_C5_025_fortissimo_normal.mp3,oboe,woodwind,0.4963,44100,C5,72,fortissimo,normal,1,0
oboe/C5/oboe_C5_025_mezzo-forte_normal.mp3,oboe,woodwind,0.5486,44100,C5,72,mezzo-forte,normal,1,0
oboe/C5/oboe_C5_05_forte_normal.mp3,oboe,woodwind,1.0188,44100,C5,72,forte,normal,1,0
oboe/C5/oboe_C5_05_fortissimo_normal.mp3,oboe,woodwind,1.0449,44100,C5,72,fortissimo,normal,1,0
oboe/C5/oboe_C5_05_mezzo-forte_normal.mp3,oboe,woodwind,0.9927,44100,C5,72,mezzo-forte,normal,1,0
oboe/C5/oboe_C5_15_forte_normal.mp3,oboe,woodwind,1.6196,44100,C5,72,forte,normal,1,0
oboe/C5/oboe_C5_15_fortissimo_normal.mp3,oboe,woodwind,1.8808,44100,C5,72,fortissimo,normal,1,0
oboe/C5/oboe_C5_15_mezzo-forte_normal.mp3,oboe,woodwind,1.5413,44100,C5,72,mezzo-forte,normal,1,0
oboe/C5/oboe_C5_1_forte_normal.mp3,oboe,woodwind,1.28,44100,C5,72,forte,normal,1,0
oboe/C5/oboe_C5_1_fortissimo_normal.mp3,oboe,woodwind,1.1233,44100,C5,72,fortissimo,normal,1,0
oboe/C5/oboe_C5_1_mezzo-forte_normal.mp3,oboe,woodwind,1.0972,44100,C5,72,mezzo-forte,normal,1,0
oboe/C6/oboe_C6_025_forte_normal.mp3,oboe,woodwind,0.4702,44100,C6,84,forte,normal,1,0
oboe/C6/oboe_C6_025_fortissimo_normal.mp3,oboe,woodwind,0.4702,44100,C6,84,fortissimo,normal,1,0
oboe/C6/oboe_C6_025_mezzo-forte_normal.mp3,oboe,woodwind,0.4441,44100,C6,84,mezzo-forte,normal,1,0
oboe/C6/oboe_C6_025_piano_normal.mp3,oboe,woodwind,0.4441,44100,C6,84,piano,normal,1,0
oboe/C6/oboe_C6_05_forte_normal.mp3,oboe,woodwind,1.071,44100,C6,84,forte,normal,1,0
oboe/C6/oboe_C6_05_fortissimo_normal.mp3,oboe,woodwind,0.9927,44100,C6,84,fortissimo,normal,1,0
oboe/C6/oboe_C6_05_mezzo-forte_normal.mp3,oboe,woodwind,0.862,44100,C6,84,mezzo-forte,normal,1,0
oboe/C6/oboe_C6_05_piano_normal.mp3,oboe,woodwind,0.9404,44100,C6,84,piano,normal,1,0
oboe/C6/oboe_C6_15_forte_normal.mp3,oboe,woodwind,1.6718,44100,C6,84,forte,normal,1,0
oboe/C6/oboe_C6_15_fortissimo_normal.mp3,oboe,woodwind,1.6196,44100,C6,84,fortissimo,normal,1,0
oboe/C6/oboe_C6_15_mezzo-forte_normal.mp3,oboe,woodwind,1.6979,44100,C6,84,mezzo-forte,normal,1,0
oboe/C6/oboe_C6_15_piano_normal.mp3,oboe,woodwind,1.5413,44100,C6,84,piano,normal,1,0
oboe/C6/oboe_C6_1_forte_normal.mp3,oboe,woodwind,1.071,44100,C6,84,forte,normal,1,0
oboe/C6/oboe_C6_1_fortissimo_normal.mp3,oboe,woodwind,1.071,44100,C6,84,fortissimo,normal,1,0
oboe/C6/oboe_C6_1_mezzo-forte_normal.mp3,oboe,woodwind,1.0188,44100,C6,84,mezzo-forte,normal,1,0
oboe/C6/oboe_C6_1_piano_normal.mp3,oboe,woodwind,1.28,44100,C6,84,piano,normal,1,0
oboe/Cs4/oboe_Cs4_025_forte_normal.mp3,oboe,woodwind,0.5486,44100,Cs4,61,forte,normal,1,0
oboe/Cs4/oboe_Cs4_025_fortissimo_normal.mp3,oboe,woodwind,0.4963,44100,Cs4,61,fortissimo,normal,1,0
oboe/Cs4/oboe_Cs4_025_mezzo-forte_normal.mp3,oboe,woodwind,0.5224,44100,Cs4,61,mezzo-forte,normal,1,0
oboe/Cs4/oboe_Cs4_025_piano_normal.mp3,oboe,woodwind,0.4441,44100,Cs4,61,piano,normal,1,0
oboe/Cs4/oboe_Cs4_05_forte_normal.mp3,oboe,woodwind,0.9404,44100,Cs4,61,forte,normal,1,0
oboe/Cs4/oboe_Cs4_05_fortissimo_normal.mp3,oboe,woodwind,1.0449,44100,Cs4,61,fortissimo,normal,1,0
oboe/Cs4/oboe_Cs4_05_mezzo-forte_normal.mp3,oboe,woodwind,1.0188,44100,Cs4,61,mezzo-forte,normal,1,0
oboe/Cs4/oboe_Cs4_05_piano_normal.mp3,oboe,woodwind,0.9143,44100,Cs4,61,piano,normal,1,0
oboe/Cs4/oboe_Cs4_15_forte_normal.mp3,oboe,woodwind,1.6718,44100,Cs4,61,forte,normal,1,0
oboe/Cs4/oboe_Cs4_15_fortissimo_normal.mp3,oboe,woodwind,1.7502,44100,Cs4,61,fortissimo,normal,1,0
oboe/Cs4/oboe_Cs4_15_mezzo-forte_normal.mp3,oboe,woodwind,1.5935,44100,Cs4,61,mezzo-forte,normal,1,0
oboe/Cs4/oboe_Cs4_15_piano_normal.mp3,oboe,woodwind,1.5151,44100,Cs4,61,piano,normal,1,0
oboe/Cs4/oboe_Cs4_1_forte_normal.mp3,oboe,woodwind,1.1755,44100,Cs4,61,forte,normal,1,0
oboe/Cs4/oboe_Cs4_1_fortissimo_normal.mp3,oboe,woodwind,1.2539,44100,Cs4,61,fortissimo,normal,1,0
oboe/Cs4/oboe_Cs4_1_mezzo-forte_normal.mp3,oboe,woodwind,1.3845,44100,Cs4,61,mezzo-forte,normal,1,0
oboe/Cs4/oboe_Cs4_1_piano_normal.mp3,oboe,woodwind,1.28,44100,Cs4,61,piano,normal,1,0
oboe/Cs5/oboe_Cs5_025_forte_normal.mp3,oboe,woodwind,0.5224,44100,Cs5,73,forte,normal,1,0
oboe/Cs5/oboe_Cs5_025_mezzo-forte_normal.mp3,oboe,woodwind,0.5486,44100,Cs5,73,mezzo-forte,normal,1,0
oboe/Cs5/oboe_Cs5_05_forte_normal.mp3,oboe,woodwind,0.9927,44100,Cs5,73,forte,normal,1,0
oboe/Cs5/oboe_Cs5_05_mezzo-forte_normal.mp3,oboe,woodwind,1.0188,44100,Cs5,73,mezzo-forte,normal,1,0
oboe/Cs5/oboe_Cs5_15_forte_normal.mp3,oboe,woodwind,1.7502,44100,Cs5,73,forte,normal,1,0
oboe/Cs5/oboe_Cs5_15_fortissimo_normal.mp3,oboe,woodwind,1.6718,44100,Cs5,73,fortissimo,normal,1,0
oboe/Cs5/oboe_Cs5_15_mezzo-forte_normal.mp3,oboe,woodwind,1.4628,44100,Cs5,73,mezzo-forte,normal,1,0
oboe/Cs5/oboe_Cs5_1_forte_normal.mp3,oboe,woodwind,1.28,44100,Cs5,73,forte,normal,1,0
oboe/Cs5/oboe_Cs5_1_fortissimo_normal.mp3,oboe,woodwind,0.5224,44100,Cs5,73,fortissimo,normal,1,0
oboe/Cs5/oboe_Cs5_1_mezzo-forte_normal.mp3,oboe,woodwind,1.3322,44100,Cs5,73,mezzo-forte,normal,1,0
oboe/Cs6/oboe_Cs6_025_forte_normal.mp3,oboe,woodwind,0.4702,44100,Cs6,85,forte,normal,1,0
oboe/Cs6/oboe_Cs6_025_fortissimo_normal.mp3,oboe,woodwind,0.4441,44100,Cs6,85,fortissimo,normal,1,0
oboe/Cs6/oboe_Cs6_025_mezzo-forte_normal.mp3,oboe,woodwind,0.4702,44100,Cs6,85,mezzo-forte,normal,1,0
oboe/Cs6/oboe_Cs6_025_piano_normal.mp3,oboe,woodwind,0.4702,44100,Cs6,85,piano,normal,1,0
oboe/Cs6/oboe_Cs6_05_forte_normal.mp3,oboe,woodwind,0.9143,44100,Cs6,85,forte,normal,1,0
oboe/Cs6/oboe_Cs6_05_fortissimo_normal.mp3,oboe,woodwind,1.0188,44100,Cs6,85,fortissimo,normal,1,0
oboe/Cs6/oboe_Cs6_05_mezzo-forte_normal.mp3,oboe,woodwind,0.9143,44100,Cs6,85,mezzo-forte,normal,1,0
oboe/Cs6/oboe_Cs6_05_piano_normal.mp3,oboe,woodwind,1.071,44100,Cs6,85,piano,normal,1,0
oboe/Cs6/oboe_Cs6_15_forte_normal.mp3,oboe,woodwind,1.9069,44100,Cs6,85,forte,normal,1,0
oboe/Cs6/oboe_Cs6_15_fortissimo_normal.mp3,oboe,woodwind,1.7502,44100,Cs6,85,fortissimo,normal,1,0
oboe/Cs6/oboe_Cs6_15_mezzo-forte_normal.mp3,oboe,woodwind,1.7763,44100,Cs6,85,mezzo-forte,normal,1,0
oboe/Cs6/oboe_Cs6_15_piano_normal.mp3,oboe,woodwind,1.4367,44100,Cs6,85,piano,normal,1,0
oboe/Cs6/oboe_Cs6_1_forte_normal.mp3,oboe,woodwind,1.2539,44100,Cs6,85,forte,normal,1,0
oboe/Cs6/oboe_Cs6_1_fortissimo_normal.mp3,oboe,woodwind,1.2017,44100,Cs6,85,fortissimo,normal,1,0
oboe/Cs6/oboe_Cs6_1_mezzo-forte_normal.mp3,oboe,woodwind,1.071,44100,Cs6,85,mezzo-forte,normal,1,0
oboe/Cs6/oboe_Cs6_1_piano_normal.mp3,oboe,woodwind,1.3322,44100,Cs6,85,piano,normal,1,0
oboe/D4/oboe_D4_025_forte_normal.mp3,oboe,woodwind,0.5486,44100,D4,62,forte,normal,1,0
oboe/D4/oboe_D4_025_fortissimo_normal.mp3,oboe,woodwind,0.5224,44100,D4,62,fortissimo,normal,1,0
oboe/D4/oboe_D4_025_mezzo-forte_normal.mp3,oboe,woodwind,0.5486,44100,D4,62,mezzo-forte,normal,1,0
oboe/D4/oboe_D4_025_piano_normal.mp3,oboe,woodwind,0.3658,44100,D4,62,piano,normal,1,0
oboe/D4/oboe_D4_05_forte_normal.mp3,oboe,woodwind,0.9143,44100,D4,62,forte,normal,1,0
oboe/D4/oboe_D4_05_fortissimo_normal.mp3,oboe,woodwind,1.0449,44100,D4,62,fortissimo,normal,1,0
oboe/D4/oboe_D4_05_mezzo-forte_normal.mp3,oboe,woodwind,0.9665,44100,D4,62,mezzo-forte,normal,1,0
oboe/D4/oboe_D4_05_piano_normal.mp3,oboe,woodwind,1.0449,44100,D4,62,piano,normal,1,0
oboe/D4/oboe_D4_15_forte_normal.mp3,oboe,woodwind,1.6718,44100,D4,62,forte,normal,1,0
oboe/D4/oboe_D4_15_fortissimo_normal.mp3,oboe,woodwind,1.7763,44100,D4,62,fortissimo,normal,1,0
oboe/D4/oboe_D4_15_mezzo-forte_normal.mp3,oboe,woodwind,1.5413,44100,D4,62,mezzo-forte,normal,1,0
oboe/D4/oboe_D4_1_forte_normal.mp3,oboe,woodwind,1.071,44100,D4,62,forte,normal,1,0
oboe/D4/oboe_D4_1_fortissimo_normal.mp3,oboe,woodwind,1.2017,44100,D4,62,fortissimo,normal,1,0
oboe/D4/oboe_D4_1_mezzo-forte_normal.mp3,oboe,woodwind,1.1233,44100,D4,62,mezzo-forte,normal,1,0
oboe/D4/oboe_D4_1_piano_normal.mp3,oboe,woodwind,1.5413,44100,D4,62,piano,normal,1,0
oboe/D4/oboe_D4_phrase_mezzo-forte_normal.mp3,oboe,woodwind,13.7142,44100,D4,62,mezzo-forte,normal,1,1
oboe/D5/oboe_D5_025_forte_normal.mp3,oboe,woodwind,0.4963,44100,D5,74,forte,normal,1,0
oboe/D5/oboe_D5_025_fortissimo_normal.mp3,oboe,woodwind,0.4702,44100,D5,74,fortissimo,normal,1,0
oboe/D5/oboe_D5_025_mezzo-forte_normal.mp3,oboe,woodwind,0.5486,44100,D5,74,mezzo-forte,normal,1,0
oboe/D5/oboe_D5_05_forte_normal.mp3,oboe,woodwind,0.9927,44100,D5,74,forte,normal,1,0
oboe/D5/oboe_D5_05_fortissimo_normal.mp3,oboe,woodwind,0.8882,44100,D5,74,fortissimo,normal,1,0
oboe/D5/oboe_D5_05_mezzo-forte_normal.mp3,oboe,woodwind,0.7837,44100,D5,74,mezzo-forte,normal,1,0
oboe/D5/oboe_D5_15_forte_normal.mp3,oboe,woodwind,1.7502,44100,D5,74,forte,normal,1,0
oboe/D5/oboe_D5_15_fortissimo_normal.mp3,oboe,woodwind,1.6718,44100,D5,74,fortissimo,normal,1,0
oboe/D5/oboe_D5_15_mezzo-forte_normal.mp3,oboe,woodwind,1.6196,44100,D5,74,mezzo-forte,normal,1,0
oboe/D5/oboe_D5_1_forte_normal.mp3,oboe,woodwind,1.0972,44100,D5,74,forte,normal,1,0
oboe/D5/oboe_D5_1_fortissimo_normal.mp3,oboe,woodwind,1.0188,44100,D5,74,fortissimo,normal,1,0
oboe/D5/oboe_D5_1_mezzo-forte_normal.mp3,oboe,woodwind,1.0188,44100,D5,74,mezzo-forte,normal,1,0
oboe/D5/oboe_D5_phrase_mezzo-forte_normal.mp3,oboe,woodwind,10.0049,44100,D5,74,mezzo-forte,normal,1,1
oboe/D6/oboe_D6_025_forte_normal.mp3,oboe,woodwind,0.4441,44100,D6,86,forte,normal,1,0
oboe/D6/oboe_D6_025_fortissimo_normal.mp3,oboe,woodwind,0.4441,44100,D6,86,fortissimo,normal,1,0
oboe/D6/oboe_D6_025_mezzo-forte_normal.mp3,oboe,woodwind,0.3918,44100,D6,86,mezzo-forte,normal,1,0
oboe/D6/oboe_D6_025_piano_normal.mp3,oboe,woodwind,0.4702,44100,D6,86,piano,normal,1,0
oboe/D6/oboe_D6_05_forte_normal.mp3,oboe,woodwind,0.862,44100,D6,86,forte,normal,1,0
oboe/D6/oboe_D6_05_fortissimo_normal.mp3,oboe,woodwind,1.0188,44100,D6,86,fortissimo,normal,1,0
oboe/D6/oboe_D6_05_mezzo-forte_normal.mp3,oboe,woodwind,0.9927,44100,D6,86,mezzo-forte,normal,1,0
oboe/D6/oboe_D6_05_piano_normal.mp3,oboe,woodwind,0.9143,44100,D6,86,piano,normal,1,0
oboe/D6/oboe_D6_15_forte_normal.mp3,oboe,woodwind,1.6196,44100,D6,86,forte,normal,1,0
oboe/D6/oboe_D6_15_fortissimo_normal.mp3,oboe,woodwind,1.6196,44100,D6,86,fortissimo,normal,1,0
oboe/D6/oboe_D6_15_mezzo-forte_normal.mp3,oboe,woodwind,1.6196,44100,D6,86,mezzo-forte,normal,1,0
oboe/D6/oboe_D6_15_piano_normal.mp3,oboe,woodwind,1.489,44100,D6,86,piano,normal,1,0
oboe/D6/oboe_D6_1_forte_normal.mp3,oboe,woodwind,1.28,44100,D6,86,forte,normal,1,0
oboe/D6/oboe_D6_1_fortissimo_normal.mp3,oboe,woodwind,1.28,44100,D6,86,fortissimo,normal,1,0
oboe/D6/oboe_D6_1_mezzo-forte_normal.mp3,oboe,woodwind,1.2277,44100,D6,86,mezzo-forte,normal,1,0
oboe/D6/oboe_D6_1_piano_normal.mp3,oboe,woodwind,1.28,44100,D6,86,piano,normal,1,0
oboe/Ds4/oboe_Ds4_025_forte_normal.mp3,oboe,woodwind,0.4702,44100,Ds4,63,forte,normal,1,0
oboe/Ds4/oboe_Ds4_025_fortissimo_normal.mp3,oboe,woodwind,0.5486,44100,Ds4,63,fortissimo,normal,1,0
oboe/Ds4/oboe_Ds4_025_mezzo-forte_normal.mp3,oboe,woodwind,0.5747,44100,Ds4,63,mezzo-forte,normal,1,0
oboe/Ds4/oboe_Ds4_025_piano_normal.mp3,oboe,woodwind,0.3396,44100,Ds4,63,piano,normal,1,0
oboe/Ds4/oboe_Ds4_05_forte_normal.mp3,oboe,woodwind,1.0188,44100,Ds4,63,forte,normal,1,0
oboe/Ds4/oboe_Ds4_05_fortissimo_normal.mp3,oboe,woodwind,2.142,44100,Ds4,63,fortissimo,normal,1,0
oboe/Ds4/oboe_Ds4_05_mezzo-forte_normal.mp3,oboe,woodwind,0.862,44100,Ds4,63,mezzo-forte,normal,1,0
oboe/Ds4/oboe_Ds4_05_piano_normal.mp3,oboe,woodwind,0.9404,44100,Ds4,63,piano,normal,1,0
oboe/Ds4/oboe_Ds4_15_forte_normal.mp3,oboe,woodwind,1.6458,44100,Ds4,63,forte,normal,1,0
oboe/Ds4/oboe_Ds4_15_mezzo-forte_normal.mp3,oboe,woodwind,1.5673,44100,Ds4,63,mezzo-forte,normal,1,0
oboe/Ds4/oboe_Ds4_15_piano_normal.mp3,oboe,woodwind,1.5673,44100,Ds4,63,piano,normal,1,0
oboe/Ds4/oboe_Ds4_1_forte_normal.mp3,oboe,woodwind,1.071,44100,Ds4,63,forte,normal,1,0
oboe/Ds4/oboe_Ds4_1_fortissimo_normal.mp3,oboe,woodwind,1.7502,44100,Ds4,63,fortissimo,normal,1,0
oboe/Ds4/oboe_Ds4_1_mezzo-forte_normal.mp3,oboe,woodwind,1.071,44100,Ds4,63,mezzo-forte,normal,1,0
oboe/Ds4/oboe_Ds4_1_piano_normal.mp3,oboe,woodwind,1.0972,44100,Ds4,63,piano,normal,1,0
oboe/Ds5/oboe_Ds5_025_forte_normal.mp3,oboe,woodwind,0.4702,44100,Ds5,75,forte,normal,1,0
oboe/Ds5/oboe_Ds5_025_fortissimo_normal.mp3,oboe,woodwind,0.4179,44100,Ds5,75,fortissimo,normal,1,0
oboe/Ds5/oboe_Ds5_025_mezzo-forte_normal.mp3,oboe,woodwind,0.4963,44100,Ds5,75,mezzo-forte,normal,1,0
oboe/Ds5/oboe_Ds5_05_forte_normal.mp3,oboe,woodwind,1.0188,44100,Ds5,75,forte,normal,1,0
oboe/Ds5/oboe_Ds5_05_fortissimo_normal.mp3,oboe,woodwind,0.9404,44100,Ds5,75,fortissimo,normal,1,0
oboe/Ds5/oboe_Ds5_05_mezzo-forte_normal.mp3,oboe,woodwind,0.9143,44100,Ds5,75,mezzo-forte,normal,1,0
oboe/Ds5/oboe_Ds5_15_forte_normal.mp3,oboe,woodwind,1.7241,44100,Ds5,75,forte,normal,1,0
oboe/Ds5/oboe_Ds5_15_fortissimo_normal.mp3,oboe,woodwind,1.7763,44100,Ds5,75,fortissimo,normal,1,0
oboe/Ds5/oboe_Ds5_15_mezzo-forte_normal.mp3,oboe,woodwind,1.5673,44100,Ds5,75,mezzo-forte,normal,1,0
oboe/Ds5/oboe_Ds5_1_forte_normal.mp3,oboe,woodwind,1.2539,44100,Ds5,75,forte,normal,1,0
oboe/Ds5/oboe_Ds5_1_fortissimo_normal.mp3,oboe,woodwind,1.1233,44100,Ds5,75,fortissimo,normal,1,0
oboe/Ds5/oboe_Ds5_1_mezzo-forte_normal.mp3,oboe,woodwind,1.0972,44100,Ds5,75,mezzo-forte,normal,1,0
oboe/Ds6/oboe_Ds6_025_forte_normal.mp3,oboe,woodwind,0.4441,44100,Ds6,87,forte,normal,1,0
oboe/Ds6/oboe_Ds6_025_fortissimo_normal.mp3,oboe,woodwind,0.4702,44100,Ds6,87,fortissimo,normal,1,0
oboe/Ds6/oboe_Ds6_025_mezzo-forte_normal.mp3,oboe,woodwind,0.4702,44100,Ds6,87,mezzo-forte,normal,1,0
oboe/Ds6/oboe_Ds6_025_piano_normal.mp3,oboe,woodwind,0.4179,44100,Ds6,87,piano,normal,1,0
oboe/Ds6/oboe_Ds6_05_forte_normal.mp3,oboe,woodwind,1.0188,44100,Ds6,87,forte,normal,1,0
oboe/Ds6/oboe_Ds6_05_fortissimo_normal.mp3,oboe,woodwind,0.8882,44100,Ds6,87,fortissimo,normal,1,0
oboe/Ds6/oboe_Ds6_05_mezzo-forte_normal.mp3,oboe,woodwind,0.9927,44100,Ds6,87,mezzo-forte,normal,1,0
oboe/Ds6/oboe_Ds6_05_piano_normal.mp3,oboe,woodwind,0.9665,44100,Ds6,87,piano,normal,1,0
oboe/Ds6/oboe_Ds6_15_forte_normal.mp3,oboe,woodwind,1.6718,44100,Ds6,87,forte,normal,1,0
oboe/Ds6/oboe_Ds6_15_fortissimo_normal.mp3,oboe,woodwind,1.7763,44100,Ds6,87,fortissimo,normal,1,0
oboe/Ds6/oboe_Ds6_15_mezzo-forte_normal.mp3,oboe,woodwind,1.5151,44100,Ds6,87,mezzo-forte,normal,1,0
oboe/Ds6/oboe_Ds6_15_piano_normal.mp3,oboe,woodwind,1.4628,44100,Ds6,87,piano,normal,1,0
oboe/Ds6/oboe_Ds6_1_forte_normal.mp3,oboe,woodwind,1.2539,44100,Ds6,87,forte,normal,1,0
oboe/Ds6/oboe_Ds6_1_fortissimo_normal.mp3,oboe,woodwind,1.071,44100,Ds6,87,fortissimo,normal,1,0
oboe/Ds6/oboe_Ds6_1_mezzo-forte_normal.mp3,oboe,woodwind,0.9143,44100,Ds6,87,mezzo-forte,normal,1,0
oboe/Ds6/oboe_Ds6_1_piano_normal.mp3,oboe,woodwind,1.1755,44100,Ds6,87,piano,normal,1,0
oboe/E4/oboe_E4_025_forte_normal.mp3,oboe,woodwind,0.4441,44100,E4,64,forte,normal,1,0
oboe/E4/oboe_E4_025_fortissimo_normal.mp3,oboe,woodwind,0.5224,44100,E4,64,fortissimo,normal,1,0
oboe/E4/oboe_E4_025_mezzo-forte_normal.mp3,oboe,woodwind,0.5486,44100,E4,64,mezzo-forte,normal,1,0
oboe/E4/oboe_E4_025_piano_normal.mp3,oboe,woodwind,0.3918,44100,E4,64,piano,normal,1,0
oboe/E4/oboe_E4_05_forte_normal.mp3,oboe,woodwind,0.9665,44100,E4,64,forte,normal,1,0
oboe/E4/oboe_E4_05_fortissimo_normal.mp3,oboe,woodwind,0.9927,44100,E4,64,fortissimo,normal,1,0
oboe/E4/oboe_E4_05_mezzo-forte_normal.mp3,oboe,woodwind,1.071,44100,E4,64,mezzo-forte,normal,1,0
oboe/E4/oboe_E4_05_piano_normal.mp3,oboe,woodwind,0.9665,44100,E4,64,piano,normal,1,0
oboe/E4/oboe_E4_15_forte_normal.mp3,oboe,woodwind,1.5935,44100,E4,64,forte,normal,1,0
oboe/E4/oboe_E4_15_fortissimo_normal.mp3,oboe,woodwind,1.8024,44100,E4,64,fortissimo,normal,1,0
oboe/E4/oboe_E4_15_mezzo-forte_normal.mp3,oboe,woodwind,1.5935,44100,E4,64,mezzo-forte,normal,1,0
oboe/E4/oboe_E4_15_piano_normal.mp3,oboe,woodwind,1.4106,44100,E4,64,piano,normal,1,0
oboe/E4/oboe_E4_1_forte_normal.mp3,oboe,woodwind,1.071,44100,E4,64,forte,normal,1,0
oboe/E4/oboe_E4_1_fortissimo_normal.mp3,oboe,woodwind,1.071,44100,E4,64,fortissimo,normal,1,0
oboe/E4/oboe_E4_1_mezzo-forte_normal.mp3,oboe,woodwind,1.2539,44100,E4,64,mezzo-forte,normal,1,0
oboe/E4/oboe_E4_1_piano_normal.mp3,oboe,woodwind,1.2017,44100,E4,64,piano,normal,1,0
oboe/E4/oboe_E4_phrase_piano_normal.mp3,oboe,woodwind,5.9037,44100,E4,64,piano,normal,1,1
oboe/E5/oboe_E5_025_forte_normal.mp3,oboe,woodwind,0.4702,44100,E5,76,forte,normal,1,0
oboe/E5/oboe_E5_025_fortissimo_normal.mp3,oboe,woodwind,0.4179,44100,E5,76,fortissimo,normal,1,0
oboe/E5/oboe_E5_025_mezzo-forte_normal.mp3,oboe,woodwind,0.4179,44100,E5,76,mezzo-forte,normal,1,0
oboe/E5/oboe_E5_025_piano_normal.mp3,oboe,woodwind,0.3135,44100,E5,76,piano,normal,1,0
oboe/E5/oboe_E5_05_forte_normal.mp3,oboe,woodwind,1.0188,44100,E5,76,forte,normal,1,0
oboe/E5/oboe_E5_05_fortissimo_normal.mp3,oboe,woodwind,1.0188,44100,E5,76,fortissimo,normal,1,0
oboe/E5/oboe_E5_05_mezzo-forte_normal.mp3,oboe,woodwind,0.9143,44100,E5,76,mezzo-forte,normal,1,0
oboe/E5/oboe_E5_05_piano_normal.mp3,oboe,woodwind,0.8882,44100,E5,76,piano,normal,1,0
oboe/E5/oboe_E5_15_forte_normal.mp3,oboe,woodwind,1.7502,44100,E5,76,forte,normal,1,0
oboe/E5/oboe_E5_15_fortissimo_normal.mp3,oboe,woodwind,1.7502,44100,E5,76,fortissimo,normal,1,0
oboe/E5/oboe_E5_15_mezzo-forte_normal.mp3,oboe,woodwind,1.489,44100,E5,76,mezzo-forte,normal,1,0
oboe/E5/oboe_E5_15_piano_normal.mp3,oboe,woodwind,1.6718,44100,E5,76,piano,normal,1,0
oboe/E5/oboe_E5_1_forte_normal.mp3,oboe,woodwind,1.2539,44100,E5,76,forte,normal,1,0
oboe/E5/oboe_E5_1_fortissimo_normal.mp3,oboe,woodwind,1.1233,44100,E5,76,fortissimo,normal,1,0
oboe/E5/oboe_E5_1_mezzo-forte_normal.mp3,oboe,woodwind,1.0188,44100,E5,76,mezzo-forte,normal,1,0
oboe/E5/oboe_E5_1_piano_normal.mp3,oboe,woodwind,1.0972,44100,E5,76,piano,normal,1,0
oboe/E6/oboe_E6_025_forte_normal.mp3,oboe,woodwind,0.4702,44100,E6,88,forte,normal,1,0
oboe/E6/oboe_E6_025_fortissimo_normal.mp3,oboe,woodwind,0.4441,44100,E6,88,fortissimo,normal,1,0
oboe/E6/oboe_E6_025_mezzo-forte_normal.mp3,oboe,woodwind,0.4702,44100,E6,88,mezzo-forte,normal,1,0
oboe/E6/oboe_E6_025_piano_normal.mp3,oboe,woodwind,0.4702,44100,E6,88,piano,normal,1,0
oboe/E6/oboe_E6_05_forte_normal.mp3,oboe,woodwind,1.0449,44100,E6,88,forte,normal,1,0
oboe/E6/oboe_E6_05_fortissimo_normal.mp3,oboe,woodwind,0.9404,44100,E6,88,fortissimo,normal,1,0
oboe/E6/oboe_E6_05_mezzo-forte_normal.mp3,oboe,woodwind,0.9404,44100,E6,88,mezzo-forte,normal,1,0
oboe/E6/oboe_E6_05_piano_normal.mp3,oboe,woodwind,1.071,44100,E6,88,piano,normal,1,0
oboe/E6/oboe_E6_15_forte_normal.mp3,oboe,woodwind,1.6718,44100,E6,88,forte,normal,1,0
oboe/E6/oboe_E6_15_fortissimo_normal.mp3,oboe,woodwind,1.8024,44100,E6,88,fortissimo,normal,1,0
oboe/E6/oboe_E6_15_piano_normal.mp3,oboe,woodwind,1.5413,44100,E6,88,piano,normal,1,0
oboe/E6/oboe_E6_1_forte_normal.mp3,oboe,woodwind,1.071,44100,E6,88,forte,normal,1,0
oboe/E6/oboe_E6_1_fortissimo_normal.mp3,oboe,woodwind,1.1233,44100,E6,88,fortissimo,normal,1,0
oboe/E6/oboe_E6_1_mezzo-forte_normal.mp3,oboe,woodwind,1.0449,44100,E6,88,mezzo-forte,normal,1,0
oboe/E6/oboe_E6_1_piano_normal.mp3,oboe,woodwind,1.3061,44100,E6,88,piano,normal,1,0
oboe/F4/oboe_F4_025_forte_normal.mp3,oboe,woodwind,0.4441,44100,F4,65,forte,normal,1,0
oboe/F4/oboe_F4_025_fortissimo_normal.mp3,oboe,woodwind,0.4441,44100,F4,65,fortissimo,normal,1,0
oboe/F4/oboe_F4_025_mezzo-forte_normal.mp3,oboe,woodwind,0.5747,44100,F4,65,mezzo-forte,normal,1,0
oboe/F4/oboe_F4_025_piano_normal.mp3,oboe,woodwind,0.3918,44100,F4,65,piano,normal,1,0
oboe/F4/oboe_F4_05_forte_normal.mp3,oboe,woodwind,0.8359,44100,F4,65,forte,normal,1,0
oboe/F4/oboe_F4_05_fortissimo_normal.mp3,oboe,woodwind,1.0188,44100,F4,65,fortissimo,normal,1,0
oboe/F4/oboe_F4_05_mezzo-forte_normal.mp3,oboe,woodwind,1.0449,44100,F4,65,mezzo-forte,normal,1,0
oboe/F4/oboe_F4_05_piano_normal.mp3,oboe,woodwind,0.8882,44100,F4,65,piano,normal,1,0
oboe/F4/oboe_F4_15_forte_normal.mp3,oboe,woodwind,1.6196,44100,F4,65,forte,normal,1,0
oboe/F4/oboe_F4_15_fortissimo_normal.mp3,oboe,woodwind,1.8286,44100,F4,65,fortissimo,normal,1,0
oboe/F4/oboe_F4_15_mezzo-forte_normal.mp3,oboe,woodwind,1.6718,44100,F4,65,mezzo-forte,normal,1,0
oboe/F4/oboe_F4_15_piano_normal.mp3,oboe,woodwind,1.3583,44100,F4,65,piano,normal,1,0
oboe/F4/oboe_F4_1_forte_normal.mp3,oboe,woodwind,1.071,44100,F4,65,forte,normal,1,0
oboe/F4/oboe_F4_1_fortissimo_normal.mp3,oboe,woodwind,1.1233,44100,F4,65,fortissimo,normal,1,0
oboe/F4/oboe_F4_1_mezzo-forte_normal.mp3,oboe,woodwind,1.1755,44100,F4,65,mezzo-forte,normal,1,0
oboe/F4/oboe_F4_1_piano_normal.mp3,oboe,woodwind,1.1494,44100,F4,65,piano,normal,1,0
oboe/F4/oboe_F4_phrase_mezzo-forte_normal.mp3,oboe,woodwind,9.2473,44100,F4,65,mezzo-forte,normal,1,1
oboe/F5/oboe_F5_025_forte_normal.mp3,oboe,woodwind,0.4702,44100,F5,77,forte,normal,1,0
oboe/F5/oboe_F5_025_fortissimo_normal.mp3,oboe,woodwind,0.4702,44100,F5,77,fortissimo,normal,1,0
oboe/F5/oboe_F5_025_mezzo-forte_normal.mp3,oboe,woodwind,0.4179,44100,F5,77,mezzo-forte,normal,1,0
oboe/F5/oboe_F5_025_pianissimo_normal.mp3,oboe,woodwind,0.3135,44100,F5,77,pianissimo,normal,1,0
oboe/F5/oboe_F5_025_piano_normal.mp3,oboe,woodwind,0.4179,44100,F5,77,piano,normal,1,0
oboe/F5/oboe_F5_05_forte_normal.mp3,oboe,woodwind,1.0188,44100,F5,77,forte,normal,1,0
oboe/F5/oboe_F5_05_fortissimo_normal.mp3,oboe,woodwind,0.9927,44100,F5,77,fortissimo,normal,1,0
oboe/F5/oboe_F5_05_mezzo-forte_normal.mp3,oboe,woodwind,0.9404,44100,F5,77,mezzo-forte,normal,1,0
oboe/F5/oboe_F5_05_piano_normal.mp3,oboe,woodwind,0.9404,44100,F5,77,piano,normal,1,0
oboe/F5/oboe_F5_15_forte_normal.mp3,oboe,woodwind,1.7241,44100,F5,77,forte,normal,1,0
oboe/F5/oboe_F5_15_fortissimo_normal.mp3,oboe,woodwind,1.7241,44100,F5,77,fortissimo,normal,1,0
oboe/F5/oboe_F5_15_mezzo-forte_normal.mp3,oboe,woodwind,1.6196,44100,F5,77,mezzo-forte,normal,1,0
oboe/F5/oboe_F5_15_piano_normal.mp3,oboe,woodwind,1.5673,44100,F5,77,piano,normal,1,0
oboe/F5/oboe_F5_1_forte_normal.mp3,oboe,woodwind,1.0449,44100,F5,77,forte,normal,1,0
oboe/F5/oboe_F5_1_fortissimo_normal.mp3,oboe,woodwind,1.2277,44100,F5,77,fortissimo,normal,1,0
oboe/F5/oboe_F5_1_mezzo-forte_normal.mp3,oboe,woodwind,1.1233,44100,F5,77,mezzo-forte,normal,1,0
oboe/F5/oboe_F5_1_piano_normal.mp3,oboe,woodwind,1.28,44100,F5,77,piano,normal,1,0
oboe/F5/oboe_F5_phrase_mezzo-forte_normal.mp3,oboe,woodwind,8.8033,44100,F5,77,mezzo-forte,normal,1,1
oboe/F6/oboe_F6_025_forte_normal.mp3,oboe,woodwind,0.4441,44100,F6,89,forte,normal,1,0
oboe/F6/oboe_F6_025_fortissimo_normal.mp3,oboe,woodwind,0.4702,44100,F6,89,fortissimo,normal,1,0
oboe/F6/oboe_F6_025_mezzo-forte_normal.mp3,oboe,woodwind,0.4702,44100,F6,89,mezzo-forte,normal,1,0
oboe/F6/oboe_F6_025_piano_normal.mp3,oboe,woodwind,0.4441,44100,F6,89,piano,normal,1,0
oboe/F6/oboe_F6_05_forte_normal.mp3,oboe,woodwind,0.9927,44100,F6,89,forte,normal,1,0
oboe/F6/oboe_F6_05_fortissimo_normal.mp3,oboe,woodwind,0.9927,44100,F6,89,fortissimo,normal,1,0
oboe/F6/oboe_F6_05_mezzo-forte_normal.mp3,oboe,woodwind,0.9143,44100,F6,89,mezzo-forte,normal,1,0
oboe/F6/oboe_F6_05_piano_normal.mp3,oboe,woodwind,1.0188,44100,F6,89,piano,normal,1,0
oboe/F6/oboe_F6_15_forte_normal.mp3,oboe,woodwind,1.489,44100,F6,89,forte,normal,1,0
oboe/F6/oboe_F6_15_mezzo-forte_normal.mp3,oboe,woodwind,1.6458,44100,F6,89,mezzo-forte,normal,1,0
oboe/F6/oboe_F6_15_piano_normal.mp3,oboe,woodwind,1.489,44100,F6,89,piano,normal,1,0
oboe/F6/oboe_F6_1_forte_normal.mp3,oboe,woodwind,1.1494,44100,F6,89,forte,normal,1,0
oboe/F6/oboe_F6_1_fortissimo_normal.mp3,oboe,woodwind,1.071,44100,F6,89,fortissimo,normal,1,0
oboe/F6/oboe_F6_1_mezzo-forte_normal.mp3,oboe,woodwind,0.9927,44100,F6,89,mezzo-forte,normal,1,0
oboe/F6/oboe_F6_1_piano_normal.mp3,oboe,woodwind,1.2277,44100,F6,89,piano,normal,1,0
oboe/Fs4/oboe_Fs4_025_forte_normal.mp3,oboe,woodwind,0.4441,44100,Fs4,66,forte,normal,1,0
oboe/Fs4/oboe_Fs4_025_fortissimo_normal.mp3,oboe,woodwind,0.4702,44100,Fs4,66,fortissimo,normal,1,0
oboe/Fs4/oboe_Fs4_025_mezzo-forte_normal.mp3,oboe,woodwind,0.4702,44100,Fs4,66,mezzo-forte,normal,1,0
oboe/Fs4/oboe_Fs4_025_piano_normal.mp3,oboe,woodwind,0.3658,44100,Fs4,66,piano,normal,1,0
oboe/Fs4/oboe_Fs4_05_forte_normal.mp3,oboe,woodwind,0.8882,44100,Fs4,66,forte,normal,1,0
oboe/Fs4/oboe_Fs4_05_fortissimo_normal.mp3,oboe,woodwind,0.9665,44100,Fs4,66,fortissimo,normal,1,0
oboe/Fs4/oboe_Fs4_05_mezzo-forte_normal.mp3,oboe,woodwind,1.0972,44100,Fs4,66,mezzo-forte,normal,1,0
oboe/Fs4/oboe_Fs4_05_piano_normal.mp3,oboe,woodwind,0.8882,44100,Fs4,66,piano,normal,1,0
oboe/Fs4/oboe_Fs4_15_forte_normal.mp3,oboe,woodwind,1.7763,44100,Fs4,66,forte,normal,1,0
oboe/Fs4/oboe_Fs4_15_fortissimo_normal.mp3,oboe,woodwind,1.8808,44100,Fs4,66,fortissimo,normal,1,0
oboe/Fs4/oboe_Fs4_15_mezzo-forte_normal.mp3,oboe,woodwind,1.5935,44100,Fs4,66,mezzo-forte,normal,1,0
oboe/Fs4/oboe_Fs4_15_piano_normal.mp3,oboe,woodwind,1.489,44100,Fs4,66,piano,normal,1,0
oboe/Fs4/oboe_Fs4_1_forte_normal.mp3,oboe,woodwind,1.0188,44100,Fs4,66,forte,normal,1,0
oboe/Fs4/oboe_Fs4_1_fortissimo_normal.mp3,oboe,woodwind,1.2017,44100,Fs4,66,fortissimo,normal,1,0
oboe/Fs4/oboe_Fs4_1_mezzo-forte_normal.mp3,oboe,woodwind,1.1494,44100,Fs4,66,mezzo-forte,normal,1,0
oboe/Fs4/oboe_Fs4_1_piano_normal.mp3,oboe,woodwind,1.0972,44100,Fs4,66,piano,normal,1,0
oboe/Fs5/oboe_Fs5_025_forte_normal.mp3,oboe,woodwind,0.4963,44100,Fs5,78,forte,normal,1,0
oboe/Fs5/oboe_Fs5_025_fortissimo_normal.mp3,oboe,woodwind,0.4702,44100,Fs5,78,fortissimo,normal,1,0
oboe/Fs5/oboe_Fs5_025_mezzo-forte_normal.mp3,oboe,woodwind,0.3918,44100,Fs5,78,mezzo-forte,normal,1,0
oboe/Fs5/oboe_Fs5_025_piano_normal.mp3,oboe,woodwind,0.4441,44100,Fs5,78,piano,normal,1,0
oboe/Fs5/oboe_Fs5_05_forte_normal.mp3,oboe,woodwind,1.0449,44100,Fs5,78,forte,normal,1,0
oboe/Fs5/oboe_Fs5_05_fortissimo_normal.mp3,oboe,woodwind,0.9665,44100,Fs5,78,fortissimo,normal,1,0
oboe/Fs5/oboe_Fs5_05_mezzo-forte_normal.mp3,oboe,woodwind,0.9927,44100,Fs5,78,mezzo-forte,normal,1,0
oboe/Fs5/oboe_Fs5_05_piano_normal.mp3,oboe,woodwind,0.9404,44100,Fs5,78,piano,normal,1,0
oboe/Fs5/oboe_Fs5_15_forte_normal.mp3,oboe,woodwind,1.6718,44100,Fs5,78,forte,normal,1,0
oboe/Fs5/oboe_Fs5_15_fortissimo_normal.mp3,oboe,woodwind,1.7502,44100,Fs5,78,fortissimo,normal,1,0
oboe/Fs5/oboe_Fs5_15_mezzo-forte_normal.mp3,oboe,woodwind,1.5413,44100,Fs5,78,mezzo-forte,normal,1,0
oboe/Fs5/oboe_Fs5_15_piano_normal.mp3,oboe,woodwind,1.8547,44100,Fs5,78,piano,normal,1,0
oboe/Fs5/oboe_Fs5_1_forte_normal.mp3,oboe,woodwind,1.2539,44100,Fs5,78,forte,normal,1,0
oboe/Fs5/oboe_Fs5_1_fortissimo_normal.mp3,oboe,woodwind,1.0972,44100,Fs5,78,fortissimo,normal,1,0
oboe/Fs5/oboe_Fs5_1_mezzo-forte_normal.mp3,oboe,woodwind,1.0449,44100,Fs5,78,mezzo-forte,normal,1,0
oboe/Fs5/oboe_Fs5_1_piano_normal.mp3,oboe,woodwind,1.1494,44100,Fs5,78,piano,normal,1,0
oboe/Fs6/oboe_Fs6_025_forte_normal.mp3,oboe,woodwind,0.4702,44100,Fs6,90,forte,normal,1,0
oboe/Fs6/oboe_Fs6_025_fortissimo_normal.mp3,oboe,woodwind,0.4702,44100,Fs6,90,fortissimo,normal,1,0
oboe/Fs6/oboe_Fs6_025_mezzo-forte_normal.mp3,oboe,woodwind,0.4441,44100,Fs6,90,mezzo-forte,normal,1,0
oboe/Fs6/oboe_Fs6_025_piano_normal.mp3,oboe,woodwind,0.5486,44100,Fs6,90,piano,normal,1,0
oboe/Fs6/oboe_Fs6_05_forte_normal.mp3,oboe,woodwind,0.9665,44100,Fs6,90,forte,normal,1,0
oboe/Fs6/oboe_Fs6_05_mezzo-forte_normal.mp3,oboe,woodwind,0.8882,44100,Fs6,90,mezzo-forte,normal,1,0
oboe/Fs6/oboe_Fs6_05_piano_normal.mp3,oboe,woodwind,1.0449,44100,Fs6,90,piano,normal,1,0
oboe/Fs6/oboe_Fs6_15_forte_normal.mp3,oboe,woodwind,1.6718,44100,Fs6,90,forte,normal,1,0
oboe/Fs6/oboe_Fs6_15_mezzo-forte_normal.mp3,oboe,woodwind,1.5151,44100,Fs6,90,mezzo-forte,normal,1,0
oboe/Fs6/oboe_Fs6_15_piano_normal.mp3,oboe,woodwind,1.5151,44100,Fs6,90,piano,normal,1,0
oboe/Fs6/oboe_Fs6_1_forte_normal.mp3,oboe,woodwind,1.0972,44100,Fs6,90,forte,normal,1,0
oboe/Fs6/oboe_Fs6_1_mezzo-forte_normal.mp3,oboe,woodwind,0.9927,44100,Fs6,90,mezzo-forte,normal,1,0
oboe/Fs6/oboe_Fs6_1_piano_normal.mp3,oboe,woodwind,1.3322,44100,Fs6,90,piano,normal,1,0
oboe/G4/oboe_G4_025_forte_normal.mp3,oboe,woodwind,0.4441,44100,G4,67,forte,normal,1,0
oboe/G4/oboe_G4_025_mezzo-forte_normal.mp3,oboe,woodwind,0.5486,44100,G4,67,mezzo-forte,normal,1,0
oboe/G4/oboe_G4_025_piano_normal.mp3,oboe,woodwind,0.3396,44100,G4,67,piano,normal,1,0
oboe/G4/oboe_G4_05_forte_normal.mp3,oboe,woodwind,0.8359,44100,G4,67,forte,normal,1,0
oboe/G4/oboe_G4_05_mezzo-forte_normal.mp3,oboe,woodwind,0.9927,44100,G4,67,mezzo-forte,normal,1,0
oboe/G4/oboe_G4_05_piano_normal.mp3,oboe,woodwind,0.8098,44100,G4,67,piano,normal,1,0
oboe/G4/oboe_G4_15_forte_normal.mp3,oboe,woodwind,1.6458,44100,G4,67,forte,normal,1,0
oboe/G4/oboe_G4_15_fortissimo_normal.mp3,oboe,woodwind,1.8808,44100,G4,67,fortissimo,normal,1,0
oboe/G4/oboe_G4_15_mezzo-forte_normal.mp3,oboe,woodwind,1.5151,44100,G4,67,mezzo-forte,normal,1,0
oboe/G4/oboe_G4_15_piano_normal.mp3,oboe,woodwind,1.2017,44100,G4,67,piano,normal,1,0
oboe/G4/oboe_G4_1_forte_normal.mp3,oboe,woodwind,1.2017,44100,G4,67,forte,normal,1,0
oboe/G4/oboe_G4_1_fortissimo_normal.mp3,oboe,woodwind,0.4702,44100,G4,67,fortissimo,normal,1,0
oboe/G4/oboe_G4_1_mezzo-forte_normal.mp3,oboe,woodwind,1.1494,44100,G4,67,mezzo-forte,normal,1,0
oboe/G4/oboe_G4_1_piano_normal.mp3,oboe,woodwind,1.0972,44100,G4,67,piano,normal,1,0
oboe/G5/oboe_G5_025_forte_normal.mp3,oboe,woodwind,0.4963,44100,G5,79,forte,normal,1,0
oboe/G5/oboe_G5_025_fortissimo_normal.mp3,oboe,woodwind,0.4441,44100,G5,79,fortissimo,normal,1,0
oboe/G5/oboe_G5_025_mezzo-forte_normal.mp3,oboe,woodwind,0.3918,44100,G5,79,mezzo-forte,normal,1,0
oboe/G5/oboe_G5_025_piano_normal.mp3,oboe,woodwind,0.4179,44100,G5,79,piano,normal,1,0
oboe/G5/oboe_G5_05_forte_normal.mp3,oboe,woodwind,1.0188,44100,G5,79,forte,normal,1,0
oboe/G5/oboe_G5_05_fortissimo_normal.mp3,oboe,woodwind,1.0188,44100,G5,79,fortissimo,normal,1,0
oboe/G5/oboe_G5_05_mezzo-forte_normal.mp3,oboe,woodwind,0.862,44100,G5,79,mezzo-forte,normal,1,0
oboe/G5/oboe_G5_05_piano_normal.mp3,oboe,woodwind,0.9404,44100,G5,79,piano,normal,1,0
oboe/G5/oboe_G5_15_forte_normal.mp3,oboe,woodwind,1.7763,44100,G5,79,forte,normal,1,0
oboe/G5/oboe_G5_15_fortissimo_normal.mp3,oboe,woodwind,1.6196,44100,G5,79,fortissimo,normal,1,0
oboe/G5/oboe_G5_15_mezzo-forte_normal.mp3,oboe,woodwind,1.489,44100,G5,79,mezzo-forte,normal,1,0
oboe/G5/oboe_G5_15_piano_normal.mp3,oboe,woodwind,1.5935,44100,G5,79,piano,normal,1,0
oboe/G5/oboe_G5_1_forte_normal.mp3,oboe,woodwind,1.071,44100,G5,79,forte,normal,1,0
oboe/G5/oboe_G5_1_fortissimo_normal.mp3,oboe,woodwind,1.071,44100,G5,79,fortissimo,normal,1,0
oboe/G5/oboe_G5_1_mezzo-forte_normal.mp3,oboe,woodwind,1.0449,44100,G5,79,mezzo-forte,normal,1,0
oboe/G5/oboe_G5_1_piano_normal.mp3,oboe,woodwind,1.0449,44100,G5,79,piano,normal,1,0
oboe/G6/oboe_G6_025_forte_normal.mp3,oboe,woodwind,0.4702,44100,G6,91,forte,normal,1,0
oboe/G6/oboe_G6_025_mezzo-forte_normal.mp3,oboe,woodwind,0.4441,44100,G6,91,mezzo-forte,normal,1,0
oboe/G6/oboe_G6_025_piano_normal.mp3,oboe,woodwind,0.5224,44100,G6,91,piano,normal,1,0
oboe/G6/oboe_G6_05_forte_normal.mp3,oboe,woodwind,1.0449,44100,G6,91,forte,normal,1,0
oboe/G6/oboe_G6_05_mezzo-forte_normal.mp3,oboe,woodwind,0.9927,44100,G6,91,mezzo-forte,normal,1,0
oboe/G6/oboe_G6_05_piano_normal.mp3,oboe,woodwind,1.0188,44100,G6,91,piano,normal,1,0
oboe/G6/oboe_G6_15_forte_normal.mp3,oboe,woodwind,1.5935,44100,G6,91,forte,normal,1,0
oboe/G6/oboe_G6_15_mezzo-forte_normal.mp3,oboe,woodwind,1.6979,44100,G6,91,mezzo-forte,normal,1,0
oboe/G6/oboe_G6_15_piano_normal.mp3,oboe,woodwind,1.6718,44100,G6,91,piano,normal,1,0
oboe/G6/oboe_G6_1_forte_normal.mp3,oboe,woodwind,1.071,44100,G6,91,forte,normal,1,0
oboe/G6/oboe_G6_1_mezzo-forte_normal.mp3,oboe,woodwind,1.2277,44100,G6,91,mezzo-forte,normal,1,0
oboe/G6/oboe_G6_1_piano_normal.mp3,oboe,woodwind,1.3322,44100,G6,91,piano,normal,1,0
oboe/Gs4/oboe_Gs4_025_forte_normal.mp3,oboe,woodwind,0.4963,44100,Gs4,68,forte,normal,1,0
oboe/Gs4/oboe_Gs4_025_fortissimo_normal.mp3,oboe,woodwind,0.4702,44100,Gs4,68,fortissimo,normal,1,0
oboe/Gs4/oboe_Gs4_025_mezzo-forte_normal.mp3,oboe,woodwind,0.5486,44100,Gs4,68,mezzo-forte,normal,1,0
oboe/Gs4/oboe_Gs4_025_piano_normal.mp3,oboe,woodwind,0.3396,44100,Gs4,68,piano,normal,1,0
oboe/Gs4/oboe_Gs4_05_forte_normal.mp3,oboe,woodwind,0.7837,44100,Gs4,68,forte,normal,1,0
oboe/Gs4/oboe_Gs4_05_fortissimo_normal.mp3,oboe,woodwind,1.0188,44100,Gs4,68,fortissimo,normal,1,0
oboe/Gs4/oboe_Gs4_05_mezzo-forte_normal.mp3,oboe,woodwind,1.0449,44100,Gs4,68,mezzo-forte,normal,1,0
oboe/Gs4/oboe_Gs4_05_piano_normal.mp3,oboe,woodwind,0.8098,44100,Gs4,68,piano,normal,1,0
oboe/Gs4/oboe_Gs4_15_forte_normal.mp3,oboe,woodwind,1.6979,44100,Gs4,68,forte,normal,1,0
oboe/Gs4/oboe_Gs4_15_fortissimo_normal.mp3,oboe,woodwind,1.6718,44100,Gs4,68,fortissimo,normal,1,0
oboe/Gs4/oboe_Gs4_15_mezzo-forte_normal.mp3,oboe,woodwind,1.3583,44100,Gs4,68,mezzo-forte,normal,1,0
oboe/Gs4/oboe_Gs4_15_piano_normal.mp3,oboe,woodwind,1.0188,44100,Gs4,68,piano,normal,1,0
oboe/Gs4/oboe_Gs4_1_forte_normal.mp3,oboe,woodwind,1.0188,44100,Gs4,68,forte,normal,1,0
oboe/Gs4/oboe_Gs4_1_fortissimo_normal.mp3,oboe,woodwind,1.071,44100,Gs4,68,fortissimo,normal,1,0
oboe/Gs4/oboe_Gs4_1_mezzo-forte_normal.mp3,oboe,woodwind,1.2017,44100,Gs4,68,mezzo-forte,normal,1,0
oboe/Gs4/oboe_Gs4_1_piano_normal.mp3,oboe,woodwind,0.9665,44100,Gs4,68,piano,normal,1,0
oboe/Gs4/oboe_Gs4_phrase_mezzo-forte_normal.mp3,oboe,woodwind,10.4751,44100,Gs4,68,mezzo-forte,normal,1,1
oboe/Gs5/oboe_Gs5_025_forte_normal.mp3,oboe,woodwind,0.4441,44100,Gs5,80,forte,normal,1,0
oboe/Gs5/oboe_Gs5_025_fortissimo_normal.mp3,oboe,woodwind,0.4441,44100,Gs5,80,fortissimo,normal,1,0
oboe/Gs5/oboe_Gs5_025_mezzo-forte_normal.mp3,oboe,woodwind,0.4441,44100,Gs5,80,mezzo-forte,normal,1,0
oboe/Gs5/oboe_Gs5_025_piano_normal.mp3,oboe,woodwind,0.4441,44100,Gs5,80,piano,normal,1,0
oboe/Gs5/oboe_Gs5_05_forte_normal.mp3,oboe,woodwind,0.9665,44100,Gs5,80,forte,normal,1,0
oboe/Gs5/oboe_Gs5_05_fortissimo_normal.mp3,oboe,woodwind,0.9665,44100,Gs5,80,fortissimo,normal,1,0
oboe/Gs5/oboe_Gs5_05_mezzo-forte_normal.mp3,oboe,woodwind,0.862,44100,Gs5,80,mezzo-forte,normal,1,0
oboe/Gs5/oboe_Gs5_05_piano_normal.mp3,oboe,woodwind,0.8882,44100,Gs5,80,piano,normal,1,0
oboe/Gs5/oboe_Gs5_15_forte_normal.mp3,oboe,woodwind,1.7763,44100,Gs5,80,forte,normal,1,0
oboe/Gs5/oboe_Gs5_15_fortissimo_normal.mp3,oboe,woodwind,1.7502,44100,Gs5,80,fortissimo,normal,1,0
oboe/Gs5/oboe_Gs5_15_mezzo-forte_normal.mp3,oboe,woodwind,1.5673,44100,Gs5,80,mezzo-forte,normal,1,0
oboe/Gs5/oboe_Gs5_15_piano_normal.mp3,oboe,woodwind,1.489,44100,Gs5,80,piano,normal,1,0
oboe/Gs5/oboe_Gs5_1_forte_normal.mp3,oboe,woodwind,1.3322,44100,Gs5,80,forte,normal,1,0
oboe/Gs5/oboe_Gs5_1_fortissimo_normal.mp3,oboe,woodwind,1.071,44100,Gs5,80,fortissimo,normal,1,0
oboe/Gs5/oboe_Gs5_1_mezzo-forte_normal.mp3,oboe,woodwind,1.1233,44100,Gs5,80,mezzo-forte,normal,1,0
oboe/Gs5/oboe_Gs5_1_piano_normal.mp3,oboe,woodwind,1.1494,44100,Gs5,80,piano,normal,1,0
oboe/Gs6/oboe_Gs6_025_forte_normal.mp3,oboe,woodwind,0.4963,44100,Gs6,92,forte,normal,1,0
oboe/Gs6/oboe_Gs6_025_mezzo-forte_normal.mp3,oboe,woodwind,0.4702,44100,Gs6,92,mezzo-forte,normal,1,0
oboe/Gs6/oboe_Gs6_025_piano_normal.mp3,oboe,woodwind,0.5224,44100,Gs6,92,piano,normal,1,0
oboe/Gs6/oboe_Gs6_05_forte_normal.mp3,oboe,woodwind,1.071,44100,Gs6,92,forte,normal,1,0
oboe/Gs6/oboe_Gs6_05_mezzo-forte_normal.mp3,oboe,woodwind,0.9665,44100,Gs6,92,mezzo-forte,normal,1,0
oboe/Gs6/oboe_Gs6_05_piano_normal.mp3,oboe,woodwind,1.0449,44100,Gs6,92,piano,normal,1,0
oboe/Gs6/oboe_Gs6_15_forte_normal.mp3,oboe,woodwind,1.6458,44100,Gs6,92,forte,normal,1,0
oboe/Gs6/oboe_Gs6_15_mezzo-forte_normal.mp3,oboe,woodwind,1.6458,44100,Gs6,92,mezzo-forte,normal,1,0
oboe/Gs6/oboe_Gs6_15_piano_normal.mp3,oboe,woodwind,1.6196,44100,Gs6,92,piano,normal,1,0
oboe/Gs6/oboe_Gs6_1_forte_normal.mp3,oboe,woodwind,1.28,44100,Gs6,92,forte,normal,1,0
oboe/Gs6/oboe_Gs6_1_mezzo-forte_normal.mp3,oboe,woodwind,1.1233,44100,Gs6,92,mezzo-forte,normal,1,0
oboe/Gs6/oboe_Gs6_1_piano_normal.mp3,oboe,woodwind,1.2277,44100,Gs6,92,piano,normal,1,0
trombone/A2/trombone_A2_025_mezzo-forte_normal.mp3,trombone,brass,0.4179,44100,A2,45,mezzo-forte,normal,1,0
trombone/A2/trombone_A2_025_pianissimo_normal.mp3,trombone,brass,0.4179,44100,A2,45,pianissimo,normal,1,0
trombone/A2/trombone_A2_025_piano_normal.mp3,trombone,brass,0.4179,44100,A2,45,piano,normal,1,0
trombone/A2/trombone_A2_05_mezzo-forte_normal.mp3,trombone,brass,0.6792,44100,A2,45,mezzo-forte,normal,1,0
trombone/A2/trombone_A2_05_pianissimo_normal.mp3,trombone,brass,0.6792,44100,A2,45,pianissimo,normal,1,0
trombone/A2/trombone_A2_05_piano_normal.mp3,trombone,brass,0.6792,44100,A2,45,piano,normal,1,0
trombone/A2/trombone_A2_15_mezzo-forte_normal.mp3,trombone,brass,1.28,44100,A2,45,mezzo-forte,normal,1,0
trombone/A2/trombone_A2_15_pianissimo_normal.mp3,trombone,brass,1.2016,44100,A2,45,pianissimo,normal,1,0
trombone/A2/trombone_A2_1_mezzo-forte_normal.mp3,trombone,brass,0.862,44100,A2,45,mezzo-forte,normal,1,0
trombone/A2/trombone_A2_1_pianissimo_normal.mp3,trombone,brass,1.2277,44100,A2,45,pianissimo,normal,1,0
trombone/A2/trombone_A2_very-long_forte_normal.mp3,trombone,brass,3.0824,44100,A2,45,forte,normal,1,0
trombone/A2/trombone_A2_very-long_fortissimo_normal.mp3,trombone,brass,3.2392,44100,A2,45,fortissimo,normal,1,0
trombone/A2/trombone_A2_very-long_mezzo-forte_normal.mp3,trombone,brass,5.6685,44100,A2,45,mezzo-forte,normal,1,0
trombone/A2/trombone_A2_very-long_pianissimo_normal.mp3,trombone,brass,5.12,44100,A2,45,pianissimo,normal,1,0
trombone/A2/trombone_A2_very-long_piano_normal.mp3,trombone,brass,8.4114,44100,A2,45,piano,normal,1,0
trombone/A3/trombone_A3_025_forte_normal.mp3,trombone,brass,0.3918,44100,A3,57,forte,normal,1,0
trombone/A3/trombone_A3_025_fortissimo_normal.mp3,trombone,brass,0.4702,44100,A3,57,fortissimo,normal,1,0
trombone/A3/trombone_A3_025_mezzo-forte_normal.mp3,trombone,brass,0.4441,44100,A3,57,mezzo-forte,normal,1,0
trombone/A3/trombone_A3_025_pianissimo_normal.mp3,trombone,brass,0.4179,44100,A3,57,pianissimo,normal,1,0
trombone/A3/trombone_A3_025_piano_normal.mp3,trombone,brass,0.4179,44100,A3,57,piano,normal,1,0
trombone/A3/trombone_A3_05_forte_normal.mp3,trombone,brass,0.6269,44100,A3,57,forte,normal,1,0
trombone/A3/trombone_A3_05_fortissimo_normal.mp3,trombone,brass,0.653,44100,A3,57,fortissimo,normal,1,0
trombone/A3/trombone_A3_05_mezzo-forte_normal.mp3,trombone,brass,0.6792,44100,A3,57,mezzo-forte,normal,1,0
trombone/A3/trombone_A3_05_pianissimo_normal.mp3,trombone,brass,0.653,44100,A3,57,pianissimo,normal,1,0
trombone/A3/trombone_A3_05_piano_normal.mp3,trombone,brass,0.7053,44100,A3,57,piano,normal,1,0
trombone/A3/trombone_A3_15_forte_normal.mp3,trombone,brass,1.2538,44100,A3,57,forte,normal,1,0
trombone/A3/trombone_A3_15_fortissimo_normal.mp3,trombone,brass,1.3322,44100,A3,57,fortissimo,normal,1,0
trombone/A3/trombone_A3_15_mezzo-forte_normal.mp3,trombone,brass,1.2277,44100,A3,57,mezzo-forte,normal,1,0
trombone/A3/trombone_A3_15_pianissimo_normal.mp3,trombone,brass,1.2538,44100,A3,57,pianissimo,normal,1,0
trombone/A3/trombone_A3_15_piano_normal.mp3,trombone,brass,1.3583,44100,A3,57,piano,normal,1,0
trombone/A3/trombone_A3_1_forte_normal.mp3,trombone,brass,0.862,44100,A3,57,forte,normal,1,0
trombone/A3/trombone_A3_1_fortissimo_normal.mp3,trombone,brass,1.0187,44100,A3,57,fortissimo,normal,1,0
trombone/A3/trombone_A3_1_mezzo-forte_normal.mp3,trombone,brass,0.8881,44100,A3,57,mezzo-forte,normal,1,0
trombone/A3/trombone_A3_1_pianissimo_normal.mp3,trombone,brass,0.9143,44100,A3,57,pianissimo,normal,1,0
trombone/A3/trombone_A3_1_piano_normal.mp3,trombone,brass,0.8881,44100,A3,57,piano,normal,1,0
trombone/A4/trombone_A4_025_forte_normal.mp3,trombone,brass,0.4179,44100,A4,69,forte,normal,1,0
trombone/A4/trombone_A4_025_fortissimo_normal.mp3,trombone,brass,0.4441,44100,A4,69,fortissimo,normal,1,0
trombone/A4/trombone_A4_025_mezzo-forte_normal.mp3,trombone,brass,0.4441,44100,A4,69,mezzo-forte,normal,1,0
trombone/A4/trombone_A4_025_pianissimo_normal.mp3,trombone,brass,0.4179,44100,A4,69,pianissimo,normal,1,0
trombone/A4/trombone_A4_025_piano_normal.mp3,trombone,brass,0.4441,44100,A4,69,piano,normal,1,0
trombone/A4/trombone_A4_05_forte_normal.mp3,trombone,brass,0.653,44100,A4,69,forte,normal,1,0
trombone/A4/trombone_A4_05_fortissimo_normal.mp3,trombone,brass,0.6792,44100,A4,69,fortissimo,normal,1,0
trombone/A4/trombone_A4_05_mezzo-forte_normal.mp3,trombone,brass,0.653,44100,A4,69,mezzo-forte,normal,1,0
trombone/A4/trombone_A4_05_pianissimo_normal.mp3,trombone,brass,0.6792,44100,A4,69,pianissimo,normal,1,0
trombone/A4/trombone_A4_05_piano_normal.mp3,trombone,brass,0.7053,44100,A4,69,piano,normal,1,0
trombone/A4/trombone_A4_15_forte_normal.mp3,trombone,brass,1.3845,44100,A4,69,forte,normal,1,0
trombone/A4/trombone_A4_15_fortissimo_normal.mp3,trombone,brass,1.3061,44100,A4,69,fortissimo,normal,1,0
trombone/A4/trombone_A4_15_mezzo-forte_normal.mp3,trombone,brass,1.2538,44100,A4,69,mezzo-forte,normal,1,0
trombone/A4/trombone_A4_15_pianissimo_normal.mp3,trombone,brass,1.2016,44100,A4,69,pianissimo,normal,1,0
trombone/A4/trombone_A4_15_piano_normal.mp3,trombone,brass,1.3322,44100,A4,69,piano,normal,1,0
trombone/A4/trombone_A4_1_forte_normal.mp3,trombone,brass,0.862,44100,A4,69,forte,normal,1,0
trombone/A4/trombone_A4_1_fortissimo_normal.mp3,trombone,brass,0.9926,44100,A4,69,fortissimo,normal,1,0
trombone/A4/trombone_A4_1_mezzo-forte_normal.mp3,trombone,brass,0.9665,44100,A4,69,mezzo-forte,normal,1,0
trombone/A4/trombone_A4_1_pianissimo_normal.mp3,trombone,brass,0.9404,44100,A4,69,pianissimo,normal,1,0
trombone/A4/trombone_A4_1_piano_normal.mp3,trombone,brass,0.9926,44100,A4,69,piano,normal,1,0
trombone/A5/trombone_A5_025_forte_normal.mp3,trombone,brass,0.3918,44100,A5,81,forte,normal,1,0
trombone/A5/trombone_A5_025_fortissimo_normal.mp3,trombone,brass,0.4179,44100,A5,81,fortissimo,normal,1,0
trombone/A5/trombone_A5_05_forte_normal.mp3,trombone,brass,0.653,44100,A5,81,forte,normal,1,0
trombone/A5/trombone_A5_05_fortissimo_normal.mp3,trombone,brass,0.7314,44100,A5,81,fortissimo,normal,1,0
trombone/A5/trombone_A5_15_forte_normal.mp3,trombone,brass,1.2538,44100,A5,81,forte,normal,1,0
trombone/A5/trombone_A5_15_fortissimo_normal.mp3,trombone,brass,1.3583,44100,A5,81,fortissimo,normal,1,0
trombone/A5/trombone_A5_1_forte_normal.mp3,trombone,brass,0.8881,44100,A5,81,forte,normal,1,0
trombone/A5/trombone_A5_1_fortissimo_normal.mp3,trombone,brass,0.9404,44100,A5,81,fortissimo,normal,1,0
trombone/As2/trombone_As2_025_mezzo-forte_normal.mp3,trombone,brass,0.4179,44100,As2,46,mezzo-forte,normal,1,0
trombone/As2/trombone_As2_025_pianissimo_normal.mp3,trombone,brass,0.4441,44100,As2,46,pianissimo,normal,1,0
trombone/As2/trombone_As2_05_mezzo-forte_normal.mp3,trombone,brass,0.653,44100,As2,46,mezzo-forte,normal,1,0
trombone/As2/trombone_As2_05_pianissimo_normal.mp3,trombone,brass,0.653,44100,As2,46,pianissimo,normal,1,0
trombone/As2/trombone_As2_15_mezzo-forte_normal.mp3,trombone,brass,1.3583,44100,As2,46,mezzo-forte,normal,1,0
trombone/As2/trombone_As2_15_pianissimo_normal.mp3,trombone,brass,1.3061,44100,As2,46,pianissimo,normal,1,0
trombone/As2/trombone_As2_1_mezzo-forte_normal.mp3,trombone,brass,0.9404,44100,As2,46,mezzo-forte,normal,1,0
trombone/As2/trombone_As2_1_pianissimo_normal.mp3,trombone,brass,0.9404,44100,As2,46,pianissimo,normal,1,0
trombone/As2/trombone_As2_very-long_forte_normal.mp3,trombone,brass,3.4481,44100,As2,46,forte,normal,1,0
trombone/As2/trombone_As2_very-long_fortissimo_normal.mp3,trombone,brass,3.6049,44100,As2,46,fortissimo,normal,1,0
trombone/As2/trombone_As2_very-long_mezzo-forte_normal.mp3,trombone,brass,6.3216,44100,As2,46,mezzo-forte,normal,1,0
trombone/As2/trombone_As2_very-long_pianissimo_normal.mp3,trombone,brass,5.5379,44100,As2,46,pianissimo,normal,1,0
trombone/As2/trombone_As2_very-long_piano_normal.mp3,trombone,brass,7.5494,44100,As2,46,piano,normal,1,0
trombone/As3/trombone_As3_025_forte_normal.mp3,trombone,brass,0.3657,44100,As3,58,forte,normal,1,0
trombone/As3/trombone_As3_025_fortissimo_normal.mp3,trombone,brass,0.4441,44100,As3,58,fortissimo,normal,1,0
trombone/As3/trombone_As3_025_mezzo-forte_normal.mp3,trombone,brass,0.4179,44100,As3,58,mezzo-forte,normal,1,0
trombone/As3/trombone_As3_025_pianissimo_normal.mp3,trombone,brass,0.4179,44100,As3,58,pianissimo,normal,1,0
trombone/As3/trombone_As3_025_piano_normal.mp3,trombone,brass,0.3918,44100,As3,58,piano,normal,1,0
trombone/As3/trombone_As3_05_forte_normal.mp3,trombone,brass,0.6269,44100,As3,58,forte,normal,1,0
trombone/As3/trombone_As3_05_fortissimo_normal.mp3,trombone,brass,0.6792,44100,As3,58,fortissimo,normal,1,0
trombone/As3/trombone_As3_05_mezzo-forte_normal.mp3,trombone,brass,0.653,44100,As3,58,mezzo-forte,normal,1,0
trombone/As3/trombone_As3_05_pianissimo_normal.mp3,trombone,brass,0.653,44100,As3,58,pianissimo,normal,1,0
trombone/As3/trombone_As3_05_piano_normal.mp3,trombone,brass,0.653,44100,As3,58,piano,normal,1,0
trombone/As3/trombone_As3_15_forte_normal.mp3,trombone,brass,1.3061,44100,As3,58,forte,normal,1,0
trombone/As3/trombone_As3_15_fortissimo_normal.mp3,trombone,brass,1.3845,44100,As3,58,fortissimo,normal,1,0
trombone/As3/trombone_As3_15_mezzo-forte_normal.mp3,trombone,brass,1.28,44100,As3,58,mezzo-forte,normal,1,0
trombone/As3/trombone_As3_15_pianissimo_normal.mp3,trombone,brass,1.28,44100,As3,58,pianissimo,normal,1,0
trombone/As3/trombone_As3_15_piano_normal.mp3,trombone,brass,1.3845,44100,As3,58,piano,normal,1,0
trombone/As3/trombone_As3_1_forte_normal.mp3,trombone,brass,0.8359,44100,As3,58,forte,normal,1,0
trombone/As3/trombone_As3_1_fortissimo_normal.mp3,trombone,brass,0.9926,44100,As3,58,fortissimo,normal,1,0
trombone/As3/trombone_As3_1_mezzo-forte_normal.mp3,trombone,brass,0.9143,44100,As3,58,mezzo-forte,normal,1,0
trombone/As3/trombone_As3_1_pianissimo_normal.mp3,trombone,brass,0.9665,44100,As3,58,pianissimo,normal,1,0
trombone/As3/trombone_As3_1_piano_normal.mp3,trombone,brass,0.9926,44100,As3,58,piano,normal,1,0
trombone/As3/trombone_As3_long_fortissimo_normal.mp3,trombone,brass,2.6383,44100,As3,58,fortissimo,normal,1,0
trombone/As4/trombone_As4_025_forte_normal.mp3,trombone,brass,0.4179,44100,As4,70,forte,normal,1,0
trombone/As4/trombone_As4_025_fortissimo_normal.mp3,trombone,brass,0.4441,44100,As4,70,fortissimo,normal,1,0
trombone/As4/trombone_As4_025_mezzo-forte_normal.mp3,trombone,brass,0.4179,44100,As4,70,mezzo-forte,normal,1,0
trombone/As4/trombone_As4_025_pianissimo_normal.mp3,trombone,brass,0.4179,44100,As4,70,pianissimo,normal,1,0
trombone/As4/trombone_As4_025_piano_normal.mp3,trombone,brass,0.4179,44100,As4,70,piano,normal,1,0
trombone/As4/trombone_As4_05_forte_normal.mp3,trombone,brass,0.6269,44100,As4,70,forte,normal,1,0
trombone/As4/trombone_As4_05_fortissimo_normal.mp3,trombone,brass,0.653,44100,As4,70,fortissimo,normal,1,0
trombone/As4/trombone_As4_05_mezzo-forte_normal.mp3,trombone,brass,0.6792,44100,As4,70,mezzo-forte,normal,1,0
trombone/As4/trombone_As4_05_pianissimo_normal.mp3,trombone,brass,0.653,44100,As4,70,pianissimo,normal,1,0
trombone/As4/trombone_As4_05_piano_normal.mp3,trombone,brass,0.7314,44100,As4,70,piano,normal,1,0
trombone/As4/trombone_As4_15_forte_normal.mp3,trombone,brass,1.3322,44100,As4,70,forte,normal,1,0
trombone/As4/trombone_As4_15_fortissimo_normal.mp3,trombone,brass,1.3322,44100,As4,70,fortissimo,normal,1,0
trombone/As4/trombone_As4_15_mezzo-forte_normal.mp3,trombone,brass,1.2277,44100,As4,70,mezzo-forte,normal,1,0
trombone/As4/trombone_As4_15_pianissimo_normal.mp3,trombone,brass,2.56,44100,As4,70,pianissimo,normal,1,0
trombone/As4/trombone_As4_15_piano_normal.mp3,trombone,brass,1.4367,44100,As4,70,piano,normal,1,0
trombone/As4/trombone_As4_1_forte_normal.mp3,trombone,brass,0.8881,44100,As4,70,forte,normal,1,0
trombone/As4/trombone_As4_1_fortissimo_normal.mp3,trombone,brass,1.0449,44100,As4,70,fortissimo,normal,1,0
trombone/As4/trombone_As4_1_mezzo-forte_normal.mp3,trombone,brass,0.9143,44100,As4,70,mezzo-forte,normal,1,0
trombone/As4/trombone_As4_1_pianissimo_normal.mp3,trombone,brass,0.9404,44100,As4,70,pianissimo,normal,1,0
trombone/As4/trombone_As4_1_piano_normal.mp3,trombone,brass,1.0187,44100,As4,70,piano,normal,1,0
trombone/As5/trombone_As5_025_forte_normal.mp3,trombone,brass,0.4179,44100,As5,82,forte,normal,1,0
trombone/As5/trombone_As5_025_fortissimo_normal.mp3,trombone,brass,0.4441,44100,As5,82,fortissimo,normal,1,0
trombone/As5/trombone_As5_05_forte_normal.mp3,trombone,brass,0.653,44100,As5,82,forte,normal,1,0
trombone/As5/trombone_As5_05_fortissimo_normal.mp3,trombone,brass,0.6792,44100,As5,82,fortissimo,normal,1,0
trombone/As5/trombone_As5_15_forte_normal.mp3,trombone,brass,1.7502,44100,As5,82,forte,normal,1,0
trombone/As5/trombone_As5_15_fortissimo_normal.mp3,trombone,brass,1.6979,44100,As5,82,fortissimo,normal,1,0
trombone/As5/trombone_As5_1_forte_normal.mp3,trombone,brass,0.8881,44100,As5,82,forte,normal,1,0
trombone/As5/trombone_As5_1_fortissimo_normal.mp3,trombone,brass,0.9404,44100,As5,82,fortissimo,normal,1,0
trombone/B2/trombone_B2_025_mezzo-forte_normal.mp3,trombone,brass,0.4179,44100,B2,47,mezzo-forte,normal,1,0
trombone/B2/trombone_B2_025_pianissimo_normal.mp3,trombone,brass,0.4179,44100,B2,47,pianissimo,normal,1,0
trombone/B2/trombone_B2_025_piano_normal.mp3,trombone,brass,0.3918,44100,B2,47,piano,normal,1,0
trombone/B2/trombone_B2_05_mezzo-forte_normal.mp3,trombone,brass,0.7053,44100,B2,47,mezzo-forte,normal,1,0
trombone/B2/trombone_B2_05_pianissimo_normal.mp3,trombone,brass,0.6269,44100,B2,47,pianissimo,normal,1,0
trombone/B2/trombone_B2_05_piano_normal.mp3,trombone,brass,0.6792,44100,B2,47,piano,normal,1,0
trombone/B2/trombone_B2_15_mezzo-forte_normal.mp3,trombone,brass,1.3061,44100,B2,47,mezzo-forte,normal,1,0
trombone/B2/trombone_B2_15_pianissimo_normal.mp3,trombone,brass,1.2538,44100,B2,47,pianissimo,normal,1,0
trombone/B2/trombone_B2_15_piano_normal.mp3,trombone,brass,1.3061,44100,B2,47,piano,normal,1,0
trombone/B2/trombone_B2_1_mezzo-forte_normal.mp3,trombone,brass,0.9143,44100,B2,47,mezzo-forte,normal,1,0
trombone/B2/trombone_B2_1_pianissimo_normal.mp3,trombone,brass,0.9404,44100,B2,47,pianissimo,normal,1,0
trombone/B2/trombone_B2_1_piano_normal.mp3,trombone,brass,0.9926,44100,B2,47,piano,normal,1,0
trombone/B2/trombone_B2_long_fortissimo_normal.mp3,trombone,brass,2.5861,44100,B2,47,fortissimo,normal,1,0
trombone/B2/trombone_B2_very-long_cresc-decresc_normal.mp3,trombone,brass,9.4824,44100,B2,47,cresc-decresc,normal,1,0
trombone/B3/trombone_B3_025_forte_normal.mp3,trombone,brass,0.4179,44100,B3,59,forte,normal,1,0
trombone/B3/trombone_B3_025_fortissimo_normal.mp3,trombone,brass,0.4179,44100,B3,59,fortissimo,normal,1,0
trombone/B3/trombone_B3_025_mezzo-forte_normal.mp3,trombone,brass,0.4179,44100,B3,59,mezzo-forte,normal,1,0
trombone/B3/trombone_B3_025_pianissimo_normal.mp3,trombone,brass,0.4179,44100,B3,59,pianissimo,normal,1,0
trombone/B3/trombone_B3_025_piano_normal.mp3,trombone,brass,0.4179,44100,B3,59,piano,normal,1,0
trombone/B3/trombone_B3_05_forte_normal.mp3,trombone,brass,0.653,44100,B3,59,forte,normal,1,0
trombone/B3/trombone_B3_05_fortissimo_normal.mp3,trombone,brass,0.6792,44100,B3,59,fortissimo,normal,1,0
trombone/B3/trombone_B3_05_mezzo-forte_normal.mp3,trombone,brass,0.6792,44100,B3,59,mezzo-forte,normal,1,0
trombone/B3/trombone_B3_05_pianissimo_normal.mp3,trombone,brass,0.653,44100,B3,59,pianissimo,normal,1,0
trombone/B3/trombone_B3_05_piano_normal.mp3,trombone,brass,0.6792,44100,B3,59,piano,normal,1,0
trombone/B3/trombone_B3_15_forte_normal.mp3,trombone,brass,1.2016,44100,B3,59,forte,normal,1,0
trombone/B3/trombone_B3_15_fortissimo_normal.mp3,trombone,brass,1.3061,44100,B3,59,fortissimo,normal,1,0
trombone/B3/trombone_B3_15_mezzo-forte_normal.mp3,trombone,brass,1.3845,44100,B3,59,mezzo-forte,normal,1,0
trombone/B3/trombone_B3_15_pianissimo_normal.mp3,trombone,brass,1.2277,44100,B3,59,pianissimo,normal,1,0
trombone/B3/trombone_B3_15_piano_normal.mp3,trombone,brass,1.4628,44100,B3,59,piano,normal,1,0
trombone/B3/trombone_B3_1_forte_normal.mp3,trombone,brass,0.862,44100,B3,59,forte,normal,1,0
trombone/B3/trombone_B3_1_fortissimo_normal.mp3,trombone,brass,0.9926,44100,B3,59,fortissimo,normal,1,0
trombone/B3/trombone_B3_1_mezzo-forte_normal.mp3,trombone,brass,0.9143,44100,B3,59,mezzo-forte,normal,1,0
trombone/B3/trombone_B3_1_pianissimo_normal.mp3,trombone,brass,0.9143,44100,B3,59,pianissimo,normal,1,0
trombone/B3/trombone_B3_1_piano_normal.mp3,trombone,brass,0.8881,44100,B3,59,piano,normal,1,0
trombone/B3/trombone_B3_very-long_cresc-decresc_normal.mp3,trombone,brass,11.7812,44100,B3,59,cresc-decresc,normal,1,0
trombone/B4/trombone_B4_025_forte_normal.mp3,trombone,brass,0.3918,44100,B4,71,forte,normal,1,0
trombone/B4/trombone_B4_025_fortissimo_normal.mp3,trombone,brass,0.4441,44100,B4,71,fortissimo,normal,1,0
trombone/B4/trombone_B4_025_mezzo-forte_normal.mp3,trombone,brass,0.4179,44100,B4,71,mezzo-forte,normal,1,0
trombone/B4/trombone_B4_025_pianissimo_normal.mp3,trombone,brass,0.3918,44100,B4,71,pianissimo,normal,1,0
trombone/B4/trombone_B4_025_piano_normal.mp3,trombone,brass,0.4441,44100,B4,71,piano,normal,1,0
trombone/B4/trombone_B4_05_forte_normal.mp3,trombone,brass,0.6269,44100,B4,71,forte,normal,1,0
trombone/B4/trombone_B4_05_fortissimo_normal.mp3,trombone,brass,0.7053,44100,B4,71,fortissimo,normal,1,0
trombone/B4/trombone_B4_05_mezzo-forte_normal.mp3,trombone,brass,0.6792,44100,B4,71,mezzo-forte,normal,1,0
trombone/B4/trombone_B4_05_pianissimo_normal.mp3,trombone,brass,0.653,44100,B4,71,pianissimo,normal,1,0
trombone/B4/trombone_B4_05_piano_normal.mp3,trombone,brass,0.6792,44100,B4,71,piano,normal,1,0
trombone/B4/trombone_B4_15_forte_normal.mp3,trombone,brass,1.3322,44100,B4,71,forte,normal,1,0
trombone/B4/trombone_B4_15_fortissimo_normal.mp3,trombone,brass,1.3583,44100,B4,71,fortissimo,normal,1,0
trombone/B4/trombone_B4_15_mezzo-forte_normal.mp3,trombone,brass,1.2538,44100,B4,71,mezzo-forte,normal,1,0
trombone/B4/trombone_B4_15_pianissimo_normal.mp3,trombone,brass,1.2538,44100,B4,71,pianissimo,normal,1,0
trombone/B4/trombone_B4_15_piano_normal.mp3,trombone,brass,1.3061,44100,B4,71,piano,normal,1,0
trombone/B4/trombone_B4_1_forte_normal.mp3,trombone,brass,0.8881,44100,B4,71,forte,normal,1,0
trombone/B4/trombone_B4_1_fortissimo_normal.mp3,trombone,brass,0.9926,44100,B4,71,fortissimo,normal,1,0
trombone/B4/trombone_B4_1_mezzo-forte_normal.mp3,trombone,brass,0.8881,44100,B4,71,mezzo-forte,normal,1,0
trombone/B4/trombone_B4_1_pianissimo_normal.mp3,trombone,brass,0.9404,44100,B4,71,pianissimo,normal,1,0
trombone/B4/trombone_B4_1_piano_normal.mp3,trombone,brass,0.9665,44100,B4,71,piano,normal,1,0
trombone/B4/trombone_B4_long_fortissimo_normal.mp3,trombone,brass,2.1159,44100,B4,71,fortissimo,normal,1,0
trombone/B5/trombone_B5_025_forte_normal.mp3,trombone,brass,0.3918,44100,B5,83,forte,normal,1,0
trombone/B5/trombone_B5_05_forte_normal.mp3,trombone,brass,0.6269,44100,B5,83,forte,normal,1,0
trombone/B5/trombone_B5_15_forte_normal.mp3,trombone,brass,1.3322,44100,B5,83,forte,normal,1,0
trombone/B5/trombone_B5_1_forte_normal.mp3,trombone,brass,0.8881,44100,B5,83,forte,normal,1,0
trombone/C3/trombone_C3_025_mezzo-forte_normal.mp3,trombone,brass,0.3918,44100,C3,48,mezzo-forte,normal,1,0
trombone/C3/trombone_C3_025_pianissimo_normal.mp3,trombone,brass,0.4441,44100,C3,48,pianissimo,normal,1,0
trombone/C3/trombone_C3_025_piano_normal.mp3,trombone,brass,0.4441,44100,C3,48,piano,normal,1,0
trombone/C3/trombone_C3_05_mezzo-forte_normal.mp3,trombone,brass,0.653,44100,C3,48,mezzo-forte,normal,1,0
trombone/C3/trombone_C3_05_pianissimo_normal.mp3,trombone,brass,0.6269,44100,C3,48,pianissimo,normal,1,0
trombone/C3/trombone_C3_05_piano_normal.mp3,trombone,brass,0.7053,44100,C3,48,piano,normal,1,0
trombone/C3/trombone_C3_15_mezzo-forte_normal.mp3,trombone,brass,1.3061,44100,C3,48,mezzo-forte,normal,1,0
trombone/C3/trombone_C3_15_pianissimo_normal.mp3,trombone,brass,1.3322,44100,C3,48,pianissimo,normal,1,0
trombone/C3/trombone_C3_15_piano_normal.mp3,trombone,brass,1.3322,44100,C3,48,piano,normal,1,0
trombone/C3/trombone_C3_1_mezzo-forte_normal.mp3,trombone,brass,0.9404,44100,C3,48,mezzo-forte,normal,1,0
trombone/C3/trombone_C3_1_pianissimo_normal.mp3,trombone,brass,0.9404,44100,C3,48,pianissimo,normal,1,0
trombone/C3/trombone_C3_1_piano_normal.mp3,trombone,brass,1.0449,44100,C3,48,piano,normal,1,0
trombone/C4/trombone_C4_025_forte_normal.mp3,trombone,brass,0.3918,44100,C4,60,forte,normal,1,0
trombone/C4/trombone_C4_025_fortissimo_normal.mp3,trombone,brass,0.4441,44100,C4,60,fortissimo,normal,1,0
trombone/C4/trombone_C4_025_mezzo-forte_normal.mp3,trombone,brass,0.4179,44100,C4,60,mezzo-forte,normal,1,0
trombone/C4/trombone_C4_025_piano_normal.mp3,trombone,brass,0.4179,44100,C4,60,piano,normal,1,0
trombone/C4/trombone_C4_05_forte_normal.mp3,trombone,brass,0.653,44100,C4,60,forte,normal,1,0
trombone/C4/trombone_C4_05_fortissimo_normal.mp3,trombone,brass,0.6792,44100,C4,60,fortissimo,normal,1,0
trombone/C4/trombone_C4_05_mezzo-forte_normal.mp3,trombone,brass,0.6792,44100,C4,60,mezzo-forte,normal,1,0
trombone/C4/trombone_C4_05_piano_normal.mp3,trombone,brass,0.7053,44100,C4,60,piano,normal,1,0
trombone/C4/trombone_C4_15_forte_normal.mp3,trombone,brass,1.2538,44100,C4,60,forte,normal,1,0
trombone/C4/trombone_C4_15_fortissimo_normal.mp3,trombone,brass,1.3061,44100,C4,60,fortissimo,normal,1,0
trombone/C4/trombone_C4_15_mezzo-forte_normal.mp3,trombone,brass,1.2277,44100,C4,60,mezzo-forte,normal,1,0
trombone/C4/trombone_C4_15_pianissimo_normal.mp3,trombone,brass,1.3583,44100,C4,60,pianissimo,normal,1,0
trombone/C4/trombone_C4_1_forte_normal.mp3,trombone,brass,0.8881,44100,C4,60,forte,normal,1,0
trombone/C4/trombone_C4_1_fortissimo_normal.mp3,trombone,brass,0.9926,44100,C4,60,fortissimo,normal,1,0
trombone/C4/trombone_C4_1_mezzo-forte_normal.mp3,trombone,brass,0.9143,44100,C4,60,mezzo-forte,normal,1,0
trombone/C4/trombone_C4_1_pianissimo_normal.mp3,trombone,brass,0.9143,44100,C4,60,pianissimo,normal,1,0
trombone/C4/trombone_C4_phrase_pianissimo_normal.mp3,trombone,brass,0.9926,44100,C4,60,pianissimo,normal,1,1
trombone/C5/trombone_C5_025_forte_normal.mp3,trombone,brass,0.3918,44100,C5,72,forte,normal,1,0
trombone/C5/trombone_C5_025_fortissimo_normal.mp3,trombone,brass,0.4441,44100,C5,72,fortissimo,normal,1,0
trombone/C5/trombone_C5_025_mezzo-forte_normal.mp3,trombone,brass,0.4179,44100,C5,72,mezzo-forte,normal,1,0
trombone/C5/trombone_C5_025_pianissimo_normal.mp3,trombone,brass,0.3918,44100,C5,72,pianissimo,normal,1,0
trombone/C5/trombone_C5_025_piano_normal.mp3,trombone,brass,0.4441,44100,C5,72,piano,normal,1,0
trombone/C5/trombone_C5_05_forte_normal.mp3,trombone,brass,0.653,44100,C5,72,forte,normal,1,0
trombone/C5/trombone_C5_05_fortissimo_normal.mp3,trombone,brass,0.6792,44100,C5,72,fortissimo,normal,1,0
trombone/C5/trombone_C5_05_mezzo-forte_normal.mp3,trombone,brass,0.653,44100,C5,72,mezzo-forte,normal,1,0
trombone/C5/trombone_C5_05_pianissimo_normal.mp3,trombone,brass,0.6792,44100,C5,72,pianissimo,normal,1,0
trombone/C5/trombone_C5_05_piano_normal.mp3,trombone,brass,0.7053,44100,C5,72,piano,normal,1,0
trombone/C5/trombone_C5_15_forte_normal.mp3,trombone,brass,1.3061,44100,C5,72,forte,normal,1,0
trombone/C5/trombone_C5_15_fortissimo_normal.mp3,trombone,brass,1.3583,44100,C5,72,fortissimo,normal,1,0
trombone/C5/trombone_C5_15_mezzo-forte_normal.mp3,trombone,brass,1.2016,44100,C5,72,mezzo-forte,normal,1,0
trombone/C5/trombone_C5_15_pianissimo_normal.mp3,trombone,brass,1.3583,44100,C5,72,pianissimo,normal,1,0
trombone/C5/trombone_C5_15_piano_normal.mp3,trombone,brass,1.28,44100,C5,72,piano,normal,1,0
trombone/C5/trombone_C5_1_forte_normal.mp3,trombone,brass,0.862,44100,C5,72,forte,normal,1,0
trombone/C5/trombone_C5_1_fortissimo_normal.mp3,trombone,brass,1.0187,44100,C5,72,fortissimo,normal,1,0
trombone/C5/trombone_C5_1_mezzo-forte_normal.mp3,trombone,brass,0.9143,44100,C5,72,mezzo-forte,normal,1,0
trombone/C5/trombone_C5_1_pianissimo_normal.mp3,trombone,brass,0.9665,44100,C5,72,pianissimo,normal,1,0
trombone/C5/trombone_C5_1_piano_normal.mp3,trombone,brass,0.9926,44100,C5,72,piano,normal,1,0
trombone/C6/trombone_C6_025_forte_normal.mp3,trombone,brass,0.4179,44100,C6,84,forte,normal,1,0
trombone/C6/trombone_C6_05_forte_normal.mp3,trombone,brass,0.6792,44100,C6,84,forte,normal,1,0
trombone/C6/trombone_C6_15_forte_normal.mp3,trombone,brass,1.2538,44100,C6,84,forte,normal,1,0
trombone/C6/trombone_C6_1_forte_normal.mp3,trombone,brass,0.862,44100,C6,84,forte,normal,1,0
trombone/Cs3/trombone_Cs3_025_mezzo-forte_normal.mp3,trombone,brass,0.4179,44100,Cs3,49,mezzo-forte,normal,1,0
trombone/Cs3/trombone_Cs3_025_pianissimo_normal.mp3,trombone,brass,0.4179,44100,Cs3,49,pianissimo,normal,1,0
trombone/Cs3/trombone_Cs3_025_piano_normal.mp3,trombone,brass,0.4179,44100,Cs3,49,piano,normal,1,0
trombone/Cs3/trombone_Cs3_05_mezzo-forte_normal.mp3,trombone,brass,0.7053,44100,Cs3,49,mezzo-forte,normal,1,0
trombone/Cs3/trombone_Cs3_05_pianissimo_normal.mp3,trombone,brass,0.6792,44100,Cs3,49,pianissimo,normal,1,0
trombone/Cs3/trombone_Cs3_05_piano_normal.mp3,trombone,brass,0.7314,44100,Cs3,49,piano,normal,1,0
trombone/Cs3/trombone_Cs3_15_mezzo-forte_normal.mp3,trombone,brass,1.3061,44100,Cs3,49,mezzo-forte,normal,1,0
trombone/Cs3/trombone_Cs3_15_pianissimo_normal.mp3,trombone,brass,1.3322,44100,Cs3,49,pianissimo,normal,1,0
trombone/Cs3/trombone_Cs3_15_piano_normal.mp3,trombone,brass,1.3322,44100,Cs3,49,piano,normal,1,0
trombone/Cs3/trombone_Cs3_1_mezzo-forte_normal.mp3,trombone,brass,0.9665,44100,Cs3,49,mezzo-forte,normal,1,0
trombone/Cs3/trombone_Cs3_1_pianissimo_normal.mp3,trombone,brass,0.9926,44100,Cs3,49,pianissimo,normal,1,0
trombone/Cs3/trombone_Cs3_1_piano_normal.mp3,trombone,brass,0.9926,44100,Cs3,49,piano,normal,1,0
trombone/Cs3/trombone_Cs3_very-long_cresc-decresc_normal.mp3,trombone,brass,10.1616,44100,Cs3,49,cresc-decresc,normal,1,0
trombone/Cs4/trombone_Cs4_025_forte_normal.mp3,trombone,brass,0.4179,44100,Cs4,61,forte,normal,1,0
trombone/Cs4/trombone_Cs4_025_fortissimo_normal.mp3,trombone,brass,0.4441,44100,Cs4,61,fortissimo,normal,1,0
trombone/Cs4/trombone_Cs4_025_mezzo-forte_normal.mp3,trombone,brass,0.4179,44100,Cs4,61,mezzo-forte,normal,1,0
trombone/Cs4/trombone_Cs4_025_pianissimo_normal.mp3,trombone,brass,0.3918,44100,Cs4,61,pianissimo,normal,1,0
trombone/Cs4/trombone_Cs4_025_piano_normal.mp3,trombone,brass,0.4441,44100,Cs4,61,piano,normal,1,0
trombone/Cs4/trombone_Cs4_05_forte_normal.mp3,trombone,brass,0.653,44100,Cs4,61,forte,normal,1,0
trombone/Cs4/trombone_Cs4_05_fortissimo_normal.mp3,trombone,brass,0.7053,44100,Cs4,61,fortissimo,normal,1,0
trombone/Cs4/trombone_Cs4_05_mezzo-forte_normal.mp3,trombone,brass,0.6792,44100,Cs4,61,mezzo-forte,normal,1,0
trombone/Cs4/trombone_Cs4_05_pianissimo_normal.mp3,trombone,brass,0.653,44100,Cs4,61,pianissimo,normal,1,0
trombone/Cs4/trombone_Cs4_05_piano_normal.mp3,trombone,brass,0.7053,44100,Cs4,61,piano,normal,1,0
trombone/Cs4/trombone_Cs4_15_forte_normal.mp3,trombone,brass,1.2277,44100,Cs4,61,forte,normal,1,0
trombone/Cs4/trombone_Cs4_15_fortissimo_normal.mp3,trombone,brass,1.4106,44100,Cs4,61,fortissimo,normal,1,0
trombone/Cs4/trombone_Cs4_15_mezzo-forte_normal.mp3,trombone,brass,1.3322,44100,Cs4,61,mezzo-forte,normal,1,0
trombone/Cs4/trombone_Cs4_15_pianissimo_normal.mp3,trombone,brass,1.28,44100,Cs4,61,pianissimo,normal,1,0
trombone/Cs4/trombone_Cs4_15_piano_normal.mp3,trombone,brass,1.28,44100,Cs4,61,piano,normal,1,0
trombone/Cs4/trombone_Cs4_1_forte_normal.mp3,trombone,brass,0.8881,44100,Cs4,61,forte,normal,1,0
trombone/Cs4/trombone_Cs4_1_fortissimo_normal.mp3,trombone,brass,1.0187,44100,Cs4,61,fortissimo,normal,1,0
trombone/Cs4/trombone_Cs4_1_mezzo-forte_normal.mp3,trombone,brass,0.9926,44100,Cs4,61,mezzo-forte,normal,1,0
trombone/Cs4/trombone_Cs4_1_pianissimo_normal.mp3,trombone,brass,0.9143,44100,Cs4,61,pianissimo,normal,1,0
trombone/Cs4/trombone_Cs4_1_piano_normal.mp3,trombone,brass,0.9665,44100,Cs4,61,piano,normal,1,0
trombone/Cs4/trombone_Cs4_long_fortissimo_normal.mp3,trombone,brass,2.4032,44100,Cs4,61,fortissimo,normal,1,0
trombone/Cs4/trombone_Cs4_very-long_cresc-decresc_normal.mp3,trombone,brass,13.453,44100,Cs4,61,cresc-decresc,normal,1,0
trombone/Cs5/trombone_Cs5_025_forte_normal.mp3,trombone,brass,0.3918,44100,Cs5,73,forte,normal,1,0
trombone/Cs5/trombone_Cs5_025_fortissimo_normal.mp3,trombone,brass,0.4441,44100,Cs5,73,fortissimo,normal,1,0
trombone/Cs5/trombone_Cs5_025_mezzo-forte_normal.mp3,trombone,brass,0.4179,44100,Cs5,73,mezzo-forte,normal,1,0
trombone/Cs5/trombone_Cs5_025_pianissimo_normal.mp3,trombone,brass,0.4179,44100,Cs5,73,pianissimo,normal,1,0
trombone/Cs5/trombone_Cs5_025_piano_normal.mp3,trombone,brass,0.4179,44100,Cs5,73,piano,normal,1,0
trombone/Cs5/trombone_Cs5_05_forte_normal.mp3,trombone,brass,0.653,44100,Cs5,73,forte,normal,1,0
trombone/Cs5/trombone_Cs5_05_fortissimo_normal.mp3,trombone,brass,0.7053,44100,Cs5,73,fortissimo,normal,1,0
trombone/Cs5/trombone_Cs5_05_mezzo-forte_normal.mp3,trombone,brass,0.653,44100,Cs5,73,mezzo-forte,normal,1,0
trombone/Cs5/trombone_Cs5_05_pianissimo_normal.mp3,trombone,brass,0.6792,44100,Cs5,73,pianissimo,normal,1,0
trombone/Cs5/trombone_Cs5_05_piano_normal.mp3,trombone,brass,0.7314,44100,Cs5,73,piano,normal,1,0
trombone/Cs5/trombone_Cs5_15_forte_normal.mp3,trombone,brass,1.1494,44100,Cs5,73,forte,normal,1,0
trombone/Cs5/trombone_Cs5_15_fortissimo_normal.mp3,trombone,brass,1.3845,44100,Cs5,73,fortissimo,normal,1,0
trombone/Cs5/trombone_Cs5_15_mezzo-forte_normal.mp3,trombone,brass,1.2538,44100,Cs5,73,mezzo-forte,normal,1,0
trombone/Cs5/trombone_Cs5_15_pianissimo_normal.mp3,trombone,brass,1.2277,44100,Cs5,73,pianissimo,normal,1,0
trombone/Cs5/trombone_Cs5_15_piano_normal.mp3,trombone,brass,1.4628,44100,Cs5,73,piano,normal,1,0
trombone/Cs5/trombone_Cs5_1_forte_normal.mp3,trombone,brass,0.9143,44100,Cs5,73,forte,normal,1,0
trombone/Cs5/trombone_Cs5_1_fortissimo_normal.mp3,trombone,brass,1.0187,44100,Cs5,73,fortissimo,normal,1,0
trombone/Cs5/trombone_Cs5_1_mezzo-forte_normal.mp3,trombone,brass,0.9143,44100,Cs5,73,mezzo-forte,normal,1,0
trombone/Cs5/trombone_Cs5_1_pianissimo_normal.mp3,trombone,brass,0.9665,44100,Cs5,73,pianissimo,normal,1,0
trombone/Cs5/trombone_Cs5_1_piano_normal.mp3,trombone,brass,0.9404,44100,Cs5,73,piano,normal,1,0
trombone/Cs6/trombone_Cs6_025_forte_normal.mp3,trombone,brass,0.4179,44100,Cs6,85,forte,normal,1,0
trombone/Cs6/trombone_Cs6_05_forte_normal.mp3,trombone,brass,0.653,44100,Cs6,85,forte,normal,1,0
trombone/Cs6/trombone_Cs6_15_forte_normal.mp3,trombone,brass,1.3061,44100,Cs6,85,forte,normal,1,0
trombone/Cs6/trombone_Cs6_1_forte_normal.mp3,trombone,brass,0.9665,44100,Cs6,85,forte,normal,1,0
trombone/D3/trombone_D3_025_mezzo-forte_normal.mp3,trombone,brass,0.4179,44100,D3,50,mezzo-forte,normal,1,0
trombone/D3/trombone_D3_025_pianissimo_normal.mp3,trombone,brass,0.3918,44100,D3,50,pianissimo,normal,1,0
trombone/D3/trombone_D3_025_piano_normal.mp3,trombone,brass,0.4179,44100,D3,50,piano,normal,1,0
trombone/D3/trombone_D3_05_mezzo-forte_normal.mp3,trombone,brass,0.6792,44100,D3,50,mezzo-forte,normal,1,0
trombone/D3/trombone_D3_05_pianissimo_normal.mp3,trombone,brass,0.7053,44100,D3,50,pianissimo,normal,1,0
trombone/D3/trombone_D3_05_piano_normal.mp3,trombone,brass,0.6792,44100,D3,50,piano,normal,1,0
trombone/D3/trombone_D3_15_mezzo-forte_normal.mp3,trombone,brass,1.3061,44100,D3,50,mezzo-forte,normal,1,0
trombone/D3/trombone_D3_15_pianissimo_normal.mp3,trombone,brass,1.2277,44100,D3,50,pianissimo,normal,1,0
trombone/D3/trombone_D3_15_piano_normal.mp3,trombone,brass,1.3061,44100,D3,50,piano,normal,1,0
trombone/D3/trombone_D3_1_mezzo-forte_normal.mp3,trombone,brass,0.9404,44100,D3,50,mezzo-forte,normal,1,0
trombone/D3/trombone_D3_1_pianissimo_normal.mp3,trombone,brass,0.9404,44100,D3,50,pianissimo,normal,1,0
trombone/D3/trombone_D3_1_piano_normal.mp3,trombone,brass,1.0187,44100,D3,50,piano,normal,1,0
trombone/D4/trombone_D4_025_forte_normal.mp3,trombone,brass,0.3918,44100,D4,62,forte,normal,1,0
trombone/D4/trombone_D4_025_fortissimo_normal.mp3,trombone,brass,0.4441,44100,D4,62,fortissimo,normal,1,0
trombone/D4/trombone_D4_025_mezzo-forte_normal.mp3,trombone,brass,0.4441,44100,D4,62,mezzo-forte,normal,1,0
trombone/D4/trombone_D4_025_pianissimo_normal.mp3,trombone,brass,0.4179,44100,D4,62,pianissimo,normal,1,0
trombone/D4/trombone_D4_025_piano_normal.mp3,trombone,brass,0.4179,44100,D4,62,piano,normal,1,0
trombone/D4/trombone_D4_05_forte_normal.mp3,trombone,brass,0.6269,44100,D4,62,forte,normal,1,0
trombone/D4/trombone_D4_05_fortissimo_normal.mp3,trombone,brass,0.6792,44100,D4,62,fortissimo,normal,1,0
trombone/D4/trombone_D4_05_mezzo-forte_normal.mp3,trombone,brass,0.653,44100,D4,62,mezzo-forte,normal,1,0
trombone/D4/trombone_D4_05_pianissimo_normal.mp3,trombone,brass,0.6792,44100,D4,62,pianissimo,normal,1,0
trombone/D4/trombone_D4_05_piano_normal.mp3,trombone,brass,0.7053,44100,D4,62,piano,normal,1,0
trombone/D4/trombone_D4_15_forte_normal.mp3,trombone,brass,1.2538,44100,D4,62,forte,normal,1,0
trombone/D4/trombone_D4_15_fortissimo_normal.mp3,trombone,brass,1.3322,44100,D4,62,fortissimo,normal,1,0
trombone/D4/trombone_D4_15_mezzo-forte_normal.mp3,trombone,brass,1.2277,44100,D4,62,mezzo-forte,normal,1,0
trombone/D4/trombone_D4_15_pianissimo_normal.mp3,trombone,brass,1.2538,44100,D4,62,pianissimo,normal,1,0
trombone/D4/trombone_D4_15_piano_normal.mp3,trombone,brass,1.2538,44100,D4,62,piano,normal,1,0
trombone/D4/trombone_D4_1_forte_normal.mp3,trombone,brass,0.8881,44100,D4,62,forte,normal,1,0
trombone/D4/trombone_D4_1_fortissimo_normal.mp3,trombone,brass,1.0449,44100,D4,62,fortissimo,normal,1,0
trombone/D4/trombone_D4_1_mezzo-forte_normal.mp3,trombone,brass,0.9143,44100,D4,62,mezzo-forte,normal,1,0
trombone/D4/trombone_D4_1_pianissimo_normal.mp3,trombone,brass,0.8881,44100,D4,62,pianissimo,normal,1,0
trombone/D4/trombone_D4_1_piano_normal.mp3,trombone,brass,0.9665,44100,D4,62,piano,normal,1,0
trombone/D5/trombone_D5_025_forte_normal.mp3,trombone,brass,0.3918,44100,D5,74,forte,normal,1,0
trombone/D5/trombone_D5_025_fortissimo_normal.mp3,trombone,brass,0.4441,44100,D5,74,fortissimo,normal,1,0
trombone/D5/trombone_D5_025_mezzo-forte_normal.mp3,trombone,brass,0.4179,44100,D5,74,mezzo-forte,normal,1,0
trombone/D5/trombone_D5_025_pianissimo_normal.mp3,trombone,brass,0.3918,44100,D5,74,pianissimo,normal,1,0
trombone/D5/trombone_D5_025_piano_normal.mp3,trombone,brass,0.4441,44100,D5,74,piano,normal,1,0
trombone/D5/trombone_D5_05_forte_normal.mp3,trombone,brass,0.653,44100,D5,74,forte,normal,1,0
trombone/D5/trombone_D5_05_fortissimo_normal.mp3,trombone,brass,0.7053,44100,D5,74,fortissimo,normal,1,0
trombone/D5/trombone_D5_05_mezzo-forte_normal.mp3,trombone,brass,0.7053,44100,D5,74,mezzo-forte,normal,1,0
trombone/D5/trombone_D5_05_pianissimo_normal.mp3,trombone,brass,0.653,44100,D5,74,pianissimo,normal,1,0
trombone/D5/trombone_D5_05_piano_normal.mp3,trombone,brass,0.7836,44100,D5,74,piano,normal,1,0
trombone/D5/trombone_D5_15_forte_normal.mp3,trombone,brass,1.2016,44100,D5,74,forte,normal,1,0
trombone/D5/trombone_D5_15_fortissimo_normal.mp3,trombone,brass,1.4106,44100,D5,74,fortissimo,normal,1,0
trombone/D5/trombone_D5_15_mezzo-forte_normal.mp3,trombone,brass,1.2538,44100,D5,74,mezzo-forte,normal,1,0
trombone/D5/trombone_D5_15_pianissimo_normal.mp3,trombone,brass,1.2016,44100,D5,74,pianissimo,normal,1,0
trombone/D5/trombone_D5_15_piano_normal.mp3,trombone,brass,1.2538,44100,D5,74,piano,normal,1,0
trombone/D5/trombone_D5_1_forte_normal.mp3,trombone,brass,0.8098,44100,D5,74,forte,normal,1,0
trombone/D5/trombone_D5_1_fortissimo_normal.mp3,trombone,brass,1.0187,44100,D5,74,fortissimo,normal,1,0
trombone/D5/trombone_D5_1_mezzo-forte_normal.mp3,trombone,brass,0.9143,44100,D5,74,mezzo-forte,normal,1,0
trombone/D5/trombone_D5_1_pianissimo_normal.mp3,trombone,brass,0.9404,44100,D5,74,pianissimo,normal,1,0
trombone/D5/trombone_D5_1_piano_normal.mp3,trombone,brass,0.862,44100,D5,74,piano,normal,1,0
trombone/D6/trombone_D6_025_forte_normal.mp3,trombone,brass,0.4441,44100,D6,86,forte,normal,1,0
trombone/D6/trombone_D6_05_forte_normal.mp3,trombone,brass,0.7314,44100,D6,86,forte,normal,1,0
trombone/D6/trombone_D6_15_forte_normal.mp3,trombone,brass,1.3061,44100,D6,86,forte,normal,1,0
trombone/D6/trombone_D6_1_forte_normal.mp3,trombone,brass,0.8881,44100,D6,86,forte,normal,1,0
trombone/Ds3/trombone_Ds3_025_mezzo-forte_normal.mp3,trombone,brass,0.4179,44100,Ds3,51,mezzo-forte,normal,1,0
trombone/Ds3/trombone_Ds3_025_pianissimo_normal.mp3,trombone,brass,0.4179,44100,Ds3,51,pianissimo,normal,1,0
trombone/Ds3/trombone_Ds3_025_piano_normal.mp3,trombone,brass,0.4441,44100,Ds3,51,piano,normal,1,0
trombone/Ds3/trombone_Ds3_05_mezzo-forte_normal.mp3,trombone,brass,0.7053,44100,Ds3,51,mezzo-forte,normal,1,0
trombone/Ds3/trombone_Ds3_05_pianissimo_normal.mp3,trombone,brass,0.7053,44100,Ds3,51,pianissimo,normal,1,0
trombone/Ds3/trombone_Ds3_05_piano_normal.mp3,trombone,brass,0.7053,44100,Ds3,51,piano,normal,1,0
trombone/Ds3/trombone_Ds3_15_mezzo-forte_normal.mp3,trombone,brass,1.3322,44100,Ds3,51,mezzo-forte,normal,1,0
trombone/Ds3/trombone_Ds3_15_pianissimo_normal.mp3,trombone,brass,1.2538,44100,Ds3,51,pianissimo,normal,1,0
trombone/Ds3/trombone_Ds3_15_piano_normal.mp3,trombone,brass,1.28,44100,Ds3,51,piano,normal,1,0
trombone/Ds3/trombone_Ds3_1_mezzo-forte_normal.mp3,trombone,brass,0.9665,44100,Ds3,51,mezzo-forte,normal,1,0
trombone/Ds3/trombone_Ds3_1_pianissimo_normal.mp3,trombone,brass,0.9143,44100,Ds3,51,pianissimo,normal,1,0
trombone/Ds3/trombone_Ds3_1_piano_normal.mp3,trombone,brass,0.9665,44100,Ds3,51,piano,normal,1,0
trombone/Ds4/trombone_Ds4_025_forte_normal.mp3,trombone,brass,0.4179,44100,Ds4,63,forte,normal,1,0
trombone/Ds4/trombone_Ds4_025_fortissimo_normal.mp3,trombone,brass,0.4441,44100,Ds4,63,fortissimo,normal,1,0
trombone/Ds4/trombone_Ds4_025_mezzo-forte_normal.mp3,trombone,brass,0.4179,44100,Ds4,63,mezzo-forte,normal,1,0
trombone/Ds4/trombone_Ds4_025_pianissimo_normal.mp3,trombone,brass,0.4179,44100,Ds4,63,pianissimo,normal,1,0
trombone/Ds4/trombone_Ds4_025_piano_normal.mp3,trombone,brass,0.4441,44100,Ds4,63,piano,normal,1,0
trombone/Ds4/trombone_Ds4_05_forte_normal.mp3,trombone,brass,0.653,44100,Ds4,63,forte,normal,1,0
trombone/Ds4/trombone_Ds4_05_fortissimo_normal.mp3,trombone,brass,0.6792,44100,Ds4,63,fortissimo,normal,1,0
trombone/Ds4/trombone_Ds4_05_mezzo-forte_normal.mp3,trombone,brass,0.6792,44100,Ds4,63,mezzo-forte,normal,1,0
trombone/Ds4/trombone_Ds4_05_pianissimo_normal.mp3,trombone,brass,0.653,44100,Ds4,63,pianissimo,normal,1,0
trombone/Ds4/trombone_Ds4_05_piano_normal.mp3,trombone,brass,0.7053,44100,Ds4,63,piano,normal,1,0
trombone/Ds4/trombone_Ds4_15_forte_normal.mp3,trombone,brass,1.2277,44100,Ds4,63,forte,normal,1,0
trombone/Ds4/trombone_Ds4_15_fortissimo_normal.mp3,trombone,brass,1.3061,44100,Ds4,63,fortissimo,normal,1,0
trombone/Ds4/trombone_Ds4_15_mezzo-forte_normal.mp3,trombone,brass,1.3322,44100,Ds4,63,mezzo-forte,normal,1,0
trombone/Ds4/trombone_Ds4_15_pianissimo_normal.mp3,trombone,brass,1.2538,44100,Ds4,63,pianissimo,normal,1,0
trombone/Ds4/trombone_Ds4_15_piano_normal.mp3,trombone,brass,1.3583,44100,Ds4,63,piano,normal,1,0
trombone/Ds4/trombone_Ds4_1_forte_normal.mp3,trombone,brass,0.8359,44100,Ds4,63,forte,normal,1,0
trombone/Ds4/trombone_Ds4_1_fortissimo_normal.mp3,trombone,brass,0.9926,44100,Ds4,63,fortissimo,normal,1,0
trombone/Ds4/trombone_Ds4_1_mezzo-forte_normal.mp3,trombone,brass,0.9143,44100,Ds4,63,mezzo-forte,normal,1,0
trombone/Ds4/trombone_Ds4_1_pianissimo_normal.mp3,trombone,brass,0.9665,44100,Ds4,63,pianissimo,normal,1,0
trombone/Ds4/trombone_Ds4_1_piano_normal.mp3,trombone,brass,0.9665,44100,Ds4,63,piano,normal,1,0
trombone/Ds5/trombone_Ds5_025_forte_normal.mp3,trombone,brass,0.3918,44100,Ds5,75,forte,normal,1,0
trombone/Ds5/trombone_Ds5_025_fortissimo_normal.mp3,trombone,brass,0.4441,44100,Ds5,75,fortissimo,normal,1,0
trombone/Ds5/trombone_Ds5_025_mezzo-forte_normal.mp3,trombone,brass,0.4441,44100,Ds5,75,mezzo-forte,normal,1,0
trombone/Ds5/trombone_Ds5_025_pianissimo_normal.mp3,trombone,brass,0.3918,44100,Ds5,75,pianissimo,normal,1,0
trombone/Ds5/trombone_Ds5_05_forte_normal.mp3,trombone,brass,0.653,44100,Ds5,75,forte,normal,1,0
trombone/Ds5/trombone_Ds5_05_fortissimo_normal.mp3,trombone,brass,0.7053,44100,Ds5,75,fortissimo,normal,1,0
trombone/Ds5/trombone_Ds5_05_mezzo-forte_normal.mp3,trombone,brass,0.6792,44100,Ds5,75,mezzo-forte,normal,1,0
trombone/Ds5/trombone_Ds5_05_pianissimo_normal.mp3,trombone,brass,0.6792,44100,Ds5,75,pianissimo,normal,1,0
trombone/Ds5/trombone_Ds5_05_piano_normal.mp3,trombone,brass,0.7053,44100,Ds5,75,piano,normal,1,0
trombone/Ds5/trombone_Ds5_15_forte_normal.mp3,trombone,brass,1.1755,44100,Ds5,75,forte,normal,1,0
trombone/Ds5/trombone_Ds5_15_fortissimo_normal.mp3,trombone,brass,1.3322,44100,Ds5,75,fortissimo,normal,1,0
trombone/Ds5/trombone_Ds5_15_mezzo-forte_normal.mp3,trombone,brass,1.2277,44100,Ds5,75,mezzo-forte,normal,1,0
trombone/Ds5/trombone_Ds5_15_pianissimo_normal.mp3,trombone,brass,1.28,44100,Ds5,75,pianissimo,normal,1,0
trombone/Ds5/trombone_Ds5_15_piano_normal.mp3,trombone,brass,1.3845,44100,Ds5,75,piano,normal,1,0
trombone/Ds5/trombone_Ds5_1_forte_normal.mp3,trombone,brass,0.8098,44100,Ds5,75,forte,normal,1,0
trombone/Ds5/trombone_Ds5_1_fortissimo_normal.mp3,trombone,brass,1.071,44100,Ds5,75,fortissimo,normal,1,0
trombone/Ds5/trombone_Ds5_1_mezzo-forte_normal.mp3,trombone,brass,0.8881,44100,Ds5,75,mezzo-forte,normal,1,0
trombone/Ds5/trombone_Ds5_1_pianissimo_normal.mp3,trombone,brass,0.9143,44100,Ds5,75,pianissimo,normal,1,0
trombone/Ds5/trombone_Ds5_1_piano_normal.mp3,trombone,brass,0.9143,44100,Ds5,75,piano,normal,1,0
trombone/Ds5/trombone_Ds5_long_fortissimo_normal.mp3,trombone,brass,1.9853,44100,Ds5,75,fortissimo,normal,1,0
trombone/Ds6/trombone_Ds6_025_forte_normal.mp3,trombone,brass,0.4441,44100,Ds6,87,forte,normal,1,0
trombone/Ds6/trombone_Ds6_05_forte_normal.mp3,trombone,brass,0.7053,44100,Ds6,87,forte,normal,1,0
trombone/Ds6/trombone_Ds6_15_forte_normal.mp3,trombone,brass,1.2016,44100,Ds6,87,forte,normal,1,0
trombone/Ds6/trombone_Ds6_1_forte_normal.mp3,trombone,brass,0.862,44100,Ds6,87,forte,normal,1,0
trombone/E2/trombone_E2_025_mezzo-forte_normal.mp3,trombone,brass,0.4179,44100,E2,40,mezzo-forte,normal,1,0
trombone/E2/trombone_E2_025_pianissimo_normal.mp3,trombone,brass,0.4179,44100,E2,40,pianissimo,normal,1,0
trombone/E2/trombone_E2_025_piano_normal.mp3,trombone,brass,0.4179,44100,E2,40,piano,normal,1,0
trombone/E2/trombone_E2_05_forte_normal.mp3,trombone,brass,0.5747,44100,E2,40,forte,normal,1,0
trombone/E2/trombone_E2_05_mezzo-forte_normal.mp3,trombone,brass,0.653,44100,E2,40,mezzo-forte,normal,1,0
trombone/E2/trombone_E2_05_pianissimo_normal.mp3,trombone,brass,0.6792,44100,E2,40,pianissimo,normal,1,0
trombone/E2/trombone_E2_05_piano_normal.mp3,trombone,brass,0.7053,44100,E2,40,piano,normal,1,0
trombone/E2/trombone_E2_15_mezzo-forte_normal.mp3,trombone,brass,1.28,44100,E2,40,mezzo-forte,normal,1,0
trombone/E2/trombone_E2_15_pianissimo_normal.mp3,trombone,brass,1.2277,44100,E2,40,pianissimo,normal,1,0
trombone/E2/trombone_E2_15_piano_normal.mp3,trombone,brass,1.3583,44100,E2,40,piano,normal,1,0
trombone/E2/trombone_E2_1_forte_normal.mp3,trombone,brass,0.862,44100,E2,40,forte,normal,1,0
trombone/E2/trombone_E2_1_mezzo-forte_normal.mp3,trombone,brass,0.9143,44100,E2,40,mezzo-forte,normal,1,0
trombone/E2/trombone_E2_1_pianissimo_normal.mp3,trombone,brass,0.8098,44100,E2,40,pianissimo,normal,1,0
trombone/E2/trombone_E2_1_piano_normal.mp3,trombone,brass,0.9143,44100,E2,40,piano,normal,1,0
trombone/E2/trombone_E2_long_forte_normal.mp3,trombone,brass,3.0563,44100,E2,40,forte,normal,1,0
trombone/E2/trombone_E2_phrase_forte_normal.mp3,trombone,brass,2.4032,44100,E2,40,forte,normal,1,1
trombone/E2/trombone_E2_very-long_cresc-decresc_normal.mp3,trombone,brass,8.5159,44100,E2,40,cresc-decresc,normal,1,0
trombone/E2/trombone_E2_very-long_fortissimo_normal.mp3,trombone,brass,2.2987,44100,E2,40,fortissimo,normal,1,0
trombone/E2/trombone_E2_very-long_mezzo-forte_normal.mp3,trombone,brass,5.3551,44100,E2,40,mezzo-forte,normal,1,0
trombone/E2/trombone_E2_very-long_pianissimo_normal.mp3,trombone,brass,2.8473,44100,E2,40,pianissimo,normal,1,0
trombone/E2/trombone_E2_very-long_piano_normal.mp3,trombone,brass,4.702,44100,E2,40,piano,normal,1,0
trombone/E3/trombone_E3_025_fortissimo_normal.mp3,trombone,brass,0.4702,44100,E3,52,fortissimo,normal,1,0
trombone/E3/trombone_E3_025_mezzo-forte_normal.mp3,trombone,brass,0.4441,44100,E3,52,mezzo-forte,normal,1,0
trombone/E3/trombone_E3_025_pianissimo_normal.mp3,trombone,brass,0.4179,44100,E3,52,pianissimo,normal,1,0
trombone/E3/trombone_E3_025_piano_normal.mp3,trombone,brass,0.4179,44100,E3,52,piano,normal,1,0
trombone/E3/trombone_E3_05_forte_normal.mp3,trombone,brass,0.4179,44100,E3,52,forte,normal,1,0
trombone/E3/trombone_E3_05_mezzo-forte_normal.mp3,trombone,brass,0.6792,44100,E3,52,mezzo-forte,normal,1,0
trombone/E3/trombone_E3_05_pianissimo_normal.mp3,trombone,brass,0.7053,44100,E3,52,pianissimo,normal,1,0
trombone/E3/trombone_E3_05_piano_normal.mp3,trombone,brass,0.6792,44100,E3,52,piano,normal,1,0
trombone/E3/trombone_E3_15_fortissimo_normal.mp3,trombone,brass,0.9665,44100,E3,52,fortissimo,normal,1,0
trombone/E3/trombone_E3_15_mezzo-forte_normal.mp3,trombone,brass,1.3322,44100,E3,52,mezzo-forte,normal,1,0
trombone/E3/trombone_E3_15_pianissimo_normal.mp3,trombone,brass,1.28,44100,E3,52,pianissimo,normal,1,0
trombone/E3/trombone_E3_15_piano_normal.mp3,trombone,brass,1.28,44100,E3,52,piano,normal,1,0
trombone/E3/trombone_E3_1_forte_normal.mp3,trombone,brass,1.1755,44100,E3,52,forte,normal,1,0
trombone/E3/trombone_E3_1_fortissimo_normal.mp3,trombone,brass,1.3583,44100,E3,52,fortissimo,normal,1,0
trombone/E3/trombone_E3_1_mezzo-forte_normal.mp3,trombone,brass,0.9143,44100,E3,52,mezzo-forte,normal,1,0
trombone/E3/trombone_E3_1_pianissimo_normal.mp3,trombone,brass,0.9665,44100,E3,52,pianissimo,normal,1,0
trombone/E3/trombone_E3_1_piano_normal.mp3,trombone,brass,0.9665,44100,E3,52,piano,normal,1,0
trombone/E3/trombone_E3_long_fortissimo_normal.mp3,trombone,brass,2.8473,44100,E3,52,fortissimo,normal,1,0
trombone/E3/trombone_E3_very-long_cresc-decresc_normal.mp3,trombone,brass,10.5273,44100,E3,52,cresc-decresc,normal,1,0
trombone/E4/trombone_E4_025_forte_normal.mp3,trombone,brass,0.4179,44100,E4,64,forte,normal,1,0
trombone/E4/trombone_E4_025_fortissimo_normal.mp3,trombone,brass,0.4179,44100,E4,64,fortissimo,normal,1,0
trombone/E4/trombone_E4_025_mezzo-forte_normal.mp3,trombone,brass,0.4179,44100,E4,64,mezzo-forte,normal,1,0
trombone/E4/trombone_E4_025_pianissimo_normal.mp3,trombone,brass,0.3918,44100,E4,64,pianissimo,normal,1,0
trombone/E4/trombone_E4_025_piano_normal.mp3,trombone,brass,0.4179,44100,E4,64,piano,normal,1,0
trombone/E4/trombone_E4_05_forte_normal.mp3,trombone,brass,0.653,44100,E4,64,forte,normal,1,0
trombone/E4/trombone_E4_05_fortissimo_normal.mp3,trombone,brass,0.653,44100,E4,64,fortissimo,normal,1,0
trombone/E4/trombone_E4_05_mezzo-forte_normal.mp3,trombone,brass,0.653,44100,E4,64,mezzo-forte,normal,1,0
trombone/E4/trombone_E4_05_pianissimo_normal.mp3,trombone,brass,0.653,44100,E4,64,pianissimo,normal,1,0
trombone/E4/trombone_E4_05_piano_normal.mp3,trombone,brass,0.7053,44100,E4,64,piano,normal,1,0
trombone/E4/trombone_E4_15_forte_normal.mp3,trombone,brass,1.2016,44100,E4,64,forte,normal,1,0
trombone/E4/trombone_E4_15_fortissimo_normal.mp3,trombone,brass,1.3583,44100,E4,64,fortissimo,normal,1,0
trombone/E4/trombone_E4_15_pianissimo_normal.mp3,trombone,brass,1.2016,44100,E4,64,pianissimo,normal,1,0
trombone/E4/trombone_E4_15_piano_normal.mp3,trombone,brass,1.3061,44100,E4,64,piano,normal,1,0
trombone/E4/trombone_E4_1_forte_normal.mp3,trombone,brass,0.8359,44100,E4,64,forte,normal,1,0
trombone/E4/trombone_E4_1_fortissimo_normal.mp3,trombone,brass,0.9404,44100,E4,64,fortissimo,normal,1,0
trombone/E4/trombone_E4_1_mezzo-forte_normal.mp3,trombone,brass,0.8881,44100,E4,64,mezzo-forte,normal,1,0
trombone/E4/trombone_E4_1_pianissimo_normal.mp3,trombone,brass,0.8881,44100,E4,64,pianissimo,normal,1,0
trombone/E4/trombone_E4_1_piano_normal.mp3,trombone,brass,0.9665,44100,E4,64,piano,normal,1,0
trombone/E4/trombone_E4_long_fortissimo_normal.mp3,trombone,brass,2.4555,44100,E4,64,fortissimo,normal,1,0
trombone/E4/trombone_E4_very-long_cresc-decresc_normal.mp3,trombone,brass,11.5722,44100,E4,64,cresc-decresc,normal,1,0
trombone/E5/trombone_E5_025_forte_normal.mp3,trombone,brass,0.4179,44100,E5,76,forte,normal,1,0
trombone/E5/trombone_E5_025_fortissimo_normal.mp3,trombone,brass,0.4441,44100,E5,76,fortissimo,normal,1,0
trombone/E5/trombone_E5_025_mezzo-forte_normal.mp3,trombone,brass,0.4441,44100,E5,76,mezzo-forte,normal,1,0
trombone/E5/trombone_E5_025_pianissimo_normal.mp3,trombone,brass,0.4179,44100,E5,76,pianissimo,normal,1,0
trombone/E5/trombone_E5_025_piano_normal.mp3,trombone,brass,0.4179,44100,E5,76,piano,normal,1,0
trombone/E5/trombone_E5_05_forte_normal.mp3,trombone,brass,0.653,44100,E5,76,forte,normal,1,0
trombone/E5/trombone_E5_05_fortissimo_normal.mp3,trombone,brass,0.7314,44100,E5,76,fortissimo,normal,1,0
trombone/E5/trombone_E5_05_mezzo-forte_normal.mp3,trombone,brass,0.7053,44100,E5,76,mezzo-forte,normal,1,0
trombone/E5/trombone_E5_05_pianissimo_normal.mp3,trombone,brass,0.7836,44100,E5,76,pianissimo,normal,1,0
trombone/E5/trombone_E5_05_piano_normal.mp3,trombone,brass,0.7314,44100,E5,76,piano,normal,1,0
trombone/E5/trombone_E5_15_forte_normal.mp3,trombone,brass,1.3061,44100,E5,76,forte,normal,1,0
trombone/E5/trombone_E5_15_fortissimo_normal.mp3,trombone,brass,1.3845,44100,E5,76,fortissimo,normal,1,0
trombone/E5/trombone_E5_15_mezzo-forte_normal.mp3,trombone,brass,1.28,44100,E5,76,mezzo-forte,normal,1,0
trombone/E5/trombone_E5_15_pianissimo_normal.mp3,trombone,brass,1.4106,44100,E5,76,pianissimo,normal,1,0
trombone/E5/trombone_E5_15_piano_normal.mp3,trombone,brass,2.7428,44100,E5,76,piano,normal,1,0
trombone/E5/trombone_E5_1_forte_normal.mp3,trombone,brass,0.8359,44100,E5,76,forte,normal,1,0
trombone/E5/trombone_E5_1_fortissimo_normal.mp3,trombone,brass,1.071,44100,E5,76,fortissimo,normal,1,0
trombone/E5/trombone_E5_1_mezzo-forte_normal.mp3,trombone,brass,1.0187,44100,E5,76,mezzo-forte,normal,1,0
trombone/E5/trombone_E5_1_pianissimo_normal.mp3,trombone,brass,0.9926,44100,E5,76,pianissimo,normal,1,0
trombone/E5/trombone_E5_1_piano_normal.mp3,trombone,brass,1.0449,44100,E5,76,piano,normal,1,0
trombone/E6/trombone_E6_025_forte_normal.mp3,trombone,brass,0.4702,44100,E6,88,forte,normal,1,0
trombone/E6/trombone_E6_05_forte_normal.mp3,trombone,brass,0.6792,44100,E6,88,forte,normal,1,0
trombone/E6/trombone_E6_15_forte_normal.mp3,trombone,brass,1.0187,44100,E6,88,forte,normal,1,0
trombone/E6/trombone_E6_1_forte_normal.mp3,trombone,brass,0.9404,44100,E6,88,forte,normal,1,0
trombone/F2/trombone_F2_025_forte_normal.mp3,trombone,brass,0.3657,44100,F2,41,forte,normal,1,0
trombone/F2/trombone_F2_025_mezzo-forte_normal.mp3,trombone,brass,0.3918,44100,F2,41,mezzo-forte,normal,1,0
trombone/F2/trombone_F2_025_pianissimo_normal.mp3,trombone,brass,0.4179,44100,F2,41,pianissimo,normal,1,0
trombone/F2/trombone_F2_025_piano_normal.mp3,trombone,brass,0.4179,44100,F2,41,piano,normal,1,0
trombone/F2/trombone_F2_05_forte_normal.mp3,trombone,brass,0.6269,44100,F2,41,forte,normal,1,0
trombone/F2/trombone_F2_05_mezzo-forte_normal.mp3,trombone,brass,0.653,44100,F2,41,mezzo-forte,normal,1,0
trombone/F2/trombone_F2_05_pianissimo_normal.mp3,trombone,brass,0.653,44100,F2,41,pianissimo,normal,1,0
trombone/F2/trombone_F2_05_piano_normal.mp3,trombone,brass,0.7053,44100,F2,41,piano,normal,1,0
trombone/F2/trombone_F2_15_forte_normal.mp3,trombone,brass,1.28,44100,F2,41,forte,normal,1,0
trombone/F2/trombone_F2_15_mezzo-forte_normal.mp3,trombone,brass,1.3322,44100,F2,41,mezzo-forte,normal,1,0
trombone/F2/trombone_F2_15_pianissimo_normal.mp3,trombone,brass,1.3061,44100,F2,41,pianissimo,normal,1,0
trombone/F2/trombone_F2_1_forte_normal.mp3,trombone,brass,0.862,44100,F2,41,forte,normal,1,0
trombone/F2/trombone_F2_1_mezzo-forte_normal.mp3,trombone,brass,0.9404,44100,F2,41,mezzo-forte,normal,1,0
trombone/F2/trombone_F2_1_pianissimo_normal.mp3,trombone,brass,1.2277,44100,F2,41,pianissimo,normal,1,0
trombone/F2/trombone_F2_very-long_forte_normal.mp3,trombone,brass,2.5077,44100,F2,41,forte,normal,1,0
trombone/F2/trombone_F2_very-long_fortissimo_normal.mp3,trombone,brass,3.1869,44100,F2,41,fortissimo,normal,1,0
trombone/F2/trombone_F2_very-long_mezzo-forte_normal.mp3,trombone,brass,4.6236,44100,F2,41,mezzo-forte,normal,1,0
trombone/F2/trombone_F2_very-long_pianissimo_normal.mp3,trombone,brass,3.1869,44100,F2,41,pianissimo,normal,1,0
trombone/F2/trombone_F2_very-long_piano_normal.mp3,trombone,brass,7.1314,44100,F2,41,piano,normal,1,0
trombone/F3/trombone_F3_025_fortissimo_normal.mp3,trombone,brass,0.4441,44100,F3,53,fortissimo,normal,1,0
trombone/F3/trombone_F3_025_mezzo-forte_normal.mp3,trombone,brass,0.4179,44100,F3,53,mezzo-forte,normal,1,0
trombone/F3/trombone_F3_025_pianissimo_normal.mp3,trombone,brass,0.4179,44100,F3,53,pianissimo,normal,1,0
trombone/F3/trombone_F3_025_piano_normal.mp3,trombone,brass,0.4179,44100,F3,53,piano,normal,1,0
trombone/F3/trombone_F3_05_fortissimo_normal.mp3,trombone,brass,0.7053,44100,F3,53,fortissimo,normal,1,0
trombone/F3/trombone_F3_05_mezzo-forte_normal.mp3,trombone,brass,0.653,44100,F3,53,mezzo-forte,normal,1,0
trombone/F3/trombone_F3_05_pianissimo_normal.mp3,trombone,brass,0.653,44100,F3,53,pianissimo,normal,1,0
trombone/F3/trombone_F3_05_piano_normal.mp3,trombone,brass,0.7053,44100,F3,53,piano,normal,1,0
trombone/F3/trombone_F3_15_fortissimo_normal.mp3,trombone,brass,1.3322,44100,F3,53,fortissimo,normal,1,0
trombone/F3/trombone_F3_15_mezzo-forte_normal.mp3,trombone,brass,1.3322,44100,F3,53,mezzo-forte,normal,1,0
trombone/F3/trombone_F3_15_pianissimo_normal.mp3,trombone,brass,1.2538,44100,F3,53,pianissimo,normal,1,0
trombone/F3/trombone_F3_15_piano_normal.mp3,trombone,brass,1.3061,44100,F3,53,piano,normal,1,0
trombone/F3/trombone_F3_1_fortissimo_normal.mp3,trombone,brass,1.0187,44100,F3,53,fortissimo,normal,1,0
trombone/F3/trombone_F3_1_mezzo-forte_normal.mp3,trombone,brass,0.9143,44100,F3,53,mezzo-forte,normal,1,0
trombone/F3/trombone_F3_1_pianissimo_normal.mp3,trombone,brass,0.9404,44100,F3,53,pianissimo,normal,1,0
trombone/F3/trombone_F3_1_piano_normal.mp3,trombone,brass,0.9665,44100,F3,53,piano,normal,1,0
trombone/F4/trombone_F4_025_forte_normal.mp3,trombone,brass,0.4179,44100,F4,65,forte,normal,1,0
trombone/F4/trombone_F4_025_fortissimo_normal.mp3,trombone,brass,0.4441,44100,F4,65,fortissimo,normal,1,0
trombone/F4/trombone_F4_025_mezzo-forte_normal.mp3,trombone,brass,0.4179,44100,F4,65,mezzo-forte,normal,1,0
trombone/F4/trombone_F4_025_pianissimo_normal.mp3,trombone,brass,0.3918,44100,F4,65,pianissimo,normal,1,0
trombone/F4/trombone_F4_025_piano_normal.mp3,trombone,brass,0.4441,44100,F4,65,piano,normal,1,0
trombone/F4/trombone_F4_05_forte_normal.mp3,trombone,brass,0.6008,44100,F4,65,forte,normal,1,0
trombone/F4/trombone_F4_05_fortissimo_normal.mp3,trombone,brass,0.6792,44100,F4,65,fortissimo,normal,1,0
trombone/F4/trombone_F4_05_mezzo-forte_normal.mp3,trombone,brass,0.6269,44100,F4,65,mezzo-forte,normal,1,0
trombone/F4/trombone_F4_05_pianissimo_normal.mp3,trombone,brass,0.653,44100,F4,65,pianissimo,normal,1,0
trombone/F4/trombone_F4_05_piano_normal.mp3,trombone,brass,0.7053,44100,F4,65,piano,normal,1,0
trombone/F4/trombone_F4_15_forte_normal.mp3,trombone,brass,1.3061,44100,F4,65,forte,normal,1,0
trombone/F4/trombone_F4_15_fortissimo_normal.mp3,trombone,brass,1.3583,44100,F4,65,fortissimo,normal,1,0
trombone/F4/trombone_F4_15_mezzo-forte_normal.mp3,trombone,brass,1.28,44100,F4,65,mezzo-forte,normal,1,0
trombone/F4/trombone_F4_15_pianissimo_normal.mp3,trombone,brass,1.2538,44100,F4,65,pianissimo,normal,1,0
trombone/F4/trombone_F4_15_piano_normal.mp3,trombone,brass,1.3845,44100,F4,65,piano,normal,1,0
trombone/F4/trombone_F4_1_forte_normal.mp3,trombone,brass,0.8359,44100,F4,65,forte,normal,1,0
trombone/F4/trombone_F4_1_fortissimo_normal.mp3,trombone,brass,0.9926,44100,F4,65,fortissimo,normal,1,0
trombone/F4/trombone_F4_1_mezzo-forte_normal.mp3,trombone,brass,0.9143,44100,F4,65,mezzo-forte,normal,1,0
trombone/F4/trombone_F4_1_pianissimo_normal.mp3,trombone,brass,0.9404,44100,F4,65,pianissimo,normal,1,0
trombone/F4/trombone_F4_1_piano_normal.mp3,trombone,brass,0.9404,44100,F4,65,piano,normal,1,0
trombone/F5/trombone_F5_025_forte_normal.mp3,trombone,brass,0.3918,44100,F5,77,forte,normal,1,0
trombone/F5/trombone_F5_025_fortissimo_normal.mp3,trombone,brass,0.4179,44100,F5,77,fortissimo,normal,1,0
trombone/F5/trombone_F5_05_forte_normal.mp3,trombone,brass,0.6269,44100,F5,77,forte,normal,1,0
trombone/F5/trombone_F5_05_fortissimo_normal.mp3,trombone,brass,0.7053,44100,F5,77,fortissimo,normal,1,0
trombone/F5/trombone_F5_15_forte_normal.mp3,trombone,brass,1.2277,44100,F5,77,forte,normal,1,0
trombone/F5/trombone_F5_15_fortissimo_normal.mp3,trombone,brass,1.3061,44100,F5,77,fortissimo,normal,1,0
trombone/F5/trombone_F5_1_forte_normal.mp3,trombone,brass,0.8359,44100,F5,77,forte,normal,1,0
trombone/F5/trombone_F5_1_fortissimo_normal.mp3,trombone,brass,1.0449,44100,F5,77,fortissimo,normal,1,0
trombone/Fs2/trombone_Fs2_025_mezzo-forte_normal.mp3,trombone,brass,0.3918,44100,Fs2,42,mezzo-forte,normal,1,0
trombone/Fs2/trombone_Fs2_025_pianissimo_normal.mp3,trombone,brass,0.4179,44100,Fs2,42,pianissimo,normal,1,0
trombone/Fs2/trombone_Fs2_025_piano_normal.mp3,trombone,brass,0.4179,44100,Fs2,42,piano,normal,1,0
trombone/Fs2/trombone_Fs2_05_mezzo-forte_normal.mp3,trombone,brass,0.653,44100,Fs2,42,mezzo-forte,normal,1,0
trombone/Fs2/trombone_Fs2_05_piano_normal.mp3,trombone,brass,0.6792,44100,Fs2,42,piano,normal,1,0
trombone/Fs2/trombone_Fs2_15_mezzo-forte_normal.mp3,trombone,brass,1.28,44100,Fs2,42,mezzo-forte,normal,1,0
trombone/Fs2/trombone_Fs2_15_piano_normal.mp3,trombone,brass,1.3322,44100,Fs2,42,piano,normal,1,0
trombone/Fs2/trombone_Fs2_1_mezzo-forte_normal.mp3,trombone,brass,0.9143,44100,Fs2,42,mezzo-forte,normal,1,0
trombone/Fs2/trombone_Fs2_1_pianissimo_normal.mp3,trombone,brass,1.28,44100,Fs2,42,pianissimo,normal,1,0
trombone/Fs2/trombone_Fs2_1_piano_normal.mp3,trombone,brass,0.9404,44100,Fs2,42,piano,normal,1,0
trombone/Fs2/trombone_Fs2_very-long_forte_normal.mp3,trombone,brass,2.2204,44100,Fs2,42,forte,normal,1,0
trombone/Fs2/trombone_Fs2_very-long_fortissimo_normal.mp3,trombone,brass,3.3698,44100,Fs2,42,fortissimo,normal,1,0
trombone/Fs2/trombone_Fs2_very-long_mezzo-forte_normal.mp3,trombone,brass,4.4408,44100,Fs2,42,mezzo-forte,normal,1,0
trombone/Fs2/trombone_Fs2_very-long_pianissimo_normal.mp3,trombone,brass,2.8473,44100,Fs2,42,pianissimo,normal,1,0
trombone/Fs2/trombone_Fs2_very-long_piano_normal.mp3,trombone,brass,6.3738,44100,Fs2,42,piano,normal,1,0
trombone/Fs3/trombone_Fs3_025_forte_normal.mp3,trombone,brass,0.4179,44100,Fs3,54,forte,normal,1,0
trombone/Fs3/trombone_Fs3_025_fortissimo_normal.mp3,trombone,brass,0.4441,44100,Fs3,54,fortissimo,normal,1,0
trombone/Fs3/trombone_Fs3_025_mezzo-forte_normal.mp3,trombone,brass,0.4179,44100,Fs3,54,mezzo-forte,normal,1,0
trombone/Fs3/trombone_Fs3_025_pianissimo_normal.mp3,trombone,brass,0.3918,44100,Fs3,54,pianissimo,normal,1,0
trombone/Fs3/trombone_Fs3_025_piano_normal.mp3,trombone,brass,0.4179,44100,Fs3,54,piano,normal,1,0
trombone/Fs3/trombone_Fs3_05_forte_normal.mp3,trombone,brass,0.6008,44100,Fs3,54,forte,normal,1,0
trombone/Fs3/trombone_Fs3_05_fortissimo_normal.mp3,trombone,brass,0.653,44100,Fs3,54,fortissimo,normal,1,0
trombone/Fs3/trombone_Fs3_05_mezzo-forte_normal.mp3,trombone,brass,0.653,44100,Fs3,54,mezzo-forte,normal,1,0
trombone/Fs3/trombone_Fs3_05_pianissimo_normal.mp3,trombone,brass,0.6792,44100,Fs3,54,pianissimo,normal,1,0
trombone/Fs3/trombone_Fs3_05_piano_normal.mp3,trombone,brass,0.6792,44100,Fs3,54,piano,normal,1,0
trombone/Fs3/trombone_Fs3_15_forte_normal.mp3,trombone,brass,1.2538,44100,Fs3,54,forte,normal,1,0
trombone/Fs3/trombone_Fs3_15_fortissimo_normal.mp3,trombone,brass,1.3583,44100,Fs3,54,fortissimo,normal,1,0
trombone/Fs3/trombone_Fs3_15_mezzo-forte_normal.mp3,trombone,brass,1.28,44100,Fs3,54,mezzo-forte,normal,1,0
trombone/Fs3/trombone_Fs3_15_pianissimo_normal.mp3,trombone,brass,1.28,44100,Fs3,54,pianissimo,normal,1,0
trombone/Fs3/trombone_Fs3_15_piano_normal.mp3,trombone,brass,1.2277,44100,Fs3,54,piano,normal,1,0
trombone/Fs3/trombone_Fs3_1_forte_normal.mp3,trombone,brass,0.862,44100,Fs3,54,forte,normal,1,0
trombone/Fs3/trombone_Fs3_1_fortissimo_normal.mp3,trombone,brass,1.0187,44100,Fs3,54,fortissimo,normal,1,0
trombone/Fs3/trombone_Fs3_1_mezzo-forte_normal.mp3,trombone,brass,0.8881,44100,Fs3,54,mezzo-forte,normal,1,0
trombone/Fs3/trombone_Fs3_1_pianissimo_normal.mp3,trombone,brass,0.9143,44100,Fs3,54,pianissimo,normal,1,0
trombone/Fs3/trombone_Fs3_1_piano_normal.mp3,trombone,brass,0.9665,44100,Fs3,54,piano,normal,1,0
trombone/Fs3/trombone_Fs3_long_fortissimo_normal.mp3,trombone,brass,2.56,44100,Fs3,54,fortissimo,normal,1,0
trombone/Fs4/trombone_Fs4_025_forte_normal.mp3,trombone,brass,0.3918,44100,Fs4,66,forte,normal,1,0
trombone/Fs4/trombone_Fs4_025_fortissimo_normal.mp3,trombone,brass,0.4179,44100,Fs4,66,fortissimo,normal,1,0
trombone/Fs4/trombone_Fs4_025_mezzo-forte_normal.mp3,trombone,brass,0.4179,44100,Fs4,66,mezzo-forte,normal,1,0
trombone/Fs4/trombone_Fs4_025_pianissimo_normal.mp3,trombone,brass,0.3918,44100,Fs4,66,pianissimo,normal,1,0
trombone/Fs4/trombone_Fs4_025_piano_normal.mp3,trombone,brass,0.4179,44100,Fs4,66,piano,normal,1,0
trombone/Fs4/trombone_Fs4_05_forte_normal.mp3,trombone,brass,0.6269,44100,Fs4,66,forte,normal,1,0
trombone/Fs4/trombone_Fs4_05_fortissimo_normal.mp3,trombone,brass,0.6792,44100,Fs4,66,fortissimo,normal,1,0
trombone/Fs4/trombone_Fs4_05_mezzo-forte_normal.mp3,trombone,brass,0.6792,44100,Fs4,66,mezzo-forte,normal,1,0
trombone/Fs4/trombone_Fs4_05_pianissimo_normal.mp3,trombone,brass,0.6792,44100,Fs4,66,pianissimo,normal,1,0
trombone/Fs4/trombone_Fs4_05_piano_normal.mp3,trombone,brass,0.7053,44100,Fs4,66,piano,normal,1,0
trombone/Fs4/trombone_Fs4_15_forte_normal.mp3,trombone,brass,1.3583,44100,Fs4,66,forte,normal,1,0
trombone/Fs4/trombone_Fs4_15_fortissimo_normal.mp3,trombone,brass,1.3845,44100,Fs4,66,fortissimo,normal,1,0
trombone/Fs4/trombone_Fs4_15_mezzo-forte_normal.mp3,trombone,brass,1.28,44100,Fs4,66,mezzo-forte,normal,1,0
trombone/Fs4/trombone_Fs4_15_pianissimo_normal.mp3,trombone,brass,1.28,44100,Fs4,66,pianissimo,normal,1,0
trombone/Fs4/trombone_Fs4_15_piano_normal.mp3,trombone,brass,1.28,44100,Fs4,66,piano,normal,1,0
trombone/Fs4/trombone_Fs4_1_forte_normal.mp3,trombone,brass,0.8359,44100,Fs4,66,forte,normal,1,0
trombone/Fs4/trombone_Fs4_1_fortissimo_normal.mp3,trombone,brass,1.0449,44100,Fs4,66,fortissimo,normal,1,0
trombone/Fs4/trombone_Fs4_1_mezzo-forte_normal.mp3,trombone,brass,0.9404,44100,Fs4,66,mezzo-forte,normal,1,0
trombone/Fs4/trombone_Fs4_1_pianissimo_normal.mp3,trombone,brass,0.9404,44100,Fs4,66,pianissimo,normal,1,0
trombone/Fs4/trombone_Fs4_1_piano_normal.mp3,trombone,brass,0.9665,44100,Fs4,66,piano,normal,1,0
trombone/Fs5/trombone_Fs5_025_forte_normal.mp3,trombone,brass,0.3918,44100,Fs5,78,forte,normal,1,0
trombone/Fs5/trombone_Fs5_025_fortissimo_normal.mp3,trombone,brass,0.4179,44100,Fs5,78,fortissimo,normal,1,0
trombone/Fs5/trombone_Fs5_05_forte_normal.mp3,trombone,brass,0.6269,44100,Fs5,78,forte,normal,1,0
trombone/Fs5/trombone_Fs5_05_fortissimo_normal.mp3,trombone,brass,0.7053,44100,Fs5,78,fortissimo,normal,1,0
trombone/Fs5/trombone_Fs5_15_forte_normal.mp3,trombone,brass,1.1755,44100,Fs5,78,forte,normal,1,0
trombone/Fs5/trombone_Fs5_15_fortissimo_normal.mp3,trombone,brass,1.3583,44100,Fs5,78,fortissimo,normal,1,0
trombone/Fs5/trombone_Fs5_1_forte_normal.mp3,trombone,brass,0.8098,44100,Fs5,78,forte,normal,1,0
trombone/Fs5/trombone_Fs5_1_fortissimo_normal.mp3,trombone,brass,0.9404,44100,Fs5,78,fortissimo,normal,1,0
trombone/G2/trombone_G2_025_mezzo-forte_normal.mp3,trombone,brass,0.4179,44100,G2,43,mezzo-forte,normal,1,0
trombone/G2/trombone_G2_025_pianissimo_normal.mp3,trombone,brass,0.4179,44100,G2,43,pianissimo,normal,1,0
trombone/G2/trombone_G2_025_piano_normal.mp3,trombone,brass,0.4179,44100,G2,43,piano,normal,1,0
trombone/G2/trombone_G2_05_mezzo-forte_normal.mp3,trombone,brass,0.653,44100,G2,43,mezzo-forte,normal,1,0
trombone/G2/trombone_G2_05_pianissimo_normal.mp3,trombone,brass,0.6792,44100,G2,43,pianissimo,normal,1,0
trombone/G2/trombone_G2_05_piano_normal.mp3,trombone,brass,0.7053,44100,G2,43,piano,normal,1,0
trombone/G2/trombone_G2_15_mezzo-forte_normal.mp3,trombone,brass,1.2277,44100,G2,43,mezzo-forte,normal,1,0
trombone/G2/trombone_G2_15_pianissimo_normal.mp3,trombone,brass,1.3061,44100,G2,43,pianissimo,normal,1,0
trombone/G2/trombone_G2_15_piano_normal.mp3,trombone,brass,1.3322,44100,G2,43,piano,normal,1,0
trombone/G2/trombone_G2_1_mezzo-forte_normal.mp3,trombone,brass,0.9404,44100,G2,43,mezzo-forte,normal,1,0
trombone/G2/trombone_G2_1_pianissimo_normal.mp3,trombone,brass,0.9404,44100,G2,43,pianissimo,normal,1,0
trombone/G2/trombone_G2_1_piano_normal.mp3,trombone,brass,0.9143,44100,G2,43,piano,normal,1,0
trombone/G2/trombone_G2_long_forte_normal.mp3,trombone,brass,6.0081,44100,G2,43,forte,normal,1,0
trombone/G2/trombone_G2_very-long_cresc-decresc_normal.mp3,trombone,brass,9.9004,44100,G2,43,cresc-decresc,normal,1,0
trombone/G2/trombone_G2_very-long_forte_normal.mp3,trombone,brass,2.3249,44100,G2,43,forte,normal,1,0
trombone/G2/trombone_G2_very-long_fortissimo_normal.mp3,trombone,brass,3.2653,44100,G2,43,fortissimo,normal,1,0
trombone/G2/trombone_G2_very-long_mezzo-forte_normal.mp3,trombone,brass,5.1461,44100,G2,43,mezzo-forte,normal,1,0
trombone/G2/trombone_G2_very-long_pianissimo_normal.mp3,trombone,brass,3.4481,44100,G2,43,pianissimo,normal,1,0
trombone/G2/trombone_G2_very-long_piano_normal.mp3,trombone,brass,31.3992,44100,G2,43,piano,normal,1,0
trombone/G3/trombone_G3_025_forte_normal.mp3,trombone,brass,0.3918,44100,G3,55,forte,normal,1,0
trombone/G3/trombone_G3_025_fortissimo_normal.mp3,trombone,brass,0.4441,44100,G3,55,fortissimo,normal,1,0
trombone/G3/trombone_G3_025_mezzo-forte_normal.mp3,trombone,brass,0.4179,44100,G3,55,mezzo-forte,normal,1,0
trombone/G3/trombone_G3_025_pianissimo_normal.mp3,trombone,brass,0.4179,44100,G3,55,pianissimo,normal,1,0
trombone/G3/trombone_G3_025_piano_normal.mp3,trombone,brass,0.4179,44100,G3,55,piano,normal,1,0
trombone/G3/trombone_G3_05_forte_normal.mp3,trombone,brass,0.6008,44100,G3,55,forte,normal,1,0
trombone/G3/trombone_G3_05_fortissimo_normal.mp3,trombone,brass,0.7053,44100,G3,55,fortissimo,normal,1,0
trombone/G3/trombone_G3_05_mezzo-forte_normal.mp3,trombone,brass,0.6792,44100,G3,55,mezzo-forte,normal,1,0
trombone/G3/trombone_G3_05_pianissimo_normal.mp3,trombone,brass,0.6792,44100,G3,55,pianissimo,normal,1,0
trombone/G3/trombone_G3_05_piano_normal.mp3,trombone,brass,0.7053,44100,G3,55,piano,normal,1,0
trombone/G3/trombone_G3_15_forte_normal.mp3,trombone,brass,1.2277,44100,G3,55,forte,normal,1,0
trombone/G3/trombone_G3_15_fortissimo_normal.mp3,trombone,brass,1.3061,44100,G3,55,fortissimo,normal,1,0
trombone/G3/trombone_G3_15_mezzo-forte_normal.mp3,trombone,brass,1.28,44100,G3,55,mezzo-forte,normal,1,0
trombone/G3/trombone_G3_15_pianissimo_normal.mp3,trombone,brass,1.2016,44100,G3,55,pianissimo,normal,1,0
trombone/G3/trombone_G3_15_piano_normal.mp3,trombone,brass,1.2538,44100,G3,55,piano,normal,1,0
trombone/G3/trombone_G3_1_forte_normal.mp3,trombone,brass,0.8359,44100,G3,55,forte,normal,1,0
trombone/G3/trombone_G3_1_fortissimo_normal.mp3,trombone,brass,1.0449,44100,G3,55,fortissimo,normal,1,0
trombone/G3/trombone_G3_1_mezzo-forte_normal.mp3,trombone,brass,0.9404,44100,G3,55,mezzo-forte,normal,1,0
trombone/G3/trombone_G3_1_pianissimo_normal.mp3,trombone,brass,0.9143,44100,G3,55,pianissimo,normal,1,0
trombone/G3/trombone_G3_1_piano_normal.mp3,trombone,brass,0.9926,44100,G3,55,piano,normal,1,0
trombone/G3/trombone_G3_long_forte_normal.mp3,trombone,brass,6.3738,44100,G3,55,forte,normal,1,0
trombone/G3/trombone_G3_very-long_cresc-decresc_normal.mp3,trombone,brass,11.5983,44100,G3,55,cresc-decresc,normal,1,0
trombone/G3/trombone_G3_very-long_piano_normal.mp3,trombone,brass,62.302,44100,G3,55,piano,normal,1,0
trombone/G4/trombone_G4_025_forte_normal.mp3,trombone,brass,0.3918,44100,G4,67,forte,normal,1,0
trombone/G4/trombone_G4_025_fortissimo_normal.mp3,trombone,brass,0.4441,44100,G4,67,fortissimo,normal,1,0
trombone/G4/trombone_G4_025_mezzo-forte_normal.mp3,trombone,brass,0.4179,44100,G4,67,mezzo-forte,normal,1,0
trombone/G4/trombone_G4_025_pianissimo_normal.mp3,trombone,brass,0.3918,44100,G4,67,pianissimo,normal,1,0
trombone/G4/trombone_G4_025_piano_normal.mp3,trombone,brass,0.4179,44100,G4,67,piano,normal,1,0
trombone/G4/trombone_G4_05_forte_normal.mp3,trombone,brass,0.6269,44100,G4,67,forte,normal,1,0
trombone/G4/trombone_G4_05_fortissimo_normal.mp3,trombone,brass,0.653,44100,G4,67,fortissimo,normal,1,0
trombone/G4/trombone_G4_05_mezzo-forte_normal.mp3,trombone,brass,0.653,44100,G4,67,mezzo-forte,normal,1,0
trombone/G4/trombone_G4_05_pianissimo_normal.mp3,trombone,brass,0.653,44100,G4,67,pianissimo,normal,1,0
trombone/G4/trombone_G4_05_piano_normal.mp3,trombone,brass,0.6792,44100,G4,67,piano,normal,1,0
trombone/G4/trombone_G4_15_forte_normal.mp3,trombone,brass,1.3061,44100,G4,67,forte,normal,1,0
trombone/G4/trombone_G4_15_fortissimo_normal.mp3,trombone,brass,1.3845,44100,G4,67,fortissimo,normal,1,0
trombone/G4/trombone_G4_15_mezzo-forte_normal.mp3,trombone,brass,1.2538,44100,G4,67,mezzo-forte,normal,1,0
trombone/G4/trombone_G4_15_pianissimo_normal.mp3,trombone,brass,1.2538,44100,G4,67,pianissimo,normal,1,0
trombone/G4/trombone_G4_15_piano_normal.mp3,trombone,brass,1.1755,44100,G4,67,piano,normal,1,0
trombone/G4/trombone_G4_1_forte_normal.mp3,trombone,brass,0.8881,44100,G4,67,forte,normal,1,0
trombone/G4/trombone_G4_1_fortissimo_normal.mp3,trombone,brass,1.0449,44100,G4,67,fortissimo,normal,1,0
trombone/G4/trombone_G4_1_mezzo-forte_normal.mp3,trombone,brass,0.9404,44100,G4,67,mezzo-forte,normal,1,0
trombone/G4/trombone_G4_1_pianissimo_normal.mp3,trombone,brass,0.9143,44100,G4,67,pianissimo,normal,1,0
trombone/G4/trombone_G4_1_piano_normal.mp3,trombone,brass,0.9404,44100,G4,67,piano,normal,1,0
trombone/G4/trombone_G4_long_forte_normal.mp3,trombone,brass,7.68,44100,G4,67,forte,normal,1,0
trombone/G4/trombone_G4_very-long_cresc-decresc_normal.mp3,trombone,brass,13.3224,44100,G4,67,cresc-decresc,normal,1,0
trombone/G4/trombone_G4_very-long_piano_normal.mp3,trombone,brass,50.6775,44100,G4,67,piano,normal,1,0
trombone/G5/trombone_G5_025_forte_normal.mp3,trombone,brass,0.3918,44100,G5,79,forte,normal,1,0
trombone/G5/trombone_G5_025_fortissimo_normal.mp3,trombone,brass,0.4179,44100,G5,79,fortissimo,normal,1,0
trombone/G5/trombone_G5_05_forte_normal.mp3,trombone,brass,0.6269,44100,G5,79,forte,normal,1,0
trombone/G5/trombone_G5_05_fortissimo_normal.mp3,trombone,brass,0.7314,44100,G5,79,fortissimo,normal,1,0
trombone/G5/trombone_G5_15_forte_normal.mp3,trombone,brass,1.2016,44100,G5,79,forte,normal,1,0
trombone/G5/trombone_G5_15_fortissimo_normal.mp3,trombone,brass,1.3583,44100,G5,79,fortissimo,normal,1,0
trombone/G5/trombone_G5_1_forte_normal.mp3,trombone,brass,0.862,44100,G5,79,forte,normal,1,0
trombone/G5/trombone_G5_1_fortissimo_normal.mp3,trombone,brass,0.9143,44100,G5,79,fortissimo,normal,1,0
trombone/Gs2/trombone_Gs2_025_mezzo-forte_normal.mp3,trombone,brass,0.4179,44100,Gs2,44,mezzo-forte,normal,1,0
trombone/Gs2/trombone_Gs2_025_pianissimo_normal.mp3,trombone,brass,0.4441,44100,Gs2,44,pianissimo,normal,1,0
trombone/Gs2/trombone_Gs2_025_piano_normal.mp3,trombone,brass,0.4441,44100,Gs2,44,piano,normal,1,0
trombone/Gs2/trombone_Gs2_05_mezzo-forte_normal.mp3,trombone,brass,0.653,44100,Gs2,44,mezzo-forte,normal,1,0
trombone/Gs2/trombone_Gs2_05_pianissimo_normal.mp3,trombone,brass,0.7053,44100,Gs2,44,pianissimo,normal,1,0
trombone/Gs2/trombone_Gs2_05_piano_normal.mp3,trombone,brass,0.6792,44100,Gs2,44,piano,normal,1,0
trombone/Gs2/trombone_Gs2_15_mezzo-forte_normal.mp3,trombone,brass,1.3845,44100,Gs2,44,mezzo-forte,normal,1,0
trombone/Gs2/trombone_Gs2_15_pianissimo_normal.mp3,trombone,brass,1.2016,44100,Gs2,44,pianissimo,normal,1,0
trombone/Gs2/trombone_Gs2_15_piano_normal.mp3,trombone,brass,1.28,44100,Gs2,44,piano,normal,1,0
trombone/Gs2/trombone_Gs2_1_mezzo-forte_normal.mp3,trombone,brass,0.9143,44100,Gs2,44,mezzo-forte,normal,1,0
trombone/Gs2/trombone_Gs2_1_pianissimo_normal.mp3,trombone,brass,0.9404,44100,Gs2,44,pianissimo,normal,1,0
trombone/Gs2/trombone_Gs2_1_piano_normal.mp3,trombone,brass,0.9404,44100,Gs2,44,piano,normal,1,0
trombone/Gs2/trombone_Gs2_long_fortissimo_normal.mp3,trombone,brass,2.8734,44100,Gs2,44,fortissimo,normal,1,0
trombone/Gs2/trombone_Gs2_very-long_forte_normal.mp3,trombone,brass,2.8996,44100,Gs2,44,forte,normal,1,0
trombone/Gs2/trombone_Gs2_very-long_fortissimo_normal.mp3,trombone,brass,3.1347,44100,Gs2,44,fortissimo,normal,1,0
trombone/Gs2/trombone_Gs2_very-long_mezzo-forte_normal.mp3,trombone,brass,5.5118,44100,Gs2,44,mezzo-forte,normal,1,0
trombone/Gs2/trombone_Gs2_very-long_pianissimo_normal.mp3,trombone,brass,4.1534,44100,Gs2,44,pianissimo,normal,1,0
trombone/Gs2/trombone_Gs2_very-long_piano_normal.mp3,trombone,brass,8.2808,44100,Gs2,44,piano,normal,1,0
trombone/Gs3/trombone_Gs3_025_forte_normal.mp3,trombone,brass,0.3918,44100,Gs3,56,forte,normal,1,0
trombone/Gs3/trombone_Gs3_025_fortissimo_normal.mp3,trombone,brass,0.4441,44100,Gs3,56,fortissimo,normal,1,0
trombone/Gs3/trombone_Gs3_025_mezzo-forte_normal.mp3,trombone,brass,0.4441,44100,Gs3,56,mezzo-forte,normal,1,0
trombone/Gs3/trombone_Gs3_025_pianissimo_normal.mp3,trombone,brass,0.4179,44100,Gs3,56,pianissimo,normal,1,0
trombone/Gs3/trombone_Gs3_025_piano_normal.mp3,trombone,brass,0.4179,44100,Gs3,56,piano,normal,1,0
trombone/Gs3/trombone_Gs3_05_forte_normal.mp3,trombone,brass,0.6269,44100,Gs3,56,forte,normal,1,0
trombone/Gs3/trombone_Gs3_05_fortissimo_normal.mp3,trombone,brass,0.653,44100,Gs3,56,fortissimo,normal,1,0
trombone/Gs3/trombone_Gs3_05_mezzo-forte_normal.mp3,trombone,brass,0.6792,44100,Gs3,56,mezzo-forte,normal,1,0
trombone/Gs3/trombone_Gs3_05_pianissimo_normal.mp3,trombone,brass,0.653,44100,Gs3,56,pianissimo,normal,1,0
trombone/Gs3/trombone_Gs3_05_piano_normal.mp3,trombone,brass,0.7053,44100,Gs3,56,piano,normal,1,0
trombone/Gs3/trombone_Gs3_15_forte_normal.mp3,trombone,brass,1.2538,44100,Gs3,56,forte,normal,1,0
trombone/Gs3/trombone_Gs3_15_fortissimo_normal.mp3,trombone,brass,1.3061,44100,Gs3,56,fortissimo,normal,1,0
trombone/Gs3/trombone_Gs3_15_mezzo-forte_normal.mp3,trombone,brass,1.3845,44100,Gs3,56,mezzo-forte,normal,1,0
trombone/Gs3/trombone_Gs3_15_pianissimo_normal.mp3,trombone,brass,1.2538,44100,Gs3,56,pianissimo,normal,1,0
trombone/Gs3/trombone_Gs3_1_forte_normal.mp3,trombone,brass,0.8881,44100,Gs3,56,forte,normal,1,0
trombone/Gs3/trombone_Gs3_1_fortissimo_normal.mp3,trombone,brass,0.9926,44100,Gs3,56,fortissimo,normal,1,0
trombone/Gs3/trombone_Gs3_1_mezzo-forte_normal.mp3,trombone,brass,0.9143,44100,Gs3,56,mezzo-forte,normal,1,0
trombone/Gs3/trombone_Gs3_1_pianissimo_normal.mp3,trombone,brass,0.9143,44100,Gs3,56,pianissimo,normal,1,0
trombone/Gs4/trombone_Gs4_025_forte_normal.mp3,trombone,brass,0.4179,44100,Gs4,68,forte,normal,1,0
trombone/Gs4/trombone_Gs4_025_fortissimo_normal.mp3,trombone,brass,0.4441,44100,Gs4,68,fortissimo,normal,1,0
trombone/Gs4/trombone_Gs4_025_mezzo-forte_normal.mp3,trombone,brass,0.4179,44100,Gs4,68,mezzo-forte,normal,1,0
trombone/Gs4/trombone_Gs4_025_pianissimo_normal.mp3,trombone,brass,0.4179,44100,Gs4,68,pianissimo,normal,1,0
trombone/Gs4/trombone_Gs4_025_piano_normal.mp3,trombone,brass,0.4441,44100,Gs4,68,piano,normal,1,0
trombone/Gs4/trombone_Gs4_05_forte_normal.mp3,trombone,brass,0.653,44100,Gs4,68,forte,normal,1,0
trombone/Gs4/trombone_Gs4_05_fortissimo_normal.mp3,trombone,brass,0.6792,44100,Gs4,68,fortissimo,normal,1,0
trombone/Gs4/trombone_Gs4_05_mezzo-forte_normal.mp3,trombone,brass,0.6792,44100,Gs4,68,mezzo-forte,normal,1,0
trombone/Gs4/trombone_Gs4_05_pianissimo_normal.mp3,trombone,brass,0.653,44100,Gs4,68,pianissimo,normal,1,0
trombone/Gs4/trombone_Gs4_05_piano_normal.mp3,trombone,brass,0.6792,44100,Gs4,68,piano,normal,1,0
trombone/Gs4/trombone_Gs4_15_forte_normal.mp3,trombone,brass,1.3322,44100,Gs4,68,forte,normal,1,0
trombone/Gs4/trombone_Gs4_15_fortissimo_normal.mp3,trombone,brass,1.3061,44100,Gs4,68,fortissimo,normal,1,0
trombone/Gs4/trombone_Gs4_15_mezzo-forte_normal.mp3,trombone,brass,1.2538,44100,Gs4,68,mezzo-forte,normal,1,0
trombone/Gs4/trombone_Gs4_15_pianissimo_normal.mp3,trombone,brass,1.2538,44100,Gs4,68,pianissimo,normal,1,0
trombone/Gs4/trombone_Gs4_15_piano_normal.mp3,trombone,brass,1.3061,44100,Gs4,68,piano,normal,1,0
trombone/Gs4/trombone_Gs4_1_forte_normal.mp3,trombone,brass,0.8359,44100,Gs4,68,forte,normal,1,0
trombone/Gs4/trombone_Gs4_1_fortissimo_normal.mp3,trombone,brass,1.0187,44100,Gs4,68,fortissimo,normal,1,0
trombone/Gs4/trombone_Gs4_1_mezzo-forte_normal.mp3,trombone,brass,0.9404,44100,Gs4,68,mezzo-forte,normal,1,0
trombone/Gs4/trombone_Gs4_1_pianissimo_normal.mp3,trombone,brass,0.9404,44100,Gs4,68,pianissimo,normal,1,0
trombone/Gs4/trombone_Gs4_1_piano_normal.mp3,trombone,brass,0.9404,44100,Gs4,68,piano,normal,1,0
trombone/Gs4/trombone_Gs4_long_fortissimo_normal.mp3,trombone,brass,2.0898,44100,Gs4,68,fortissimo,normal,1,0
trombone/Gs5/trombone_Gs5_025_forte_normal.mp3,trombone,brass,0.4179,44100,Gs5,80,forte,normal,1,0
trombone/Gs5/trombone_Gs5_025_fortissimo_normal.mp3,trombone,brass,0.4179,44100,Gs5,80,fortissimo,normal,1,0
trombone/Gs5/trombone_Gs5_05_forte_normal.mp3,trombone,brass,0.6269,44100,Gs5,80,forte,normal,1,0
trombone/Gs5/trombone_Gs5_05_fortissimo_normal.mp3,trombone,brass,0.7053,44100,Gs5,80,fortissimo,normal,1,0
trombone/Gs5/trombone_Gs5_15_forte_normal.mp3,trombone,brass,1.2277,44100,Gs5,80,forte,normal,1,0
trombone/Gs5/trombone_Gs5_15_fortissimo_normal.mp3,trombone,brass,1.3845,44100,Gs5,80,fortissimo,normal,1,0
trombone/Gs5/trombone_Gs5_1_forte_normal.mp3,trombone,brass,0.8881,44100,Gs5,80,forte,normal,1,0
trombone/Gs5/trombone_Gs5_1_fortissimo_normal.mp3,trombone,brass,0.9665,44100,Gs5,80,fortissimo,normal,1,0
trumpet/A2/trumpet_A2_long_pianissimo_normal.mp3,trumpet,brass,2.4817,44100,A2,45,pianissimo,normal,1,0
trumpet/A3/trumpet_A3_025_forte_normal.mp3,trumpet,brass,0.8099,44100,A3,57,forte,normal,1,0
trumpet/A3/trumpet_A3_025_fortissimo_normal.mp3,trumpet,brass,0.7315,44100,A3,57,fortissimo,normal,1,0
trumpet/A3/trumpet_A3_025_pianissimo_normal.mp3,trumpet,brass,0.7576,44100,A3,57,pianissimo,normal,1,0
trumpet/A3/trumpet_A3_05_forte_normal.mp3,trumpet,brass,0.8882,44100,A3,57,forte,normal,1,0
trumpet/A3/trumpet_A3_05_fortissimo_normal.mp3,trumpet,brass,1.2539,44100,A3,57,fortissimo,normal,1,0
trumpet/A3/trumpet_A3_05_pianissimo_normal.mp3,trumpet,brass,0.9928,44100,A3,57,pianissimo,normal,1,0
trumpet/A3/trumpet_A3_15_forte_normal.mp3,trumpet,brass,2.2989,44100,A3,57,forte,normal,1,0
trumpet/A3/trumpet_A3_15_pianissimo_normal.mp3,trumpet,brass,2.2727,44100,A3,57,pianissimo,normal,1,0
trumpet/A3/trumpet_A3_1_forte_normal.mp3,trumpet,brass,1.3845,44100,A3,57,forte,normal,1,0
trumpet/A3/trumpet_A3_1_fortissimo_normal.mp3,trumpet,brass,2.6645,44100,A3,57,fortissimo,normal,1,0
trumpet/A3/trumpet_A3_1_pianissimo_normal.mp3,trumpet,brass,1.3845,44100,A3,57,pianissimo,normal,1,0
trumpet/A3/trumpet_A3_phrase_crescendo_normal.mp3,trumpet,brass,10.005,44100,A3,57,crescendo,normal,1,1
trumpet/A3/trumpet_A3_very-long_piano_normal.mp3,trumpet,brass,70.6612,44100,A3,57,piano,normal,1,0
trumpet/A4/trumpet_A4_025_forte_normal.mp3,trumpet,brass,0.7054,44100,A4,69,forte,normal,1,0
trumpet/A4/trumpet_A4_025_fortissimo_normal.mp3,trumpet,brass,0.836,44100,A4,69,fortissimo,normal,1,0
trumpet/A4/trumpet_A4_025_pianissimo_normal.mp3,trumpet,brass,0.8099,44100,A4,69,pianissimo,normal,1,0
trumpet/A4/trumpet_A4_05_forte_normal.mp3,trumpet,brass,1.0973,44100,A4,69,forte,normal,1,0
trumpet/A4/trumpet_A4_05_fortissimo_normal.mp3,trumpet,brass,1.0973,44100,A4,69,fortissimo,normal,1,0
trumpet/A4/trumpet_A4_05_pianissimo_normal.mp3,trumpet,brass,1.1756,44100,A4,69,pianissimo,normal,1,0
trumpet/A4/trumpet_A4_15_forte_normal.mp3,trumpet,brass,2.56,44100,A4,69,forte,normal,1,0
trumpet/A4/trumpet_A4_15_fortissimo_normal.mp3,trumpet,brass,2.7429,44100,A4,69,fortissimo,normal,1,0
trumpet/A4/trumpet_A4_15_pianissimo_normal.mp3,trumpet,brass,2.56,44100,A4,69,pianissimo,normal,1,0
trumpet/A4/trumpet_A4_1_forte_normal.mp3,trumpet,brass,1.2279,44100,A4,69,forte,normal,1,0
trumpet/A4/trumpet_A4_1_fortissimo_normal.mp3,trumpet,brass,1.4629,44100,A4,69,fortissimo,normal,1,0
trumpet/A4/trumpet_A4_1_pianissimo_normal.mp3,trumpet,brass,1.6196,44100,A4,69,pianissimo,normal,1,0
trumpet/A4/trumpet_A4_long_forte_normal.mp3,trumpet,brass,1.7764,44100,A4,69,forte,normal,1,0
trumpet/A4/trumpet_A4_long_mezzo-piano_normal.mp3,trumpet,brass,1.489,44100,A4,69,mezzo-piano,normal,1,0
trumpet/A4/trumpet_A4_long_pianissimo_normal.mp3,trumpet,brass,1.7503,44100,A4,69,pianissimo,normal,1,0
trumpet/A4/trumpet_A4_long_piano_normal.mp3,trumpet,brass,1.5413,44100,A4,69,piano,normal,1,0
trumpet/A4/trumpet_A4_phrase_crescendo_normal.mp3,trumpet,brass,10.0834,44100,A4,69,crescendo,normal,1,1
trumpet/A5/trumpet_A5_025_forte_normal.mp3,trumpet,brass,0.7576,44100,A5,81,forte,normal,1,0
trumpet/A5/trumpet_A5_025_mezzo-forte_normal.mp3,trumpet,brass,0.6793,44100,A5,81,mezzo-forte,normal,1,0
trumpet/A5/trumpet_A5_05_forte_normal.mp3,trumpet,brass,1.2279,44100,A5,81,forte,normal,1,0
trumpet/A5/trumpet_A5_05_mezzo-forte_normal.mp3,trumpet,brass,0.9928,44100,A5,81,mezzo-forte,normal,1,0
trumpet/A5/trumpet_A5_15_forte_normal.mp3,trumpet,brass,2.1421,44100,A5,81,forte,normal,1,0
trumpet/A5/trumpet_A5_15_mezzo-forte_normal.mp3,trumpet,brass,2.9519,44100,A5,81,mezzo-forte,normal,1,0
trumpet/A5/trumpet_A5_1_forte_normal.mp3,trumpet,brass,2.4034,44100,A5,81,forte,normal,1,0
trumpet/A5/trumpet_A5_1_mezzo-forte_normal.mp3,trumpet,brass,1.489,44100,A5,81,mezzo-forte,normal,1,0
trumpet/A5/trumpet_A5_very-long_fortissimo_normal.mp3,trumpet,brass,1.7764,44100,A5,81,fortissimo,normal,1,0
trumpet/As2/trumpet_As2_long_pianissimo_normal.mp3,trumpet,brass,4.0751,44100,As2,46,pianissimo,normal,1,0
trumpet/As3/trumpet_As3_025_forte_normal.mp3,trumpet,brass,0.7315,44100,As3,58,forte,normal,1,0
trumpet/As3/trumpet_As3_025_fortissimo_normal.mp3,trumpet,brass,0.8099,44100,As3,58,fortissimo,normal,1,0
trumpet/As3/trumpet_As3_025_pianissimo_normal.mp3,trumpet,brass,0.7315,44100,As3,58,pianissimo,normal,1,0
trumpet/As3/trumpet_As3_05_forte_normal.mp3,trumpet,brass,1.1495,44100,As3,58,forte,normal,1,0
trumpet/As3/trumpet_As3_05_fortissimo_normal.mp3,trumpet,brass,0.9666,44100,As3,58,fortissimo,normal,1,0
trumpet/As3/trumpet_As3_05_pianissimo_normal.mp3,trumpet,brass,1.1756,44100,As3,58,pianissimo,normal,1,0
trumpet/As3/trumpet_As3_15_fortissimo_normal.mp3,trumpet,brass,2.2466,44100,As3,58,fortissimo,normal,1,0
trumpet/As3/trumpet_As3_15_pianissimo_normal.mp3,trumpet,brass,2.5339,44100,As3,58,pianissimo,normal,1,0
trumpet/As3/trumpet_As3_1_forte_normal.mp3,trumpet,brass,2.4295,44100,As3,58,forte,normal,1,0
trumpet/As3/trumpet_As3_1_fortissimo_normal.mp3,trumpet,brass,1.1234,44100,As3,58,fortissimo,normal,1,0
trumpet/As3/trumpet_As3_1_pianissimo_normal.mp3,trumpet,brass,1.5151,44100,As3,58,pianissimo,normal,1,0
trumpet/As3/trumpet_As3_long_forte_normal.mp3,trumpet,brass,2.0115,44100,As3,58,forte,normal,1,0
trumpet/As3/trumpet_As3_long_mezzo-piano_normal.mp3,trumpet,brass,1.5413,44100,As3,58,mezzo-piano,normal,1,0
trumpet/As3/trumpet_As3_long_pianissimo_normal.mp3,trumpet,brass,1.28,44100,As3,58,pianissimo,normal,1,0
trumpet/As3/trumpet_As3_long_piano_normal.mp3,trumpet,brass,1.5935,44100,As3,58,piano,normal,1,0
trumpet/As4/trumpet_As4_025_forte_normal.mp3,trumpet,brass,0.7576,44100,As4,70,forte,normal,1,0
trumpet/As4/trumpet_As4_025_fortissimo_normal.mp3,trumpet,brass,0.7837,44100,As4,70,fortissimo,normal,1,0
trumpet/As4/trumpet_As4_025_pianissimo_normal.mp3,trumpet,brass,0.7315,44100,As4,70,pianissimo,normal,1,0
trumpet/As4/trumpet_As4_05_forte_normal.mp3,trumpet,brass,1.2279,44100,As4,70,forte,normal,1,0
trumpet/As4/trumpet_As4_05_fortissimo_normal.mp3,trumpet,brass,1.0711,44100,As4,70,fortissimo,normal,1,0
trumpet/As4/trumpet_As4_05_pianissimo_normal.mp3,trumpet,brass,1.1756,44100,As4,70,pianissimo,normal,1,0
trumpet/As4/trumpet_As4_15_forte_normal.mp3,trumpet,brass,2.5079,44100,As4,70,forte,normal,1,0
trumpet/As4/trumpet_As4_15_fortissimo_normal.mp3,trumpet,brass,2.6384,44100,As4,70,fortissimo,normal,1,0
trumpet/As4/trumpet_As4_15_pianissimo_normal.mp3,trumpet,brass,2.6906,44100,As4,70,pianissimo,normal,1,0
trumpet/As4/trumpet_As4_1_fortissimo_normal.mp3,trumpet,brass,1.3322,44100,As4,70,fortissimo,normal,1,0
trumpet/As4/trumpet_As4_1_pianissimo_normal.mp3,trumpet,brass,1.6196,44100,As4,70,pianissimo,normal,1,0
trumpet/As4/trumpet_As4_phrase_mezzo-forte_normal.mp3,trumpet,brass,2.2727,44100,As4,70,mezzo-forte,normal,1,1
trumpet/As4/trumpet_As4_very-long_fortissimo_normal.mp3,trumpet,brass,1.9854,44100,As4,70,fortissimo,normal,1,0
trumpet/As5/trumpet_As5_025_forte_normal.mp3,trumpet,brass,0.6793,44100,As5,82,forte,normal,1,0
trumpet/As5/trumpet_As5_025_mezzo-forte_normal.mp3,trumpet,brass,0.8099,44100,As5,82,mezzo-forte,normal,1,0
trumpet/As5/trumpet_As5_05_forte_normal.mp3,trumpet,brass,0.9928,44100,As5,82,forte,normal,1,0
trumpet/As5/trumpet_As5_05_mezzo-forte_normal.mp3,trumpet,brass,0.9666,44100,As5,82,mezzo-forte,normal,1,0
trumpet/As5/trumpet_As5_15_forte_normal.mp3,trumpet,brass,2.0899,44100,As5,82,forte,normal,1,0
trumpet/As5/trumpet_As5_15_pianissimo_normal.mp3,trumpet,brass,2.7168,44100,As5,82,pianissimo,normal,1,0
trumpet/As5/trumpet_As5_1_forte_normal.mp3,trumpet,brass,2.325,44100,As5,82,forte,normal,1,0
trumpet/As5/trumpet_As5_1_pianissimo_normal.mp3,trumpet,brass,1.3845,44100,As5,82,pianissimo,normal,1,0
trumpet/As5/trumpet_As5_long_forte_normal.mp3,trumpet,brass,1.5935,44100,As5,82,forte,normal,1,0
trumpet/As5/trumpet_As5_long_mezzo-piano_normal.mp3,trumpet,brass,1.4367,44100,As5,82,mezzo-piano,normal,1,0
trumpet/As5/trumpet_As5_long_pianissimo_normal.mp3,trumpet,brass,2.0899,44100,As5,82,pianissimo,normal,1,0
trumpet/As5/trumpet_As5_long_piano_normal.mp3,trumpet,brass,1.489,44100,As5,82,piano,normal,1,0
trumpet/As5/trumpet_As5_very-long_fortissimo_normal.mp3,trumpet,brass,1.2279,44100,As5,82,fortissimo,normal,1,0
trumpet/B3/trumpet_B3_025_forte_normal.mp3,trumpet,brass,0.7837,44100,B3,59,forte,normal,1,0
trumpet/B3/trumpet_B3_025_fortissimo_normal.mp3,trumpet,brass,0.7576,44100,B3,59,fortissimo,normal,1,0
trumpet/B3/trumpet_B3_025_pianissimo_normal.mp3,trumpet,brass,0.7315,44100,B3,59,pianissimo,normal,1,0
trumpet/B3/trumpet_B3_05_forte_normal.mp3,trumpet,brass,0.8621,44100,B3,59,forte,normal,1,0
trumpet/B3/trumpet_B3_05_fortissimo_normal.mp3,trumpet,brass,1.1495,44100,B3,59,fortissimo,normal,1,0
trumpet/B3/trumpet_B3_05_pianissimo_normal.mp3,trumpet,brass,1.0973,44100,B3,59,pianissimo,normal,1,0
trumpet/B3/trumpet_B3_15_pianissimo_normal.mp3,trumpet,brass,2.4556,44100,B3,59,pianissimo,normal,1,0
trumpet/B3/trumpet_B3_1_forte_normal.mp3,trumpet,brass,2.2989,44100,B3,59,forte,normal,1,0
trumpet/B3/trumpet_B3_1_fortissimo_normal.mp3,trumpet,brass,2.6906,44100,B3,59,fortissimo,normal,1,0
trumpet/B3/trumpet_B3_1_pianissimo_normal.mp3,trumpet,brass,1.5674,44100,B3,59,pianissimo,normal,1,0
trumpet/B4/trumpet_B4_025_forte_normal.mp3,trumpet,brass,0.7315,44100,B4,71,forte,normal,1,0
trumpet/B4/trumpet_B4_025_fortissimo_normal.mp3,trumpet,brass,0.8099,44100,B4,71,fortissimo,normal,1,0
trumpet/B4/trumpet_B4_025_pianissimo_normal.mp3,trumpet,brass,0.7837,44100,B4,71,pianissimo,normal,1,0
trumpet/B4/trumpet_B4_05_forte_normal.mp3,trumpet,brass,1.2018,44100,B4,71,forte,normal,1,0
trumpet/B4/trumpet_B4_05_fortissimo_normal.mp3,trumpet,brass,1.0189,44100,B4,71,fortissimo,normal,1,0
trumpet/B4/trumpet_B4_05_pianissimo_normal.mp3,trumpet,brass,1.1234,44100,B4,71,pianissimo,normal,1,0
trumpet/B4/trumpet_B4_15_forte_normal.mp3,trumpet,brass,2.5079,44100,B4,71,forte,normal,1,0
trumpet/B4/trumpet_B4_15_fortissimo_normal.mp3,trumpet,brass,2.5339,44100,B4,71,fortissimo,normal,1,0
trumpet/B4/trumpet_B4_15_pianissimo_normal.mp3,trumpet,brass,2.5861,44100,B4,71,pianissimo,normal,1,0
trumpet/B4/trumpet_B4_1_fortissimo_normal.mp3,trumpet,brass,1.2279,44100,B4,71,fortissimo,normal,1,0
trumpet/B4/trumpet_B4_1_pianissimo_normal.mp3,trumpet,brass,1.3845,44100,B4,71,pianissimo,normal,1,0
trumpet/B4/trumpet_B4_very-long_fortissimo_normal.mp3,trumpet,brass,2.0899,44100,B4,71,fortissimo,normal,1,0
trumpet/B5/trumpet_B5_025_forte_normal.mp3,trumpet,brass,0.6793,44100,B5,83,forte,normal,1,0
trumpet/B5/trumpet_B5_025_mezzo-forte_normal.mp3,trumpet,brass,0.7054,44100,B5,83,mezzo-forte,normal,1,0
trumpet/B5/trumpet_B5_05_forte_normal.mp3,trumpet,brass,1.045,44100,B5,83,forte,normal,1,0
trumpet/B5/trumpet_B5_05_mezzo-forte_normal.mp3,trumpet,brass,1.2539,44100,B5,83,mezzo-forte,normal,1,0
trumpet/B5/trumpet_B5_15_forte_normal.mp3,trumpet,brass,2.325,44100,B5,83,forte,normal,1,0
trumpet/B5/trumpet_B5_15_pianissimo_normal.mp3,trumpet,brass,2.3773,44100,B5,83,pianissimo,normal,1,0
trumpet/B5/trumpet_B5_1_forte_normal.mp3,trumpet,brass,1.1756,44100,B5,83,forte,normal,1,0
trumpet/B5/trumpet_B5_1_mezzo-forte_normal.mp3,trumpet,brass,1.3322,44100,B5,83,mezzo-forte,normal,1,0
trumpet/B5/trumpet_B5_very-long_fortissimo_normal.mp3,trumpet,brass,1.6196,44100,B5,83,fortissimo,normal,1,0
trumpet/C4/trumpet_C4_025_forte_normal.mp3,trumpet,brass,0.7315,44100,C4,60,forte,normal,1,0
trumpet/C4/trumpet_C4_025_fortissimo_normal.mp3,trumpet,brass,0.7315,44100,C4,60,fortissimo,normal,1,0
trumpet/C4/trumpet_C4_025_pianissimo_normal.mp3,trumpet,brass,0.7054,44100,C4,60,pianissimo,normal,1,0
trumpet/C4/trumpet_C4_05_forte_normal.mp3,trumpet,brass,0.9405,44100,C4,60,forte,normal,1,0
trumpet/C4/trumpet_C4_05_fortissimo_normal.mp3,trumpet,brass,1.2018,44100,C4,60,fortissimo,normal,1,0
trumpet/C4/trumpet_C4_05_pianissimo_normal.mp3,trumpet,brass,1.0973,44100,C4,60,pianissimo,normal,1,0
trumpet/C4/trumpet_C4_15_pianissimo_normal.mp3,trumpet,brass,2.3511,44100,C4,60,pianissimo,normal,1,0
trumpet/C4/trumpet_C4_1_forte_normal.mp3,trumpet,brass,2.4034,44100,C4,60,forte,normal,1,0
trumpet/C4/trumpet_C4_1_fortissimo_normal.mp3,trumpet,brass,2.4556,44100,C4,60,fortissimo,normal,1,0
trumpet/C4/trumpet_C4_1_pianissimo_normal.mp3,trumpet,brass,1.4629,44100,C4,60,pianissimo,normal,1,0
trumpet/C4/trumpet_C4_phrase_crescendo_normal.mp3,trumpet,brass,10.1356,44100,C4,60,crescendo,normal,1,1
trumpet/C5/trumpet_C5_025_forte_normal.mp3,trumpet,brass,0.8621,44100,C5,72,forte,normal,1,0
trumpet/C5/trumpet_C5_025_fortissimo_normal.mp3,trumpet,brass,0.836,44100,C5,72,fortissimo,normal,1,0
trumpet/C5/trumpet_C5_025_pianissimo_normal.mp3,trumpet,brass,0.8099,44100,C5,72,pianissimo,normal,1,0
trumpet/C5/trumpet_C5_05_forte_normal.mp3,trumpet,brass,1.0711,44100,C5,72,forte,normal,1,0
trumpet/C5/trumpet_C5_05_fortissimo_normal.mp3,trumpet,brass,0.9928,44100,C5,72,fortissimo,normal,1,0
trumpet/C5/trumpet_C5_05_pianissimo_normal.mp3,trumpet,brass,1.1756,44100,C5,72,pianissimo,normal,1,0
trumpet/C5/trumpet_C5_15_forte_normal.mp3,trumpet,brass,2.7168,44100,C5,72,forte,normal,1,0
trumpet/C5/trumpet_C5_15_fortissimo_normal.mp3,trumpet,brass,2.769,44100,C5,72,fortissimo,normal,1,0
trumpet/C5/trumpet_C5_15_pianissimo_normal.mp3,trumpet,brass,2.3511,44100,C5,72,pianissimo,normal,1,0
trumpet/C5/trumpet_C5_1_forte_normal.mp3,trumpet,brass,1.28,44100,C5,72,forte,normal,1,0
trumpet/C5/trumpet_C5_1_fortissimo_normal.mp3,trumpet,brass,1.1234,44100,C5,72,fortissimo,normal,1,0
trumpet/C5/trumpet_C5_1_pianissimo_normal.mp3,trumpet,brass,1.4106,44100,C5,72,pianissimo,normal,1,0
trumpet/C5/trumpet_C5_long_forte_normal.mp3,trumpet,brass,1.7764,44100,C5,72,forte,normal,1,0
trumpet/C5/trumpet_C5_long_mezzo-piano_normal.mp3,trumpet,brass,1.0711,44100,C5,72,mezzo-piano,normal,1,0
trumpet/C5/trumpet_C5_long_piano_normal.mp3,trumpet,brass,1.6196,44100,C5,72,piano,normal,1,0
trumpet/C5/trumpet_C5_phrase_crescendo_normal.mp3,trumpet,brass,10.8409,44100,C5,72,crescendo,normal,1,1
trumpet/C5/trumpet_C5_very-long_fortissimo_normal.mp3,trumpet,brass,2.1944,44100,C5,72,fortissimo,normal,1,0
trumpet/C6/trumpet_C6_025_forte_normal.mp3,trumpet,brass,0.6793,44100,C6,84,forte,normal,1,0
trumpet/C6/trumpet_C6_025_mezzo-forte_normal.mp3,trumpet,brass,0.7315,44100,C6,84,mezzo-forte,normal,1,0
trumpet/C6/trumpet_C6_05_forte_normal.mp3,trumpet,brass,1.0711,44100,C6,84,forte,normal,1,0
trumpet/C6/trumpet_C6_05_mezzo-forte_normal.mp3,trumpet,brass,1.2279,44100,C6,84,mezzo-forte,normal,1,0
trumpet/C6/trumpet_C6_15_forte_normal.mp3,trumpet,brass,2.4556,44100,C6,84,forte,normal,1,0
trumpet/C6/trumpet_C6_15_pianissimo_normal.mp3,trumpet,brass,2.7168,44100,C6,84,pianissimo,normal,1,0
trumpet/C6/trumpet_C6_1_forte_normal.mp3,trumpet,brass,2.1944,44100,C6,84,forte,normal,1,0
trumpet/C6/trumpet_C6_1_pianissimo_normal.mp3,trumpet,brass,1.4106,44100,C6,84,pianissimo,normal,1,0
trumpet/C6/trumpet_C6_phrase_cresc-decresc_normal.mp3,trumpet,brass,11.1805,44100,C6,84,cresc-decresc,normal,1,1
trumpet/C6/trumpet_C6_very-long_fortissimo_normal.mp3,trumpet,brass,1.2018,44100,C6,84,fortissimo,normal,1,0
trumpet/Cs3/trumpet_Cs3_long_pianissimo_normal.mp3,trumpet,brass,2.4556,44100,Cs3,49,pianissimo,normal,1,0
trumpet/Cs4/trumpet_Cs4_025_forte_normal.mp3,trumpet,brass,0.7576,44100,Cs4,61,forte,normal,1,0
trumpet/Cs4/trumpet_Cs4_025_fortissimo_normal.mp3,trumpet,brass,0.7315,44100,Cs4,61,fortissimo,normal,1,0
trumpet/Cs4/trumpet_Cs4_025_pianissimo_normal.mp3,trumpet,brass,0.6793,44100,Cs4,61,pianissimo,normal,1,0
trumpet/Cs4/trumpet_Cs4_05_forte_normal.mp3,trumpet,brass,0.8882,44100,Cs4,61,forte,normal,1,0
trumpet/Cs4/trumpet_Cs4_05_fortissimo_normal.mp3,trumpet,brass,1.1495,44100,Cs4,61,fortissimo,normal,1,0
trumpet/Cs4/trumpet_Cs4_05_pianissimo_normal.mp3,trumpet,brass,1.0711,44100,Cs4,61,pianissimo,normal,1,0
trumpet/Cs4/trumpet_Cs4_15_forte_normal.mp3,trumpet,brass,2.2989,44100,Cs4,61,forte,normal,1,0
trumpet/Cs4/trumpet_Cs4_15_pianissimo_normal.mp3,trumpet,brass,2.325,44100,Cs4,61,pianissimo,normal,1,0
trumpet/Cs4/trumpet_Cs4_1_forte_normal.mp3,trumpet,brass,1.045,44100,Cs4,61,forte,normal,1,0
trumpet/Cs4/trumpet_Cs4_1_fortissimo_normal.mp3,trumpet,brass,2.5861,44100,Cs4,61,fortissimo,normal,1,0
trumpet/Cs4/trumpet_Cs4_1_pianissimo_normal.mp3,trumpet,brass,1.3322,44100,Cs4,61,pianissimo,normal,1,0
trumpet/Cs5/trumpet_Cs5_025_forte_normal.mp3,trumpet,brass,0.7576,44100,Cs5,73,forte,normal,1,0
trumpet/Cs5/trumpet_Cs5_025_fortissimo_normal.mp3,trumpet,brass,0.7054,44100,Cs5,73,fortissimo,normal,1,0
trumpet/Cs5/trumpet_Cs5_025_pianissimo_normal.mp3,trumpet,brass,0.7315,44100,Cs5,73,pianissimo,normal,1,0
trumpet/Cs5/trumpet_Cs5_05_forte_normal.mp3,trumpet,brass,1.045,44100,Cs5,73,forte,normal,1,0
trumpet/Cs5/trumpet_Cs5_05_fortissimo_normal.mp3,trumpet,brass,1.1234,44100,Cs5,73,fortissimo,normal,1,0
trumpet/Cs5/trumpet_Cs5_05_pianissimo_normal.mp3,trumpet,brass,1.1234,44100,Cs5,73,pianissimo,normal,1,0
trumpet/Cs5/trumpet_Cs5_15_forte_normal.mp3,trumpet,brass,2.5339,44100,Cs5,73,forte,normal,1,0
trumpet/Cs5/trumpet_Cs5_15_fortissimo_normal.mp3,trumpet,brass,2.6122,44100,Cs5,73,fortissimo,normal,1,0
trumpet/Cs5/trumpet_Cs5_15_pianissimo_normal.mp3,trumpet,brass,2.4556,44100,Cs5,73,pianissimo,normal,1,0
trumpet/Cs5/trumpet_Cs5_1_forte_normal.mp3,trumpet,brass,1.2018,44100,Cs5,73,forte,normal,1,0
trumpet/Cs5/trumpet_Cs5_1_pianissimo_normal.mp3,trumpet,brass,1.3584,44100,Cs5,73,pianissimo,normal,1,0
trumpet/Cs5/trumpet_Cs5_long_pianissimo_normal.mp3,trumpet,brass,1.9592,44100,Cs5,73,pianissimo,normal,1,0
trumpet/Cs5/trumpet_Cs5_long_piano_normal.mp3,trumpet,brass,1.6719,44100,Cs5,73,piano,normal,1,0
trumpet/Cs5/trumpet_Cs5_very-long_fortissimo_normal.mp3,trumpet,brass,2.116,44100,Cs5,73,fortissimo,normal,1,0
trumpet/Cs6/trumpet_Cs6_025_forte_normal.mp3,trumpet,brass,0.627,44100,Cs6,85,forte,normal,1,0
trumpet/Cs6/trumpet_Cs6_025_mezzo-forte_normal.mp3,trumpet,brass,0.6531,44100,Cs6,85,mezzo-forte,normal,1,0
trumpet/Cs6/trumpet_Cs6_05_forte_normal.mp3,trumpet,brass,1.0973,44100,Cs6,85,forte,normal,1,0
trumpet/Cs6/trumpet_Cs6_05_mezzo-forte_normal.mp3,trumpet,brass,1.1234,44100,Cs6,85,mezzo-forte,normal,1,0
trumpet/Cs6/trumpet_Cs6_15_forte_normal.mp3,trumpet,brass,1.28,44100,Cs6,85,forte,normal,1,0
trumpet/Cs6/trumpet_Cs6_15_mezzo-forte_normal.mp3,trumpet,brass,2.6384,44100,Cs6,85,mezzo-forte,normal,1,0
trumpet/Cs6/trumpet_Cs6_1_forte_normal.mp3,trumpet,brass,2.1421,44100,Cs6,85,forte,normal,1,0
trumpet/Cs6/trumpet_Cs6_1_mezzo-forte_normal.mp3,trumpet,brass,1.3584,44100,Cs6,85,mezzo-forte,normal,1,0
trumpet/Cs6/trumpet_Cs6_very-long_fortissimo_normal.mp3,trumpet,brass,1.907,44100,Cs6,85,fortissimo,normal,1,0
trumpet/D4/trumpet_D4_025_forte_normal.mp3,trumpet,brass,0.7837,44100,D4,62,forte,normal,1,0
trumpet/D4/trumpet_D4_025_fortissimo_normal.mp3,trumpet,brass,0.7315,44100,D4,62,fortissimo,normal,1,0
trumpet/D4/trumpet_D4_025_pianissimo_normal.mp3,trumpet,brass,0.7054,44100,D4,62,pianissimo,normal,1,0
trumpet/D4/trumpet_D4_05_forte_normal.mp3,trumpet,brass,0.9928,44100,D4,62,forte,normal,1,0
trumpet/D4/trumpet_D4_05_fortissimo_normal.mp3,trumpet,brass,1.28,44100,D4,62,fortissimo,normal,1,0
trumpet/D4/trumpet_D4_05_pianissimo_normal.mp3,trumpet,brass,1.045,44100,D4,62,pianissimo,normal,1,0
trumpet/D4/trumpet_D4_15_pianissimo_normal.mp3,trumpet,brass,2.56,44100,D4,62,pianissimo,normal,1,0
trumpet/D4/trumpet_D4_1_forte_normal.mp3,trumpet,brass,2.2989,44100,D4,62,forte,normal,1,0
trumpet/D4/trumpet_D4_1_fortissimo_normal.mp3,trumpet,brass,2.4556,44100,D4,62,fortissimo,normal,1,0
trumpet/D4/trumpet_D4_1_pianissimo_normal.mp3,trumpet,brass,1.6196,44100,D4,62,pianissimo,normal,1,0
trumpet/D4/trumpet_D4_long_forte_normal.mp3,trumpet,brass,1.9331,44100,D4,62,forte,normal,1,0
trumpet/D4/trumpet_D4_long_mezzo-piano_normal.mp3,trumpet,brass,1.489,44100,D4,62,mezzo-piano,normal,1,0
trumpet/D4/trumpet_D4_long_pianissimo_normal.mp3,trumpet,brass,1.8286,44100,D4,62,pianissimo,normal,1,0
trumpet/D4/trumpet_D4_long_piano_normal.mp3,trumpet,brass,1.9331,44100,D4,62,piano,normal,1,0
trumpet/D5/trumpet_D5_025_forte_normal.mp3,trumpet,brass,0.7837,44100,D5,74,forte,normal,1,0
trumpet/D5/trumpet_D5_025_fortissimo_normal.mp3,trumpet,brass,0.8099,44100,D5,74,fortissimo,normal,1,0
trumpet/D5/trumpet_D5_025_pianissimo_normal.mp3,trumpet,brass,0.7576,44100,D5,74,pianissimo,normal,1,0
trumpet/D5/trumpet_D5_05_forte_normal.mp3,trumpet,brass,0.8099,44100,D5,74,forte,normal,1,0
trumpet/D5/trumpet_D5_05_fortissimo_normal.mp3,trumpet,brass,0.9666,44100,D5,74,fortissimo,normal,1,0
trumpet/D5/trumpet_D5_05_pianissimo_normal.mp3,trumpet,brass,1.0973,44100,D5,74,pianissimo,normal,1,0
trumpet/D5/trumpet_D5_15_forte_normal.mp3,trumpet,brass,2.5339,44100,D5,74,forte,normal,1,0
trumpet/D5/trumpet_D5_15_fortissimo_normal.mp3,trumpet,brass,2.8213,44100,D5,74,fortissimo,normal,1,0
trumpet/D5/trumpet_D5_15_pianissimo_normal.mp3,trumpet,brass,2.7429,44100,D5,74,pianissimo,normal,1,0
trumpet/D5/trumpet_D5_1_forte_normal.mp3,trumpet,brass,1.2018,44100,D5,74,forte,normal,1,0
trumpet/D5/trumpet_D5_1_fortissimo_normal.mp3,trumpet,brass,1.2279,44100,D5,74,fortissimo,normal,1,0
trumpet/D5/trumpet_D5_1_pianissimo_normal.mp3,trumpet,brass,1.3061,44100,D5,74,pianissimo,normal,1,0
trumpet/D5/trumpet_D5_long_mezzo-piano_normal.mp3,trumpet,brass,0.5225,44100,D5,74,mezzo-piano,normal,1,0
trumpet/D5/trumpet_D5_very-long_fortissimo_normal.mp3,trumpet,brass,1.9854,44100,D5,74,fortissimo,normal,1,0
trumpet/D6/trumpet_D6_025_forte_normal.mp3,trumpet,brass,0.6531,44100,D6,86,forte,normal,1,0
trumpet/D6/trumpet_D6_025_mezzo-forte_normal.mp3,trumpet,brass,1.3584,44100,D6,86,mezzo-forte,normal,1,0
trumpet/D6/trumpet_D6_05_forte_normal.mp3,trumpet,brass,1.0711,44100,D6,86,forte,normal,1,0
trumpet/D6/trumpet_D6_05_mezzo-forte_normal.mp3,trumpet,brass,2.8474,44100,D6,86,mezzo-forte,normal,1,0
trumpet/D6/trumpet_D6_05_pianissimo_normal.mp3,trumpet,brass,0.7576,44100,D6,86,pianissimo,normal,1,0
trumpet/D6/trumpet_D6_15_forte_normal.mp3,trumpet,brass,1.2539,44100,D6,86,forte,normal,1,0
trumpet/D6/trumpet_D6_1_forte_normal.mp3,trumpet,brass,2.5861,44100,D6,86,forte,normal,1,0
trumpet/D6/trumpet_D6_1_pianissimo_normal.mp3,trumpet,brass,1.1234,44100,D6,86,pianissimo,normal,1,0
trumpet/D6/trumpet_D6_long_forte_normal.mp3,trumpet,brass,1.907,44100,D6,86,forte,normal,1,0
trumpet/D6/trumpet_D6_long_mezzo-piano_normal.mp3,trumpet,brass,1.698,44100,D6,86,mezzo-piano,normal,1,0
trumpet/D6/trumpet_D6_long_pianissimo_normal.mp3,trumpet,brass,2.4556,44100,D6,86,pianissimo,normal,1,0
trumpet/D6/trumpet_D6_long_piano_normal.mp3,trumpet,brass,1.7764,44100,D6,86,piano,normal,1,0
trumpet/Ds3/trumpet_Ds3_long_forte_normal.mp3,trumpet,brass,1.5674,44100,Ds3,51,forte,normal,1,0
trumpet/Ds3/trumpet_Ds3_phrase_cresc-decresc_normal.mp3,trumpet,brass,8.098,44100,Ds3,51,cresc-decresc,normal,1,1
trumpet/Ds4/trumpet_Ds4_025_forte_normal.mp3,trumpet,brass,0.7315,44100,Ds4,63,forte,normal,1,0
trumpet/Ds4/trumpet_Ds4_025_fortissimo_normal.mp3,trumpet,brass,0.7054,44100,Ds4,63,fortissimo,normal,1,0
trumpet/Ds4/trumpet_Ds4_025_pianissimo_normal.mp3,trumpet,brass,0.6793,44100,Ds4,63,pianissimo,normal,1,0
trumpet/Ds4/trumpet_Ds4_05_forte_normal.mp3,trumpet,brass,0.8621,44100,Ds4,63,forte,normal,1,0
trumpet/Ds4/trumpet_Ds4_05_fortissimo_normal.mp3,trumpet,brass,1.3061,44100,Ds4,63,fortissimo,normal,1,0
trumpet/Ds4/trumpet_Ds4_05_pianissimo_normal.mp3,trumpet,brass,0.9928,44100,Ds4,63,pianissimo,normal,1,0
trumpet/Ds4/trumpet_Ds4_15_forte_normal.mp3,trumpet,brass,2.4556,44100,Ds4,63,forte,normal,1,0
trumpet/Ds4/trumpet_Ds4_15_pianissimo_normal.mp3,trumpet,brass,2.56,44100,Ds4,63,pianissimo,normal,1,0
trumpet/Ds4/trumpet_Ds4_1_forte_normal.mp3,trumpet,brass,1.2279,44100,Ds4,63,forte,normal,1,0
trumpet/Ds4/trumpet_Ds4_1_fortissimo_normal.mp3,trumpet,brass,2.5861,44100,Ds4,63,fortissimo,normal,1,0
trumpet/Ds4/trumpet_Ds4_1_pianissimo_normal.mp3,trumpet,brass,1.5935,44100,Ds4,63,pianissimo,normal,1,0
trumpet/Ds5/trumpet_Ds5_025_forte_normal.mp3,trumpet,brass,0.7837,44100,Ds5,75,forte,normal,1,0
trumpet/Ds5/trumpet_Ds5_025_fortissimo_normal.mp3,trumpet,brass,0.7054,44100,Ds5,75,fortissimo,normal,1,0
trumpet/Ds5/trumpet_Ds5_025_pianissimo_normal.mp3,trumpet,brass,0.8099,44100,Ds5,75,pianissimo,normal,1,0
trumpet/Ds5/trumpet_Ds5_05_forte_normal.mp3,trumpet,brass,0.8621,44100,Ds5,75,forte,normal,1,0
trumpet/Ds5/trumpet_Ds5_05_fortissimo_normal.mp3,trumpet,brass,1.2539,44100,Ds5,75,fortissimo,normal,1,0
trumpet/Ds5/trumpet_Ds5_05_pianissimo_normal.mp3,trumpet,brass,1.2279,44100,Ds5,75,pianissimo,normal,1,0
trumpet/Ds5/trumpet_Ds5_15_forte_normal.mp3,trumpet,brass,2.56,44100,Ds5,75,forte,normal,1,0
trumpet/Ds5/trumpet_Ds5_15_fortissimo_normal.mp3,trumpet,brass,2.4817,44100,Ds5,75,fortissimo,normal,1,0
trumpet/Ds5/trumpet_Ds5_15_pianissimo_normal.mp3,trumpet,brass,2.56,44100,Ds5,75,pianissimo,normal,1,0
trumpet/Ds5/trumpet_Ds5_1_forte_normal.mp3,trumpet,brass,1.1756,44100,Ds5,75,forte,normal,1,0
trumpet/Ds5/trumpet_Ds5_1_pianissimo_normal.mp3,trumpet,brass,1.489,44100,Ds5,75,pianissimo,normal,1,0
trumpet/Ds5/trumpet_Ds5_long_forte_normal.mp3,trumpet,brass,1.6719,44100,Ds5,75,forte,normal,1,0
trumpet/Ds5/trumpet_Ds5_long_mezzo-forte_normal.mp3,trumpet,brass,1.3584,44100,Ds5,75,mezzo-forte,normal,1,0
trumpet/Ds5/trumpet_Ds5_long_pianissimo_normal.mp3,trumpet,brass,1.7241,44100,Ds5,75,pianissimo,normal,1,0
trumpet/Ds5/trumpet_Ds5_long_piano_normal.mp3,trumpet,brass,1.4367,44100,Ds5,75,piano,normal,1,0
trumpet/Ds5/trumpet_Ds5_very-long_fortissimo_normal.mp3,trumpet,brass,1.5935,44100,Ds5,75,fortissimo,normal,1,0
trumpet/Ds6/trumpet_Ds6_025_forte_normal.mp3,trumpet,brass,0.6531,44100,Ds6,87,forte,normal,1,0
trumpet/Ds6/trumpet_Ds6_05_forte_normal.mp3,trumpet,brass,1.0189,44100,Ds6,87,forte,normal,1,0
trumpet/Ds6/trumpet_Ds6_15_forte_normal.mp3,trumpet,brass,2.4556,44100,Ds6,87,forte,normal,1,0
trumpet/Ds6/trumpet_Ds6_1_forte_normal.mp3,trumpet,brass,1.1234,44100,Ds6,87,forte,normal,1,0
trumpet/E2/trumpet_E2_long_pianissimo_normal.mp3,trumpet,brass,3.0825,44100,E2,40,pianissimo,normal,1,0
trumpet/E3/trumpet_E3_025_mezzo-forte_normal.mp3,trumpet,brass,0.6531,44100,E3,52,mezzo-forte,normal,1,0
trumpet/E3/trumpet_E3_025_pianissimo_normal.mp3,trumpet,brass,0.7315,44100,E3,52,pianissimo,normal,1,0
trumpet/E3/trumpet_E3_05_forte_normal.mp3,trumpet,brass,1.0711,44100,E3,52,forte,normal,1,0
trumpet/E3/trumpet_E3_05_fortissimo_normal.mp3,trumpet,brass,1.7241,44100,E3,52,fortissimo,normal,1,0
trumpet/E3/trumpet_E3_05_pianissimo_normal.mp3,trumpet,brass,1.045,44100,E3,52,pianissimo,normal,1,0
trumpet/E3/trumpet_E3_15_forte_normal.mp3,trumpet,brass,2.2989,44100,E3,52,forte,normal,1,0
trumpet/E3/trumpet_E3_15_pianissimo_normal.mp3,trumpet,brass,2.5079,44100,E3,52,pianissimo,normal,1,0
trumpet/E3/trumpet_E3_1_forte_normal.mp3,trumpet,brass,0.7315,44100,E3,52,forte,normal,1,0
trumpet/E3/trumpet_E3_1_fortissimo_normal.mp3,trumpet,brass,2.5861,44100,E3,52,fortissimo,normal,1,0
trumpet/E3/trumpet_E3_1_pianissimo_normal.mp3,trumpet,brass,1.6196,44100,E3,52,pianissimo,normal,1,0
trumpet/E3/trumpet_E3_phrase_cresc-decresc_normal.mp3,trumpet,brass,8.098,44100,E3,52,cresc-decresc,normal,1,1
trumpet/E4/trumpet_E4_025_forte_normal.mp3,trumpet,brass,0.7315,44100,E4,64,forte,normal,1,0
trumpet/E4/trumpet_E4_025_fortissimo_normal.mp3,trumpet,brass,0.8099,44100,E4,64,fortissimo,normal,1,0
trumpet/E4/trumpet_E4_025_pianissimo_normal.mp3,trumpet,brass,0.7054,44100,E4,64,pianissimo,normal,1,0
trumpet/E4/trumpet_E4_05_forte_normal.mp3,trumpet,brass,0.9144,44100,E4,64,forte,normal,1,0
trumpet/E4/trumpet_E4_05_fortissimo_normal.mp3,trumpet,brass,1.0189,44100,E4,64,fortissimo,normal,1,0
trumpet/E4/trumpet_E4_05_pianissimo_normal.mp3,trumpet,brass,1.1234,44100,E4,64,pianissimo,normal,1,0
trumpet/E4/trumpet_E4_15_forte_normal.mp3,trumpet,brass,2.325,44100,E4,64,forte,normal,1,0
trumpet/E4/trumpet_E4_15_fortissimo_normal.mp3,trumpet,brass,2.5339,44100,E4,64,fortissimo,normal,1,0
trumpet/E4/trumpet_E4_15_pianissimo_normal.mp3,trumpet,brass,2.4556,44100,E4,64,pianissimo,normal,1,0
trumpet/E4/trumpet_E4_1_forte_normal.mp3,trumpet,brass,1.1495,44100,E4,64,forte,normal,1,0
trumpet/E4/trumpet_E4_1_fortissimo_normal.mp3,trumpet,brass,1.3061,44100,E4,64,fortissimo,normal,1,0
trumpet/E4/trumpet_E4_1_pianissimo_normal.mp3,trumpet,brass,1.3845,44100,E4,64,pianissimo,normal,1,0
trumpet/E4/trumpet_E4_long_pianissimo_normal.mp3,trumpet,brass,1.6196,44100,E4,64,pianissimo,normal,1,0
trumpet/E4/trumpet_E4_phrase_cresc-decresc_normal.mp3,trumpet,brass,11.8596,44100,E4,64,cresc-decresc,normal,1,1
trumpet/E4/trumpet_E4_very-long_forte_normal.mp3,trumpet,brass,14.8115,44100,E4,64,forte,normal,1,0
trumpet/E5/trumpet_E5_025_forte_normal.mp3,trumpet,brass,0.7576,44100,E5,76,forte,normal,1,0
trumpet/E5/trumpet_E5_025_fortissimo_normal.mp3,trumpet,brass,0.6793,44100,E5,76,fortissimo,normal,1,0
trumpet/E5/trumpet_E5_025_pianissimo_normal.mp3,trumpet,brass,0.7576,44100,E5,76,pianissimo,normal,1,0
trumpet/E5/trumpet_E5_05_forte_normal.mp3,trumpet,brass,0.9666,44100,E5,76,forte,normal,1,0
trumpet/E5/trumpet_E5_05_fortissimo_normal.mp3,trumpet,brass,1.2018,44100,E5,76,fortissimo,normal,1,0
trumpet/E5/trumpet_E5_05_pianissimo_normal.mp3,trumpet,brass,1.045,44100,E5,76,pianissimo,normal,1,0
trumpet/E5/trumpet_E5_15_forte_normal.mp3,trumpet,brass,2.4556,44100,E5,76,forte,normal,1,0
trumpet/E5/trumpet_E5_15_pianissimo_normal.mp3,trumpet,brass,1.3061,44100,E5,76,pianissimo,normal,1,0
trumpet/E5/trumpet_E5_1_forte_normal.mp3,trumpet,brass,1.1756,44100,E5,76,forte,normal,1,0
trumpet/E5/trumpet_E5_1_fortissimo_normal.mp3,trumpet,brass,2.6384,44100,E5,76,fortissimo,normal,1,0
trumpet/E5/trumpet_E5_1_pianissimo_normal.mp3,trumpet,brass,1.5413,44100,E5,76,pianissimo,normal,1,0
trumpet/E5/trumpet_E5_phrase_crescendo_normal.mp3,trumpet,brass,10.9192,44100,E5,76,crescendo,normal,1,1
trumpet/E6/trumpet_E6_025_forte_normal.mp3,trumpet,brass,0.627,44100,E6,88,forte,normal,1,0
trumpet/E6/trumpet_E6_15_forte_normal.mp3,trumpet,brass,2.1421,44100,E6,88,forte,normal,1,0
trumpet/E6/trumpet_E6_1_forte_normal.mp3,trumpet,brass,0.9666,44100,E6,88,forte,normal,1,0
trumpet/F2/trumpet_F2_long_pianissimo_normal.mp3,trumpet,brass,2.9519,44100,F2,41,pianissimo,normal,1,0
trumpet/F2/trumpet_F2_very-long_pianissimo_normal.mp3,trumpet,brass,7.2882,44100,F2,41,pianissimo,normal,1,0
trumpet/F3/trumpet_F3_025_forte_normal.mp3,trumpet,brass,0.7054,44100,F3,53,forte,normal,1,0
trumpet/F3/trumpet_F3_025_pianissimo_normal.mp3,trumpet,brass,0.7315,44100,F3,53,pianissimo,normal,1,0
trumpet/F3/trumpet_F3_05_forte_normal.mp3,trumpet,brass,1.1756,44100,F3,53,forte,normal,1,0
trumpet/F3/trumpet_F3_05_pianissimo_normal.mp3,trumpet,brass,0.9666,44100,F3,53,pianissimo,normal,1,0
trumpet/F3/trumpet_F3_15_forte_normal.mp3,trumpet,brass,2.6122,44100,F3,53,forte,normal,1,0
trumpet/F3/trumpet_F3_15_fortissimo_normal.mp3,trumpet,brass,2.6122,44100,F3,53,fortissimo,normal,1,0
trumpet/F3/trumpet_F3_15_pianissimo_normal.mp3,trumpet,brass,2.2989,44100,F3,53,pianissimo,normal,1,0
trumpet/F3/trumpet_F3_1_forte_normal.mp3,trumpet,brass,0.8099,44100,F3,53,forte,normal,1,0
trumpet/F3/trumpet_F3_1_fortissimo_normal.mp3,trumpet,brass,1.3322,44100,F3,53,fortissimo,normal,1,0
trumpet/F3/trumpet_F3_1_pianissimo_normal.mp3,trumpet,brass,1.4629,44100,F3,53,pianissimo,normal,1,0
trumpet/F4/trumpet_F4_025_fortissimo_normal.mp3,trumpet,brass,0.8099,44100,F4,65,fortissimo,normal,1,0
trumpet/F4/trumpet_F4_025_pianissimo_normal.mp3,trumpet,brass,0.7054,44100,F4,65,pianissimo,normal,1,0
trumpet/F4/trumpet_F4_05_forte_normal.mp3,trumpet,brass,1.1234,44100,F4,65,forte,normal,1,0
trumpet/F4/trumpet_F4_05_fortissimo_normal.mp3,trumpet,brass,1.0189,44100,F4,65,fortissimo,normal,1,0
trumpet/F4/trumpet_F4_05_pianissimo_normal.mp3,trumpet,brass,1.1495,44100,F4,65,pianissimo,normal,1,0
trumpet/F4/trumpet_F4_15_fortissimo_normal.mp3,trumpet,brass,2.6122,44100,F4,65,fortissimo,normal,1,0
trumpet/F4/trumpet_F4_15_pianissimo_normal.mp3,trumpet,brass,2.769,44100,F4,65,pianissimo,normal,1,0
trumpet/F4/trumpet_F4_1_forte_normal.mp3,trumpet,brass,2.4556,44100,F4,65,forte,normal,1,0
trumpet/F4/trumpet_F4_1_fortissimo_normal.mp3,trumpet,brass,1.3322,44100,F4,65,fortissimo,normal,1,0
trumpet/F4/trumpet_F4_1_pianissimo_normal.mp3,trumpet,brass,1.5674,44100,F4,65,pianissimo,normal,1,0
trumpet/F4/trumpet_F4_long_forte_normal.mp3,trumpet,brass,1.7503,44100,F4,65,forte,normal,1,0
trumpet/F4/trumpet_F4_long_mezzo-piano_normal.mp3,trumpet,brass,1.2018,44100,F4,65,mezzo-piano,normal,1,0
trumpet/F4/trumpet_F4_long_piano_normal.mp3,trumpet,brass,1.5935,44100,F4,65,piano,normal,1,0
trumpet/F4/trumpet_F4_phrase_cresc-decresc_normal.mp3,trumpet,brass,11.3895,44100,F4,65,cresc-decresc,normal,1,1
trumpet/F5/trumpet_F5_025_forte_normal.mp3,trumpet,brass,0.7315,44100,F5,77,forte,normal,1,0
trumpet/F5/trumpet_F5_025_fortissimo_normal.mp3,trumpet,brass,0.7837,44100,F5,77,fortissimo,normal,1,0
trumpet/F5/trumpet_F5_025_pianissimo_normal.mp3,trumpet,brass,0.7576,44100,F5,77,pianissimo,normal,1,0
trumpet/F5/trumpet_F5_05_forte_normal.mp3,trumpet,brass,0.9666,44100,F5,77,forte,normal,1,0
trumpet/F5/trumpet_F5_05_fortissimo_normal.mp3,trumpet,brass,1.0189,44100,F5,77,fortissimo,normal,1,0
trumpet/F5/trumpet_F5_05_pianissimo_normal.mp3,trumpet,brass,1.045,44100,F5,77,pianissimo,normal,1,0
trumpet/F5/trumpet_F5_15_forte_normal.mp3,trumpet,brass,2.3773,44100,F5,77,forte,normal,1,0
trumpet/F5/trumpet_F5_15_fortissimo_normal.mp3,trumpet,brass,3.0564,44100,F5,77,fortissimo,normal,1,0
trumpet/F5/trumpet_F5_15_pianissimo_normal.mp3,trumpet,brass,2.6122,44100,F5,77,pianissimo,normal,1,0
trumpet/F5/trumpet_F5_1_forte_normal.mp3,trumpet,brass,1.0711,44100,F5,77,forte,normal,1,0
trumpet/F5/trumpet_F5_1_fortissimo_normal.mp3,trumpet,brass,1.1756,44100,F5,77,fortissimo,normal,1,0
trumpet/F5/trumpet_F5_1_pianissimo_normal.mp3,trumpet,brass,1.3845,44100,F5,77,pianissimo,normal,1,0
trumpet/F5/trumpet_F5_long_mezzo-piano_normal.mp3,trumpet,brass,0.6009,44100,F5,77,mezzo-piano,normal,1,0
trumpet/F5/trumpet_F5_phrase_cresc-decresc_normal.mp3,trumpet,brass,11.1282,44100,F5,77,cresc-decresc,normal,1,1
trumpet/F5/trumpet_F5_phrase_crescendo_normal.mp3,trumpet,brass,11.076,44100,F5,77,crescendo,normal,1,1
trumpet/F5/trumpet_F5_very-long_fortissimo_normal.mp3,trumpet,brass,1.7764,44100,F5,77,fortissimo,normal,1,0
trumpet/Fs2/trumpet_Fs2_long_pianissimo_normal.mp3,trumpet,brass,3.2393,44100,Fs2,42,pianissimo,normal,1,0
trumpet/Fs4/trumpet_Fs4_025_pianissimo_normal.mp3,trumpet,brass,0.7315,44100,Fs4,66,pianissimo,normal,1,0
trumpet/Fs4/trumpet_Fs4_05_pianissimo_normal.mp3,trumpet,brass,1.2018,44100,Fs4,66,pianissimo,normal,1,0
trumpet/Fs4/trumpet_Fs4_15_pianissimo_normal.mp3,trumpet,brass,2.6122,44100,Fs4,66,pianissimo,normal,1,0
trumpet/Fs4/trumpet_Fs4_1_pianissimo_normal.mp3,trumpet,brass,1.5413,44100,Fs4,66,pianissimo,normal,1,0
trumpet/Fs4/trumpet_Fs4_long_piano_normal.mp3,trumpet,brass,1.5413,44100,Fs4,66,piano,normal,1,0
trumpet/Fs5/trumpet_Fs5_very-long_fortissimo_normal.mp3,trumpet,brass,1.7764,44100,Fs5,78,fortissimo,normal,1,0
trumpet/Fs5/trumpet_Fs5_very-long_piano_normal.mp3,trumpet,brass,34.0376,44100,Fs5,78,piano,normal,1,0
trumpet/G2/trumpet_G2_long_pianissimo_normal.mp3,trumpet,brass,3.2131,44100,G2,43,pianissimo,normal,1,0
trumpet/G3/trumpet_G3_025_forte_normal.mp3,trumpet,brass,0.7576,44100,G3,55,forte,normal,1,0
trumpet/G3/trumpet_G3_025_fortissimo_normal.mp3,trumpet,brass,0.8099,44100,G3,55,fortissimo,normal,1,0
trumpet/G3/trumpet_G3_025_pianissimo_normal.mp3,trumpet,brass,0.7054,44100,G3,55,pianissimo,normal,1,0
trumpet/G3/trumpet_G3_05_forte_normal.mp3,trumpet,brass,1.0973,44100,G3,55,forte,normal,1,0
trumpet/G3/trumpet_G3_05_fortissimo_normal.mp3,trumpet,brass,1.045,44100,G3,55,fortissimo,normal,1,0
trumpet/G3/trumpet_G3_05_pianissimo_normal.mp3,trumpet,brass,0.9144,44100,G3,55,pianissimo,normal,1,0
trumpet/G3/trumpet_G3_15_forte_normal.mp3,trumpet,brass,2.4556,44100,G3,55,forte,normal,1,0
trumpet/G3/trumpet_G3_15_fortissimo_normal.mp3,trumpet,brass,2.5079,44100,G3,55,fortissimo,normal,1,0
trumpet/G3/trumpet_G3_15_pianissimo_normal.mp3,trumpet,brass,2.2727,44100,G3,55,pianissimo,normal,1,0
trumpet/G3/trumpet_G3_1_forte_normal.mp3,trumpet,brass,1.3584,44100,G3,55,forte,normal,1,0
trumpet/G3/trumpet_G3_1_fortissimo_normal.mp3,trumpet,brass,1.3845,44100,G3,55,fortissimo,normal,1,0
trumpet/G3/trumpet_G3_1_pianissimo_normal.mp3,trumpet,brass,1.6458,44100,G3,55,pianissimo,normal,1,0
trumpet/G3/trumpet_G3_long_mezzo-forte_normal.mp3,trumpet,brass,1.6458,44100,G3,55,mezzo-forte,normal,1,0
trumpet/G3/trumpet_G3_long_pianissimo_normal.mp3,trumpet,brass,1.1756,44100,G3,55,pianissimo,normal,1,0
trumpet/G3/trumpet_G3_long_piano_normal.mp3,trumpet,brass,1.5413,44100,G3,55,piano,normal,1,0
trumpet/G3/trumpet_G3_very-long_fortissimo_normal.mp3,trumpet,brass,2.0115,44100,G3,55,fortissimo,normal,1,0
trumpet/G4/trumpet_G4_025_forte_normal.mp3,trumpet,brass,0.6793,44100,G4,67,forte,normal,1,0
trumpet/G4/trumpet_G4_025_fortissimo_normal.mp3,trumpet,brass,0.8099,44100,G4,67,fortissimo,normal,1,0
trumpet/G4/trumpet_G4_025_pianissimo_normal.mp3,trumpet,brass,0.7315,44100,G4,67,pianissimo,normal,1,0
trumpet/G4/trumpet_G4_05_forte_normal.mp3,trumpet,brass,1.0189,44100,G4,67,forte,normal,1,0
trumpet/G4/trumpet_G4_05_fortissimo_normal.mp3,trumpet,brass,0.9666,44100,G4,67,fortissimo,normal,1,0
trumpet/G4/trumpet_G4_05_pianissimo_normal.mp3,trumpet,brass,1.28,44100,G4,67,pianissimo,normal,1,0
trumpet/G4/trumpet_G4_15_forte_normal.mp3,trumpet,brass,2.4817,44100,G4,67,forte,normal,1,0
trumpet/G4/trumpet_G4_15_fortissimo_normal.mp3,trumpet,brass,2.3773,44100,G4,67,fortissimo,normal,1,0
trumpet/G4/trumpet_G4_15_pianissimo_normal.mp3,trumpet,brass,2.56,44100,G4,67,pianissimo,normal,1,0
trumpet/G4/trumpet_G4_1_forte_normal.mp3,trumpet,brass,1.3845,44100,G4,67,forte,normal,1,0
trumpet/G4/trumpet_G4_1_fortissimo_normal.mp3,trumpet,brass,1.1495,44100,G4,67,fortissimo,normal,1,0
trumpet/G4/trumpet_G4_1_pianissimo_normal.mp3,trumpet,brass,1.7764,44100,G4,67,pianissimo,normal,1,0
trumpet/G5/trumpet_G5_025_forte_normal.mp3,trumpet,brass,0.7576,44100,G5,79,forte,normal,1,0
trumpet/G5/trumpet_G5_025_mezzo-forte_normal.mp3,trumpet,brass,0.6793,44100,G5,79,mezzo-forte,normal,1,0
trumpet/G5/trumpet_G5_025_pianissimo_normal.mp3,trumpet,brass,0.7576,44100,G5,79,pianissimo,normal,1,0
trumpet/G5/trumpet_G5_05_forte_normal.mp3,trumpet,brass,0.9928,44100,G5,79,forte,normal,1,0
trumpet/G5/trumpet_G5_05_mezzo-forte_normal.mp3,trumpet,brass,0.9928,44100,G5,79,mezzo-forte,normal,1,0
trumpet/G5/trumpet_G5_05_pianissimo_normal.mp3,trumpet,brass,1.1234,44100,G5,79,pianissimo,normal,1,0
trumpet/G5/trumpet_G5_15_forte_normal.mp3,trumpet,brass,2.3511,44100,G5,79,forte,normal,1,0
trumpet/G5/trumpet_G5_15_mezzo-forte_normal.mp3,trumpet,brass,2.56,44100,G5,79,mezzo-forte,normal,1,0
trumpet/G5/trumpet_G5_15_pianissimo_normal.mp3,trumpet,brass,2.4034,44100,G5,79,pianissimo,normal,1,0
trumpet/G5/trumpet_G5_1_forte_normal.mp3,trumpet,brass,1.2018,44100,G5,79,forte,normal,1,0
trumpet/G5/trumpet_G5_1_mezzo-forte_normal.mp3,trumpet,brass,1.1234,44100,G5,79,mezzo-forte,normal,1,0
trumpet/G5/trumpet_G5_1_pianissimo_normal.mp3,trumpet,brass,1.489,44100,G5,79,pianissimo,normal,1,0
trumpet/G5/trumpet_G5_long_forte_normal.mp3,trumpet,brass,1.489,44100,G5,79,forte,normal,1,0
trumpet/G5/trumpet_G5_long_mezzo-piano_normal.mp3,trumpet,brass,1.3584,44100,G5,79,mezzo-piano,normal,1,0
trumpet/G5/trumpet_G5_long_pianissimo_normal.mp3,trumpet,brass,1.7503,44100,G5,79,pianissimo,normal,1,0
trumpet/G5/trumpet_G5_long_piano_normal.mp3,trumpet,brass,1.489,44100,G5,79,piano,normal,1,0
trumpet/G5/trumpet_G5_very-long_fortissimo_normal.mp3,trumpet,brass,1.4106,44100,G5,79,fortissimo,normal,1,0
trumpet/Gs2/trumpet_Gs2_long_pianissimo_normal.mp3,trumpet,brass,3.2654,44100,Gs2,44,pianissimo,normal,1,0
trumpet/Gs3/trumpet_Gs3_025_forte_normal.mp3,trumpet,brass,0.7576,44100,Gs3,56,forte,normal,1,0
trumpet/Gs3/trumpet_Gs3_025_pianissimo_normal.mp3,trumpet,brass,0.7315,44100,Gs3,56,pianissimo,normal,1,0
trumpet/Gs3/trumpet_Gs3_05_forte_normal.mp3,trumpet,brass,1.0973,44100,Gs3,56,forte,normal,1,0
trumpet/Gs3/trumpet_Gs3_05_pianissimo_normal.mp3,trumpet,brass,1.0189,44100,Gs3,56,pianissimo,normal,1,0
trumpet/Gs3/trumpet_Gs3_15_forte_normal.mp3,trumpet,brass,2.5861,44100,Gs3,56,forte,normal,1,0
trumpet/Gs3/trumpet_Gs3_15_fortissimo_normal.mp3,trumpet,brass,2.6122,44100,Gs3,56,fortissimo,normal,1,0
trumpet/Gs3/trumpet_Gs3_15_pianissimo_normal.mp3,trumpet,brass,2.2727,44100,Gs3,56,pianissimo,normal,1,0
trumpet/Gs3/trumpet_Gs3_1_forte_normal.mp3,trumpet,brass,0.7315,44100,Gs3,56,forte,normal,1,0
trumpet/Gs3/trumpet_Gs3_1_fortissimo_normal.mp3,trumpet,brass,1.3584,44100,Gs3,56,fortissimo,normal,1,0
trumpet/Gs3/trumpet_Gs3_1_pianissimo_normal.mp3,trumpet,brass,1.3061,44100,Gs3,56,pianissimo,normal,1,0
trumpet/Gs3/trumpet_Gs3_phrase_cresc-decresc_normal.mp3,trumpet,brass,10.24,44100,Gs3,56,cresc-decresc,normal,1,1
trumpet/Gs4/trumpet_Gs4_025_forte_normal.mp3,trumpet,brass,0.7054,44100,Gs4,68,forte,normal,1,0
trumpet/Gs4/trumpet_Gs4_025_fortissimo_normal.mp3,trumpet,brass,0.7054,44100,Gs4,68,fortissimo,normal,1,0
trumpet/Gs4/trumpet_Gs4_025_pianissimo_normal.mp3,trumpet,brass,0.7315,44100,Gs4,68,pianissimo,normal,1,0
trumpet/Gs4/trumpet_Gs4_05_forte_normal.mp3,trumpet,brass,0.7837,44100,Gs4,68,forte,normal,1,0
trumpet/Gs4/trumpet_Gs4_05_fortissimo_normal.mp3,trumpet,brass,1.2539,44100,Gs4,68,fortissimo,normal,1,0
trumpet/Gs4/trumpet_Gs4_05_pianissimo_normal.mp3,trumpet,brass,1.1234,44100,Gs4,68,pianissimo,normal,1,0
trumpet/Gs4/trumpet_Gs4_15_fortissimo_normal.mp3,trumpet,brass,2.6122,44100,Gs4,68,fortissimo,normal,1,0
trumpet/Gs4/trumpet_Gs4_15_pianissimo_normal.mp3,trumpet,brass,2.6645,44100,Gs4,68,pianissimo,normal,1,0
trumpet/Gs4/trumpet_Gs4_1_forte_normal.mp3,trumpet,brass,2.4034,44100,Gs4,68,forte,normal,1,0
trumpet/Gs4/trumpet_Gs4_1_pianissimo_normal.mp3,trumpet,brass,1.5413,44100,Gs4,68,pianissimo,normal,1,0
trumpet/Gs4/trumpet_Gs4_phrase_cresc-decresc_normal.mp3,trumpet,brass,10.9454,44100,Gs4,68,cresc-decresc,normal,1,1
trumpet/Gs4/trumpet_Gs4_phrase_mezzo-forte_normal.mp3,trumpet,brass,11.2327,44100,Gs4,68,mezzo-forte,normal,1,1
trumpet/Gs5/trumpet_Gs5_025_forte_normal.mp3,trumpet,brass,0.6531,44100,Gs5,80,forte,normal,1,0
trumpet/Gs5/trumpet_Gs5_025_mezzo-forte_normal.mp3,trumpet,brass,0.6531,44100,Gs5,80,mezzo-forte,normal,1,0
trumpet/Gs5/trumpet_Gs5_025_pianissimo_normal.mp3,trumpet,brass,0.7837,44100,Gs5,80,pianissimo,normal,1,0
trumpet/Gs5/trumpet_Gs5_05_forte_normal.mp3,trumpet,brass,0.9666,44100,Gs5,80,forte,normal,1,0
trumpet/Gs5/trumpet_Gs5_05_mezzo-forte_normal.mp3,trumpet,brass,1.0711,44100,Gs5,80,mezzo-forte,normal,1,0
trumpet/Gs5/trumpet_Gs5_05_pianissimo_normal.mp3,trumpet,brass,1.045,44100,Gs5,80,pianissimo,normal,1,0
trumpet/Gs5/trumpet_Gs5_15_forte_normal.mp3,trumpet,brass,2.325,44100,Gs5,80,forte,normal,1,0
trumpet/Gs5/trumpet_Gs5_15_pianissimo_normal.mp3,trumpet,brass,2.7168,44100,Gs5,80,pianissimo,normal,1,0
trumpet/Gs5/trumpet_Gs5_1_forte_normal.mp3,trumpet,brass,2.3511,44100,Gs5,80,forte,normal,1,0
trumpet/Gs5/trumpet_Gs5_1_pianissimo_normal.mp3,trumpet,brass,1.2279,44100,Gs5,80,pianissimo,normal,1,0
trumpet/Gs5/trumpet_Gs5_phrase_crescendo_normal.mp3,trumpet,brass,11.3634,44100,Gs5,80,crescendo,normal,1,1
trumpet/Gs5/trumpet_Gs5_very-long_fortissimo_normal.mp3,trumpet,brass,1.7503,44100,Gs5,80,fortissimo,normal,1,0
tuba/A1/tuba_A1_025_forte_normal.mp3,tuba,brass,0.3396,44100,A1,33,forte,normal,1,0
tuba/A1/tuba_A1_025_fortissimo_normal.mp3,tuba,brass,0.3918,44100,A1,33,fortissimo,normal,1,0
tuba/A1/tuba_A1_025_mezzo-forte_normal.mp3,tuba,brass,0.3918,44100,A1,33,mezzo-forte,normal,1,0
tuba/A1/tuba_A1_025_pianissimo_normal.mp3,tuba,brass,0.4963,44100,A1,33,pianissimo,normal,1,0
tuba/A1/tuba_A1_05_forte_normal.mp3,tuba,brass,0.4963,44100,A1,33,forte,normal,1,0
tuba/A1/tuba_A1_05_fortissimo_normal.mp3,tuba,brass,0.5747,44100,A1,33,fortissimo,normal,1,0
tuba/A1/tuba_A1_05_mezzo-forte_normal.mp3,tuba,brass,0.7575,44100,A1,33,mezzo-forte,normal,1,0
tuba/A1/tuba_A1_05_mezzo-piano_normal.mp3,tuba,brass,0.6269,44100,A1,33,mezzo-piano,normal,1,0
tuba/A1/tuba_A1_05_pianissimo_normal.mp3,tuba,brass,0.5224,44100,A1,33,pianissimo,normal,1,0
tuba/A1/tuba_A1_05_piano_normal.mp3,tuba,brass,0.7575,44100,A1,33,piano,normal,1,0
tuba/A1/tuba_A1_15_fortissimo_normal.mp3,tuba,brass,1.0187,44100,A1,33,fortissimo,normal,1,0
tuba/A1/tuba_A1_15_pianissimo_normal.mp3,tuba,brass,1.0449,44100,A1,33,pianissimo,normal,1,0
tuba/A1/tuba_A1_1_forte_normal.mp3,tuba,brass,0.7575,44100,A1,33,forte,normal,1,0
tuba/A1/tuba_A1_1_fortissimo_normal.mp3,tuba,brass,0.7575,44100,A1,33,fortissimo,normal,1,0
tuba/A1/tuba_A1_1_mezzo-forte_normal.mp3,tuba,brass,0.9926,44100,A1,33,mezzo-forte,normal,1,0
tuba/A1/tuba_A1_1_mezzo-piano_normal.mp3,tuba,brass,0.9143,44100,A1,33,mezzo-piano,normal,1,0
tuba/A1/tuba_A1_1_pianissimo_normal.mp3,tuba,brass,0.6792,44100,A1,33,pianissimo,normal,1,0
tuba/A1/tuba_A1_1_piano_normal.mp3,tuba,brass,0.9926,44100,A1,33,piano,normal,1,0
tuba/A2/tuba_A2_025_forte_normal.mp3,tuba,brass,0.3918,44100,A2,45,forte,normal,1,0
tuba/A2/tuba_A2_025_fortissimo_normal.mp3,tuba,brass,0.3918,44100,A2,45,fortissimo,normal,1,0
tuba/A2/tuba_A2_025_mezzo-forte_normal.mp3,tuba,brass,0.4179,44100,A2,45,mezzo-forte,normal,1,0
tuba/A2/tuba_A2_025_mezzo-piano_normal.mp3,tuba,brass,0.3657,44100,A2,45,mezzo-piano,normal,1,0
tuba/A2/tuba_A2_025_pianissimo_normal.mp3,tuba,brass,0.3918,44100,A2,45,pianissimo,normal,1,0
tuba/A2/tuba_A2_05_forte_normal.mp3,tuba,brass,0.6269,44100,A2,45,forte,normal,1,0
tuba/A2/tuba_A2_05_fortissimo_normal.mp3,tuba,brass,0.5224,44100,A2,45,fortissimo,normal,1,0
tuba/A2/tuba_A2_05_mezzo-forte_normal.mp3,tuba,brass,0.653,44100,A2,45,mezzo-forte,normal,1,0
tuba/A2/tuba_A2_05_mezzo-piano_normal.mp3,tuba,brass,0.3918,44100,A2,45,mezzo-piano,normal,1,0
tuba/A2/tuba_A2_05_pianissimo_normal.mp3,tuba,brass,0.7314,44100,A2,45,pianissimo,normal,1,0
tuba/A2/tuba_A2_05_piano_normal.mp3,tuba,brass,0.7053,44100,A2,45,piano,normal,1,0
tuba/A2/tuba_A2_15_forte_normal.mp3,tuba,brass,0.862,44100,A2,45,forte,normal,1,0
tuba/A2/tuba_A2_15_fortissimo_normal.mp3,tuba,brass,1.071,44100,A2,45,fortissimo,normal,1,0
tuba/A2/tuba_A2_15_mezzo-forte_normal.mp3,tuba,brass,0.9404,44100,A2,45,mezzo-forte,normal,1,0
tuba/A2/tuba_A2_15_mezzo-piano_normal.mp3,tuba,brass,1.0187,44100,A2,45,mezzo-piano,normal,1,0
tuba/A2/tuba_A2_15_pianissimo_normal.mp3,tuba,brass,1.0971,44100,A2,45,pianissimo,normal,1,0
tuba/A2/tuba_A2_1_forte_normal.mp3,tuba,brass,0.6269,44100,A2,45,forte,normal,1,0
tuba/A2/tuba_A2_1_fortissimo_normal.mp3,tuba,brass,0.7575,44100,A2,45,fortissimo,normal,1,0
tuba/A2/tuba_A2_1_mezzo-forte_normal.mp3,tuba,brass,0.7836,44100,A2,45,mezzo-forte,normal,1,0
tuba/A2/tuba_A2_1_mezzo-piano_normal.mp3,tuba,brass,0.6008,44100,A2,45,mezzo-piano,normal,1,0
tuba/A2/tuba_A2_1_pianissimo_normal.mp3,tuba,brass,0.862,44100,A2,45,pianissimo,normal,1,0
tuba/A2/tuba_A2_1_piano_normal.mp3,tuba,brass,0.8881,44100,A2,45,piano,normal,1,0
tuba/A2/tuba_A2_very-long_cresc-decresc_normal.mp3,tuba,brass,8.5943,44100,A2,45,cresc-decresc,normal,1,0
tuba/A3/tuba_A3_025_forte_normal.mp3,tuba,brass,0.3918,44100,A3,57,forte,normal,1,0
tuba/A3/tuba_A3_025_fortissimo_normal.mp3,tuba,brass,0.4441,44100,A3,57,fortissimo,normal,1,0
tuba/A3/tuba_A3_025_mezzo-forte_normal.mp3,tuba,brass,0.3918,44100,A3,57,mezzo-forte,normal,1,0
tuba/A3/tuba_A3_025_mezzo-piano_normal.mp3,tuba,brass,0.4702,44100,A3,57,mezzo-piano,normal,1,0
tuba/A3/tuba_A3_025_pianissimo_normal.mp3,tuba,brass,0.3396,44100,A3,57,pianissimo,normal,1,0
tuba/A3/tuba_A3_025_piano_normal.mp3,tuba,brass,0.3134,44100,A3,57,piano,normal,1,0
tuba/A3/tuba_A3_05_forte_normal.mp3,tuba,brass,0.5747,44100,A3,57,forte,normal,1,0
tuba/A3/tuba_A3_05_fortissimo_normal.mp3,tuba,brass,0.6008,44100,A3,57,fortissimo,normal,1,0
tuba/A3/tuba_A3_05_mezzo-forte_normal.mp3,tuba,brass,0.5747,44100,A3,57,mezzo-forte,normal,1,0
tuba/A3/tuba_A3_05_mezzo-piano_normal.mp3,tuba,brass,0.5485,44100,A3,57,mezzo-piano,normal,1,0
tuba/A3/tuba_A3_05_pianissimo_normal.mp3,tuba,brass,0.4441,44100,A3,57,pianissimo,normal,1,0
tuba/A3/tuba_A3_05_piano_normal.mp3,tuba,brass,0.5224,44100,A3,57,piano,normal,1,0
tuba/A3/tuba_A3_15_forte_normal.mp3,tuba,brass,0.653,44100,A3,57,forte,normal,1,0
tuba/A3/tuba_A3_15_fortissimo_normal.mp3,tuba,brass,1.0971,44100,A3,57,fortissimo,normal,1,0
tuba/A3/tuba_A3_15_mezzo-forte_normal.mp3,tuba,brass,0.8881,44100,A3,57,mezzo-forte,normal,1,0
tuba/A3/tuba_A3_15_mezzo-piano_normal.mp3,tuba,brass,0.7575,44100,A3,57,mezzo-piano,normal,1,0
tuba/A3/tuba_A3_15_pianissimo_normal.mp3,tuba,brass,0.862,44100,A3,57,pianissimo,normal,1,0
tuba/A3/tuba_A3_15_piano_normal.mp3,tuba,brass,0.8881,44100,A3,57,piano,normal,1,0
tuba/A3/tuba_A3_1_forte_normal.mp3,tuba,brass,0.6008,44100,A3,57,forte,normal,1,0
tuba/A3/tuba_A3_1_fortissimo_normal.mp3,tuba,brass,0.653,44100,A3,57,fortissimo,normal,1,0
tuba/A3/tuba_A3_1_mezzo-forte_normal.mp3,tuba,brass,0.6008,44100,A3,57,mezzo-forte,normal,1,0
tuba/A3/tuba_A3_1_mezzo-piano_normal.mp3,tuba,brass,0.6008,44100,A3,57,mezzo-piano,normal,1,0
tuba/A3/tuba_A3_1_pianissimo_normal.mp3,tuba,brass,0.4963,44100,A3,57,pianissimo,normal,1,0
tuba/A3/tuba_A3_1_piano_normal.mp3,tuba,brass,0.5485,44100,A3,57,piano,normal,1,0
tuba/A3/tuba_A3_phrase_forte_normal.mp3,tuba,brass,3.8138,44100,A3,57,forte,normal,1,1
tuba/A3/tuba_A3_very-long_cresc-decresc_normal.mp3,tuba,brass,10.031,44100,A3,57,cresc-decresc,normal,1,0
tuba/As0/tuba_As0_long_forte_normal.mp3,tuba,brass,1.933,44100,As0,22,forte,normal,1,0
tuba/As0/tuba_As0_long_fortissimo_normal.mp3,tuba,brass,1.8547,44100,As0,22,fortissimo,normal,1,0
tuba/As0/tuba_As0_long_mezzo-forte_normal.mp3,tuba,brass,1.9069,44100,As0,22,mezzo-forte,normal,1,0
tuba/As0/tuba_As0_long_mezzo-piano_normal.mp3,tuba,brass,2.5077,44100,As0,22,mezzo-piano,normal,1,0
tuba/As0/tuba_As0_long_pianissimo_normal.mp3,tuba,brass,2.0114,44100,As0,22,pianissimo,normal,1,0
tuba/As1/tuba_As1_025_forte_normal.mp3,tuba,brass,0.3918,44100,As1,34,forte,normal,1,0
tuba/As1/tuba_As1_025_fortissimo_normal.mp3,tuba,brass,0.3918,44100,As1,34,fortissimo,normal,1,0
tuba/As1/tuba_As1_025_mezzo-forte_normal.mp3,tuba,brass,0.4179,44100,As1,34,mezzo-forte,normal,1,0
tuba/As1/tuba_As1_025_pianissimo_normal.mp3,tuba,brass,0.4441,44100,As1,34,pianissimo,normal,1,0
tuba/As1/tuba_As1_05_forte_normal.mp3,tuba,brass,0.4963,44100,As1,34,forte,normal,1,0
tuba/As1/tuba_As1_05_fortissimo_normal.mp3,tuba,brass,0.6008,44100,As1,34,fortissimo,normal,1,0
tuba/As1/tuba_As1_05_mezzo-forte_normal.mp3,tuba,brass,0.6269,44100,As1,34,mezzo-forte,normal,1,0
tuba/As1/tuba_As1_05_pianissimo_normal.mp3,tuba,brass,0.5485,44100,As1,34,pianissimo,normal,1,0
tuba/As1/tuba_As1_05_piano_normal.mp3,tuba,brass,0.6792,44100,As1,34,piano,normal,1,0
tuba/As1/tuba_As1_15_fortissimo_normal.mp3,tuba,brass,1.0971,44100,As1,34,fortissimo,normal,1,0
tuba/As1/tuba_As1_15_mezzo-piano_normal.mp3,tuba,brass,0.8881,44100,As1,34,mezzo-piano,normal,1,0
tuba/As1/tuba_As1_15_pianissimo_normal.mp3,tuba,brass,1.0187,44100,As1,34,pianissimo,normal,1,0
tuba/As1/tuba_As1_1_forte_normal.mp3,tuba,brass,1.2016,44100,As1,34,forte,normal,1,0
tuba/As1/tuba_As1_1_fortissimo_normal.mp3,tuba,brass,0.9404,44100,As1,34,fortissimo,normal,1,0
tuba/As1/tuba_As1_1_mezzo-forte_normal.mp3,tuba,brass,0.9665,44100,As1,34,mezzo-forte,normal,1,0
tuba/As1/tuba_As1_1_mezzo-piano_normal.mp3,tuba,brass,0.5747,44100,As1,34,mezzo-piano,normal,1,0
tuba/As1/tuba_As1_1_pianissimo_normal.mp3,tuba,brass,0.6792,44100,As1,34,pianissimo,normal,1,0
tuba/As1/tuba_As1_1_piano_normal.mp3,tuba,brass,1.0187,44100,As1,34,piano,normal,1,0
tuba/As1/tuba_As1_phrase_mezzo-piano_normal.mp3,tuba,brass,0.7314,44100,As1,34,mezzo-piano,normal,1,1
tuba/As2/tuba_As2_025_forte_normal.mp3,tuba,brass,0.3918,44100,As2,46,forte,normal,1,0
tuba/As2/tuba_As2_025_fortissimo_normal.mp3,tuba,brass,0.3918,44100,As2,46,fortissimo,normal,1,0
tuba/As2/tuba_As2_025_mezzo-piano_normal.mp3,tuba,brass,0.653,44100,As2,46,mezzo-piano,normal,1,0
tuba/As2/tuba_As2_025_pianissimo_normal.mp3,tuba,brass,0.4179,44100,As2,46,pianissimo,normal,1,0
tuba/As2/tuba_As2_05_forte_normal.mp3,tuba,brass,0.5224,44100,As2,46,forte,normal,1,0
tuba/As2/tuba_As2_05_fortissimo_normal.mp3,tuba,brass,0.6269,44100,As2,46,fortissimo,normal,1,0
tuba/As2/tuba_As2_05_mezzo-forte_normal.mp3,tuba,brass,0.3396,44100,As2,46,mezzo-forte,normal,1,0
tuba/As2/tuba_As2_05_mezzo-piano_normal.mp3,tuba,brass,0.4441,44100,As2,46,mezzo-piano,normal,1,0
tuba/As2/tuba_As2_05_pianissimo_normal.mp3,tuba,brass,0.7053,44100,As2,46,pianissimo,normal,1,0
tuba/As2/tuba_As2_05_piano_normal.mp3,tuba,brass,0.7053,44100,As2,46,piano,normal,1,0
tuba/As2/tuba_As2_15_forte_normal.mp3,tuba,brass,0.7836,44100,As2,46,forte,normal,1,0
tuba/As2/tuba_As2_15_fortissimo_normal.mp3,tuba,brass,0.9665,44100,As2,46,fortissimo,normal,1,0
tuba/As2/tuba_As2_15_mezzo-piano_normal.mp3,tuba,brass,0.9926,44100,As2,46,mezzo-piano,normal,1,0
tuba/As2/tuba_As2_15_pianissimo_normal.mp3,tuba,brass,1.0449,44100,As2,46,pianissimo,normal,1,0
tuba/As2/tuba_As2_1_forte_normal.mp3,tuba,brass,0.3657,44100,As2,46,forte,normal,1,0
tuba/As2/tuba_As2_1_fortissimo_normal.mp3,tuba,brass,0.7836,44100,As2,46,fortissimo,normal,1,0
tuba/As2/tuba_As2_1_mezzo-forte_normal.mp3,tuba,brass,0.9665,44100,As2,46,mezzo-forte,normal,1,0
tuba/As2/tuba_As2_1_mezzo-piano_normal.mp3,tuba,brass,0.5485,44100,As2,46,mezzo-piano,normal,1,0
tuba/As2/tuba_As2_1_pianissimo_normal.mp3,tuba,brass,0.862,44100,As2,46,pianissimo,normal,1,0
tuba/As2/tuba_As2_1_piano_normal.mp3,tuba,brass,1.0187,44100,As2,46,piano,normal,1,0
tuba/As3/tuba_As3_025_forte_normal.mp3,tuba,brass,0.5747,44100,As3,58,forte,normal,1,0
tuba/As3/tuba_As3_025_fortissimo_normal.mp3,tuba,brass,0.3918,44100,As3,58,fortissimo,normal,1,0
tuba/As3/tuba_As3_025_mezzo-forte_normal.mp3,tuba,brass,0.4441,44100,As3,58,mezzo-forte,normal,1,0
tuba/As3/tuba_As3_025_pianissimo_normal.mp3,tuba,brass,0.3134,44100,As3,58,pianissimo,normal,1,0
tuba/As3/tuba_As3_025_piano_normal.mp3,tuba,brass,0.4441,44100,As3,58,piano,normal,1,0
tuba/As3/tuba_As3_05_forte_normal.mp3,tuba,brass,0.7836,44100,As3,58,forte,normal,1,0
tuba/As3/tuba_As3_05_fortissimo_normal.mp3,tuba,brass,0.6792,44100,As3,58,fortissimo,normal,1,0
tuba/As3/tuba_As3_05_mezzo-forte_normal.mp3,tuba,brass,0.5224,44100,As3,58,mezzo-forte,normal,1,0
tuba/As3/tuba_As3_05_mezzo-piano_normal.mp3,tuba,brass,0.5485,44100,As3,58,mezzo-piano,normal,1,0
tuba/As3/tuba_As3_05_pianissimo_normal.mp3,tuba,brass,0.4441,44100,As3,58,pianissimo,normal,1,0
tuba/As3/tuba_As3_05_piano_normal.mp3,tuba,brass,0.5485,44100,As3,58,piano,normal,1,0
tuba/As3/tuba_As3_15_forte_normal.mp3,tuba,brass,0.7053,44100,As3,58,forte,normal,1,0
tuba/As3/tuba_As3_15_fortissimo_normal.mp3,tuba,brass,0.9926,44100,As3,58,fortissimo,normal,1,0
tuba/As3/tuba_As3_15_mezzo-forte_normal.mp3,tuba,brass,0.7575,44100,As3,58,mezzo-forte,normal,1,0
tuba/As3/tuba_As3_15_pianissimo_normal.mp3,tuba,brass,0.862,44100,As3,58,pianissimo,normal,1,0
tuba/As3/tuba_As3_15_piano_normal.mp3,tuba,brass,0.8881,44100,As3,58,piano,normal,1,0
tuba/As3/tuba_As3_1_forte_normal.mp3,tuba,brass,0.5224,44100,As3,58,forte,normal,1,0
tuba/As3/tuba_As3_1_fortissimo_normal.mp3,tuba,brass,0.8881,44100,As3,58,fortissimo,normal,1,0
tuba/As3/tuba_As3_1_mezzo-forte_normal.mp3,tuba,brass,0.5485,44100,As3,58,mezzo-forte,normal,1,0
tuba/As3/tuba_As3_1_mezzo-piano_normal.mp3,tuba,brass,0.9404,44100,As3,58,mezzo-piano,normal,1,0
tuba/As3/tuba_As3_1_pianissimo_normal.mp3,tuba,brass,0.5224,44100,As3,58,pianissimo,normal,1,0
tuba/As3/tuba_As3_1_piano_normal.mp3,tuba,brass,0.6008,44100,As3,58,piano,normal,1,0
tuba/As3/tuba_As3_phrase_forte_normal.mp3,tuba,brass,4.8587,44100,As3,58,forte,normal,1,1
tuba/B0/tuba_B0_long_forte_normal.mp3,tuba,brass,1.1494,44100,B0,23,forte,normal,1,0
tuba/B0/tuba_B0_long_fortissimo_normal.mp3,tuba,brass,1.3845,44100,B0,23,fortissimo,normal,1,0
tuba/B0/tuba_B0_long_mezzo-forte_normal.mp3,tuba,brass,1.7241,44100,B0,23,mezzo-forte,normal,1,0
tuba/B0/tuba_B0_long_mezzo-piano_normal.mp3,tuba,brass,2.0375,44100,B0,23,mezzo-piano,normal,1,0
tuba/B0/tuba_B0_long_pianissimo_normal.mp3,tuba,brass,2.351,44100,B0,23,pianissimo,normal,1,0
tuba/B0/tuba_B0_long_piano_normal.mp3,tuba,brass,1.8547,44100,B0,23,piano,normal,1,0
tuba/B1/tuba_B1_025_forte_normal.mp3,tuba,brass,0.3657,44100,B1,35,forte,normal,1,0
tuba/B1/tuba_B1_025_mezzo-forte_normal.mp3,tuba,brass,0.4441,44100,B1,35,mezzo-forte,normal,1,0
tuba/B1/tuba_B1_025_mezzo-piano_normal.mp3,tuba,brass,0.3134,44100,B1,35,mezzo-piano,normal,1,0
tuba/B1/tuba_B1_025_pianissimo_normal.mp3,tuba,brass,0.3918,44100,B1,35,pianissimo,normal,1,0
tuba/B1/tuba_B1_05_forte_normal.mp3,tuba,brass,0.5747,44100,B1,35,forte,normal,1,0
tuba/B1/tuba_B1_05_fortissimo_normal.mp3,tuba,brass,0.9926,44100,B1,35,fortissimo,normal,1,0
tuba/B1/tuba_B1_05_mezzo-forte_normal.mp3,tuba,brass,0.5747,44100,B1,35,mezzo-forte,normal,1,0
tuba/B1/tuba_B1_05_mezzo-piano_normal.mp3,tuba,brass,0.5224,44100,B1,35,mezzo-piano,normal,1,0
tuba/B1/tuba_B1_05_pianissimo_normal.mp3,tuba,brass,0.5485,44100,B1,35,pianissimo,normal,1,0
tuba/B1/tuba_B1_05_piano_normal.mp3,tuba,brass,0.7053,44100,B1,35,piano,normal,1,0
tuba/B1/tuba_B1_15_mezzo-piano_normal.mp3,tuba,brass,0.9143,44100,B1,35,mezzo-piano,normal,1,0
tuba/B1/tuba_B1_15_pianissimo_normal.mp3,tuba,brass,0.9665,44100,B1,35,pianissimo,normal,1,0
tuba/B1/tuba_B1_1_forte_normal.mp3,tuba,brass,0.9404,44100,B1,35,forte,normal,1,0
tuba/B1/tuba_B1_1_fortissimo_normal.mp3,tuba,brass,1.28,44100,B1,35,fortissimo,normal,1,0
tuba/B1/tuba_B1_1_mezzo-forte_normal.mp3,tuba,brass,0.6269,44100,B1,35,mezzo-forte,normal,1,0
tuba/B1/tuba_B1_1_mezzo-piano_normal.mp3,tuba,brass,0.5747,44100,B1,35,mezzo-piano,normal,1,0
tuba/B1/tuba_B1_1_pianissimo_normal.mp3,tuba,brass,0.5747,44100,B1,35,pianissimo,normal,1,0
tuba/B1/tuba_B1_1_piano_normal.mp3,tuba,brass,1.0187,44100,B1,35,piano,normal,1,0
tuba/B2/tuba_B2_025_forte_normal.mp3,tuba,brass,0.653,44100,B2,47,forte,normal,1,0
tuba/B2/tuba_B2_025_fortissimo_normal.mp3,tuba,brass,0.4179,44100,B2,47,fortissimo,normal,1,0
tuba/B2/tuba_B2_025_mezzo-piano_normal.mp3,tuba,brass,0.3657,44100,B2,47,mezzo-piano,normal,1,0
tuba/B2/tuba_B2_025_pianissimo_normal.mp3,tuba,brass,0.3918,44100,B2,47,pianissimo,normal,1,0
tuba/B2/tuba_B2_05_forte_normal.mp3,tuba,brass,0.5485,44100,B2,47,forte,normal,1,0
tuba/B2/tuba_B2_05_fortissimo_normal.mp3,tuba,brass,0.6008,44100,B2,47,fortissimo,normal,1,0
tuba/B2/tuba_B2_05_mezzo-piano_normal.mp3,tuba,brass,0.7575,44100,B2,47,mezzo-piano,normal,1,0
tuba/B2/tuba_B2_05_pianissimo_normal.mp3,tuba,brass,0.7575,44100,B2,47,pianissimo,normal,1,0
tuba/B2/tuba_B2_05_piano_normal.mp3,tuba,brass,0.862,44100,B2,47,piano,normal,1,0
tuba/B2/tuba_B2_15_forte_normal.mp3,tuba,brass,0.6008,44100,B2,47,forte,normal,1,0
tuba/B2/tuba_B2_15_fortissimo_normal.mp3,tuba,brass,0.8098,44100,B2,47,fortissimo,normal,1,0
tuba/B2/tuba_B2_15_mezzo-piano_normal.mp3,tuba,brass,0.9926,44100,B2,47,mezzo-piano,normal,1,0
tuba/B2/tuba_B2_15_pianissimo_normal.mp3,tuba,brass,0.9665,44100,B2,47,pianissimo,normal,1,0
tuba/B2/tuba_B2_1_forte_normal.mp3,tuba,brass,0.3657,44100,B2,47,forte,normal,1,0
tuba/B2/tuba_B2_1_fortissimo_normal.mp3,tuba,brass,0.8359,44100,B2,47,fortissimo,normal,1,0
tuba/B2/tuba_B2_1_mezzo-forte_normal.mp3,tuba,brass,0.9143,44100,B2,47,mezzo-forte,normal,1,0
tuba/B2/tuba_B2_1_mezzo-piano_normal.mp3,tuba,brass,0.5485,44100,B2,47,mezzo-piano,normal,1,0
tuba/B2/tuba_B2_1_pianissimo_normal.mp3,tuba,brass,0.7314,44100,B2,47,pianissimo,normal,1,0
tuba/B2/tuba_B2_1_piano_normal.mp3,tuba,brass,1.0187,44100,B2,47,piano,normal,1,0
tuba/B3/tuba_B3_025_forte_normal.mp3,tuba,brass,0.3396,44100,B3,59,forte,normal,1,0
tuba/B3/tuba_B3_025_fortissimo_normal.mp3,tuba,brass,0.4179,44100,B3,59,fortissimo,normal,1,0
tuba/B3/tuba_B3_025_mezzo-forte_normal.mp3,tuba,brass,0.3918,44100,B3,59,mezzo-forte,normal,1,0
tuba/B3/tuba_B3_025_mezzo-piano_normal.mp3,tuba,brass,0.5485,44100,B3,59,mezzo-piano,normal,1,0
tuba/B3/tuba_B3_025_pianissimo_normal.mp3,tuba,brass,0.3918,44100,B3,59,pianissimo,normal,1,0
tuba/B3/tuba_B3_025_piano_normal.mp3,tuba,brass,0.3918,44100,B3,59,piano,normal,1,0
tuba/B3/tuba_B3_05_forte_normal.mp3,tuba,brass,0.5485,44100,B3,59,forte,normal,1,0
tuba/B3/tuba_B3_05_fortissimo_normal.mp3,tuba,brass,0.7575,44100,B3,59,fortissimo,normal,1,0
tuba/B3/tuba_B3_05_mezzo-forte_normal.mp3,tuba,brass,0.862,44100,B3,59,mezzo-forte,normal,1,0
tuba/B3/tuba_B3_05_mezzo-piano_normal.mp3,tuba,brass,0.6008,44100,B3,59,mezzo-piano,normal,1,0
tuba/B3/tuba_B3_05_pianissimo_normal.mp3,tuba,brass,0.4441,44100,B3,59,pianissimo,normal,1,0
tuba/B3/tuba_B3_05_piano_normal.mp3,tuba,brass,0.5224,44100,B3,59,piano,normal,1,0
tuba/B3/tuba_B3_15_forte_normal.mp3,tuba,brass,0.6269,44100,B3,59,forte,normal,1,0
tuba/B3/tuba_B3_15_fortissimo_normal.mp3,tuba,brass,0.8881,44100,B3,59,fortissimo,normal,1,0
tuba/B3/tuba_B3_15_mezzo-forte_normal.mp3,tuba,brass,0.7575,44100,B3,59,mezzo-forte,normal,1,0
tuba/B3/tuba_B3_15_pianissimo_normal.mp3,tuba,brass,0.9143,44100,B3,59,pianissimo,normal,1,0
tuba/B3/tuba_B3_15_piano_normal.mp3,tuba,brass,0.9143,44100,B3,59,piano,normal,1,0
tuba/B3/tuba_B3_1_forte_normal.mp3,tuba,brass,0.7314,44100,B3,59,forte,normal,1,0
tuba/B3/tuba_B3_1_fortissimo_normal.mp3,tuba,brass,0.9404,44100,B3,59,fortissimo,normal,1,0
tuba/B3/tuba_B3_1_mezzo-forte_normal.mp3,tuba,brass,0.6008,44100,B3,59,mezzo-forte,normal,1,0
tuba/B3/tuba_B3_1_mezzo-piano_normal.mp3,tuba,brass,0.5747,44100,B3,59,mezzo-piano,normal,1,0
tuba/B3/tuba_B3_1_pianissimo_normal.mp3,tuba,brass,0.5485,44100,B3,59,pianissimo,normal,1,0
tuba/B3/tuba_B3_1_piano_normal.mp3,tuba,brass,0.6269,44100,B3,59,piano,normal,1,0
tuba/C1/tuba_C1_long_forte_normal.mp3,tuba,brass,1.0971,44100,C1,24,forte,normal,1,0
tuba/C1/tuba_C1_long_fortissimo_normal.mp3,tuba,brass,1.3845,44100,C1,24,fortissimo,normal,1,0
tuba/C1/tuba_C1_long_mezzo-forte_normal.mp3,tuba,brass,1.933,44100,C1,24,mezzo-forte,normal,1,0
tuba/C1/tuba_C1_long_mezzo-piano_normal.mp3,tuba,brass,2.9518,44100,C1,24,mezzo-piano,normal,1,0
tuba/C1/tuba_C1_long_pianissimo_normal.mp3,tuba,brass,2.6383,44100,C1,24,pianissimo,normal,1,0
tuba/C1/tuba_C1_long_piano_normal.mp3,tuba,brass,1.8285,44100,C1,24,piano,normal,1,0
tuba/C2/tuba_C2_025_forte_normal.mp3,tuba,brass,0.4179,44100,C2,36,forte,normal,1,0
tuba/C2/tuba_C2_025_fortissimo_normal.mp3,tuba,brass,0.3918,44100,C2,36,fortissimo,normal,1,0
tuba/C2/tuba_C2_025_mezzo-forte_normal.mp3,tuba,brass,0.3918,44100,C2,36,mezzo-forte,normal,1,0
tuba/C2/tuba_C2_025_mezzo-piano_normal.mp3,tuba,brass,0.7314,44100,C2,36,mezzo-piano,normal,1,0
tuba/C2/tuba_C2_025_pianissimo_normal.mp3,tuba,brass,0.4179,44100,C2,36,pianissimo,normal,1,0
tuba/C2/tuba_C2_025_piano_normal.mp3,tuba,brass,0.4179,44100,C2,36,piano,normal,1,0
tuba/C2/tuba_C2_05_forte_normal.mp3,tuba,brass,0.5485,44100,C2,36,forte,normal,1,0
tuba/C2/tuba_C2_05_fortissimo_normal.mp3,tuba,brass,1.071,44100,C2,36,fortissimo,normal,1,0
tuba/C2/tuba_C2_05_mezzo-forte_normal.mp3,tuba,brass,0.7836,44100,C2,36,mezzo-forte,normal,1,0
tuba/C2/tuba_C2_05_mezzo-piano_normal.mp3,tuba,brass,0.6008,44100,C2,36,mezzo-piano,normal,1,0
tuba/C2/tuba_C2_05_pianissimo_normal.mp3,tuba,brass,0.4441,44100,C2,36,pianissimo,normal,1,0
tuba/C2/tuba_C2_05_piano_normal.mp3,tuba,brass,0.6269,44100,C2,36,piano,normal,1,0
tuba/C2/tuba_C2_15_pianissimo_normal.mp3,tuba,brass,1.071,44100,C2,36,pianissimo,normal,1,0
tuba/C2/tuba_C2_15_piano_normal.mp3,tuba,brass,1.0187,44100,C2,36,piano,normal,1,0
tuba/C2/tuba_C2_1_forte_normal.mp3,tuba,brass,1.0187,44100,C2,36,forte,normal,1,0
tuba/C2/tuba_C2_1_fortissimo_normal.mp3,tuba,brass,0.8881,44100,C2,36,fortissimo,normal,1,0
tuba/C2/tuba_C2_1_mezzo-forte_normal.mp3,tuba,brass,1.0187,44100,C2,36,mezzo-forte,normal,1,0
tuba/C2/tuba_C2_1_mezzo-piano_normal.mp3,tuba,brass,0.9404,44100,C2,36,mezzo-piano,normal,1,0
tuba/C2/tuba_C2_1_pianissimo_normal.mp3,tuba,brass,0.5485,44100,C2,36,pianissimo,normal,1,0
tuba/C2/tuba_C2_1_piano_normal.mp3,tuba,brass,0.7836,44100,C2,36,piano,normal,1,0
tuba/C2/tuba_C2_long_piano_normal.mp3,tuba,brass,3.7616,44100,C2,36,piano,normal,1,0
tuba/C2/tuba_C2_very-long_cresc-decresc_normal.mp3,tuba,brass,10.1094,44100,C2,36,cresc-decresc,normal,1,0
tuba/C2/tuba_C2_very-long_piano_normal.mp3,tuba,brass,20.0881,44100,C2,36,piano,normal,1,0
tuba/C3/tuba_C3_025_forte_normal.mp3,tuba,brass,0.653,44100,C3,48,forte,normal,1,0
tuba/C3/tuba_C3_025_fortissimo_normal.mp3,tuba,brass,0.3918,44100,C3,48,fortissimo,normal,1,0
tuba/C3/tuba_C3_025_mezzo-piano_normal.mp3,tuba,brass,0.4441,44100,C3,48,mezzo-piano,normal,1,0
tuba/C3/tuba_C3_025_pianissimo_normal.mp3,tuba,brass,0.4702,44100,C3,48,pianissimo,normal,1,0
tuba/C3/tuba_C3_025_piano_normal.mp3,tuba,brass,0.4179,44100,C3,48,piano,normal,1,0
tuba/C3/tuba_C3_05_forte_normal.mp3,tuba,brass,0.862,44100,C3,48,forte,normal,1,0
tuba/C3/tuba_C3_05_fortissimo_normal.mp3,tuba,brass,0.6008,44100,C3,48,fortissimo,normal,1,0
tuba/C3/tuba_C3_05_mezzo-piano_normal.mp3,tuba,brass,0.7053,44100,C3,48,mezzo-piano,normal,1,0
tuba/C3/tuba_C3_05_pianissimo_normal.mp3,tuba,brass,0.5485,44100,C3,48,pianissimo,normal,1,0
tuba/C3/tuba_C3_05_piano_normal.mp3,tuba,brass,0.7314,44100,C3,48,piano,normal,1,0
tuba/C3/tuba_C3_15_forte_normal.mp3,tuba,brass,0.7836,44100,C3,48,forte,normal,1,0
tuba/C3/tuba_C3_15_fortissimo_normal.mp3,tuba,brass,0.7836,44100,C3,48,fortissimo,normal,1,0
tuba/C3/tuba_C3_15_pianissimo_normal.mp3,tuba,brass,1.0449,44100,C3,48,pianissimo,normal,1,0
tuba/C3/tuba_C3_15_piano_normal.mp3,tuba,brass,1.0187,44100,C3,48,piano,normal,1,0
tuba/C3/tuba_C3_1_forte_normal.mp3,tuba,brass,0.6269,44100,C3,48,forte,normal,1,0
tuba/C3/tuba_C3_1_fortissimo_normal.mp3,tuba,brass,0.8359,44100,C3,48,fortissimo,normal,1,0
tuba/C3/tuba_C3_1_mezzo-forte_normal.mp3,tuba,brass,0.9665,44100,C3,48,mezzo-forte,normal,1,0
tuba/C3/tuba_C3_1_mezzo-piano_normal.mp3,tuba,brass,1.2016,44100,C3,48,mezzo-piano,normal,1,0
tuba/C3/tuba_C3_1_pianissimo_normal.mp3,tuba,brass,0.6269,44100,C3,48,pianissimo,normal,1,0
tuba/C3/tuba_C3_1_piano_normal.mp3,tuba,brass,0.8098,44100,C3,48,piano,normal,1,0
tuba/C3/tuba_C3_phrase_forte_normal.mp3,tuba,brass,0.9404,44100,C3,48,forte,normal,1,1
tuba/C3/tuba_C3_very-long_cresc-decresc_normal.mp3,tuba,brass,10.6841,44100,C3,48,cresc-decresc,normal,1,0
tuba/C3/tuba_C3_very-long_piano_normal.mp3,tuba,brass,31.2163,44100,C3,48,piano,normal,1,0
tuba/C4/tuba_C4_025_forte_normal.mp3,tuba,brass,0.3396,44100,C4,60,forte,normal,1,0
tuba/C4/tuba_C4_025_fortissimo_normal.mp3,tuba,brass,0.3396,44100,C4,60,fortissimo,normal,1,0
tuba/C4/tuba_C4_025_mezzo-forte_normal.mp3,tuba,brass,0.3657,44100,C4,60,mezzo-forte,normal,1,0
tuba/C4/tuba_C4_025_mezzo-piano_normal.mp3,tuba,brass,0.3657,44100,C4,60,mezzo-piano,normal,1,0
tuba/C4/tuba_C4_025_pianissimo_normal.mp3,tuba,brass,0.3396,44100,C4,60,pianissimo,normal,1,0
tuba/C4/tuba_C4_025_piano_normal.mp3,tuba,brass,0.3396,44100,C4,60,piano,normal,1,0
tuba/C4/tuba_C4_05_forte_normal.mp3,tuba,brass,0.4441,44100,C4,60,forte,normal,1,0
tuba/C4/tuba_C4_05_fortissimo_normal.mp3,tuba,brass,0.5485,44100,C4,60,fortissimo,normal,1,0
tuba/C4/tuba_C4_05_mezzo-forte_normal.mp3,tuba,brass,0.5224,44100,C4,60,mezzo-forte,normal,1,0
tuba/C4/tuba_C4_05_mezzo-piano_normal.mp3,tuba,brass,0.6008,44100,C4,60,mezzo-piano,normal,1,0
tuba/C4/tuba_C4_05_pianissimo_normal.mp3,tuba,brass,0.4702,44100,C4,60,pianissimo,normal,1,0
tuba/C4/tuba_C4_05_piano_normal.mp3,tuba,brass,0.5224,44100,C4,60,piano,normal,1,0
tuba/C4/tuba_C4_15_forte_normal.mp3,tuba,brass,0.5485,44100,C4,60,forte,normal,1,0
tuba/C4/tuba_C4_15_fortissimo_normal.mp3,tuba,brass,0.9665,44100,C4,60,fortissimo,normal,1,0
tuba/C4/tuba_C4_15_mezzo-forte_normal.mp3,tuba,brass,0.8098,44100,C4,60,mezzo-forte,normal,1,0
tuba/C4/tuba_C4_15_mezzo-piano_normal.mp3,tuba,brass,0.7575,44100,C4,60,mezzo-piano,normal,1,0
tuba/C4/tuba_C4_15_pianissimo_normal.mp3,tuba,brass,0.8359,44100,C4,60,pianissimo,normal,1,0
tuba/C4/tuba_C4_15_piano_normal.mp3,tuba,brass,0.8881,44100,C4,60,piano,normal,1,0
tuba/C4/tuba_C4_1_forte_normal.mp3,tuba,brass,0.5224,44100,C4,60,forte,normal,1,0
tuba/C4/tuba_C4_1_fortissimo_normal.mp3,tuba,brass,0.7314,44100,C4,60,fortissimo,normal,1,0
tuba/C4/tuba_C4_1_mezzo-forte_normal.mp3,tuba,brass,0.6269,44100,C4,60,mezzo-forte,normal,1,0
tuba/C4/tuba_C4_1_mezzo-piano_normal.mp3,tuba,brass,0.5224,44100,C4,60,mezzo-piano,normal,1,0
tuba/C4/tuba_C4_1_pianissimo_normal.mp3,tuba,brass,0.5747,44100,C4,60,pianissimo,normal,1,0
tuba/C4/tuba_C4_1_piano_normal.mp3,tuba,brass,0.6269,44100,C4,60,piano,normal,1,0
tuba/C4/tuba_C4_very-long_cresc-decresc_normal.mp3,tuba,brass,9.9526,44100,C4,60,cresc-decresc,normal,1,0
tuba/C4/tuba_C4_very-long_piano_normal.mp3,tuba,brass,11.0236,44100,C4,60,piano,normal,1,0
tuba/Cs1/tuba_Cs1_long_forte_normal.mp3,tuba,brass,1.1755,44100,Cs1,25,forte,normal,1,0
tuba/Cs1/tuba_Cs1_long_fortissimo_normal.mp3,tuba,brass,1.4106,44100,Cs1,25,fortissimo,normal,1,0
tuba/Cs1/tuba_Cs1_long_mezzo-forte_normal.mp3,tuba,brass,2.0114,44100,Cs1,25,mezzo-forte,normal,1,0
tuba/Cs1/tuba_Cs1_long_mezzo-piano_normal.mp3,tuba,brass,2.8212,44100,Cs1,25,mezzo-piano,normal,1,0
tuba/Cs1/tuba_Cs1_long_piano_normal.mp3,tuba,brass,2.2204,44100,Cs1,25,piano,normal,1,0
tuba/Cs2/tuba_Cs2_025_forte_normal.mp3,tuba,brass,0.3918,44100,Cs2,37,forte,normal,1,0
tuba/Cs2/tuba_Cs2_025_fortissimo_normal.mp3,tuba,brass,0.4441,44100,Cs2,37,fortissimo,normal,1,0
tuba/Cs2/tuba_Cs2_025_mezzo-forte_normal.mp3,tuba,brass,0.4179,44100,Cs2,37,mezzo-forte,normal,1,0
tuba/Cs2/tuba_Cs2_025_mezzo-piano_normal.mp3,tuba,brass,0.4441,44100,Cs2,37,mezzo-piano,normal,1,0
tuba/Cs2/tuba_Cs2_025_pianissimo_normal.mp3,tuba,brass,0.3657,44100,Cs2,37,pianissimo,normal,1,0
tuba/Cs2/tuba_Cs2_025_piano_normal.mp3,tuba,brass,0.4179,44100,Cs2,37,piano,normal,1,0
tuba/Cs2/tuba_Cs2_05_forte_normal.mp3,tuba,brass,0.6008,44100,Cs2,37,forte,normal,1,0
tuba/Cs2/tuba_Cs2_05_fortissimo_normal.mp3,tuba,brass,0.7575,44100,Cs2,37,fortissimo,normal,1,0
tuba/Cs2/tuba_Cs2_05_mezzo-forte_normal.mp3,tuba,brass,0.6269,44100,Cs2,37,mezzo-forte,normal,1,0
tuba/Cs2/tuba_Cs2_05_mezzo-piano_normal.mp3,tuba,brass,0.6008,44100,Cs2,37,mezzo-piano,normal,1,0
tuba/Cs2/tuba_Cs2_05_pianissimo_normal.mp3,tuba,brass,0.653,44100,Cs2,37,pianissimo,normal,1,0
tuba/Cs2/tuba_Cs2_05_piano_normal.mp3,tuba,brass,0.5747,44100,Cs2,37,piano,normal,1,0
tuba/Cs2/tuba_Cs2_15_forte_normal.mp3,tuba,brass,0.9665,44100,Cs2,37,forte,normal,1,0
tuba/Cs2/tuba_Cs2_15_fortissimo_normal.mp3,tuba,brass,1.1755,44100,Cs2,37,fortissimo,normal,1,0
tuba/Cs2/tuba_Cs2_15_mezzo-piano_normal.mp3,tuba,brass,0.862,44100,Cs2,37,mezzo-piano,normal,1,0
tuba/Cs2/tuba_Cs2_15_pianissimo_normal.mp3,tuba,brass,0.9143,44100,Cs2,37,pianissimo,normal,1,0
tuba/Cs2/tuba_Cs2_15_piano_normal.mp3,tuba,brass,1.0449,44100,Cs2,37,piano,normal,1,0
tuba/Cs2/tuba_Cs2_1_forte_normal.mp3,tuba,brass,0.9665,44100,Cs2,37,forte,normal,1,0
tuba/Cs2/tuba_Cs2_1_fortissimo_normal.mp3,tuba,brass,0.8881,44100,Cs2,37,fortissimo,normal,1,0
tuba/Cs2/tuba_Cs2_1_mezzo-forte_normal.mp3,tuba,brass,0.5224,44100,Cs2,37,mezzo-forte,normal,1,0
tuba/Cs2/tuba_Cs2_1_mezzo-piano_normal.mp3,tuba,brass,0.6269,44100,Cs2,37,mezzo-piano,normal,1,0
tuba/Cs2/tuba_Cs2_1_pianissimo_normal.mp3,tuba,brass,0.653,44100,Cs2,37,pianissimo,normal,1,0
tuba/Cs2/tuba_Cs2_1_piano_normal.mp3,tuba,brass,0.653,44100,Cs2,37,piano,normal,1,0
tuba/Cs3/tuba_Cs3_025_forte_normal.mp3,tuba,brass,0.7053,44100,Cs3,49,forte,normal,1,0
tuba/Cs3/tuba_Cs3_025_fortissimo_normal.mp3,tuba,brass,0.4179,44100,Cs3,49,fortissimo,normal,1,0
tuba/Cs3/tuba_Cs3_025_mezzo-forte_normal.mp3,tuba,brass,0.9404,44100,Cs3,49,mezzo-forte,normal,1,0
tuba/Cs3/tuba_Cs3_025_mezzo-piano_normal.mp3,tuba,brass,0.7053,44100,Cs3,49,mezzo-piano,normal,1,0
tuba/Cs3/tuba_Cs3_025_piano_normal.mp3,tuba,brass,0.3918,44100,Cs3,49,piano,normal,1,0
tuba/Cs3/tuba_Cs3_05_forte_normal.mp3,tuba,brass,0.9143,44100,Cs3,49,forte,normal,1,0
tuba/Cs3/tuba_Cs3_05_fortissimo_normal.mp3,tuba,brass,0.6792,44100,Cs3,49,fortissimo,normal,1,0
tuba/Cs3/tuba_Cs3_05_mezzo-forte_normal.mp3,tuba,brass,0.4702,44100,Cs3,49,mezzo-forte,normal,1,0
tuba/Cs3/tuba_Cs3_05_mezzo-piano_normal.mp3,tuba,brass,0.862,44100,Cs3,49,mezzo-piano,normal,1,0
tuba/Cs3/tuba_Cs3_05_pianissimo_normal.mp3,tuba,brass,0.7053,44100,Cs3,49,pianissimo,normal,1,0
tuba/Cs3/tuba_Cs3_05_piano_normal.mp3,tuba,brass,0.5747,44100,Cs3,49,piano,normal,1,0
tuba/Cs3/tuba_Cs3_15_fortissimo_normal.mp3,tuba,brass,1.3061,44100,Cs3,49,fortissimo,normal,1,0
tuba/Cs3/tuba_Cs3_15_mezzo-forte_normal.mp3,tuba,brass,0.6008,44100,Cs3,49,mezzo-forte,normal,1,0
tuba/Cs3/tuba_Cs3_15_piano_normal.mp3,tuba,brass,0.9926,44100,Cs3,49,piano,normal,1,0
tuba/Cs3/tuba_Cs3_1_fortissimo_normal.mp3,tuba,brass,0.9404,44100,Cs3,49,fortissimo,normal,1,0
tuba/Cs3/tuba_Cs3_1_mezzo-forte_normal.mp3,tuba,brass,1.071,44100,Cs3,49,mezzo-forte,normal,1,0
tuba/Cs3/tuba_Cs3_1_mezzo-piano_normal.mp3,tuba,brass,0.862,44100,Cs3,49,mezzo-piano,normal,1,0
tuba/Cs3/tuba_Cs3_1_pianissimo_normal.mp3,tuba,brass,0.7053,44100,Cs3,49,pianissimo,normal,1,0
tuba/Cs3/tuba_Cs3_1_piano_normal.mp3,tuba,brass,0.7575,44100,Cs3,49,piano,normal,1,0
tuba/Cs3/tuba_Cs3_phrase_pianissimo_normal.mp3,tuba,brass,1.1755,44100,Cs3,49,pianissimo,normal,1,1
tuba/Cs4/tuba_Cs4_025_forte_normal.mp3,tuba,brass,0.3657,44100,Cs4,61,forte,normal,1,0
tuba/Cs4/tuba_Cs4_025_fortissimo_normal.mp3,tuba,brass,0.4179,44100,Cs4,61,fortissimo,normal,1,0
tuba/Cs4/tuba_Cs4_025_mezzo-forte_normal.mp3,tuba,brass,0.3657,44100,Cs4,61,mezzo-forte,normal,1,0
tuba/Cs4/tuba_Cs4_025_mezzo-piano_normal.mp3,tuba,brass,0.3918,44100,Cs4,61,mezzo-piano,normal,1,0
tuba/Cs4/tuba_Cs4_025_pianissimo_normal.mp3,tuba,brass,0.3134,44100,Cs4,61,pianissimo,normal,1,0
tuba/Cs4/tuba_Cs4_025_piano_normal.mp3,tuba,brass,0.2351,44100,Cs4,61,piano,normal,1,0
tuba/Cs4/tuba_Cs4_05_forte_normal.mp3,tuba,brass,0.5747,44100,Cs4,61,forte,normal,1,0
tuba/Cs4/tuba_Cs4_05_fortissimo_normal.mp3,tuba,brass,0.6008,44100,Cs4,61,fortissimo,normal,1,0
tuba/Cs4/tuba_Cs4_05_mezzo-forte_normal.mp3,tuba,brass,0.4702,44100,Cs4,61,mezzo-forte,normal,1,0
tuba/Cs4/tuba_Cs4_05_mezzo-piano_normal.mp3,tuba,brass,0.4702,44100,Cs4,61,mezzo-piano,normal,1,0
tuba/Cs4/tuba_Cs4_05_pianissimo_normal.mp3,tuba,brass,0.4179,44100,Cs4,61,pianissimo,normal,1,0
tuba/Cs4/tuba_Cs4_05_piano_normal.mp3,tuba,brass,0.4441,44100,Cs4,61,piano,normal,1,0
tuba/Cs4/tuba_Cs4_15_forte_normal.mp3,tuba,brass,0.9143,44100,Cs4,61,forte,normal,1,0
tuba/Cs4/tuba_Cs4_15_fortissimo_normal.mp3,tuba,brass,1.1494,44100,Cs4,61,fortissimo,normal,1,0
tuba/Cs4/tuba_Cs4_15_mezzo-forte_normal.mp3,tuba,brass,0.862,44100,Cs4,61,mezzo-forte,normal,1,0
tuba/Cs4/tuba_Cs4_15_mezzo-piano_normal.mp3,tuba,brass,0.862,44100,Cs4,61,mezzo-piano,normal,1,0
tuba/Cs4/tuba_Cs4_15_pianissimo_normal.mp3,tuba,brass,0.8098,44100,Cs4,61,pianissimo,normal,1,0
tuba/Cs4/tuba_Cs4_15_piano_normal.mp3,tuba,brass,0.8359,44100,Cs4,61,piano,normal,1,0
tuba/Cs4/tuba_Cs4_1_forte_normal.mp3,tuba,brass,0.7836,44100,Cs4,61,forte,normal,1,0
tuba/Cs4/tuba_Cs4_1_fortissimo_normal.mp3,tuba,brass,0.7314,44100,Cs4,61,fortissimo,normal,1,0
tuba/Cs4/tuba_Cs4_1_mezzo-forte_normal.mp3,tuba,brass,0.4963,44100,Cs4,61,mezzo-forte,normal,1,0
tuba/Cs4/tuba_Cs4_1_mezzo-piano_normal.mp3,tuba,brass,0.5747,44100,Cs4,61,mezzo-piano,normal,1,0
tuba/Cs4/tuba_Cs4_1_pianissimo_normal.mp3,tuba,brass,0.4963,44100,Cs4,61,pianissimo,normal,1,0
tuba/Cs4/tuba_Cs4_1_piano_normal.mp3,tuba,brass,0.5224,44100,Cs4,61,piano,normal,1,0
tuba/D1/tuba_D1_long_forte_normal.mp3,tuba,brass,1.5151,44100,D1,26,forte,normal,1,0
tuba/D1/tuba_D1_long_pianissimo_normal.mp3,tuba,brass,2.2204,44100,D1,26,pianissimo,normal,1,0
tuba/D1/tuba_D1_long_piano_normal.mp3,tuba,brass,2.1943,44100,D1,26,piano,normal,1,0
tuba/D2/tuba_D2_025_forte_normal.mp3,tuba,brass,0.3657,44100,D2,38,forte,normal,1,0
tuba/D2/tuba_D2_025_fortissimo_normal.mp3,tuba,brass,0.4179,44100,D2,38,fortissimo,normal,1,0
tuba/D2/tuba_D2_025_mezzo-forte_normal.mp3,tuba,brass,0.4179,44100,D2,38,mezzo-forte,normal,1,0
tuba/D2/tuba_D2_025_mezzo-piano_normal.mp3,tuba,brass,0.4441,44100,D2,38,mezzo-piano,normal,1,0
tuba/D2/tuba_D2_025_pianissimo_normal.mp3,tuba,brass,0.3396,44100,D2,38,pianissimo,normal,1,0
tuba/D2/tuba_D2_025_piano_normal.mp3,tuba,brass,0.4702,44100,D2,38,piano,normal,1,0
tuba/D2/tuba_D2_05_forte_normal.mp3,tuba,brass,0.7314,44100,D2,38,forte,normal,1,0
tuba/D2/tuba_D2_05_fortissimo_normal.mp3,tuba,brass,0.5224,44100,D2,38,fortissimo,normal,1,0
tuba/D2/tuba_D2_05_mezzo-forte_normal.mp3,tuba,brass,0.5485,44100,D2,38,mezzo-forte,normal,1,0
tuba/D2/tuba_D2_05_mezzo-piano_normal.mp3,tuba,brass,0.6269,44100,D2,38,mezzo-piano,normal,1,0
tuba/D2/tuba_D2_05_pianissimo_normal.mp3,tuba,brass,0.4702,44100,D2,38,pianissimo,normal,1,0
tuba/D2/tuba_D2_05_piano_normal.mp3,tuba,brass,0.4963,44100,D2,38,piano,normal,1,0
tuba/D2/tuba_D2_15_mezzo-piano_normal.mp3,tuba,brass,0.7575,44100,D2,38,mezzo-piano,normal,1,0
tuba/D2/tuba_D2_15_pianissimo_normal.mp3,tuba,brass,0.9665,44100,D2,38,pianissimo,normal,1,0
tuba/D2/tuba_D2_15_piano_normal.mp3,tuba,brass,1.071,44100,D2,38,piano,normal,1,0
tuba/D2/tuba_D2_1_forte_normal.mp3,tuba,brass,0.7836,44100,D2,38,forte,normal,1,0
tuba/D2/tuba_D2_1_fortissimo_normal.mp3,tuba,brass,0.5224,44100,D2,38,fortissimo,normal,1,0
tuba/D2/tuba_D2_1_mezzo-forte_normal.mp3,tuba,brass,0.8359,44100,D2,38,mezzo-forte,normal,1,0
tuba/D2/tuba_D2_1_mezzo-piano_normal.mp3,tuba,brass,0.4963,44100,D2,38,mezzo-piano,normal,1,0
tuba/D2/tuba_D2_1_pianissimo_normal.mp3,tuba,brass,0.5747,44100,D2,38,pianissimo,normal,1,0
tuba/D2/tuba_D2_1_piano_normal.mp3,tuba,brass,0.6269,44100,D2,38,piano,normal,1,0
tuba/D3/tuba_D3_025_forte_normal.mp3,tuba,brass,0.4179,44100,D3,50,forte,normal,1,0
tuba/D3/tuba_D3_025_fortissimo_normal.mp3,tuba,brass,0.3918,44100,D3,50,fortissimo,normal,1,0
tuba/D3/tuba_D3_025_mezzo-forte_normal.mp3,tuba,brass,0.862,44100,D3,50,mezzo-forte,normal,1,0
tuba/D3/tuba_D3_025_mezzo-piano_normal.mp3,tuba,brass,0.4441,44100,D3,50,mezzo-piano,normal,1,0
tuba/D3/tuba_D3_025_pianissimo_normal.mp3,tuba,brass,0.4179,44100,D3,50,pianissimo,normal,1,0
tuba/D3/tuba_D3_025_piano_normal.mp3,tuba,brass,0.4179,44100,D3,50,piano,normal,1,0
tuba/D3/tuba_D3_05_forte_normal.mp3,tuba,brass,0.4441,44100,D3,50,forte,normal,1,0
tuba/D3/tuba_D3_05_fortissimo_normal.mp3,tuba,brass,0.6792,44100,D3,50,fortissimo,normal,1,0
tuba/D3/tuba_D3_05_mezzo-forte_normal.mp3,tuba,brass,0.5485,44100,D3,50,mezzo-forte,normal,1,0
tuba/D3/tuba_D3_05_mezzo-piano_normal.mp3,tuba,brass,0.6008,44100,D3,50,mezzo-piano,normal,1,0
tuba/D3/tuba_D3_05_pianissimo_normal.mp3,tuba,brass,0.6792,44100,D3,50,pianissimo,normal,1,0
tuba/D3/tuba_D3_05_piano_normal.mp3,tuba,brass,0.6269,44100,D3,50,piano,normal,1,0
tuba/D3/tuba_D3_15_fortissimo_normal.mp3,tuba,brass,0.4179,44100,D3,50,fortissimo,normal,1,0
tuba/D3/tuba_D3_15_mezzo-forte_normal.mp3,tuba,brass,0.5747,44100,D3,50,mezzo-forte,normal,1,0
tuba/D3/tuba_D3_15_mezzo-piano_normal.mp3,tuba,brass,0.8098,44100,D3,50,mezzo-piano,normal,1,0
tuba/D3/tuba_D3_15_pianissimo_normal.mp3,tuba,brass,1.0187,44100,D3,50,pianissimo,normal,1,0
tuba/D3/tuba_D3_15_piano_normal.mp3,tuba,brass,0.8359,44100,D3,50,piano,normal,1,0
tuba/D3/tuba_D3_1_fortissimo_normal.mp3,tuba,brass,1.0187,44100,D3,50,fortissimo,normal,1,0
tuba/D3/tuba_D3_1_mezzo-forte_normal.mp3,tuba,brass,0.3918,44100,D3,50,mezzo-forte,normal,1,0
tuba/D3/tuba_D3_1_mezzo-piano_normal.mp3,tuba,brass,0.3918,44100,D3,50,mezzo-piano,normal,1,0
tuba/D3/tuba_D3_1_pianissimo_normal.mp3,tuba,brass,0.6792,44100,D3,50,pianissimo,normal,1,0
tuba/D3/tuba_D3_1_piano_normal.mp3,tuba,brass,0.7314,44100,D3,50,piano,normal,1,0
tuba/D4/tuba_D4_025_forte_normal.mp3,tuba,brass,0.3396,44100,D4,62,forte,normal,1,0
tuba/D4/tuba_D4_025_fortissimo_normal.mp3,tuba,brass,0.3918,44100,D4,62,fortissimo,normal,1,0
tuba/D4/tuba_D4_025_mezzo-forte_normal.mp3,tuba,brass,0.3918,44100,D4,62,mezzo-forte,normal,1,0
tuba/D4/tuba_D4_025_mezzo-piano_normal.mp3,tuba,brass,0.3657,44100,D4,62,mezzo-piano,normal,1,0
tuba/D4/tuba_D4_025_pianissimo_normal.mp3,tuba,brass,0.4179,44100,D4,62,pianissimo,normal,1,0
tuba/D4/tuba_D4_025_piano_normal.mp3,tuba,brass,0.2612,44100,D4,62,piano,normal,1,0
tuba/D4/tuba_D4_05_forte_normal.mp3,tuba,brass,0.5485,44100,D4,62,forte,normal,1,0
tuba/D4/tuba_D4_05_fortissimo_normal.mp3,tuba,brass,0.7053,44100,D4,62,fortissimo,normal,1,0
tuba/D4/tuba_D4_05_mezzo-forte_normal.mp3,tuba,brass,0.4963,44100,D4,62,mezzo-forte,normal,1,0
tuba/D4/tuba_D4_05_mezzo-piano_normal.mp3,tuba,brass,0.4702,44100,D4,62,mezzo-piano,normal,1,0
tuba/D4/tuba_D4_05_pianissimo_normal.mp3,tuba,brass,0.4963,44100,D4,62,pianissimo,normal,1,0
tuba/D4/tuba_D4_05_piano_normal.mp3,tuba,brass,0.3918,44100,D4,62,piano,normal,1,0
tuba/D4/tuba_D4_15_forte_normal.mp3,tuba,brass,0.6269,44100,D4,62,forte,normal,1,0
tuba/D4/tuba_D4_15_fortissimo_normal.mp3,tuba,brass,1.1494,44100,D4,62,fortissimo,normal,1,0
tuba/D4/tuba_D4_15_mezzo-piano_normal.mp3,tuba,brass,0.7314,44100,D4,62,mezzo-piano,normal,1,0
tuba/D4/tuba_D4_15_piano_normal.mp3,tuba,brass,0.7836,44100,D4,62,piano,normal,1,0
tuba/D4/tuba_D4_1_forte_normal.mp3,tuba,brass,0.653,44100,D4,62,forte,normal,1,0
tuba/D4/tuba_D4_1_fortissimo_normal.mp3,tuba,brass,0.9143,44100,D4,62,fortissimo,normal,1,0
tuba/D4/tuba_D4_1_mezzo-forte_normal.mp3,tuba,brass,0.7314,44100,D4,62,mezzo-forte,normal,1,0
tuba/D4/tuba_D4_1_mezzo-piano_normal.mp3,tuba,brass,0.4441,44100,D4,62,mezzo-piano,normal,1,0
tuba/D4/tuba_D4_1_pianissimo_normal.mp3,tuba,brass,0.7575,44100,D4,62,pianissimo,normal,1,0
tuba/D4/tuba_D4_1_piano_normal.mp3,tuba,brass,0.4441,44100,D4,62,piano,normal,1,0
tuba/Ds2/tuba_Ds2_025_forte_normal.mp3,tuba,brass,0.4179,44100,Ds2,39,forte,normal,1,0
tuba/Ds2/tuba_Ds2_025_fortissimo_normal.mp3,tuba,brass,0.4179,44100,Ds2,39,fortissimo,normal,1,0
tuba/Ds2/tuba_Ds2_025_mezzo-forte_normal.mp3,tuba,brass,0.4179,44100,Ds2,39,mezzo-forte,normal,1,0
tuba/Ds2/tuba_Ds2_025_mezzo-piano_normal.mp3,tuba,brass,0.3918,44100,Ds2,39,mezzo-piano,normal,1,0
tuba/Ds2/tuba_Ds2_025_pianissimo_normal.mp3,tuba,brass,0.3396,44100,Ds2,39,pianissimo,normal,1,0
tuba/Ds2/tuba_Ds2_025_piano_normal.mp3,tuba,brass,0.4179,44100,Ds2,39,piano,normal,1,0
tuba/Ds2/tuba_Ds2_05_forte_normal.mp3,tuba,brass,0.5485,44100,Ds2,39,forte,normal,1,0
tuba/Ds2/tuba_Ds2_05_fortissimo_normal.mp3,tuba,brass,0.653,44100,Ds2,39,fortissimo,normal,1,0
tuba/Ds2/tuba_Ds2_05_mezzo-forte_normal.mp3,tuba,brass,0.6792,44100,Ds2,39,mezzo-forte,normal,1,0
tuba/Ds2/tuba_Ds2_05_mezzo-piano_normal.mp3,tuba,brass,0.4179,44100,Ds2,39,mezzo-piano,normal,1,0
tuba/Ds2/tuba_Ds2_05_pianissimo_normal.mp3,tuba,brass,0.6269,44100,Ds2,39,pianissimo,normal,1,0
tuba/Ds2/tuba_Ds2_05_piano_normal.mp3,tuba,brass,0.6008,44100,Ds2,39,piano,normal,1,0
tuba/Ds2/tuba_Ds2_15_fortissimo_normal.mp3,tuba,brass,0.9404,44100,Ds2,39,fortissimo,normal,1,0
tuba/Ds2/tuba_Ds2_15_mezzo-piano_normal.mp3,tuba,brass,0.8098,44100,Ds2,39,mezzo-piano,normal,1,0
tuba/Ds2/tuba_Ds2_15_pianissimo_normal.mp3,tuba,brass,1.0971,44100,Ds2,39,pianissimo,normal,1,0
tuba/Ds2/tuba_Ds2_15_piano_normal.mp3,tuba,brass,1.0187,44100,Ds2,39,piano,normal,1,0
tuba/Ds2/tuba_Ds2_1_forte_normal.mp3,tuba,brass,0.6269,44100,Ds2,39,forte,normal,1,0
tuba/Ds2/tuba_Ds2_1_fortissimo_normal.mp3,tuba,brass,0.7575,44100,Ds2,39,fortissimo,normal,1,0
tuba/Ds2/tuba_Ds2_1_mezzo-forte_normal.mp3,tuba,brass,1.0449,44100,Ds2,39,mezzo-forte,normal,1,0
tuba/Ds2/tuba_Ds2_1_mezzo-piano_normal.mp3,tuba,brass,0.4441,44100,Ds2,39,mezzo-piano,normal,1,0
tuba/Ds2/tuba_Ds2_1_pianissimo_normal.mp3,tuba,brass,0.653,44100,Ds2,39,pianissimo,normal,1,0
tuba/Ds2/tuba_Ds2_1_piano_normal.mp3,tuba,brass,0.6792,44100,Ds2,39,piano,normal,1,0
tuba/Ds2/tuba_Ds2_very-long_cresc-decresc_normal.mp3,tuba,brass,10.031,44100,Ds2,39,cresc-decresc,normal,1,0
tuba/Ds3/tuba_Ds3_025_forte_normal.mp3,tuba,brass,0.3657,44100,Ds3,51,forte,normal,1,0
tuba/Ds3/tuba_Ds3_025_fortissimo_normal.mp3,tuba,brass,0.7575,44100,Ds3,51,fortissimo,normal,1,0
tuba/Ds3/tuba_Ds3_025_mezzo-forte_normal.mp3,tuba,brass,0.3918,44100,Ds3,51,mezzo-forte,normal,1,0
tuba/Ds3/tuba_Ds3_025_mezzo-piano_normal.mp3,tuba,brass,0.4441,44100,Ds3,51,mezzo-piano,normal,1,0
tuba/Ds3/tuba_Ds3_025_pianissimo_normal.mp3,tuba,brass,0.3918,44100,Ds3,51,pianissimo,normal,1,0
tuba/Ds3/tuba_Ds3_025_piano_normal.mp3,tuba,brass,0.3657,44100,Ds3,51,piano,normal,1,0
tuba/Ds3/tuba_Ds3_05_forte_normal.mp3,tuba,brass,0.4702,44100,Ds3,51,forte,normal,1,0
tuba/Ds3/tuba_Ds3_05_fortissimo_normal.mp3,tuba,brass,0.5747,44100,Ds3,51,fortissimo,normal,1,0
tuba/Ds3/tuba_Ds3_05_mezzo-forte_normal.mp3,tuba,brass,0.6269,44100,Ds3,51,mezzo-forte,normal,1,0
tuba/Ds3/tuba_Ds3_05_mezzo-piano_normal.mp3,tuba,brass,0.6269,44100,Ds3,51,mezzo-piano,normal,1,0
tuba/Ds3/tuba_Ds3_05_pianissimo_normal.mp3,tuba,brass,0.5485,44100,Ds3,51,pianissimo,normal,1,0
tuba/Ds3/tuba_Ds3_05_piano_normal.mp3,tuba,brass,0.5747,44100,Ds3,51,piano,normal,1,0
tuba/Ds3/tuba_Ds3_15_mezzo-forte_normal.mp3,tuba,brass,1.1755,44100,Ds3,51,mezzo-forte,normal,1,0
tuba/Ds3/tuba_Ds3_15_mezzo-piano_normal.mp3,tuba,brass,0.9404,44100,Ds3,51,mezzo-piano,normal,1,0
tuba/Ds3/tuba_Ds3_15_pianissimo_normal.mp3,tuba,brass,0.9926,44100,Ds3,51,pianissimo,normal,1,0
tuba/Ds3/tuba_Ds3_15_piano_normal.mp3,tuba,brass,0.9404,44100,Ds3,51,piano,normal,1,0
tuba/Ds3/tuba_Ds3_1_fortissimo_normal.mp3,tuba,brass,0.9926,44100,Ds3,51,fortissimo,normal,1,0
tuba/Ds3/tuba_Ds3_1_mezzo-forte_normal.mp3,tuba,brass,1.071,44100,Ds3,51,mezzo-forte,normal,1,0
tuba/Ds3/tuba_Ds3_1_mezzo-piano_normal.mp3,tuba,brass,0.5224,44100,Ds3,51,mezzo-piano,normal,1,0
tuba/Ds3/tuba_Ds3_1_pianissimo_normal.mp3,tuba,brass,0.7314,44100,Ds3,51,pianissimo,normal,1,0
tuba/Ds3/tuba_Ds3_1_piano_normal.mp3,tuba,brass,0.7575,44100,Ds3,51,piano,normal,1,0
tuba/Ds3/tuba_Ds3_phrase_mezzo-piano_normal.mp3,tuba,brass,0.862,44100,Ds3,51,mezzo-piano,normal,1,1
tuba/Ds3/tuba_Ds3_very-long_cresc-decresc_normal.mp3,tuba,brass,11.102,44100,Ds3,51,cresc-decresc,normal,1,0
tuba/Ds4/tuba_Ds4_025_forte_normal.mp3,tuba,brass,0.3134,44100,Ds4,63,forte,normal,1,0
tuba/Ds4/tuba_Ds4_025_fortissimo_normal.mp3,tuba,brass,0.3657,44100,Ds4,63,fortissimo,normal,1,0
tuba/Ds4/tuba_Ds4_025_mezzo-forte_normal.mp3,tuba,brass,0.653,44100,Ds4,63,mezzo-forte,normal,1,0
tuba/Ds4/tuba_Ds4_025_mezzo-piano_normal.mp3,tuba,brass,0.3134,44100,Ds4,63,mezzo-piano,normal,1,0
tuba/Ds4/tuba_Ds4_025_pianissimo_normal.mp3,tuba,brass,0.3134,44100,Ds4,63,pianissimo,normal,1,0
tuba/Ds4/tuba_Ds4_025_piano_normal.mp3,tuba,brass,0.3396,44100,Ds4,63,piano,normal,1,0
tuba/Ds4/tuba_Ds4_05_forte_normal.mp3,tuba,brass,0.5747,44100,Ds4,63,forte,normal,1,0
tuba/Ds4/tuba_Ds4_05_fortissimo_normal.mp3,tuba,brass,0.6269,44100,Ds4,63,fortissimo,normal,1,0
tuba/Ds4/tuba_Ds4_05_mezzo-forte_normal.mp3,tuba,brass,0.3918,44100,Ds4,63,mezzo-forte,normal,1,0
tuba/Ds4/tuba_Ds4_05_mezzo-piano_normal.mp3,tuba,brass,0.4702,44100,Ds4,63,mezzo-piano,normal,1,0
tuba/Ds4/tuba_Ds4_05_pianissimo_normal.mp3,tuba,brass,0.3657,44100,Ds4,63,pianissimo,normal,1,0
tuba/Ds4/tuba_Ds4_05_piano_normal.mp3,tuba,brass,0.3918,44100,Ds4,63,piano,normal,1,0
tuba/Ds4/tuba_Ds4_15_forte_normal.mp3,tuba,brass,0.9404,44100,Ds4,63,forte,normal,1,0
tuba/Ds4/tuba_Ds4_15_fortissimo_normal.mp3,tuba,brass,0.9665,44100,Ds4,63,fortissimo,normal,1,0
tuba/Ds4/tuba_Ds4_15_mezzo-forte_normal.mp3,tuba,brass,0.8881,44100,Ds4,63,mezzo-forte,normal,1,0
tuba/Ds4/tuba_Ds4_15_mezzo-piano_normal.mp3,tuba,brass,0.7053,44100,Ds4,63,mezzo-piano,normal,1,0
tuba/Ds4/tuba_Ds4_15_pianissimo_normal.mp3,tuba,brass,0.8098,44100,Ds4,63,pianissimo,normal,1,0
tuba/Ds4/tuba_Ds4_15_piano_normal.mp3,tuba,brass,0.653,44100,Ds4,63,piano,normal,1,0
tuba/Ds4/tuba_Ds4_1_forte_normal.mp3,tuba,brass,0.6792,44100,Ds4,63,forte,normal,1,0
tuba/Ds4/tuba_Ds4_1_fortissimo_normal.mp3,tuba,brass,0.653,44100,Ds4,63,fortissimo,normal,1,0
tuba/Ds4/tuba_Ds4_1_mezzo-forte_normal.mp3,tuba,brass,0.5485,44100,Ds4,63,mezzo-forte,normal,1,0
tuba/Ds4/tuba_Ds4_1_mezzo-piano_normal.mp3,tuba,brass,0.6008,44100,Ds4,63,mezzo-piano,normal,1,0
tuba/Ds4/tuba_Ds4_1_pianissimo_normal.mp3,tuba,brass,0.4179,44100,Ds4,63,pianissimo,normal,1,0
tuba/Ds4/tuba_Ds4_1_piano_normal.mp3,tuba,brass,0.4702,44100,Ds4,63,piano,normal,1,0
tuba/Ds4/tuba_Ds4_very-long_cresc-decresc_normal.mp3,tuba,brass,7.9151,44100,Ds4,63,cresc-decresc,normal,1,0
tuba/E2/tuba_E2_025_forte_normal.mp3,tuba,brass,0.4179,44100,E2,40,forte,normal,1,0
tuba/E2/tuba_E2_025_fortissimo_normal.mp3,tuba,brass,0.4179,44100,E2,40,fortissimo,normal,1,0
tuba/E2/tuba_E2_025_mezzo-forte_normal.mp3,tuba,brass,0.4963,44100,E2,40,mezzo-forte,normal,1,0
tuba/E2/tuba_E2_025_mezzo-piano_normal.mp3,tuba,brass,0.4441,44100,E2,40,mezzo-piano,normal,1,0
tuba/E2/tuba_E2_025_pianissimo_normal.mp3,tuba,brass,0.3396,44100,E2,40,pianissimo,normal,1,0
tuba/E2/tuba_E2_025_piano_normal.mp3,tuba,brass,0.4179,44100,E2,40,piano,normal,1,0
tuba/E2/tuba_E2_05_forte_normal.mp3,tuba,brass,0.6792,44100,E2,40,forte,normal,1,0
tuba/E2/tuba_E2_05_fortissimo_normal.mp3,tuba,brass,0.5224,44100,E2,40,fortissimo,normal,1,0
tuba/E2/tuba_E2_05_mezzo-forte_normal.mp3,tuba,brass,0.4963,44100,E2,40,mezzo-forte,normal,1,0
tuba/E2/tuba_E2_05_mezzo-piano_normal.mp3,tuba,brass,0.5224,44100,E2,40,mezzo-piano,normal,1,0
tuba/E2/tuba_E2_05_pianissimo_normal.mp3,tuba,brass,0.5224,44100,E2,40,pianissimo,normal,1,0
tuba/E2/tuba_E2_05_piano_normal.mp3,tuba,brass,0.5224,44100,E2,40,piano,normal,1,0
tuba/E2/tuba_E2_15_fortissimo_normal.mp3,tuba,brass,1.0449,44100,E2,40,fortissimo,normal,1,0
tuba/E2/tuba_E2_15_mezzo-piano_normal.mp3,tuba,brass,0.8359,44100,E2,40,mezzo-piano,normal,1,0
tuba/E2/tuba_E2_15_pianissimo_normal.mp3,tuba,brass,1.0187,44100,E2,40,pianissimo,normal,1,0
tuba/E2/tuba_E2_15_piano_normal.mp3,tuba,brass,0.9926,44100,E2,40,piano,normal,1,0
tuba/E2/tuba_E2_1_forte_normal.mp3,tuba,brass,0.7836,44100,E2,40,forte,normal,1,0
tuba/E2/tuba_E2_1_fortissimo_normal.mp3,tuba,brass,0.8098,44100,E2,40,fortissimo,normal,1,0
tuba/E2/tuba_E2_1_mezzo-forte_normal.mp3,tuba,brass,0.8881,44100,E2,40,mezzo-forte,normal,1,0
tuba/E2/tuba_E2_1_mezzo-piano_normal.mp3,tuba,brass,0.4963,44100,E2,40,mezzo-piano,normal,1,0
tuba/E2/tuba_E2_1_pianissimo_normal.mp3,tuba,brass,0.7053,44100,E2,40,pianissimo,normal,1,0
tuba/E2/tuba_E2_1_piano_normal.mp3,tuba,brass,0.653,44100,E2,40,piano,normal,1,0
tuba/E3/tuba_E3_025_forte_normal.mp3,tuba,brass,0.3396,44100,E3,52,forte,normal,1,0
tuba/E3/tuba_E3_025_fortissimo_normal.mp3,tuba,brass,0.4179,44100,E3,52,fortissimo,normal,1,0
tuba/E3/tuba_E3_025_mezzo-forte_normal.mp3,tuba,brass,0.3918,44100,E3,52,mezzo-forte,normal,1,0
tuba/E3/tuba_E3_025_mezzo-piano_normal.mp3,tuba,brass,0.7575,44100,E3,52,mezzo-piano,normal,1,0
tuba/E3/tuba_E3_025_pianissimo_normal.mp3,tuba,brass,0.4179,44100,E3,52,pianissimo,normal,1,0
tuba/E3/tuba_E3_025_piano_normal.mp3,tuba,brass,0.4441,44100,E3,52,piano,normal,1,0
tuba/E3/tuba_E3_05_forte_normal.mp3,tuba,brass,0.5747,44100,E3,52,forte,normal,1,0
tuba/E3/tuba_E3_05_fortissimo_normal.mp3,tuba,brass,0.5224,44100,E3,52,fortissimo,normal,1,0
tuba/E3/tuba_E3_05_mezzo-forte_normal.mp3,tuba,brass,0.3918,44100,E3,52,mezzo-forte,normal,1,0
tuba/E3/tuba_E3_05_mezzo-piano_normal.mp3,tuba,brass,0.5224,44100,E3,52,mezzo-piano,normal,1,0
tuba/E3/tuba_E3_05_pianissimo_normal.mp3,tuba,brass,0.5485,44100,E3,52,pianissimo,normal,1,0
tuba/E3/tuba_E3_05_piano_normal.mp3,tuba,brass,0.4702,44100,E3,52,piano,normal,1,0
tuba/E3/tuba_E3_15_fortissimo_normal.mp3,tuba,brass,0.862,44100,E3,52,fortissimo,normal,1,0
tuba/E3/tuba_E3_15_mezzo-piano_normal.mp3,tuba,brass,0.7836,44100,E3,52,mezzo-piano,normal,1,0
tuba/E3/tuba_E3_15_pianissimo_normal.mp3,tuba,brass,0.9404,44100,E3,52,pianissimo,normal,1,0
tuba/E3/tuba_E3_15_piano_normal.mp3,tuba,brass,0.9665,44100,E3,52,piano,normal,1,0
tuba/E3/tuba_E3_1_fortissimo_normal.mp3,tuba,brass,0.7575,44100,E3,52,fortissimo,normal,1,0
tuba/E3/tuba_E3_1_mezzo-forte_normal.mp3,tuba,brass,1.0187,44100,E3,52,mezzo-forte,normal,1,0
tuba/E3/tuba_E3_1_mezzo-piano_normal.mp3,tuba,brass,0.5485,44100,E3,52,mezzo-piano,normal,1,0
tuba/E3/tuba_E3_1_pianissimo_normal.mp3,tuba,brass,0.5224,44100,E3,52,pianissimo,normal,1,0
tuba/E3/tuba_E3_1_piano_normal.mp3,tuba,brass,0.4963,44100,E3,52,piano,normal,1,0
tuba/E4/tuba_E4_025_forte_normal.mp3,tuba,brass,0.3134,44100,E4,64,forte,normal,1,0
tuba/E4/tuba_E4_025_fortissimo_normal.mp3,tuba,brass,0.3918,44100,E4,64,fortissimo,normal,1,0
tuba/E4/tuba_E4_025_mezzo-forte_normal.mp3,tuba,brass,0.3396,44100,E4,64,mezzo-forte,normal,1,0
tuba/E4/tuba_E4_025_mezzo-piano_normal.mp3,tuba,brass,0.3657,44100,E4,64,mezzo-piano,normal,1,0
tuba/E4/tuba_E4_025_pianissimo_normal.mp3,tuba,brass,0.3396,44100,E4,64,pianissimo,normal,1,0
tuba/E4/tuba_E4_025_piano_normal.mp3,tuba,brass,0.2351,44100,E4,64,piano,normal,1,0
tuba/E4/tuba_E4_05_forte_normal.mp3,tuba,brass,0.2351,44100,E4,64,forte,normal,1,0
tuba/E4/tuba_E4_05_fortissimo_normal.mp3,tuba,brass,0.4963,44100,E4,64,fortissimo,normal,1,0
tuba/E4/tuba_E4_05_mezzo-forte_normal.mp3,tuba,brass,0.4179,44100,E4,64,mezzo-forte,normal,1,0
tuba/E4/tuba_E4_05_mezzo-piano_normal.mp3,tuba,brass,0.3657,44100,E4,64,mezzo-piano,normal,1,0
tuba/E4/tuba_E4_05_pianissimo_normal.mp3,tuba,brass,0.3134,44100,E4,64,pianissimo,normal,1,0
tuba/E4/tuba_E4_05_piano_normal.mp3,tuba,brass,0.3918,44100,E4,64,piano,normal,1,0
tuba/E4/tuba_E4_15_forte_normal.mp3,tuba,brass,1.0449,44100,E4,64,forte,normal,1,0
tuba/E4/tuba_E4_15_fortissimo_normal.mp3,tuba,brass,1.6196,44100,E4,64,fortissimo,normal,1,0
tuba/E4/tuba_E4_15_mezzo-forte_normal.mp3,tuba,brass,0.7836,44100,E4,64,mezzo-forte,normal,1,0
tuba/E4/tuba_E4_15_mezzo-piano_normal.mp3,tuba,brass,0.7314,44100,E4,64,mezzo-piano,normal,1,0
tuba/E4/tuba_E4_15_piano_normal.mp3,tuba,brass,0.9665,44100,E4,64,piano,normal,1,0
tuba/E4/tuba_E4_1_forte_normal.mp3,tuba,brass,0.653,44100,E4,64,forte,normal,1,0
tuba/E4/tuba_E4_1_fortissimo_normal.mp3,tuba,brass,0.6008,44100,E4,64,fortissimo,normal,1,0
tuba/E4/tuba_E4_1_mezzo-forte_normal.mp3,tuba,brass,0.4963,44100,E4,64,mezzo-forte,normal,1,0
tuba/E4/tuba_E4_1_mezzo-piano_normal.mp3,tuba,brass,0.4963,44100,E4,64,mezzo-piano,normal,1,0
tuba/E4/tuba_E4_1_pianissimo_normal.mp3,tuba,brass,0.5224,44100,E4,64,pianissimo,normal,1,0
tuba/E4/tuba_E4_1_piano_normal.mp3,tuba,brass,0.4963,44100,E4,64,piano,normal,1,0
tuba/F1/tuba_F1_025_fortissimo_normal.mp3,tuba,brass,0.4441,44100,F1,29,fortissimo,normal,1,0
tuba/F1/tuba_F1_025_mezzo-forte_normal.mp3,tuba,brass,0.4702,44100,F1,29,mezzo-forte,normal,1,0
tuba/F1/tuba_F1_025_mezzo-piano_normal.mp3,tuba,brass,0.4179,44100,F1,29,mezzo-piano,normal,1,0
tuba/F1/tuba_F1_025_pianissimo_normal.mp3,tuba,brass,0.4441,44100,F1,29,pianissimo,normal,1,0
tuba/F1/tuba_F1_025_piano_normal.mp3,tuba,brass,0.4441,44100,F1,29,piano,normal,1,0
tuba/F1/tuba_F1_05_forte_normal.mp3,tuba,brass,0.8881,44100,F1,29,forte,normal,1,0
tuba/F1/tuba_F1_05_fortissimo_normal.mp3,tuba,brass,0.5224,44100,F1,29,fortissimo,normal,1,0
tuba/F1/tuba_F1_05_mezzo-forte_normal.mp3,tuba,brass,0.7053,44100,F1,29,mezzo-forte,normal,1,0
tuba/F1/tuba_F1_05_mezzo-piano_normal.mp3,tuba,brass,0.5224,44100,F1,29,mezzo-piano,normal,1,0
tuba/F1/tuba_F1_05_pianissimo_normal.mp3,tuba,brass,0.4441,44100,F1,29,pianissimo,normal,1,0
tuba/F1/tuba_F1_05_piano_normal.mp3,tuba,brass,0.6008,44100,F1,29,piano,normal,1,0
tuba/F1/tuba_F1_15_mezzo-piano_normal.mp3,tuba,brass,1.1755,44100,F1,29,mezzo-piano,normal,1,0
tuba/F1/tuba_F1_15_pianissimo_normal.mp3,tuba,brass,1.1494,44100,F1,29,pianissimo,normal,1,0
tuba/F1/tuba_F1_15_piano_normal.mp3,tuba,brass,1.0971,44100,F1,29,piano,normal,1,0
tuba/F1/tuba_F1_1_fortissimo_normal.mp3,tuba,brass,0.9926,44100,F1,29,fortissimo,normal,1,0
tuba/F1/tuba_F1_1_mezzo-forte_normal.mp3,tuba,brass,1.2016,44100,F1,29,mezzo-forte,normal,1,0
tuba/F1/tuba_F1_1_mezzo-piano_normal.mp3,tuba,brass,0.7314,44100,F1,29,mezzo-piano,normal,1,0
tuba/F1/tuba_F1_1_pianissimo_normal.mp3,tuba,brass,0.6008,44100,F1,29,pianissimo,normal,1,0
tuba/F1/tuba_F1_1_piano_normal.mp3,tuba,brass,0.7053,44100,F1,29,piano,normal,1,0
tuba/F2/tuba_F2_025_forte_normal.mp3,tuba,brass,0.3918,44100,F2,41,forte,normal,1,0
tuba/F2/tuba_F2_025_fortissimo_normal.mp3,tuba,brass,0.3396,44100,F2,41,fortissimo,normal,1,0
tuba/F2/tuba_F2_025_mezzo-forte_normal.mp3,tuba,brass,0.4963,44100,F2,41,mezzo-forte,normal,1,0
tuba/F2/tuba_F2_025_mezzo-piano_normal.mp3,tuba,brass,0.3657,44100,F2,41,mezzo-piano,normal,1,0
tuba/F2/tuba_F2_025_pianissimo_normal.mp3,tuba,brass,0.3396,44100,F2,41,pianissimo,normal,1,0
tuba/F2/tuba_F2_05_forte_normal.mp3,tuba,brass,0.6269,44100,F2,41,forte,normal,1,0
tuba/F2/tuba_F2_05_fortissimo_normal.mp3,tuba,brass,0.4963,44100,F2,41,fortissimo,normal,1,0
tuba/F2/tuba_F2_05_mezzo-forte_normal.mp3,tuba,brass,0.5747,44100,F2,41,mezzo-forte,normal,1,0
tuba/F2/tuba_F2_05_mezzo-piano_normal.mp3,tuba,brass,0.5224,44100,F2,41,mezzo-piano,normal,1,0
tuba/F2/tuba_F2_05_pianissimo_normal.mp3,tuba,brass,0.6269,44100,F2,41,pianissimo,normal,1,0
tuba/F2/tuba_F2_05_piano_normal.mp3,tuba,brass,0.653,44100,F2,41,piano,normal,1,0
tuba/F2/tuba_F2_15_forte_normal.mp3,tuba,brass,0.7314,44100,F2,41,forte,normal,1,0
tuba/F2/tuba_F2_15_fortissimo_normal.mp3,tuba,brass,0.9665,44100,F2,41,fortissimo,normal,1,0
tuba/F2/tuba_F2_15_mezzo-forte_normal.mp3,tuba,brass,0.9143,44100,F2,41,mezzo-forte,normal,1,0
tuba/F2/tuba_F2_15_mezzo-piano_normal.mp3,tuba,brass,0.8359,44100,F2,41,mezzo-piano,normal,1,0
tuba/F2/tuba_F2_15_pianissimo_normal.mp3,tuba,brass,0.862,44100,F2,41,pianissimo,normal,1,0
tuba/F2/tuba_F2_1_forte_normal.mp3,tuba,brass,0.6269,44100,F2,41,forte,normal,1,0
tuba/F2/tuba_F2_1_fortissimo_normal.mp3,tuba,brass,0.8881,44100,F2,41,fortissimo,normal,1,0
tuba/F2/tuba_F2_1_mezzo-forte_normal.mp3,tuba,brass,0.6269,44100,F2,41,mezzo-forte,normal,1,0
tuba/F2/tuba_F2_1_mezzo-piano_normal.mp3,tuba,brass,0.5224,44100,F2,41,mezzo-piano,normal,1,0
tuba/F2/tuba_F2_1_pianissimo_normal.mp3,tuba,brass,0.7314,44100,F2,41,pianissimo,normal,1,0
tuba/F2/tuba_F2_1_piano_normal.mp3,tuba,brass,1.0187,44100,F2,41,piano,normal,1,0
tuba/F3/tuba_F3_025_forte_normal.mp3,tuba,brass,0.3657,44100,F3,53,forte,normal,1,0
tuba/F3/tuba_F3_025_fortissimo_normal.mp3,tuba,brass,0.4441,44100,F3,53,fortissimo,normal,1,0
tuba/F3/tuba_F3_025_mezzo-forte_normal.mp3,tuba,brass,0.3918,44100,F3,53,mezzo-forte,normal,1,0
tuba/F3/tuba_F3_025_mezzo-piano_normal.mp3,tuba,brass,0.4179,44100,F3,53,mezzo-piano,normal,1,0
tuba/F3/tuba_F3_025_pianissimo_normal.mp3,tuba,brass,0.3396,44100,F3,53,pianissimo,normal,1,0
tuba/F3/tuba_F3_025_piano_normal.mp3,tuba,brass,0.4441,44100,F3,53,piano,normal,1,0
tuba/F3/tuba_F3_05_forte_normal.mp3,tuba,brass,0.5224,44100,F3,53,forte,normal,1,0
tuba/F3/tuba_F3_05_fortissimo_normal.mp3,tuba,brass,0.4963,44100,F3,53,fortissimo,normal,1,0
tuba/F3/tuba_F3_05_mezzo-forte_normal.mp3,tuba,brass,0.8098,44100,F3,53,mezzo-forte,normal,1,0
tuba/F3/tuba_F3_05_mezzo-piano_normal.mp3,tuba,brass,0.5747,44100,F3,53,mezzo-piano,normal,1,0
tuba/F3/tuba_F3_05_pianissimo_normal.mp3,tuba,brass,0.5224,44100,F3,53,pianissimo,normal,1,0
tuba/F3/tuba_F3_05_piano_normal.mp3,tuba,brass,0.4963,44100,F3,53,piano,normal,1,0
tuba/F3/tuba_F3_15_forte_normal.mp3,tuba,brass,1.0187,44100,F3,53,forte,normal,1,0
tuba/F3/tuba_F3_15_fortissimo_normal.mp3,tuba,brass,0.9404,44100,F3,53,fortissimo,normal,1,0
tuba/F3/tuba_F3_15_mezzo-forte_normal.mp3,tuba,brass,0.9926,44100,F3,53,mezzo-forte,normal,1,0
tuba/F3/tuba_F3_15_mezzo-piano_normal.mp3,tuba,brass,0.9665,44100,F3,53,mezzo-piano,normal,1,0
tuba/F3/tuba_F3_15_pianissimo_normal.mp3,tuba,brass,1.0187,44100,F3,53,pianissimo,normal,1,0
tuba/F3/tuba_F3_15_piano_normal.mp3,tuba,brass,0.9665,44100,F3,53,piano,normal,1,0
tuba/F3/tuba_F3_1_forte_normal.mp3,tuba,brass,0.6792,44100,F3,53,forte,normal,1,0
tuba/F3/tuba_F3_1_fortissimo_normal.mp3,tuba,brass,0.8098,44100,F3,53,fortissimo,normal,1,0
tuba/F3/tuba_F3_1_mezzo-forte_normal.mp3,tuba,brass,0.9665,44100,F3,53,mezzo-forte,normal,1,0
tuba/F3/tuba_F3_1_mezzo-piano_normal.mp3,tuba,brass,0.5747,44100,F3,53,mezzo-piano,normal,1,0
tuba/F3/tuba_F3_1_pianissimo_normal.mp3,tuba,brass,0.6008,44100,F3,53,pianissimo,normal,1,0
tuba/F3/tuba_F3_1_piano_normal.mp3,tuba,brass,0.4702,44100,F3,53,piano,normal,1,0
tuba/F4/tuba_F4_025_forte_normal.mp3,tuba,brass,0.4963,44100,F4,65,forte,normal,1,0
tuba/F4/tuba_F4_025_fortissimo_normal.mp3,tuba,brass,0.3134,44100,F4,65,fortissimo,normal,1,0
tuba/F4/tuba_F4_025_mezzo-forte_normal.mp3,tuba,brass,0.3396,44100,F4,65,mezzo-forte,normal,1,0
tuba/F4/tuba_F4_025_mezzo-piano_normal.mp3,tuba,brass,0.2612,44100,F4,65,mezzo-piano,normal,1,0
tuba/F4/tuba_F4_025_pianissimo_normal.mp3,tuba,brass,0.2873,44100,F4,65,pianissimo,normal,1,0
tuba/F4/tuba_F4_05_forte_normal.mp3,tuba,brass,0.3396,44100,F4,65,forte,normal,1,0
tuba/F4/tuba_F4_05_fortissimo_normal.mp3,tuba,brass,0.4441,44100,F4,65,fortissimo,normal,1,0
tuba/F4/tuba_F4_05_mezzo-forte_normal.mp3,tuba,brass,0.4179,44100,F4,65,mezzo-forte,normal,1,0
tuba/F4/tuba_F4_05_mezzo-piano_normal.mp3,tuba,brass,0.4179,44100,F4,65,mezzo-piano,normal,1,0
tuba/F4/tuba_F4_05_pianissimo_normal.mp3,tuba,brass,0.3657,44100,F4,65,pianissimo,normal,1,0
tuba/F4/tuba_F4_15_forte_normal.mp3,tuba,brass,0.9143,44100,F4,65,forte,normal,1,0
tuba/F4/tuba_F4_15_fortissimo_normal.mp3,tuba,brass,0.9665,44100,F4,65,fortissimo,normal,1,0
tuba/F4/tuba_F4_15_mezzo-forte_normal.mp3,tuba,brass,1.2016,44100,F4,65,mezzo-forte,normal,1,0
tuba/F4/tuba_F4_15_mezzo-piano_normal.mp3,tuba,brass,1.071,44100,F4,65,mezzo-piano,normal,1,0
tuba/F4/tuba_F4_15_pianissimo_normal.mp3,tuba,brass,0.8881,44100,F4,65,pianissimo,normal,1,0
tuba/F4/tuba_F4_1_forte_normal.mp3,tuba,brass,0.4702,44100,F4,65,forte,normal,1,0
tuba/F4/tuba_F4_1_fortissimo_normal.mp3,tuba,brass,0.6792,44100,F4,65,fortissimo,normal,1,0
tuba/F4/tuba_F4_1_mezzo-forte_normal.mp3,tuba,brass,0.5224,44100,F4,65,mezzo-forte,normal,1,0
tuba/F4/tuba_F4_1_mezzo-piano_normal.mp3,tuba,brass,0.3396,44100,F4,65,mezzo-piano,normal,1,0
tuba/F4/tuba_F4_1_pianissimo_normal.mp3,tuba,brass,0.4963,44100,F4,65,pianissimo,normal,1,0
tuba/Fs1/tuba_Fs1_025_forte_normal.mp3,tuba,brass,0.3657,44100,Fs1,30,forte,normal,1,0
tuba/Fs1/tuba_Fs1_025_fortissimo_normal.mp3,tuba,brass,0.4441,44100,Fs1,30,fortissimo,normal,1,0
tuba/Fs1/tuba_Fs1_025_mezzo-forte_normal.mp3,tuba,brass,0.4179,44100,Fs1,30,mezzo-forte,normal,1,0
tuba/Fs1/tuba_Fs1_025_pianissimo_normal.mp3,tuba,brass,0.4702,44100,Fs1,30,pianissimo,normal,1,0
tuba/Fs1/tuba_Fs1_025_piano_normal.mp3,tuba,brass,0.6792,44100,Fs1,30,piano,normal,1,0
tuba/Fs1/tuba_Fs1_05_forte_normal.mp3,tuba,brass,0.653,44100,Fs1,30,forte,normal,1,0
tuba/Fs1/tuba_Fs1_05_fortissimo_normal.mp3,tuba,brass,0.8359,44100,Fs1,30,fortissimo,normal,1,0
tuba/Fs1/tuba_Fs1_05_mezzo-forte_normal.mp3,tuba,brass,0.6008,44100,Fs1,30,mezzo-forte,normal,1,0
tuba/Fs1/tuba_Fs1_05_mezzo-piano_normal.mp3,tuba,brass,0.5747,44100,Fs1,30,mezzo-piano,normal,1,0
tuba/Fs1/tuba_Fs1_05_pianissimo_normal.mp3,tuba,brass,0.5747,44100,Fs1,30,pianissimo,normal,1,0
tuba/Fs1/tuba_Fs1_05_piano_normal.mp3,tuba,brass,1.0449,44100,Fs1,30,piano,normal,1,0
tuba/Fs1/tuba_Fs1_15_pianissimo_normal.mp3,tuba,brass,1.2016,44100,Fs1,30,pianissimo,normal,1,0
tuba/Fs1/tuba_Fs1_1_forte_normal.mp3,tuba,brass,0.7836,44100,Fs1,30,forte,normal,1,0
tuba/Fs1/tuba_Fs1_1_fortissimo_normal.mp3,tuba,brass,0.7836,44100,Fs1,30,fortissimo,normal,1,0
tuba/Fs1/tuba_Fs1_1_mezzo-forte_normal.mp3,tuba,brass,1.0971,44100,Fs1,30,mezzo-forte,normal,1,0
tuba/Fs1/tuba_Fs1_1_mezzo-piano_normal.mp3,tuba,brass,1.2277,44100,Fs1,30,mezzo-piano,normal,1,0
tuba/Fs1/tuba_Fs1_1_pianissimo_normal.mp3,tuba,brass,0.8098,44100,Fs1,30,pianissimo,normal,1,0
tuba/Fs2/tuba_Fs2_025_forte_normal.mp3,tuba,brass,0.3657,44100,Fs2,42,forte,normal,1,0
tuba/Fs2/tuba_Fs2_025_fortissimo_normal.mp3,tuba,brass,0.3396,44100,Fs2,42,fortissimo,normal,1,0
tuba/Fs2/tuba_Fs2_025_mezzo-forte_normal.mp3,tuba,brass,0.3657,44100,Fs2,42,mezzo-forte,normal,1,0
tuba/Fs2/tuba_Fs2_025_mezzo-piano_normal.mp3,tuba,brass,0.2873,44100,Fs2,42,mezzo-piano,normal,1,0
tuba/Fs2/tuba_Fs2_025_pianissimo_normal.mp3,tuba,brass,0.3657,44100,Fs2,42,pianissimo,normal,1,0
tuba/Fs2/tuba_Fs2_05_forte_normal.mp3,tuba,brass,0.5485,44100,Fs2,42,forte,normal,1,0
tuba/Fs2/tuba_Fs2_05_fortissimo_normal.mp3,tuba,brass,0.9665,44100,Fs2,42,fortissimo,normal,1,0
tuba/Fs2/tuba_Fs2_05_mezzo-forte_normal.mp3,tuba,brass,0.6269,44100,Fs2,42,mezzo-forte,normal,1,0
tuba/Fs2/tuba_Fs2_05_mezzo-piano_normal.mp3,tuba,brass,0.4441,44100,Fs2,42,mezzo-piano,normal,1,0
tuba/Fs2/tuba_Fs2_05_pianissimo_normal.mp3,tuba,brass,0.4441,44100,Fs2,42,pianissimo,normal,1,0
tuba/Fs2/tuba_Fs2_05_piano_normal.mp3,tuba,brass,0.6792,44100,Fs2,42,piano,normal,1,0
tuba/Fs2/tuba_Fs2_15_forte_normal.mp3,tuba,brass,0.8881,44100,Fs2,42,forte,normal,1,0
tuba/Fs2/tuba_Fs2_15_mezzo-forte_normal.mp3,tuba,brass,0.9404,44100,Fs2,42,mezzo-forte,normal,1,0
tuba/Fs2/tuba_Fs2_15_mezzo-piano_normal.mp3,tuba,brass,0.7836,44100,Fs2,42,mezzo-piano,normal,1,0
tuba/Fs2/tuba_Fs2_15_pianissimo_normal.mp3,tuba,brass,1.1232,44100,Fs2,42,pianissimo,normal,1,0
tuba/Fs2/tuba_Fs2_1_forte_normal.mp3,tuba,brass,0.5747,44100,Fs2,42,forte,normal,1,0
tuba/Fs2/tuba_Fs2_1_fortissimo_normal.mp3,tuba,brass,0.8359,44100,Fs2,42,fortissimo,normal,1,0
tuba/Fs2/tuba_Fs2_1_mezzo-forte_normal.mp3,tuba,brass,0.653,44100,Fs2,42,mezzo-forte,normal,1,0
tuba/Fs2/tuba_Fs2_1_mezzo-piano_normal.mp3,tuba,brass,0.5485,44100,Fs2,42,mezzo-piano,normal,1,0
tuba/Fs2/tuba_Fs2_1_pianissimo_normal.mp3,tuba,brass,0.6008,44100,Fs2,42,pianissimo,normal,1,0
tuba/Fs2/tuba_Fs2_1_piano_normal.mp3,tuba,brass,1.0449,44100,Fs2,42,piano,normal,1,0
tuba/Fs2/tuba_Fs2_very-long_cresc-decresc_normal.mp3,tuba,brass,9.1167,44100,Fs2,42,cresc-decresc,normal,1,0
tuba/Fs3/tuba_Fs3_025_forte_normal.mp3,tuba,brass,0.3396,44100,Fs3,54,forte,normal,1,0
tuba/Fs3/tuba_Fs3_025_fortissimo_normal.mp3,tuba,brass,0.3918,44100,Fs3,54,fortissimo,normal,1,0
tuba/Fs3/tuba_Fs3_025_mezzo-forte_normal.mp3,tuba,brass,0.4179,44100,Fs3,54,mezzo-forte,normal,1,0
tuba/Fs3/tuba_Fs3_025_mezzo-piano_normal.mp3,tuba,brass,0.3396,44100,Fs3,54,mezzo-piano,normal,1,0
tuba/Fs3/tuba_Fs3_025_pianissimo_normal.mp3,tuba,brass,0.3396,44100,Fs3,54,pianissimo,normal,1,0
tuba/Fs3/tuba_Fs3_025_piano_normal.mp3,tuba,brass,0.3657,44100,Fs3,54,piano,normal,1,0
tuba/Fs3/tuba_Fs3_05_forte_normal.mp3,tuba,brass,0.5485,44100,Fs3,54,forte,normal,1,0
tuba/Fs3/tuba_Fs3_05_fortissimo_normal.mp3,tuba,brass,0.4963,44100,Fs3,54,fortissimo,normal,1,0
tuba/Fs3/tuba_Fs3_05_mezzo-forte_normal.mp3,tuba,brass,0.5747,44100,Fs3,54,mezzo-forte,normal,1,0
tuba/Fs3/tuba_Fs3_05_mezzo-piano_normal.mp3,tuba,brass,0.4702,44100,Fs3,54,mezzo-piano,normal,1,0
tuba/Fs3/tuba_Fs3_05_pianissimo_normal.mp3,tuba,brass,0.4179,44100,Fs3,54,pianissimo,normal,1,0
tuba/Fs3/tuba_Fs3_05_piano_normal.mp3,tuba,brass,0.6008,44100,Fs3,54,piano,normal,1,0
tuba/Fs3/tuba_Fs3_15_forte_normal.mp3,tuba,brass,0.6269,44100,Fs3,54,forte,normal,1,0
tuba/Fs3/tuba_Fs3_15_fortissimo_normal.mp3,tuba,brass,1.0449,44100,Fs3,54,fortissimo,normal,1,0
tuba/Fs3/tuba_Fs3_15_mezzo-forte_normal.mp3,tuba,brass,0.862,44100,Fs3,54,mezzo-forte,normal,1,0
tuba/Fs3/tuba_Fs3_15_mezzo-piano_normal.mp3,tuba,brass,0.862,44100,Fs3,54,mezzo-piano,normal,1,0
tuba/Fs3/tuba_Fs3_15_pianissimo_normal.mp3,tuba,brass,1.0187,44100,Fs3,54,pianissimo,normal,1,0
tuba/Fs3/tuba_Fs3_15_piano_normal.mp3,tuba,brass,0.8881,44100,Fs3,54,piano,normal,1,0
tuba/Fs3/tuba_Fs3_1_forte_normal.mp3,tuba,brass,0.8098,44100,Fs3,54,forte,normal,1,0
tuba/Fs3/tuba_Fs3_1_fortissimo_normal.mp3,tuba,brass,0.6269,44100,Fs3,54,fortissimo,normal,1,0
tuba/Fs3/tuba_Fs3_1_mezzo-forte_normal.mp3,tuba,brass,0.6792,44100,Fs3,54,mezzo-forte,normal,1,0
tuba/Fs3/tuba_Fs3_1_mezzo-piano_normal.mp3,tuba,brass,0.7575,44100,Fs3,54,mezzo-piano,normal,1,0
tuba/Fs3/tuba_Fs3_1_pianissimo_normal.mp3,tuba,brass,0.5224,44100,Fs3,54,pianissimo,normal,1,0
tuba/Fs3/tuba_Fs3_1_piano_normal.mp3,tuba,brass,0.7053,44100,Fs3,54,piano,normal,1,0
tuba/Fs3/tuba_Fs3_very-long_cresc-decresc_normal.mp3,tuba,brass,10.4751,44100,Fs3,54,cresc-decresc,normal,1,0
tuba/G1/tuba_G1_025_forte_normal.mp3,tuba,brass,0.3396,44100,G1,31,forte,normal,1,0
tuba/G1/tuba_G1_025_fortissimo_normal.mp3,tuba,brass,0.3918,44100,G1,31,fortissimo,normal,1,0
tuba/G1/tuba_G1_025_mezzo-forte_normal.mp3,tuba,brass,0.4179,44100,G1,31,mezzo-forte,normal,1,0
tuba/G1/tuba_G1_025_mezzo-piano_normal.mp3,tuba,brass,0.4441,44100,G1,31,mezzo-piano,normal,1,0
tuba/G1/tuba_G1_025_pianissimo_normal.mp3,tuba,brass,0.4963,44100,G1,31,pianissimo,normal,1,0
tuba/G1/tuba_G1_025_piano_normal.mp3,tuba,brass,1.0187,44100,G1,31,piano,normal,1,0
tuba/G1/tuba_G1_05_forte_normal.mp3,tuba,brass,0.5224,44100,G1,31,forte,normal,1,0
tuba/G1/tuba_G1_05_fortissimo_normal.mp3,tuba,brass,0.7314,44100,G1,31,fortissimo,normal,1,0
tuba/G1/tuba_G1_05_mezzo-forte_normal.mp3,tuba,brass,0.6008,44100,G1,31,mezzo-forte,normal,1,0
tuba/G1/tuba_G1_05_mezzo-piano_normal.mp3,tuba,brass,0.5747,44100,G1,31,mezzo-piano,normal,1,0
tuba/G1/tuba_G1_05_pianissimo_normal.mp3,tuba,brass,0.5485,44100,G1,31,pianissimo,normal,1,0
tuba/G1/tuba_G1_05_piano_normal.mp3,tuba,brass,0.653,44100,G1,31,piano,normal,1,0
tuba/G1/tuba_G1_15_fortissimo_normal.mp3,tuba,brass,1.071,44100,G1,31,fortissimo,normal,1,0
tuba/G1/tuba_G1_15_mezzo-piano_normal.mp3,tuba,brass,0.9665,44100,G1,31,mezzo-piano,normal,1,0
tuba/G1/tuba_G1_15_pianissimo_normal.mp3,tuba,brass,1.0971,44100,G1,31,pianissimo,normal,1,0
tuba/G1/tuba_G1_15_piano_normal.mp3,tuba,brass,0.6792,44100,G1,31,piano,normal,1,0
tuba/G1/tuba_G1_1_forte_normal.mp3,tuba,brass,0.862,44100,G1,31,forte,normal,1,0
tuba/G1/tuba_G1_1_fortissimo_normal.mp3,tuba,brass,0.862,44100,G1,31,fortissimo,normal,1,0
tuba/G1/tuba_G1_1_mezzo-forte_normal.mp3,tuba,brass,1.0187,44100,G1,31,mezzo-forte,normal,1,0
tuba/G1/tuba_G1_1_mezzo-piano_normal.mp3,tuba,brass,0.653,44100,G1,31,mezzo-piano,normal,1,0
tuba/G1/tuba_G1_1_pianissimo_normal.mp3,tuba,brass,0.7575,44100,G1,31,pianissimo,normal,1,0
tuba/G1/tuba_G1_1_piano_normal.mp3,tuba,brass,0.862,44100,G1,31,piano,normal,1,0
tuba/G2/tuba_G2_025_forte_normal.mp3,tuba,brass,0.3918,44100,G2,43,forte,normal,1,0
tuba/G2/tuba_G2_025_fortissimo_normal.mp3,tuba,brass,0.4179,44100,G2,43,fortissimo,normal,1,0
tuba/G2/tuba_G2_025_mezzo-forte_normal.mp3,tuba,brass,0.3918,44100,G2,43,mezzo-forte,normal,1,0
tuba/G2/tuba_G2_025_mezzo-piano_normal.mp3,tuba,brass,0.4441,44100,G2,43,mezzo-piano,normal,1,0
tuba/G2/tuba_G2_025_pianissimo_normal.mp3,tuba,brass,0.3918,44100,G2,43,pianissimo,normal,1,0
tuba/G2/tuba_G2_025_piano_normal.mp3,tuba,brass,0.4963,44100,G2,43,piano,normal,1,0
tuba/G2/tuba_G2_05_forte_normal.mp3,tuba,brass,0.6008,44100,G2,43,forte,normal,1,0
tuba/G2/tuba_G2_05_fortissimo_normal.mp3,tuba,brass,0.5224,44100,G2,43,fortissimo,normal,1,0
tuba/G2/tuba_G2_05_mezzo-forte_normal.mp3,tuba,brass,0.6008,44100,G2,43,mezzo-forte,normal,1,0
tuba/G2/tuba_G2_05_mezzo-piano_normal.mp3,tuba,brass,0.6792,44100,G2,43,mezzo-piano,normal,1,0
tuba/G2/tuba_G2_05_pianissimo_normal.mp3,tuba,brass,0.4702,44100,G2,43,pianissimo,normal,1,0
tuba/G2/tuba_G2_05_piano_normal.mp3,tuba,brass,0.5485,44100,G2,43,piano,normal,1,0
tuba/G2/tuba_G2_15_fortissimo_normal.mp3,tuba,brass,0.9665,44100,G2,43,fortissimo,normal,1,0
tuba/G2/tuba_G2_15_mezzo-piano_normal.mp3,tuba,brass,0.8359,44100,G2,43,mezzo-piano,normal,1,0
tuba/G2/tuba_G2_15_pianissimo_normal.mp3,tuba,brass,1.071,44100,G2,43,pianissimo,normal,1,0
tuba/G2/tuba_G2_15_piano_normal.mp3,tuba,brass,0.9926,44100,G2,43,piano,normal,1,0
tuba/G2/tuba_G2_1_forte_normal.mp3,tuba,brass,0.862,44100,G2,43,forte,normal,1,0
tuba/G2/tuba_G2_1_fortissimo_normal.mp3,tuba,brass,0.7053,44100,G2,43,fortissimo,normal,1,0
tuba/G2/tuba_G2_1_mezzo-forte_normal.mp3,tuba,brass,0.8881,44100,G2,43,mezzo-forte,normal,1,0
tuba/G2/tuba_G2_1_mezzo-piano_normal.mp3,tuba,brass,0.8098,44100,G2,43,mezzo-piano,normal,1,0
tuba/G2/tuba_G2_1_pianissimo_normal.mp3,tuba,brass,0.7053,44100,G2,43,pianissimo,normal,1,0
tuba/G2/tuba_G2_1_piano_normal.mp3,tuba,brass,0.8098,44100,G2,43,piano,normal,1,0
tuba/G3/tuba_G3_025_forte_normal.mp3,tuba,brass,0.3657,44100,G3,55,forte,normal,1,0
tuba/G3/tuba_G3_025_fortissimo_normal.mp3,tuba,brass,0.4179,44100,G3,55,fortissimo,normal,1,0
tuba/G3/tuba_G3_025_mezzo-forte_normal.mp3,tuba,brass,0.4179,44100,G3,55,mezzo-forte,normal,1,0
tuba/G3/tuba_G3_025_pianissimo_normal.mp3,tuba,brass,0.4179,44100,G3,55,pianissimo,normal,1,0
tuba/G3/tuba_G3_025_piano_normal.mp3,tuba,brass,0.3396,44100,G3,55,piano,normal,1,0
tuba/G3/tuba_G3_05_forte_normal.mp3,tuba,brass,0.653,44100,G3,55,forte,normal,1,0
tuba/G3/tuba_G3_05_fortissimo_normal.mp3,tuba,brass,0.5485,44100,G3,55,fortissimo,normal,1,0
tuba/G3/tuba_G3_05_mezzo-forte_normal.mp3,tuba,brass,0.5485,44100,G3,55,mezzo-forte,normal,1,0
tuba/G3/tuba_G3_05_mezzo-piano_normal.mp3,tuba,brass,0.6792,44100,G3,55,mezzo-piano,normal,1,0
tuba/G3/tuba_G3_05_pianissimo_normal.mp3,tuba,brass,0.5747,44100,G3,55,pianissimo,normal,1,0
tuba/G3/tuba_G3_05_piano_normal.mp3,tuba,brass,0.5224,44100,G3,55,piano,normal,1,0
tuba/G3/tuba_G3_15_forte_normal.mp3,tuba,brass,0.6008,44100,G3,55,forte,normal,1,0
tuba/G3/tuba_G3_15_fortissimo_normal.mp3,tuba,brass,0.8881,44100,G3,55,fortissimo,normal,1,0
tuba/G3/tuba_G3_15_mezzo-forte_normal.mp3,tuba,brass,0.862,44100,G3,55,mezzo-forte,normal,1,0
tuba/G3/tuba_G3_15_pianissimo_normal.mp3,tuba,brass,0.862,44100,G3,55,pianissimo,normal,1,0
tuba/G3/tuba_G3_15_piano_normal.mp3,tuba,brass,0.9926,44100,G3,55,piano,normal,1,0
tuba/G3/tuba_G3_1_forte_normal.mp3,tuba,brass,0.9665,44100,G3,55,forte,normal,1,0
tuba/G3/tuba_G3_1_fortissimo_normal.mp3,tuba,brass,0.6008,44100,G3,55,fortissimo,normal,1,0
tuba/G3/tuba_G3_1_mezzo-forte_normal.mp3,tuba,brass,0.653,44100,G3,55,mezzo-forte,normal,1,0
tuba/G3/tuba_G3_1_mezzo-piano_normal.mp3,tuba,brass,0.8098,44100,G3,55,mezzo-piano,normal,1,0
tuba/G3/tuba_G3_1_pianissimo_normal.mp3,tuba,brass,0.6269,44100,G3,55,pianissimo,normal,1,0
tuba/G3/tuba_G3_1_piano_normal.mp3,tuba,brass,0.5747,44100,G3,55,piano,normal,1,0
tuba/Gs1/tuba_Gs1_025_forte_normal.mp3,tuba,brass,0.3396,44100,Gs1,32,forte,normal,1,0
tuba/Gs1/tuba_Gs1_025_mezzo-forte_normal.mp3,tuba,brass,0.3918,44100,Gs1,32,mezzo-forte,normal,1,0
tuba/Gs1/tuba_Gs1_025_pianissimo_normal.mp3,tuba,brass,0.3396,44100,Gs1,32,pianissimo,normal,1,0
tuba/Gs1/tuba_Gs1_025_piano_normal.mp3,tuba,brass,1.0449,44100,Gs1,32,piano,normal,1,0
tuba/Gs1/tuba_Gs1_05_forte_normal.mp3,tuba,brass,0.5747,44100,Gs1,32,forte,normal,1,0
tuba/Gs1/tuba_Gs1_05_fortissimo_normal.mp3,tuba,brass,0.7314,44100,Gs1,32,fortissimo,normal,1,0
tuba/Gs1/tuba_Gs1_05_mezzo-forte_normal.mp3,tuba,brass,0.5747,44100,Gs1,32,mezzo-forte,normal,1,0
tuba/Gs1/tuba_Gs1_05_mezzo-piano_normal.mp3,tuba,brass,0.5747,44100,Gs1,32,mezzo-piano,normal,1,0
tuba/Gs1/tuba_Gs1_05_pianissimo_normal.mp3,tuba,brass,0.5485,44100,Gs1,32,pianissimo,normal,1,0
tuba/Gs1/tuba_Gs1_05_piano_normal.mp3,tuba,brass,0.7053,44100,Gs1,32,piano,normal,1,0
tuba/Gs1/tuba_Gs1_15_forte_normal.mp3,tuba,brass,0.5485,44100,Gs1,32,forte,normal,1,0
tuba/Gs1/tuba_Gs1_15_pianissimo_normal.mp3,tuba,brass,0.9665,44100,Gs1,32,pianissimo,normal,1,0
tuba/Gs1/tuba_Gs1_1_forte_normal.mp3,tuba,brass,0.9143,44100,Gs1,32,forte,normal,1,0
tuba/Gs1/tuba_Gs1_1_fortissimo_normal.mp3,tuba,brass,0.9143,44100,Gs1,32,fortissimo,normal,1,0
tuba/Gs1/tuba_Gs1_1_mezzo-forte_normal.mp3,tuba,brass,1.1494,44100,Gs1,32,mezzo-forte,normal,1,0
tuba/Gs1/tuba_Gs1_1_mezzo-piano_normal.mp3,tuba,brass,0.8359,44100,Gs1,32,mezzo-piano,normal,1,0
tuba/Gs1/tuba_Gs1_1_pianissimo_normal.mp3,tuba,brass,0.653,44100,Gs1,32,pianissimo,normal,1,0
tuba/Gs1/tuba_Gs1_1_piano_normal.mp3,tuba,brass,0.9665,44100,Gs1,32,piano,normal,1,0
tuba/Gs2/tuba_Gs2_025_forte_normal.mp3,tuba,brass,0.3657,44100,Gs2,44,forte,normal,1,0
tuba/Gs2/tuba_Gs2_025_fortissimo_normal.mp3,tuba,brass,0.4179,44100,Gs2,44,fortissimo,normal,1,0
tuba/Gs2/tuba_Gs2_025_mezzo-forte_normal.mp3,tuba,brass,0.3918,44100,Gs2,44,mezzo-forte,normal,1,0
tuba/Gs2/tuba_Gs2_025_mezzo-piano_normal.mp3,tuba,brass,0.4441,44100,Gs2,44,mezzo-piano,normal,1,0
tuba/Gs2/tuba_Gs2_025_pianissimo_normal.mp3,tuba,brass,0.3134,44100,Gs2,44,pianissimo,normal,1,0
tuba/Gs2/tuba_Gs2_05_forte_normal.mp3,tuba,brass,0.5224,44100,Gs2,44,forte,normal,1,0
tuba/Gs2/tuba_Gs2_05_fortissimo_normal.mp3,tuba,brass,0.5747,44100,Gs2,44,fortissimo,normal,1,0
tuba/Gs2/tuba_Gs2_05_mezzo-forte_normal.mp3,tuba,brass,0.5224,44100,Gs2,44,mezzo-forte,normal,1,0
tuba/Gs2/tuba_Gs2_05_mezzo-piano_normal.mp3,tuba,brass,0.4179,44100,Gs2,44,mezzo-piano,normal,1,0
tuba/Gs2/tuba_Gs2_05_pianissimo_normal.mp3,tuba,brass,0.4963,44100,Gs2,44,pianissimo,normal,1,0
tuba/Gs2/tuba_Gs2_05_piano_normal.mp3,tuba,brass,0.7053,44100,Gs2,44,piano,normal,1,0
tuba/Gs2/tuba_Gs2_15_fortissimo_normal.mp3,tuba,brass,0.9665,44100,Gs2,44,fortissimo,normal,1,0
tuba/Gs2/tuba_Gs2_15_mezzo-piano_normal.mp3,tuba,brass,0.9665,44100,Gs2,44,mezzo-piano,normal,1,0
tuba/Gs2/tuba_Gs2_15_pianissimo_normal.mp3,tuba,brass,1.1755,44100,Gs2,44,pianissimo,normal,1,0
tuba/Gs2/tuba_Gs2_1_forte_normal.mp3,tuba,brass,0.7836,44100,Gs2,44,forte,normal,1,0
tuba/Gs2/tuba_Gs2_1_fortissimo_normal.mp3,tuba,brass,0.8359,44100,Gs2,44,fortissimo,normal,1,0
tuba/Gs2/tuba_Gs2_1_mezzo-forte_normal.mp3,tuba,brass,0.8359,44100,Gs2,44,mezzo-forte,normal,1,0
tuba/Gs2/tuba_Gs2_1_mezzo-piano_normal.mp3,tuba,brass,0.4441,44100,Gs2,44,mezzo-piano,normal,1,0
tuba/Gs2/tuba_Gs2_1_pianissimo_normal.mp3,tuba,brass,0.7575,44100,Gs2,44,pianissimo,normal,1,0
tuba/Gs2/tuba_Gs2_1_piano_normal.mp3,tuba,brass,0.9926,44100,Gs2,44,piano,normal,1,0
tuba/Gs3/tuba_Gs3_025_forte_normal.mp3,tuba,brass,0.6269,44100,Gs3,56,forte,normal,1,0
tuba/Gs3/tuba_Gs3_025_fortissimo_normal.mp3,tuba,brass,0.4441,44100,Gs3,56,fortissimo,normal,1,0
tuba/Gs3/tuba_Gs3_025_mezzo-forte_normal.mp3,tuba,brass,0.4179,44100,Gs3,56,mezzo-forte,normal,1,0
tuba/Gs3/tuba_Gs3_025_mezzo-piano_normal.mp3,tuba,brass,0.6269,44100,Gs3,56,mezzo-piano,normal,1,0
tuba/Gs3/tuba_Gs3_025_pianissimo_normal.mp3,tuba,brass,0.2873,44100,Gs3,56,pianissimo,normal,1,0
tuba/Gs3/tuba_Gs3_025_piano_normal.mp3,tuba,brass,0.3918,44100,Gs3,56,piano,normal,1,0
tuba/Gs3/tuba_Gs3_05_forte_normal.mp3,tuba,brass,0.4963,44100,Gs3,56,forte,normal,1,0
tuba/Gs3/tuba_Gs3_05_fortissimo_normal.mp3,tuba,brass,0.5485,44100,Gs3,56,fortissimo,normal,1,0
tuba/Gs3/tuba_Gs3_05_mezzo-forte_normal.mp3,tuba,brass,0.6008,44100,Gs3,56,mezzo-forte,normal,1,0
tuba/Gs3/tuba_Gs3_05_mezzo-piano_normal.mp3,tuba,brass,0.6269,44100,Gs3,56,mezzo-piano,normal,1,0
tuba/Gs3/tuba_Gs3_05_pianissimo_normal.mp3,tuba,brass,0.4702,44100,Gs3,56,pianissimo,normal,1,0
tuba/Gs3/tuba_Gs3_05_piano_normal.mp3,tuba,brass,0.6269,44100,Gs3,56,piano,normal,1,0
tuba/Gs3/tuba_Gs3_15_forte_normal.mp3,tuba,brass,0.6792,44100,Gs3,56,forte,normal,1,0
tuba/Gs3/tuba_Gs3_15_fortissimo_normal.mp3,tuba,brass,0.9404,44100,Gs3,56,fortissimo,normal,1,0
tuba/Gs3/tuba_Gs3_15_mezzo-forte_normal.mp3,tuba,brass,0.7575,44100,Gs3,56,mezzo-forte,normal,1,0
tuba/Gs3/tuba_Gs3_15_pianissimo_normal.mp3,tuba,brass,0.9143,44100,Gs3,56,pianissimo,normal,1,0
tuba/Gs3/tuba_Gs3_15_piano_normal.mp3,tuba,brass,1.0449,44100,Gs3,56,piano,normal,1,0
tuba/Gs3/tuba_Gs3_1_forte_normal.mp3,tuba,brass,0.5747,44100,Gs3,56,forte,normal,1,0
tuba/Gs3/tuba_Gs3_1_fortissimo_normal.mp3,tuba,brass,0.862,44100,Gs3,56,fortissimo,normal,1,0
tuba/Gs3/tuba_Gs3_1_mezzo-forte_normal.mp3,tuba,brass,0.7053,44100,Gs3,56,mezzo-forte,normal,1,0
tuba/Gs3/tuba_Gs3_1_mezzo-piano_normal.mp3,tuba,brass,0.8881,44100,Gs3,56,mezzo-piano,normal,1,0
tuba/Gs3/tuba_Gs3_1_pianissimo_normal.mp3,tuba,brass,0.5485,44100,Gs3,56,pianissimo,normal,1,0
tuba/Gs3/tuba_Gs3_1_piano_normal.mp3,tuba,brass,0.7575,44100,Gs3,56,piano,normal,1,0
viola/A3/viola_A3_025_fortissimo_arco-normal.mp3,viola,strings,0.6531,44100,A3,57,fortissimo,arco-normal,1,0
viola/A3/viola_A3_025_mezzo-piano_arco-normal.mp3,viola,strings,0.5486,44100,A3,57,mezzo-piano,arco-normal,1,0
viola/A3/viola_A3_025_pianissimo_arco-normal.mp3,viola,strings,0.6008,44100,A3,57,pianissimo,arco-normal,1,0
viola/A3/viola_A3_025_piano_arco-normal.mp3,viola,strings,0.5747,44100,A3,57,piano,arco-normal,1,0
viola/A3/viola_A3_05_fortissimo_arco-normal.mp3,viola,strings,0.9665,44100,A3,57,fortissimo,arco-normal,1,0
viola/A3/viola_A3_05_mezzo-piano_arco-normal.mp3,viola,strings,1.0188,44100,A3,57,mezzo-piano,arco-normal,1,0
viola/A3/viola_A3_05_pianissimo_arco-normal.mp3,viola,strings,1.3061,44100,A3,57,pianissimo,arco-normal,1,0
viola/A3/viola_A3_05_piano_arco-normal.mp3,viola,strings,1.071,44100,A3,57,piano,arco-normal,1,0
viola/A3/viola_A3_15_forte_arco-normal.mp3,viola,strings,1.8547,44100,A3,57,forte,arco-normal,1,0
viola/A3/viola_A3_15_fortissimo_arco-normal.mp3,viola,strings,1.7241,44100,A3,57,fortissimo,arco-normal,1,0
viola/A3/viola_A3_15_piano_arco-normal.mp3,viola,strings,2.1942,44100,A3,57,piano,arco-normal,1,0
viola/A3/viola_A3_1_forte_arco-normal.mp3,viola,strings,1.4628,44100,A3,57,forte,arco-normal,1,0
viola/A3/viola_A3_1_fortissimo_arco-normal.mp3,viola,strings,1.1494,44100,A3,57,fortissimo,arco-normal,1,0
viola/A3/viola_A3_1_pianissimo_arco-normal.mp3,viola,strings,1.7241,44100,A3,57,pianissimo,arco-normal,1,0
viola/A3/viola_A3_1_piano_arco-normal.mp3,viola,strings,0.9927,44100,A3,57,piano,arco-normal,1,0
viola/A4/viola_A4_025_fortissimo_arco-normal.mp3,viola,strings,0.3918,44100,A4,69,fortissimo,arco-normal,1,0
viola/A4/viola_A4_025_mezzo-piano_arco-normal.mp3,viola,strings,0.5747,44100,A4,69,mezzo-piano,arco-normal,1,0
viola/A4/viola_A4_025_pianissimo_arco-normal.mp3,viola,strings,0.6531,44100,A4,69,pianissimo,arco-normal,1,0
viola/A4/viola_A4_025_piano_arco-normal.mp3,viola,strings,0.4702,44100,A4,69,piano,arco-normal,1,0
viola/A4/viola_A4_05_forte_arco-normal.mp3,viola,strings,1.1755,44100,A4,69,forte,arco-normal,1,0
viola/A4/viola_A4_05_fortissimo_arco-normal.mp3,viola,strings,0.8882,44100,A4,69,fortissimo,arco-normal,1,0
viola/A4/viola_A4_05_mezzo-piano_arco-normal.mp3,viola,strings,0.862,44100,A4,69,mezzo-piano,arco-normal,1,0
viola/A4/viola_A4_05_pianissimo_arco-normal.mp3,viola,strings,0.8098,44100,A4,69,pianissimo,arco-normal,1,0
viola/A4/viola_A4_05_piano_arco-normal.mp3,viola,strings,0.9143,44100,A4,69,piano,arco-normal,1,0
viola/A4/viola_A4_15_fortissimo_arco-normal.mp3,viola,strings,1.5673,44100,A4,69,fortissimo,arco-normal,1,0
viola/A4/viola_A4_15_pianissimo_arco-normal.mp3,viola,strings,2.2465,44100,A4,69,pianissimo,arco-normal,1,0
viola/A4/viola_A4_15_piano_arco-normal.mp3,viola,strings,1.6979,44100,A4,69,piano,arco-normal,1,0
viola/A4/viola_A4_1_forte_arco-normal.mp3,viola,strings,2.0376,44100,A4,69,forte,arco-normal,1,0
viola/A4/viola_A4_1_fortissimo_arco-normal.mp3,viola,strings,1.0188,44100,A4,69,fortissimo,arco-normal,1,0
viola/A4/viola_A4_1_pianissimo_arco-normal.mp3,viola,strings,1.2277,44100,A4,69,pianissimo,arco-normal,1,0
viola/A4/viola_A4_1_piano_arco-normal.mp3,viola,strings,0.9143,44100,A4,69,piano,arco-normal,1,0
viola/A4/viola_A4_very-long_mezzo-forte_arco-normal.mp3,viola,strings,6.4,44100,A4,69,mezzo-forte,arco-normal,1,0
viola/A5/viola_A5_025_forte_arco-normal.mp3,viola,strings,0.4441,44100,A5,81,forte,arco-normal,1,0
viola/A5/viola_A5_025_fortissimo_arco-normal.mp3,viola,strings,0.3658,44100,A5,81,fortissimo,arco-normal,1,0
viola/A5/viola_A5_025_pianissimo_arco-normal.mp3,viola,strings,0.4702,44100,A5,81,pianissimo,arco-normal,1,0
viola/A5/viola_A5_025_piano_arco-normal.mp3,viola,strings,0.6269,44100,A5,81,piano,arco-normal,1,0
viola/A5/viola_A5_05_forte_arco-normal.mp3,viola,strings,1.0449,44100,A5,81,forte,arco-normal,1,0
viola/A5/viola_A5_05_fortissimo_arco-normal.mp3,viola,strings,0.5747,44100,A5,81,fortissimo,arco-normal,1,0
viola/A5/viola_A5_05_pianissimo_arco-normal.mp3,viola,strings,0.7576,44100,A5,81,pianissimo,arco-normal,1,0
viola/A5/viola_A5_05_piano_arco-normal.mp3,viola,strings,0.9143,44100,A5,81,piano,arco-normal,1,0
viola/A5/viola_A5_15_forte_arco-normal.mp3,viola,strings,1.8808,44100,A5,81,forte,arco-normal,1,0
viola/A5/viola_A5_15_fortissimo_arco-normal.mp3,viola,strings,1.5935,44100,A5,81,fortissimo,arco-normal,1,0
viola/A5/viola_A5_15_piano_arco-normal.mp3,viola,strings,1.7241,44100,A5,81,piano,arco-normal,1,0
viola/A5/viola_A5_1_forte_arco-normal.mp3,viola,strings,1.3845,44100,A5,81,forte,arco-normal,1,0
viola/A5/viola_A5_1_fortissimo_arco-normal.mp3,viola,strings,1.0449,44100,A5,81,fortissimo,arco-normal,1,0
viola/A5/viola_A5_1_pianissimo_arco-normal.mp3,viola,strings,1.8286,44100,A5,81,pianissimo,arco-normal,1,0
viola/A5/viola_A5_1_piano_arco-normal.mp3,viola,strings,1.4628,44100,A5,81,piano,arco-normal,1,0
viola/A6/viola_A6_025_forte_arco-normal.mp3,viola,strings,0.3918,44100,A6,93,forte,arco-normal,1,0
viola/A6/viola_A6_025_fortissimo_arco-normal.mp3,viola,strings,0.4702,44100,A6,93,fortissimo,arco-normal,1,0
viola/A6/viola_A6_025_pianissimo_arco-normal.mp3,viola,strings,0.5224,44100,A6,93,pianissimo,arco-normal,1,0
viola/A6/viola_A6_05_forte_arco-normal.mp3,viola,strings,0.6008,44100,A6,93,forte,arco-normal,1,0
viola/A6/viola_A6_05_fortissimo_arco-normal.mp3,viola,strings,0.5747,44100,A6,93,fortissimo,arco-normal,1,0
viola/A6/viola_A6_05_pianissimo_arco-normal.mp3,viola,strings,0.0783,44100,A6,93,pianissimo,arco-normal,1,0
viola/A6/viola_A6_05_piano_arco-normal.mp3,viola,strings,0.4179,44100,A6,93,piano,arco-normal,1,0
viola/A6/viola_A6_15_forte_arco-normal.mp3,viola,strings,1.4367,44100,A6,93,forte,arco-normal,1,0
viola/A6/viola_A6_15_piano_arco-normal.mp3,viola,strings,1.5673,44100,A6,93,piano,arco-normal,1,0
viola/A6/viola_A6_1_forte_arco-normal.mp3,viola,strings,1.1755,44100,A6,93,forte,arco-normal,1,0
viola/A6/viola_A6_1_fortissimo_arco-normal.mp3,viola,strings,0.8882,44100,A6,93,fortissimo,arco-normal,1,0
viola/A6/viola_A6_1_pianissimo_arco-normal.mp3,viola,strings,1.5151,44100,A6,93,pianissimo,arco-normal,1,0
viola/A6/viola_A6_1_piano_arco-normal.mp3,viola,strings,1.4106,44100,A6,93,piano,arco-normal,1,0
viola/As3/viola_As3_025_forte_arco-normal.mp3,viola,strings,0.6008,44100,As3,58,forte,arco-normal,1,0
viola/As3/viola_As3_025_fortissimo_arco-normal.mp3,viola,strings,1.1233,44100,As3,58,fortissimo,arco-normal,1,0
viola/As3/viola_As3_025_pianissimo_arco-normal.mp3,viola,strings,0.5747,44100,As3,58,pianissimo,arco-normal,1,0
viola/As3/viola_As3_025_piano_arco-normal.mp3,viola,strings,0.6269,44100,As3,58,piano,arco-normal,1,0
viola/As3/viola_As3_05_forte_arco-normal.mp3,viola,strings,1.0188,44100,As3,58,forte,arco-normal,1,0
viola/As3/viola_As3_05_fortissimo_arco-normal.mp3,viola,strings,0.6008,44100,As3,58,fortissimo,arco-normal,1,0
viola/As3/viola_As3_05_pianissimo_arco-normal.mp3,viola,strings,1.071,44100,As3,58,pianissimo,arco-normal,1,0
viola/As3/viola_As3_05_piano_arco-normal.mp3,viola,strings,0.9404,44100,As3,58,piano,arco-normal,1,0
viola/As3/viola_As3_15_fortissimo_arco-normal.mp3,viola,strings,1.6979,44100,As3,58,fortissimo,arco-normal,1,0
viola/As3/viola_As3_15_pianissimo_arco-normal.mp3,viola,strings,1.5935,44100,As3,58,pianissimo,arco-normal,1,0
viola/As3/viola_As3_15_piano_arco-normal.mp3,viola,strings,1.8024,44100,As3,58,piano,arco-normal,1,0
viola/As3/viola_As3_1_fortissimo_arco-normal.mp3,viola,strings,0.8882,44100,As3,58,fortissimo,arco-normal,1,0
viola/As3/viola_As3_1_mezzo-piano_arco-normal.mp3,viola,strings,1.4367,44100,As3,58,mezzo-piano,arco-normal,1,0
viola/As3/viola_As3_1_pianissimo_arco-normal.mp3,viola,strings,1.489,44100,As3,58,pianissimo,arco-normal,1,0
viola/As3/viola_As3_1_piano_arco-normal.mp3,viola,strings,1.6196,44100,As3,58,piano,arco-normal,1,0
viola/As4/viola_As4_025_forte_arco-normal.mp3,viola,strings,0.4179,44100,As4,70,forte,arco-normal,1,0
viola/As4/viola_As4_025_fortissimo_arco-normal.mp3,viola,strings,0.4179,44100,As4,70,fortissimo,arco-normal,1,0
viola/As4/viola_As4_025_pianissimo_arco-normal.mp3,viola,strings,0.4702,44100,As4,70,pianissimo,arco-normal,1,0
viola/As4/viola_As4_05_forte_arco-normal.mp3,viola,strings,0.6531,44100,As4,70,forte,arco-normal,1,0
viola/As4/viola_As4_05_fortissimo_arco-normal.mp3,viola,strings,0.7576,44100,As4,70,fortissimo,arco-normal,1,0
viola/As4/viola_As4_05_pianissimo_arco-normal.mp3,viola,strings,0.9927,44100,As4,70,pianissimo,arco-normal,1,0
viola/As4/viola_As4_05_piano_arco-normal.mp3,viola,strings,0.6269,44100,As4,70,piano,arco-normal,1,0
viola/As4/viola_As4_15_forte_arco-normal.mp3,viola,strings,1.6979,44100,As4,70,forte,arco-normal,1,0
viola/As4/viola_As4_15_fortissimo_arco-normal.mp3,viola,strings,1.7241,44100,As4,70,fortissimo,arco-normal,1,0
viola/As4/viola_As4_15_pianissimo_arco-normal.mp3,viola,strings,1.5673,44100,As4,70,pianissimo,arco-normal,1,0
viola/As4/viola_As4_1_forte_arco-normal.mp3,viola,strings,1.2277,44100,As4,70,forte,arco-normal,1,0
viola/As4/viola_As4_1_fortissimo_arco-normal.mp3,viola,strings,1.0188,44100,As4,70,fortissimo,arco-normal,1,0
viola/As4/viola_As4_1_pianissimo_arco-normal.mp3,viola,strings,1.1755,44100,As4,70,pianissimo,arco-normal,1,0
viola/As4/viola_As4_1_piano_arco-normal.mp3,viola,strings,0.9927,44100,As4,70,piano,arco-normal,1,0
viola/As5/viola_As5_025_forte_arco-normal.mp3,viola,strings,0.6531,44100,As5,82,forte,arco-normal,1,0
viola/As5/viola_As5_025_fortissimo_arco-normal.mp3,viola,strings,0.5486,44100,As5,82,fortissimo,arco-normal,1,0
viola/As5/viola_As5_025_pianissimo_arco-normal.mp3,viola,strings,0.8098,44100,As5,82,pianissimo,arco-normal,1,0
viola/As5/viola_As5_025_piano_arco-normal.mp3,viola,strings,0.5486,44100,As5,82,piano,arco-normal,1,0
viola/As5/viola_As5_05_forte_arco-normal.mp3,viola,strings,1.2539,44100,As5,82,forte,arco-normal,1,0
viola/As5/viola_As5_05_fortissimo_arco-normal.mp3,viola,strings,0.6269,44100,As5,82,fortissimo,arco-normal,1,0
viola/As5/viola_As5_05_mezzo-piano_arco-normal.mp3,viola,strings,0.5486,44100,As5,82,mezzo-piano,arco-normal,1,0
viola/As5/viola_As5_05_pianissimo_arco-normal.mp3,viola,strings,0.7837,44100,As5,82,pianissimo,arco-normal,1,0
viola/As5/viola_As5_05_piano_arco-normal.mp3,viola,strings,0.7053,44100,As5,82,piano,arco-normal,1,0
viola/As5/viola_As5_15_fortissimo_arco-normal.mp3,viola,strings,1.6458,44100,As5,82,fortissimo,arco-normal,1,0
viola/As5/viola_As5_15_pianissimo_arco-normal.mp3,viola,strings,1.7763,44100,As5,82,pianissimo,arco-normal,1,0
viola/As5/viola_As5_1_fortissimo_arco-normal.mp3,viola,strings,1.071,44100,As5,82,fortissimo,arco-normal,1,0
viola/As5/viola_As5_1_mezzo-piano_arco-normal.mp3,viola,strings,1.5151,44100,As5,82,mezzo-piano,arco-normal,1,0
viola/As5/viola_As5_1_pianissimo_arco-normal.mp3,viola,strings,1.6718,44100,As5,82,pianissimo,arco-normal,1,0
viola/As5/viola_As5_1_piano_arco-normal.mp3,viola,strings,1.0972,44100,As5,82,piano,arco-normal,1,0
viola/As6/viola_As6_025_forte_arco-normal.mp3,viola,strings,0.3658,44100,As6,94,forte,arco-normal,1,0
viola/As6/viola_As6_025_fortissimo_arco-normal.mp3,viola,strings,0.4179,44100,As6,94,fortissimo,arco-normal,1,0
viola/As6/viola_As6_025_pianissimo_arco-normal.mp3,viola,strings,0.3918,44100,As6,94,pianissimo,arco-normal,1,0
viola/As6/viola_As6_025_piano_arco-normal.mp3,viola,strings,0.6008,44100,As6,94,piano,arco-normal,1,0
viola/As6/viola_As6_05_forte_arco-normal.mp3,viola,strings,0.7576,44100,As6,94,forte,arco-normal,1,0
viola/As6/viola_As6_05_fortissimo_arco-normal.mp3,viola,strings,0.6269,44100,As6,94,fortissimo,arco-normal,1,0
viola/As6/viola_As6_05_pianissimo_arco-normal.mp3,viola,strings,0.6792,44100,As6,94,pianissimo,arco-normal,1,0
viola/As6/viola_As6_05_piano_arco-normal.mp3,viola,strings,0.7314,44100,As6,94,piano,arco-normal,1,0
viola/As6/viola_As6_15_forte_arco-normal.mp3,viola,strings,1.3583,44100,As6,94,forte,arco-normal,1,0
viola/As6/viola_As6_15_fortissimo_arco-normal.mp3,viola,strings,1.6979,44100,As6,94,fortissimo,arco-normal,1,0
viola/As6/viola_As6_1_forte_arco-normal.mp3,viola,strings,0.862,44100,As6,94,forte,arco-normal,1,0
viola/As6/viola_As6_1_fortissimo_arco-normal.mp3,viola,strings,1.0449,44100,As6,94,fortissimo,arco-normal,1,0
viola/As6/viola_As6_1_pianissimo_arco-normal.mp3,viola,strings,1.5935,44100,As6,94,pianissimo,arco-normal,1,0
viola/As6/viola_As6_1_piano_arco-normal.mp3,viola,strings,1.489,44100,As6,94,piano,arco-normal,1,0
viola/B3/viola_B3_025_fortissimo_arco-normal.mp3,viola,strings,0.6269,44100,B3,59,fortissimo,arco-normal,1,0
viola/B3/viola_B3_025_mezzo-piano_arco-normal.mp3,viola,strings,0.4963,44100,B3,59,mezzo-piano,arco-normal,1,0
viola/B3/viola_B3_025_pianissimo_arco-normal.mp3,viola,strings,0.6008,44100,B3,59,pianissimo,arco-normal,1,0
viola/B3/viola_B3_025_piano_arco-normal.mp3,viola,strings,0.5747,44100,B3,59,piano,arco-normal,1,0
viola/B3/viola_B3_05_fortissimo_arco-normal.mp3,viola,strings,0.8098,44100,B3,59,fortissimo,arco-normal,1,0
viola/B3/viola_B3_05_mezzo-piano_arco-normal.mp3,viola,strings,0.9143,44100,B3,59,mezzo-piano,arco-normal,1,0
viola/B3/viola_B3_05_pianissimo_arco-normal.mp3,viola,strings,0.862,44100,B3,59,pianissimo,arco-normal,1,0
viola/B3/viola_B3_05_piano_arco-normal.mp3,viola,strings,0.8882,44100,B3,59,piano,arco-normal,1,0
viola/B3/viola_B3_15_mezzo-piano_arco-normal.mp3,viola,strings,1.9592,44100,B3,59,mezzo-piano,arco-normal,1,0
viola/B3/viola_B3_15_piano_arco-normal.mp3,viola,strings,1.6196,44100,B3,59,piano,arco-normal,1,0
viola/B3/viola_B3_1_fortissimo_arco-normal.mp3,viola,strings,1.7763,44100,B3,59,fortissimo,arco-normal,1,0
viola/B3/viola_B3_1_mezzo-piano_arco-normal.mp3,viola,strings,1.3061,44100,B3,59,mezzo-piano,arco-normal,1,0
viola/B3/viola_B3_1_pianissimo_arco-normal.mp3,viola,strings,1.5151,44100,B3,59,pianissimo,arco-normal,1,0
viola/B3/viola_B3_1_piano_arco-normal.mp3,viola,strings,1.071,44100,B3,59,piano,arco-normal,1,0
viola/B4/viola_B4_025_forte_arco-normal.mp3,viola,strings,0.5224,44100,B4,71,forte,arco-normal,1,0
viola/B4/viola_B4_025_fortissimo_arco-normal.mp3,viola,strings,0.5747,44100,B4,71,fortissimo,arco-normal,1,0
viola/B4/viola_B4_025_mezzo-piano_arco-normal.mp3,viola,strings,1.0449,44100,B4,71,mezzo-piano,arco-normal,1,0
viola/B4/viola_B4_025_pianissimo_arco-normal.mp3,viola,strings,0.6269,44100,B4,71,pianissimo,arco-normal,1,0
viola/B4/viola_B4_025_piano_arco-normal.mp3,viola,strings,0.7053,44100,B4,71,piano,arco-normal,1,0
viola/B4/viola_B4_05_fortissimo_arco-normal.mp3,viola,strings,0.7053,44100,B4,71,fortissimo,arco-normal,1,0
viola/B4/viola_B4_05_mezzo-piano_arco-normal.mp3,viola,strings,1.5935,44100,B4,71,mezzo-piano,arco-normal,1,0
viola/B4/viola_B4_05_pianissimo_arco-normal.mp3,viola,strings,0.9927,44100,B4,71,pianissimo,arco-normal,1,0
viola/B4/viola_B4_05_piano_arco-normal.mp3,viola,strings,0.9143,44100,B4,71,piano,arco-normal,1,0
viola/B4/viola_B4_15_fortissimo_arco-normal.mp3,viola,strings,1.5935,44100,B4,71,fortissimo,arco-normal,1,0
viola/B4/viola_B4_15_pianissimo_arco-normal.mp3,viola,strings,1.7502,44100,B4,71,pianissimo,arco-normal,1,0
viola/B4/viola_B4_15_piano_arco-normal.mp3,viola,strings,1.7502,44100,B4,71,piano,arco-normal,1,0
viola/B4/viola_B4_1_fortissimo_arco-normal.mp3,viola,strings,1.2017,44100,B4,71,fortissimo,arco-normal,1,0
viola/B4/viola_B4_1_mezzo-piano_arco-normal.mp3,viola,strings,1.5151,44100,B4,71,mezzo-piano,arco-normal,1,0
viola/B4/viola_B4_1_pianissimo_arco-normal.mp3,viola,strings,0.9404,44100,B4,71,pianissimo,arco-normal,1,0
viola/B4/viola_B4_1_piano_arco-normal.mp3,viola,strings,1.5151,44100,B4,71,piano,arco-normal,1,0
viola/B5/viola_B5_025_forte_arco-normal.mp3,viola,strings,0.5224,44100,B5,83,forte,arco-normal,1,0
viola/B5/viola_B5_025_fortissimo_arco-normal.mp3,viola,strings,0.3396,44100,B5,83,fortissimo,arco-normal,1,0
viola/B5/viola_B5_025_pianissimo_arco-normal.mp3,viola,strings,0.6008,44100,B5,83,pianissimo,arco-normal,1,0
viola/B5/viola_B5_025_piano_arco-normal.mp3,viola,strings,0.4441,44100,B5,83,piano,arco-normal,1,0
viola/B5/viola_B5_05_forte_arco-normal.mp3,viola,strings,0.6531,44100,B5,83,forte,arco-normal,1,0
viola/B5/viola_B5_05_fortissimo_arco-normal.mp3,viola,strings,0.7837,44100,B5,83,fortissimo,arco-normal,1,0
viola/B5/viola_B5_05_pianissimo_arco-normal.mp3,viola,strings,1.0449,44100,B5,83,pianissimo,arco-normal,1,0
viola/B5/viola_B5_05_piano_arco-normal.mp3,viola,strings,0.8359,44100,B5,83,piano,arco-normal,1,0
viola/B5/viola_B5_15_fortissimo_arco-normal.mp3,viola,strings,1.7241,44100,B5,83,fortissimo,arco-normal,1,0
viola/B5/viola_B5_15_mezzo-piano_arco-normal.mp3,viola,strings,2.0376,44100,B5,83,mezzo-piano,arco-normal,1,0
viola/B5/viola_B5_15_piano_arco-normal.mp3,viola,strings,1.6196,44100,B5,83,piano,arco-normal,1,0
viola/B5/viola_B5_1_forte_arco-normal.mp3,viola,strings,1.1233,44100,B5,83,forte,arco-normal,1,0
viola/B5/viola_B5_1_fortissimo_arco-normal.mp3,viola,strings,1.0449,44100,B5,83,fortissimo,arco-normal,1,0
viola/B5/viola_B5_1_pianissimo_arco-normal.mp3,viola,strings,1.4106,44100,B5,83,pianissimo,arco-normal,1,0
viola/B5/viola_B5_1_piano_arco-normal.mp3,viola,strings,1.0449,44100,B5,83,piano,arco-normal,1,0
viola/B6/viola_B6_025_forte_arco-normal.mp3,viola,strings,0.4179,44100,B6,95,forte,arco-normal,1,0
viola/B6/viola_B6_025_fortissimo_arco-normal.mp3,viola,strings,0.4179,44100,B6,95,fortissimo,arco-normal,1,0
viola/B6/viola_B6_05_forte_arco-normal.mp3,viola,strings,0.5747,44100,B6,95,forte,arco-normal,1,0
viola/B6/viola_B6_05_fortissimo_arco-normal.mp3,viola,strings,0.5747,44100,B6,95,fortissimo,arco-normal,1,0
viola/B6/viola_B6_05_pianissimo_arco-normal.mp3,viola,strings,0.6531,44100,B6,95,pianissimo,arco-normal,1,0
viola/B6/viola_B6_05_piano_arco-normal.mp3,viola,strings,0.8098,44100,B6,95,piano,arco-normal,1,0
viola/B6/viola_B6_15_forte_arco-normal.mp3,viola,strings,1.5935,44100,B6,95,forte,arco-normal,1,0
viola/B6/viola_B6_15_fortissimo_arco-normal.mp3,viola,strings,1.4628,44100,B6,95,fortissimo,arco-normal,1,0
viola/B6/viola_B6_1_forte_arco-normal.mp3,viola,strings,1.0188,44100,B6,95,forte,arco-normal,1,0
viola/B6/viola_B6_1_fortissimo_arco-normal.mp3,viola,strings,1.0449,44100,B6,95,fortissimo,arco-normal,1,0
viola/B6/viola_B6_1_pianissimo_arco-normal.mp3,viola,strings,1.2539,44100,B6,95,pianissimo,arco-normal,1,0
viola/B6/viola_B6_1_piano_arco-normal.mp3,viola,strings,1.2539,44100,B6,95,piano,arco-normal,1,0
viola/C3/viola_C3_025_fortissimo_arco-normal.mp3,viola,strings,0.5747,44100,C3,48,fortissimo,arco-normal,1,0
viola/C3/viola_C3_025_mezzo-piano_arco-normal.mp3,viola,strings,0.5747,44100,C3,48,mezzo-piano,arco-normal,1,0
viola/C3/viola_C3_05_fortissimo_arco-normal.mp3,viola,strings,0.7053,44100,C3,48,fortissimo,arco-normal,1,0
viola/C3/viola_C3_05_mezzo-piano_arco-normal.mp3,viola,strings,0.9927,44100,C3,48,mezzo-piano,arco-normal,1,0
viola/C3/viola_C3_05_piano_arco-normal.mp3,viola,strings,0.4441,44100,C3,48,piano,arco-normal,1,0
viola/C3/viola_C3_15_piano_arco-normal.mp3,viola,strings,1.7502,44100,C3,48,piano,arco-normal,1,0
viola/C3/viola_C3_1_forte_arco-normal.mp3,viola,strings,2.0114,44100,C3,48,forte,arco-normal,1,0
viola/C3/viola_C3_1_fortissimo_arco-normal.mp3,viola,strings,1.5413,44100,C3,48,fortissimo,arco-normal,1,0
viola/C3/viola_C3_1_mezzo-piano_arco-normal.mp3,viola,strings,1.5151,44100,C3,48,mezzo-piano,arco-normal,1,0
viola/C3/viola_C3_1_piano_arco-normal.mp3,viola,strings,1.5413,44100,C3,48,piano,arco-normal,1,0
viola/C4/viola_C4_025_fortissimo_arco-normal.mp3,viola,strings,0.5747,44100,C4,60,fortissimo,arco-normal,1,0
viola/C4/viola_C4_025_mezzo-piano_arco-normal.mp3,viola,strings,0.5224,44100,C4,60,mezzo-piano,arco-normal,1,0
viola/C4/viola_C4_025_pianissimo_arco-normal.mp3,viola,strings,0.5747,44100,C4,60,pianissimo,arco-normal,1,0
viola/C4/viola_C4_025_piano_arco-normal.mp3,viola,strings,0.5486,44100,C4,60,piano,arco-normal,1,0
viola/C4/viola_C4_05_fortissimo_arco-normal.mp3,viola,strings,1.6196,44100,C4,60,fortissimo,arco-normal,1,0
viola/C4/viola_C4_05_mezzo-piano_arco-normal.mp3,viola,strings,0.5224,44100,C4,60,mezzo-piano,arco-normal,1,0
viola/C4/viola_C4_05_pianissimo_arco-normal.mp3,viola,strings,0.9404,44100,C4,60,pianissimo,arco-normal,1,0
viola/C4/viola_C4_05_piano_arco-normal.mp3,viola,strings,1.0449,44100,C4,60,piano,arco-normal,1,0
viola/C4/viola_C4_15_mezzo-piano_arco-normal.mp3,viola,strings,1.8547,44100,C4,60,mezzo-piano,arco-normal,1,0
viola/C4/viola_C4_15_pianissimo_arco-normal.mp3,viola,strings,1.7502,44100,C4,60,pianissimo,arco-normal,1,0
viola/C4/viola_C4_1_fortissimo_arco-normal.mp3,viola,strings,2.0637,44100,C4,60,fortissimo,arco-normal,1,0
viola/C4/viola_C4_1_mezzo-piano_arco-normal.mp3,viola,strings,1.2277,44100,C4,60,mezzo-piano,arco-normal,1,0
viola/C4/viola_C4_1_pianissimo_arco-normal.mp3,viola,strings,1.071,44100,C4,60,pianissimo,arco-normal,1,0
viola/C4/viola_C4_1_piano_arco-normal.mp3,viola,strings,2.0376,44100,C4,60,piano,arco-normal,1,0
viola/C4/viola_C4_very-long_mezzo-forte_arco-normal.mp3,viola,strings,7.9935,44100,C4,60,mezzo-forte,arco-normal,1,0
viola/C5/viola_C5_025_forte_arco-normal.mp3,viola,strings,0.5747,44100,C5,72,forte,arco-normal,1,0
viola/C5/viola_C5_025_fortissimo_arco-normal.mp3,viola,strings,0.4179,44100,C5,72,fortissimo,arco-normal,1,0
viola/C5/viola_C5_025_pianissimo_arco-normal.mp3,viola,strings,0.5747,44100,C5,72,pianissimo,arco-normal,1,0
viola/C5/viola_C5_05_forte_arco-normal.mp3,viola,strings,0.8359,44100,C5,72,forte,arco-normal,1,0
viola/C5/viola_C5_05_fortissimo_arco-normal.mp3,viola,strings,0.8098,44100,C5,72,fortissimo,arco-normal,1,0
viola/C5/viola_C5_05_pianissimo_arco-normal.mp3,viola,strings,0.9927,44100,C5,72,pianissimo,arco-normal,1,0
viola/C5/viola_C5_05_piano_arco-normal.mp3,viola,strings,0.4441,44100,C5,72,piano,arco-normal,1,0
viola/C5/viola_C5_15_forte_arco-normal.mp3,viola,strings,1.8547,44100,C5,72,forte,arco-normal,1,0
viola/C5/viola_C5_15_pianissimo_arco-normal.mp3,viola,strings,1.6196,44100,C5,72,pianissimo,arco-normal,1,0
viola/C5/viola_C5_15_piano_arco-normal.mp3,viola,strings,1.8024,44100,C5,72,piano,arco-normal,1,0
viola/C5/viola_C5_1_forte_arco-normal.mp3,viola,strings,1.28,44100,C5,72,forte,arco-normal,1,0
viola/C5/viola_C5_1_fortissimo_arco-normal.mp3,viola,strings,1.4367,44100,C5,72,fortissimo,arco-normal,1,0
viola/C5/viola_C5_1_pianissimo_arco-normal.mp3,viola,strings,1.1755,44100,C5,72,pianissimo,arco-normal,1,0
viola/C5/viola_C5_1_piano_arco-normal.mp3,viola,strings,1.0972,44100,C5,72,piano,arco-normal,1,0
viola/C6/viola_C6_025_forte_arco-normal.mp3,viola,strings,0.4963,44100,C6,84,forte,arco-normal,1,0
viola/C6/viola_C6_025_fortissimo_arco-normal.mp3,viola,strings,0.3396,44100,C6,84,fortissimo,arco-normal,1,0
viola/C6/viola_C6_025_pianissimo_arco-normal.mp3,viola,strings,0.4702,44100,C6,84,pianissimo,arco-normal,1,0
viola/C6/viola_C6_025_piano_arco-normal.mp3,viola,strings,0.4179,44100,C6,84,piano,arco-normal,1,0
viola/C6/viola_C6_05_forte_arco-normal.mp3,viola,strings,0.7314,44100,C6,84,forte,arco-normal,1,0
viola/C6/viola_C6_05_fortissimo_arco-normal.mp3,viola,strings,0.8098,44100,C6,84,fortissimo,arco-normal,1,0
viola/C6/viola_C6_05_pianissimo_arco-normal.mp3,viola,strings,0.6792,44100,C6,84,pianissimo,arco-normal,1,0
viola/C6/viola_C6_05_piano_arco-normal.mp3,viola,strings,1.9069,44100,C6,84,piano,arco-normal,1,0
viola/C6/viola_C6_15_fortissimo_arco-normal.mp3,viola,strings,1.6196,44100,C6,84,fortissimo,arco-normal,1,0
viola/C6/viola_C6_15_mezzo-piano_arco-normal.mp3,viola,strings,1.5413,44100,C6,84,mezzo-piano,arco-normal,1,0
viola/C6/viola_C6_1_forte_arco-normal.mp3,viola,strings,1.0972,44100,C6,84,forte,arco-normal,1,0
viola/C6/viola_C6_1_fortissimo_arco-normal.mp3,viola,strings,1.1755,44100,C6,84,fortissimo,arco-normal,1,0
viola/C6/viola_C6_1_pianissimo_arco-normal.mp3,viola,strings,1.8547,44100,C6,84,pianissimo,arco-normal,1,0
viola/C7/viola_C7_025_forte_arco-normal.mp3,viola,strings,0.3918,44100,C7,96,forte,arco-normal,1,0
viola/C7/viola_C7_025_fortissimo_arco-normal.mp3,viola,strings,0.3658,44100,C7,96,fortissimo,arco-normal,1,0
viola/C7/viola_C7_025_pianissimo_arco-normal.mp3,viola,strings,0.4702,44100,C7,96,pianissimo,arco-normal,1,0
viola/C7/viola_C7_025_piano_arco-normal.mp3,viola,strings,0.5747,44100,C7,96,piano,arco-normal,1,0
viola/C7/viola_C7_05_forte_arco-normal.mp3,viola,strings,1.489,44100,C7,96,forte,arco-normal,1,0
viola/C7/viola_C7_05_fortissimo_arco-normal.mp3,viola,strings,0.8882,44100,C7,96,fortissimo,arco-normal,1,0
viola/C7/viola_C7_05_pianissimo_arco-normal.mp3,viola,strings,0.7837,44100,C7,96,pianissimo,arco-normal,1,0
viola/C7/viola_C7_05_piano_arco-normal.mp3,viola,strings,0.9927,44100,C7,96,piano,arco-normal,1,0
viola/C7/viola_C7_15_forte_arco-normal.mp3,viola,strings,1.0449,44100,C7,96,forte,arco-normal,1,0
viola/C7/viola_C7_15_fortissimo_arco-normal.mp3,viola,strings,0.6531,44100,C7,96,fortissimo,arco-normal,1,0
viola/C7/viola_C7_15_pianissimo_arco-normal.mp3,viola,strings,1.8547,44100,C7,96,pianissimo,arco-normal,1,0
viola/C7/viola_C7_1_forte_arco-normal.mp3,viola,strings,0.6531,44100,C7,96,forte,arco-normal,1,0
viola/C7/viola_C7_1_fortissimo_arco-normal.mp3,viola,strings,0.9404,44100,C7,96,fortissimo,arco-normal,1,0
viola/C7/viola_C7_1_pianissimo_arco-normal.mp3,viola,strings,0.9143,44100,C7,96,pianissimo,arco-normal,1,0
viola/C7/viola_C7_1_piano_arco-normal.mp3,viola,strings,1.071,44100,C7,96,piano,arco-normal,1,0
viola/Cs3/viola_Cs3_025_fortissimo_arco-normal.mp3,viola,strings,0.5747,44100,Cs3,49,fortissimo,arco-normal,1,0
viola/Cs3/viola_Cs3_025_mezzo-piano_arco-normal.mp3,viola,strings,0.5747,44100,Cs3,49,mezzo-piano,arco-normal,1,0
viola/Cs3/viola_Cs3_05_fortissimo_arco-normal.mp3,viola,strings,0.7576,44100,Cs3,49,fortissimo,arco-normal,1,0
viola/Cs3/viola_Cs3_05_mezzo-piano_arco-normal.mp3,viola,strings,1.0188,44100,Cs3,49,mezzo-piano,arco-normal,1,0
viola/Cs3/viola_Cs3_05_pianissimo_arco-normal.mp3,viola,strings,1.071,44100,Cs3,49,pianissimo,arco-normal,1,0
viola/Cs3/viola_Cs3_05_piano_arco-normal.mp3,viola,strings,1.0188,44100,Cs3,49,piano,arco-normal,1,0
viola/Cs3/viola_Cs3_15_fortissimo_arco-normal.mp3,viola,strings,1.6718,44100,Cs3,49,fortissimo,arco-normal,1,0
viola/Cs3/viola_Cs3_15_mezzo-piano_arco-normal.mp3,viola,strings,2.0114,44100,Cs3,49,mezzo-piano,arco-normal,1,0
viola/Cs3/viola_Cs3_15_pianissimo_arco-normal.mp3,viola,strings,2.0637,44100,Cs3,49,pianissimo,arco-normal,1,0
viola/Cs3/viola_Cs3_15_piano_arco-normal.mp3,viola,strings,1.7763,44100,Cs3,49,piano,arco-normal,1,0
viola/Cs3/viola_Cs3_1_fortissimo_arco-normal.mp3,viola,strings,1.3845,44100,Cs3,49,fortissimo,arco-normal,1,0
viola/Cs3/viola_Cs3_1_mezzo-piano_arco-normal.mp3,viola,strings,1.6718,44100,Cs3,49,mezzo-piano,arco-normal,1,0
viola/Cs3/viola_Cs3_1_pianissimo_arco-normal.mp3,viola,strings,1.3061,44100,Cs3,49,pianissimo,arco-normal,1,0
viola/Cs3/viola_Cs3_1_piano_arco-normal.mp3,viola,strings,1.2277,44100,Cs3,49,piano,arco-normal,1,0
viola/Cs4/viola_Cs4_025_fortissimo_arco-normal.mp3,viola,strings,0.4702,44100,Cs4,61,fortissimo,arco-normal,1,0
viola/Cs4/viola_Cs4_025_mezzo-piano_arco-normal.mp3,viola,strings,0.5224,44100,Cs4,61,mezzo-piano,arco-normal,1,0
viola/Cs4/viola_Cs4_025_pianissimo_arco-normal.mp3,viola,strings,0.5486,44100,Cs4,61,pianissimo,arco-normal,1,0
viola/Cs4/viola_Cs4_025_piano_arco-normal.mp3,viola,strings,0.6531,44100,Cs4,61,piano,arco-normal,1,0
viola/Cs4/viola_Cs4_05_forte_arco-normal.mp3,viola,strings,0.862,44100,Cs4,61,forte,arco-normal,1,0
viola/Cs4/viola_Cs4_05_fortissimo_arco-normal.mp3,viola,strings,0.8882,44100,Cs4,61,fortissimo,arco-normal,1,0
viola/Cs4/viola_Cs4_05_pianissimo_arco-normal.mp3,viola,strings,0.6792,44100,Cs4,61,pianissimo,arco-normal,1,0
viola/Cs4/viola_Cs4_05_piano_arco-normal.mp3,viola,strings,0.8359,44100,Cs4,61,piano,arco-normal,1,0
viola/Cs4/viola_Cs4_15_fortissimo_arco-normal.mp3,viola,strings,1.5935,44100,Cs4,61,fortissimo,arco-normal,1,0
viola/Cs4/viola_Cs4_15_pianissimo_arco-normal.mp3,viola,strings,1.8024,44100,Cs4,61,pianissimo,arco-normal,1,0
viola/Cs4/viola_Cs4_15_piano_arco-normal.mp3,viola,strings,1.489,44100,Cs4,61,piano,arco-normal,1,0
viola/Cs4/viola_Cs4_1_forte_arco-normal.mp3,viola,strings,1.1494,44100,Cs4,61,forte,arco-normal,1,0
viola/Cs4/viola_Cs4_1_fortissimo_arco-normal.mp3,viola,strings,1.1233,44100,Cs4,61,fortissimo,arco-normal,1,0
viola/Cs4/viola_Cs4_1_mezzo-piano_arco-normal.mp3,viola,strings,1.8547,44100,Cs4,61,mezzo-piano,arco-normal,1,0
viola/Cs4/viola_Cs4_1_pianissimo_arco-normal.mp3,viola,strings,1.5673,44100,Cs4,61,pianissimo,arco-normal,1,0
viola/Cs4/viola_Cs4_1_piano_arco-normal.mp3,viola,strings,1.5413,44100,Cs4,61,piano,arco-normal,1,0
viola/Cs5/viola_Cs5_025_forte_arco-normal.mp3,viola,strings,0.4441,44100,Cs5,73,forte,arco-normal,1,0
viola/Cs5/viola_Cs5_025_fortissimo_arco-normal.mp3,viola,strings,0.3918,44100,Cs5,73,fortissimo,arco-normal,1,0
viola/Cs5/viola_Cs5_025_pianissimo_arco-normal.mp3,viola,strings,0.7314,44100,Cs5,73,pianissimo,arco-normal,1,0
viola/Cs5/viola_Cs5_05_forte_arco-normal.mp3,viola,strings,1.1494,44100,Cs5,73,forte,arco-normal,1,0
viola/Cs5/viola_Cs5_05_fortissimo_arco-normal.mp3,viola,strings,0.8359,44100,Cs5,73,fortissimo,arco-normal,1,0
viola/Cs5/viola_Cs5_05_mezzo-piano_arco-normal.mp3,viola,strings,1.0449,44100,Cs5,73,mezzo-piano,arco-normal,1,0
viola/Cs5/viola_Cs5_05_pianissimo_arco-normal.mp3,viola,strings,0.9404,44100,Cs5,73,pianissimo,arco-normal,1,0
viola/Cs5/viola_Cs5_05_piano_arco-normal.mp3,viola,strings,0.4702,44100,Cs5,73,piano,arco-normal,1,0
viola/Cs5/viola_Cs5_15_fortissimo_arco-normal.mp3,viola,strings,1.4367,44100,Cs5,73,fortissimo,arco-normal,1,0
viola/Cs5/viola_Cs5_15_pianissimo_arco-normal.mp3,viola,strings,2.0114,44100,Cs5,73,pianissimo,arco-normal,1,0
viola/Cs5/viola_Cs5_1_forte_arco-normal.mp3,viola,strings,1.6979,44100,Cs5,73,forte,arco-normal,1,0
viola/Cs5/viola_Cs5_1_fortissimo_arco-normal.mp3,viola,strings,0.9927,44100,Cs5,73,fortissimo,arco-normal,1,0
viola/Cs5/viola_Cs5_1_pianissimo_arco-normal.mp3,viola,strings,1.1494,44100,Cs5,73,pianissimo,arco-normal,1,0
viola/Cs5/viola_Cs5_1_piano_arco-normal.mp3,viola,strings,1.6979,44100,Cs5,73,piano,arco-normal,1,0
viola/Cs6/viola_Cs6_025_fortissimo_arco-normal.mp3,viola,strings,0.4441,44100,Cs6,85,fortissimo,arco-normal,1,0
viola/Cs6/viola_Cs6_025_mezzo-piano_arco-normal.mp3,viola,strings,0.4963,44100,Cs6,85,mezzo-piano,arco-normal,1,0
viola/Cs6/viola_Cs6_025_pianissimo_arco-normal.mp3,viola,strings,0.7576,44100,Cs6,85,pianissimo,arco-normal,1,0
viola/Cs6/viola_Cs6_025_piano_arco-normal.mp3,viola,strings,0.9665,44100,Cs6,85,piano,arco-normal,1,0
viola/Cs6/viola_Cs6_05_fortissimo_arco-normal.mp3,viola,strings,0.6269,44100,Cs6,85,fortissimo,arco-normal,1,0
viola/Cs6/viola_Cs6_05_mezzo-piano_arco-normal.mp3,viola,strings,0.8882,44100,Cs6,85,mezzo-piano,arco-normal,1,0
viola/Cs6/viola_Cs6_05_pianissimo_arco-normal.mp3,viola,strings,0.5747,44100,Cs6,85,pianissimo,arco-normal,1,0
viola/Cs6/viola_Cs6_05_piano_arco-normal.mp3,viola,strings,0.862,44100,Cs6,85,piano,arco-normal,1,0
viola/Cs6/viola_Cs6_15_fortissimo_arco-normal.mp3,viola,strings,1.5673,44100,Cs6,85,fortissimo,arco-normal,1,0
viola/Cs6/viola_Cs6_15_pianissimo_arco-normal.mp3,viola,strings,1.4106,44100,Cs6,85,pianissimo,arco-normal,1,0
viola/Cs6/viola_Cs6_15_piano_arco-normal.mp3,viola,strings,1.9592,44100,Cs6,85,piano,arco-normal,1,0
viola/Cs6/viola_Cs6_1_forte_arco-normal.mp3,viola,strings,1.0188,44100,Cs6,85,forte,arco-normal,1,0
viola/Cs6/viola_Cs6_1_fortissimo_arco-normal.mp3,viola,strings,1.0972,44100,Cs6,85,fortissimo,arco-normal,1,0
viola/Cs6/viola_Cs6_1_mezzo-piano_arco-normal.mp3,viola,strings,1.5673,44100,Cs6,85,mezzo-piano,arco-normal,1,0
viola/Cs6/viola_Cs6_1_pianissimo_arco-normal.mp3,viola,strings,0.862,44100,Cs6,85,pianissimo,arco-normal,1,0
viola/Cs6/viola_Cs6_1_piano_arco-normal.mp3,viola,strings,1.2277,44100,Cs6,85,piano,arco-normal,1,0
viola/Cs7/viola_Cs7_025_pianissimo_arco-normal.mp3,viola,strings,0.3135,44100,Cs7,97,pianissimo,arco-normal,1,0
viola/Cs7/viola_Cs7_05_pianissimo_arco-normal.mp3,viola,strings,0.6531,44100,Cs7,97,pianissimo,arco-normal,1,0
viola/Cs7/viola_Cs7_05_piano_arco-normal.mp3,viola,strings,0.5747,44100,Cs7,97,piano,arco-normal,1,0
viola/Cs7/viola_Cs7_1_pianissimo_arco-normal.mp3,viola,strings,0.8882,44100,Cs7,97,pianissimo,arco-normal,1,0
viola/Cs7/viola_Cs7_1_piano_arco-normal.mp3,viola,strings,1.8286,44100,Cs7,97,piano,arco-normal,1,0
viola/D3/viola_D3_025_forte_arco-normal.mp3,viola,strings,0.9927,44100,D3,50,forte,arco-normal,1,0
viola/D3/viola_D3_025_fortissimo_arco-normal.mp3,viola,strings,0.5486,44100,D3,50,fortissimo,arco-normal,1,0
viola/D3/viola_D3_025_mezzo-piano_arco-normal.mp3,viola,strings,0.5747,44100,D3,50,mezzo-piano,arco-normal,1,0
viola/D3/viola_D3_025_pianissimo_arco-normal.mp3,viola,strings,0.6531,44100,D3,50,pianissimo,arco-normal,1,0
viola/D3/viola_D3_05_forte_arco-normal.mp3,viola,strings,1.2539,44100,D3,50,forte,arco-normal,1,0
viola/D3/viola_D3_05_fortissimo_arco-normal.mp3,viola,strings,1.2539,44100,D3,50,fortissimo,arco-normal,1,0
viola/D3/viola_D3_05_pianissimo_arco-normal.mp3,viola,strings,0.9404,44100,D3,50,pianissimo,arco-normal,1,0
viola/D3/viola_D3_05_piano_arco-normal.mp3,viola,strings,0.8359,44100,D3,50,piano,arco-normal,1,0
viola/D3/viola_D3_15_pianissimo_arco-normal.mp3,viola,strings,1.7241,44100,D3,50,pianissimo,arco-normal,1,0
viola/D3/viola_D3_15_piano_arco-normal.mp3,viola,strings,1.6718,44100,D3,50,piano,arco-normal,1,0
viola/D3/viola_D3_1_forte_arco-normal.mp3,viola,strings,2.0637,44100,D3,50,forte,arco-normal,1,0
viola/D3/viola_D3_1_fortissimo_arco-normal.mp3,viola,strings,1.8286,44100,D3,50,fortissimo,arco-normal,1,0
viola/D3/viola_D3_1_pianissimo_arco-normal.mp3,viola,strings,1.3583,44100,D3,50,pianissimo,arco-normal,1,0
viola/D3/viola_D3_1_piano_arco-normal.mp3,viola,strings,1.0972,44100,D3,50,piano,arco-normal,1,0
viola/D4/viola_D4_025_fortissimo_arco-normal.mp3,viola,strings,0.5747,44100,D4,62,fortissimo,arco-normal,1,0
viola/D4/viola_D4_025_mezzo-piano_arco-normal.mp3,viola,strings,0.3918,44100,D4,62,mezzo-piano,arco-normal,1,0
viola/D4/viola_D4_025_pianissimo_arco-normal.mp3,viola,strings,0.6531,44100,D4,62,pianissimo,arco-normal,1,0
viola/D4/viola_D4_025_piano_arco-normal.mp3,viola,strings,0.5224,44100,D4,62,piano,arco-normal,1,0
viola/D4/viola_D4_05_fortissimo_arco-normal.mp3,viola,strings,1.1233,44100,D4,62,fortissimo,arco-normal,1,0
viola/D4/viola_D4_05_mezzo-piano_arco-normal.mp3,viola,strings,0.7837,44100,D4,62,mezzo-piano,arco-normal,1,0
viola/D4/viola_D4_05_pianissimo_arco-normal.mp3,viola,strings,1.1494,44100,D4,62,pianissimo,arco-normal,1,0
viola/D4/viola_D4_05_piano_arco-normal.mp3,viola,strings,0.7314,44100,D4,62,piano,arco-normal,1,0
viola/D4/viola_D4_15_mezzo-piano_arco-normal.mp3,viola,strings,1.6458,44100,D4,62,mezzo-piano,arco-normal,1,0
viola/D4/viola_D4_1_fortissimo_arco-normal.mp3,viola,strings,1.8286,44100,D4,62,fortissimo,arco-normal,1,0
viola/D4/viola_D4_1_mezzo-piano_arco-normal.mp3,viola,strings,1.0972,44100,D4,62,mezzo-piano,arco-normal,1,0
viola/D4/viola_D4_1_pianissimo_arco-normal.mp3,viola,strings,1.7502,44100,D4,62,pianissimo,arco-normal,1,0
viola/D4/viola_D4_1_piano_arco-normal.mp3,viola,strings,1.5935,44100,D4,62,piano,arco-normal,1,0
viola/D4/viola_D4_very-long_mezzo-forte_arco-normal.mp3,viola,strings,8.3592,44100,D4,62,mezzo-forte,arco-normal,1,0
viola/D5/viola_D5_025_forte_arco-normal.mp3,viola,strings,0.6008,44100,D5,74,forte,arco-normal,1,0
viola/D5/viola_D5_025_fortissimo_arco-normal.mp3,viola,strings,0.5486,44100,D5,74,fortissimo,arco-normal,1,0
viola/D5/viola_D5_025_pianissimo_arco-normal.mp3,viola,strings,0.6269,44100,D5,74,pianissimo,arco-normal,1,0
viola/D5/viola_D5_05_forte_arco-normal.mp3,viola,strings,1.0972,44100,D5,74,forte,arco-normal,1,0
viola/D5/viola_D5_05_fortissimo_arco-normal.mp3,viola,strings,0.862,44100,D5,74,fortissimo,arco-normal,1,0
viola/D5/viola_D5_05_pianissimo_arco-normal.mp3,viola,strings,0.9927,44100,D5,74,pianissimo,arco-normal,1,0
viola/D5/viola_D5_05_piano_arco-normal.mp3,viola,strings,1.2539,44100,D5,74,piano,arco-normal,1,0
viola/D5/viola_D5_15_fortissimo_arco-normal.mp3,viola,strings,1.5151,44100,D5,74,fortissimo,arco-normal,1,0
viola/D5/viola_D5_15_pianissimo_arco-normal.mp3,viola,strings,1.8286,44100,D5,74,pianissimo,arco-normal,1,0
viola/D5/viola_D5_1_forte_arco-normal.mp3,viola,strings,1.8808,44100,D5,74,forte,arco-normal,1,0
viola/D5/viola_D5_1_fortissimo_arco-normal.mp3,viola,strings,1.1494,44100,D5,74,fortissimo,arco-normal,1,0
viola/D5/viola_D5_1_mezzo-piano_arco-normal.mp3,viola,strings,1.5673,44100,D5,74,mezzo-piano,arco-normal,1,0
viola/D5/viola_D5_1_pianissimo_arco-normal.mp3,viola,strings,1.0972,44100,D5,74,pianissimo,arco-normal,1,0
viola/D5/viola_D5_1_piano_arco-normal.mp3,viola,strings,2.1159,44100,D5,74,piano,arco-normal,1,0
viola/D5/viola_D5_very-long_mezzo-forte_arco-normal.mp3,viola,strings,7.5232,44100,D5,74,mezzo-forte,arco-normal,1,0
viola/D6/viola_D6_025_forte_arco-normal.mp3,viola,strings,0.4441,44100,D6,86,forte,arco-normal,1,0
viola/D6/viola_D6_025_fortissimo_arco-normal.mp3,viola,strings,0.6792,44100,D6,86,fortissimo,arco-normal,1,0
viola/D6/viola_D6_025_pianissimo_arco-normal.mp3,viola,strings,0.2612,44100,D6,86,pianissimo,arco-normal,1,0
viola/D6/viola_D6_025_piano_arco-normal.mp3,viola,strings,0.7314,44100,D6,86,piano,arco-normal,1,0
viola/D6/viola_D6_05_forte_arco-normal.mp3,viola,strings,0.7314,44100,D6,86,forte,arco-normal,1,0
viola/D6/viola_D6_05_fortissimo_arco-normal.mp3,viola,strings,0.8098,44100,D6,86,fortissimo,arco-normal,1,0
viola/D6/viola_D6_05_pianissimo_arco-normal.mp3,viola,strings,0.9665,44100,D6,86,pianissimo,arco-normal,1,0
viola/D6/viola_D6_15_forte_arco-normal.mp3,viola,strings,1.5413,44100,D6,86,forte,arco-normal,1,0
viola/D6/viola_D6_1_forte_arco-normal.mp3,viola,strings,1.0972,44100,D6,86,forte,arco-normal,1,0
viola/D6/viola_D6_1_fortissimo_arco-normal.mp3,viola,strings,1.5151,44100,D6,86,fortissimo,arco-normal,1,0
viola/D6/viola_D6_1_pianissimo_arco-normal.mp3,viola,strings,1.5935,44100,D6,86,pianissimo,arco-normal,1,0
viola/D6/viola_D6_1_piano_arco-normal.mp3,viola,strings,1.9853,44100,D6,86,piano,arco-normal,1,0
viola/D7/viola_D7_15_piano_arco-normal.mp3,viola,strings,1.4106,44100,D7,98,piano,arco-normal,1,0
viola/Ds3/viola_Ds3_025_forte_arco-normal.mp3,viola,strings,0.5224,44100,Ds3,51,forte,arco-normal,1,0
viola/Ds3/viola_Ds3_025_fortissimo_arco-normal.mp3,viola,strings,0.4702,44100,Ds3,51,fortissimo,arco-normal,1,0
viola/Ds3/viola_Ds3_025_mezzo-piano_arco-normal.mp3,viola,strings,1.0188,44100,Ds3,51,mezzo-piano,arco-normal,1,0
viola/Ds3/viola_Ds3_025_pianissimo_arco-normal.mp3,viola,strings,0.4702,44100,Ds3,51,pianissimo,arco-normal,1,0
viola/Ds3/viola_Ds3_025_piano_arco-normal.mp3,viola,strings,0.5747,44100,Ds3,51,piano,arco-normal,1,0
viola/Ds3/viola_Ds3_05_fortissimo_arco-normal.mp3,viola,strings,0.9404,44100,Ds3,51,fortissimo,arco-normal,1,0
viola/Ds3/viola_Ds3_05_mezzo-piano_arco-normal.mp3,viola,strings,1.5151,44100,Ds3,51,mezzo-piano,arco-normal,1,0
viola/Ds3/viola_Ds3_05_pianissimo_arco-normal.mp3,viola,strings,0.8098,44100,Ds3,51,pianissimo,arco-normal,1,0
viola/Ds3/viola_Ds3_05_piano_arco-normal.mp3,viola,strings,2.0114,44100,Ds3,51,piano,arco-normal,1,0
viola/Ds3/viola_Ds3_15_fortissimo_arco-normal.mp3,viola,strings,1.6196,44100,Ds3,51,fortissimo,arco-normal,1,0
viola/Ds3/viola_Ds3_15_pianissimo_arco-normal.mp3,viola,strings,1.8024,44100,Ds3,51,pianissimo,arco-normal,1,0
viola/Ds3/viola_Ds3_15_piano_arco-normal.mp3,viola,strings,1.6979,44100,Ds3,51,piano,arco-normal,1,0
viola/Ds3/viola_Ds3_1_fortissimo_arco-normal.mp3,viola,strings,1.1233,44100,Ds3,51,fortissimo,arco-normal,1,0
viola/Ds3/viola_Ds3_1_mezzo-piano_arco-normal.mp3,viola,strings,1.5673,44100,Ds3,51,mezzo-piano,arco-normal,1,0
viola/Ds3/viola_Ds3_1_pianissimo_arco-normal.mp3,viola,strings,1.5673,44100,Ds3,51,pianissimo,arco-normal,1,0
viola/Ds3/viola_Ds3_1_piano_arco-normal.mp3,viola,strings,1.0188,44100,Ds3,51,piano,arco-normal,1,0
viola/Ds4/viola_Ds4_025_fortissimo_arco-normal.mp3,viola,strings,0.4702,44100,Ds4,63,fortissimo,arco-normal,1,0
viola/Ds4/viola_Ds4_025_mezzo-piano_arco-normal.mp3,viola,strings,0.5747,44100,Ds4,63,mezzo-piano,arco-normal,1,0
viola/Ds4/viola_Ds4_025_pianissimo_arco-normal.mp3,viola,strings,0.862,44100,Ds4,63,pianissimo,arco-normal,1,0
viola/Ds4/viola_Ds4_025_piano_arco-normal.mp3,viola,strings,0.6269,44100,Ds4,63,piano,arco-normal,1,0
viola/Ds4/viola_Ds4_05_fortissimo_arco-normal.mp3,viola,strings,1.0449,44100,Ds4,63,fortissimo,arco-normal,1,0
viola/Ds4/viola_Ds4_05_mezzo-piano_arco-normal.mp3,viola,strings,0.9665,44100,Ds4,63,mezzo-piano,arco-normal,1,0
viola/Ds4/viola_Ds4_05_pianissimo_arco-normal.mp3,viola,strings,0.9927,44100,Ds4,63,pianissimo,arco-normal,1,0
viola/Ds4/viola_Ds4_05_piano_arco-normal.mp3,viola,strings,1.071,44100,Ds4,63,piano,arco-normal,1,0
viola/Ds4/viola_Ds4_15_mezzo-piano_arco-normal.mp3,viola,strings,2.0376,44100,Ds4,63,mezzo-piano,arco-normal,1,0
viola/Ds4/viola_Ds4_1_fortissimo_arco-normal.mp3,viola,strings,1.3845,44100,Ds4,63,fortissimo,arco-normal,1,0
viola/Ds4/viola_Ds4_1_mezzo-piano_arco-normal.mp3,viola,strings,1.6458,44100,Ds4,63,mezzo-piano,arco-normal,1,0
viola/Ds4/viola_Ds4_1_pianissimo_arco-normal.mp3,viola,strings,1.8024,44100,Ds4,63,pianissimo,arco-normal,1,0
viola/Ds4/viola_Ds4_1_piano_arco-normal.mp3,viola,strings,1.8286,44100,Ds4,63,piano,arco-normal,1,0
viola/Ds5/viola_Ds5_025_fortissimo_arco-normal.mp3,viola,strings,0.4702,44100,Ds5,75,fortissimo,arco-normal,1,0
viola/Ds5/viola_Ds5_025_mezzo-piano_arco-normal.mp3,viola,strings,0.4963,44100,Ds5,75,mezzo-piano,arco-normal,1,0
viola/Ds5/viola_Ds5_025_pianissimo_arco-normal.mp3,viola,strings,0.9927,44100,Ds5,75,pianissimo,arco-normal,1,0
viola/Ds5/viola_Ds5_05_fortissimo_arco-normal.mp3,viola,strings,0.6531,44100,Ds5,75,fortissimo,arco-normal,1,0
viola/Ds5/viola_Ds5_05_mezzo-piano_arco-normal.mp3,viola,strings,1.1755,44100,Ds5,75,mezzo-piano,arco-normal,1,0
viola/Ds5/viola_Ds5_05_pianissimo_arco-normal.mp3,viola,strings,0.7837,44100,Ds5,75,pianissimo,arco-normal,1,0
viola/Ds5/viola_Ds5_05_piano_arco-normal.mp3,viola,strings,0.5747,44100,Ds5,75,piano,arco-normal,1,0
viola/Ds5/viola_Ds5_15_mezzo-piano_arco-normal.mp3,viola,strings,1.8547,44100,Ds5,75,mezzo-piano,arco-normal,1,0
viola/Ds5/viola_Ds5_15_pianissimo_arco-normal.mp3,viola,strings,1.9069,44100,Ds5,75,pianissimo,arco-normal,1,0
viola/Ds5/viola_Ds5_1_fortissimo_arco-normal.mp3,viola,strings,1.3845,44100,Ds5,75,fortissimo,arco-normal,1,0
viola/Ds5/viola_Ds5_1_mezzo-piano_arco-normal.mp3,viola,strings,1.5673,44100,Ds5,75,mezzo-piano,arco-normal,1,0
viola/Ds5/viola_Ds5_1_pianissimo_arco-normal.mp3,viola,strings,1.6196,44100,Ds5,75,pianissimo,arco-normal,1,0
viola/Ds5/viola_Ds5_1_piano_arco-normal.mp3,viola,strings,1.5935,44100,Ds5,75,piano,arco-normal,1,0
viola/Ds6/viola_Ds6_025_forte_arco-normal.mp3,viola,strings,0.5224,44100,Ds6,87,forte,arco-normal,1,0
viola/Ds6/viola_Ds6_025_fortissimo_arco-normal.mp3,viola,strings,0.3918,44100,Ds6,87,fortissimo,arco-normal,1,0
viola/Ds6/viola_Ds6_025_pianissimo_arco-normal.mp3,viola,strings,0.4963,44100,Ds6,87,pianissimo,arco-normal,1,0
viola/Ds6/viola_Ds6_025_piano_arco-normal.mp3,viola,strings,0.7053,44100,Ds6,87,piano,arco-normal,1,0
viola/Ds6/viola_Ds6_05_forte_arco-normal.mp3,viola,strings,0.6531,44100,Ds6,87,forte,arco-normal,1,0
viola/Ds6/viola_Ds6_05_fortissimo_arco-normal.mp3,viola,strings,0.862,44100,Ds6,87,fortissimo,arco-normal,1,0
viola/Ds6/viola_Ds6_05_pianissimo_arco-normal.mp3,viola,strings,0.7837,44100,Ds6,87,pianissimo,arco-normal,1,0
viola/Ds6/viola_Ds6_05_piano_arco-normal.mp3,viola,strings,0.8098,44100,Ds6,87,piano,arco-normal,1,0
viola/Ds6/viola_Ds6_15_forte_arco-normal.mp3,viola,strings,1.5151,44100,Ds6,87,forte,arco-normal,1,0
viola/Ds6/viola_Ds6_15_fortissimo_arco-normal.mp3,viola,strings,1.4628,44100,Ds6,87,fortissimo,arco-normal,1,0
viola/Ds6/viola_Ds6_1_forte_arco-normal.mp3,viola,strings,1.1494,44100,Ds6,87,forte,arco-normal,1,0
viola/Ds6/viola_Ds6_1_fortissimo_arco-normal.mp3,viola,strings,1.0449,44100,Ds6,87,fortissimo,arco-normal,1,0
viola/Ds6/viola_Ds6_1_pianissimo_arco-normal.mp3,viola,strings,1.071,44100,Ds6,87,pianissimo,arco-normal,1,0
viola/E3/viola_E3_025_fortissimo_arco-normal.mp3,viola,strings,0.5224,44100,E3,52,fortissimo,arco-normal,1,0
viola/E3/viola_E3_025_mezzo-piano_arco-normal.mp3,viola,strings,0.6008,44100,E3,52,mezzo-piano,arco-normal,1,0
viola/E3/viola_E3_025_piano_arco-normal.mp3,viola,strings,0.4179,44100,E3,52,piano,arco-normal,1,0
viola/E3/viola_E3_05_fortissimo_arco-normal.mp3,viola,strings,0.7576,44100,E3,52,fortissimo,arco-normal,1,0
viola/E3/viola_E3_05_mezzo-piano_arco-normal.mp3,viola,strings,0.7576,44100,E3,52,mezzo-piano,arco-normal,1,0
viola/E3/viola_E3_05_pianissimo_arco-normal.mp3,viola,strings,0.5747,44100,E3,52,pianissimo,arco-normal,1,0
viola/E3/viola_E3_05_piano_arco-normal.mp3,viola,strings,0.9404,44100,E3,52,piano,arco-normal,1,0
viola/E3/viola_E3_15_fortissimo_arco-normal.mp3,viola,strings,1.6458,44100,E3,52,fortissimo,arco-normal,1,0
viola/E3/viola_E3_15_mezzo-piano_arco-normal.mp3,viola,strings,2.0637,44100,E3,52,mezzo-piano,arco-normal,1,0
viola/E3/viola_E3_15_pianissimo_arco-normal.mp3,viola,strings,2.1159,44100,E3,52,pianissimo,arco-normal,1,0
viola/E3/viola_E3_15_piano_arco-normal.mp3,viola,strings,1.4628,44100,E3,52,piano,arco-normal,1,0
viola/E3/viola_E3_1_fortissimo_arco-normal.mp3,viola,strings,1.1755,44100,E3,52,fortissimo,arco-normal,1,0
viola/E3/viola_E3_1_mezzo-piano_arco-normal.mp3,viola,strings,1.6196,44100,E3,52,mezzo-piano,arco-normal,1,0
viola/E3/viola_E3_1_pianissimo_arco-normal.mp3,viola,strings,0.9143,44100,E3,52,pianissimo,arco-normal,1,0
viola/E3/viola_E3_1_piano_arco-normal.mp3,viola,strings,0.9927,44100,E3,52,piano,arco-normal,1,0
viola/E4/viola_E4_025_fortissimo_arco-normal.mp3,viola,strings,0.5486,44100,E4,64,fortissimo,arco-normal,1,0
viola/E4/viola_E4_025_mezzo-piano_arco-normal.mp3,viola,strings,0.5486,44100,E4,64,mezzo-piano,arco-normal,1,0
viola/E4/viola_E4_025_pianissimo_arco-normal.mp3,viola,strings,0.6269,44100,E4,64,pianissimo,arco-normal,1,0
viola/E4/viola_E4_025_piano_arco-normal.mp3,viola,strings,0.4702,44100,E4,64,piano,arco-normal,1,0
viola/E4/viola_E4_05_fortissimo_arco-normal.mp3,viola,strings,0.7576,44100,E4,64,fortissimo,arco-normal,1,0
viola/E4/viola_E4_05_mezzo-piano_arco-normal.mp3,viola,strings,0.7053,44100,E4,64,mezzo-piano,arco-normal,1,0
viola/E4/viola_E4_05_pianissimo_arco-normal.mp3,viola,strings,1.071,44100,E4,64,pianissimo,arco-normal,1,0
viola/E4/viola_E4_05_piano_arco-normal.mp3,viola,strings,0.9665,44100,E4,64,piano,arco-normal,1,0
viola/E4/viola_E4_15_fortissimo_arco-normal.mp3,viola,strings,1.5673,44100,E4,64,fortissimo,arco-normal,1,0
viola/E4/viola_E4_15_mezzo-piano_arco-normal.mp3,viola,strings,2.0898,44100,E4,64,mezzo-piano,arco-normal,1,0
viola/E4/viola_E4_15_pianissimo_arco-normal.mp3,viola,strings,2.6122,44100,E4,64,pianissimo,arco-normal,1,0
viola/E4/viola_E4_15_piano_arco-normal.mp3,viola,strings,1.5935,44100,E4,64,piano,arco-normal,1,0
viola/E4/viola_E4_1_fortissimo_arco-normal.mp3,viola,strings,1.2017,44100,E4,64,fortissimo,arco-normal,1,0
viola/E4/viola_E4_1_mezzo-piano_arco-normal.mp3,viola,strings,1.3061,44100,E4,64,mezzo-piano,arco-normal,1,0
viola/E4/viola_E4_1_pianissimo_arco-normal.mp3,viola,strings,1.1494,44100,E4,64,pianissimo,arco-normal,1,0
viola/E4/viola_E4_1_piano_arco-normal.mp3,viola,strings,1.2539,44100,E4,64,piano,arco-normal,1,0
viola/E5/viola_E5_025_fortissimo_arco-normal.mp3,viola,strings,0.3918,44100,E5,76,fortissimo,arco-normal,1,0
viola/E5/viola_E5_025_mezzo-piano_arco-normal.mp3,viola,strings,0.4963,44100,E5,76,mezzo-piano,arco-normal,1,0
viola/E5/viola_E5_025_pianissimo_arco-normal.mp3,viola,strings,1.0188,44100,E5,76,pianissimo,arco-normal,1,0
viola/E5/viola_E5_025_piano_arco-normal.mp3,viola,strings,0.4441,44100,E5,76,piano,arco-normal,1,0
viola/E5/viola_E5_05_fortissimo_arco-normal.mp3,viola,strings,0.8098,44100,E5,76,fortissimo,arco-normal,1,0
viola/E5/viola_E5_05_mezzo-piano_arco-normal.mp3,viola,strings,0.7314,44100,E5,76,mezzo-piano,arco-normal,1,0
viola/E5/viola_E5_05_pianissimo_arco-normal.mp3,viola,strings,0.7837,44100,E5,76,pianissimo,arco-normal,1,0
viola/E5/viola_E5_05_piano_arco-normal.mp3,viola,strings,0.7053,44100,E5,76,piano,arco-normal,1,0
viola/E5/viola_E5_15_fortissimo_arco-normal.mp3,viola,strings,1.4628,44100,E5,76,fortissimo,arco-normal,1,0
viola/E5/viola_E5_15_mezzo-piano_arco-normal.mp3,viola,strings,2.0898,44100,E5,76,mezzo-piano,arco-normal,1,0
viola/E5/viola_E5_15_pianissimo_arco-normal.mp3,viola,strings,2.142,44100,E5,76,pianissimo,arco-normal,1,0
viola/E5/viola_E5_15_piano_arco-normal.mp3,viola,strings,1.6196,44100,E5,76,piano,arco-normal,1,0
viola/E5/viola_E5_1_fortissimo_arco-normal.mp3,viola,strings,1.0188,44100,E5,76,fortissimo,arco-normal,1,0
viola/E5/viola_E5_1_mezzo-piano_arco-normal.mp3,viola,strings,1.2277,44100,E5,76,mezzo-piano,arco-normal,1,0
viola/E5/viola_E5_1_pianissimo_arco-normal.mp3,viola,strings,1.1755,44100,E5,76,pianissimo,arco-normal,1,0
viola/E5/viola_E5_1_piano_arco-normal.mp3,viola,strings,1.0972,44100,E5,76,piano,arco-normal,1,0
viola/E5/viola_E5_very-long_mezzo-forte_arco-normal.mp3,viola,strings,7.7845,44100,E5,76,mezzo-forte,arco-normal,1,0
viola/E6/viola_E6_025_forte_arco-normal.mp3,viola,strings,0.3658,44100,E6,88,forte,arco-normal,1,0
viola/E6/viola_E6_025_fortissimo_arco-normal.mp3,viola,strings,0.3918,44100,E6,88,fortissimo,arco-normal,1,0
viola/E6/viola_E6_025_pianissimo_arco-normal.mp3,viola,strings,0.3396,44100,E6,88,pianissimo,arco-normal,1,0
viola/E6/viola_E6_025_piano_arco-normal.mp3,viola,strings,0.9143,44100,E6,88,piano,arco-normal,1,0
viola/E6/viola_E6_05_forte_arco-normal.mp3,viola,strings,0.8359,44100,E6,88,forte,arco-normal,1,0
viola/E6/viola_E6_05_fortissimo_arco-normal.mp3,viola,strings,0.6269,44100,E6,88,fortissimo,arco-normal,1,0
viola/E6/viola_E6_05_pianissimo_arco-normal.mp3,viola,strings,0.7576,44100,E6,88,pianissimo,arco-normal,1,0
viola/E6/viola_E6_05_piano_arco-normal.mp3,viola,strings,1.8024,44100,E6,88,piano,arco-normal,1,0
viola/E6/viola_E6_15_fortissimo_arco-normal.mp3,viola,strings,1.3845,44100,E6,88,fortissimo,arco-normal,1,0
viola/E6/viola_E6_15_mezzo-piano_arco-normal.mp3,viola,strings,1.3061,44100,E6,88,mezzo-piano,arco-normal,1,0
viola/E6/viola_E6_15_piano_arco-normal.mp3,viola,strings,1.489,44100,E6,88,piano,arco-normal,1,0
viola/E6/viola_E6_1_forte_arco-normal.mp3,viola,strings,0.862,44100,E6,88,forte,arco-normal,1,0
viola/E6/viola_E6_1_fortissimo_arco-normal.mp3,viola,strings,1.071,44100,E6,88,fortissimo,arco-normal,1,0
viola/E6/viola_E6_1_piano_arco-normal.mp3,viola,strings,0.9665,44100,E6,88,piano,arco-normal,1,0
viola/F3/viola_F3_025_forte_arco-normal.mp3,viola,strings,0.9665,44100,F3,53,forte,arco-normal,1,0
viola/F3/viola_F3_025_fortissimo_arco-normal.mp3,viola,strings,0.4963,44100,F3,53,fortissimo,arco-normal,1,0
viola/F3/viola_F3_025_mezzo-piano_arco-normal.mp3,viola,strings,0.5486,44100,F3,53,mezzo-piano,arco-normal,1,0
viola/F3/viola_F3_025_pianissimo_arco-normal.mp3,viola,strings,0.4963,44100,F3,53,pianissimo,arco-normal,1,0
viola/F3/viola_F3_025_piano_arco-normal.mp3,viola,strings,0.862,44100,F3,53,piano,arco-normal,1,0
viola/F3/viola_F3_05_forte_arco-normal.mp3,viola,strings,1.8808,44100,F3,53,forte,arco-normal,1,0
viola/F3/viola_F3_05_fortissimo_arco-normal.mp3,viola,strings,0.862,44100,F3,53,fortissimo,arco-normal,1,0
viola/F3/viola_F3_05_mezzo-piano_arco-normal.mp3,viola,strings,1.5673,44100,F3,53,mezzo-piano,arco-normal,1,0
viola/F3/viola_F3_05_pianissimo_arco-normal.mp3,viola,strings,1.5413,44100,F3,53,pianissimo,arco-normal,1,0
viola/F3/viola_F3_05_piano_arco-normal.mp3,viola,strings,0.4963,44100,F3,53,piano,arco-normal,1,0
viola/F3/viola_F3_15_fortissimo_arco-normal.mp3,viola,strings,1.6196,44100,F3,53,fortissimo,arco-normal,1,0
viola/F3/viola_F3_15_pianissimo_arco-normal.mp3,viola,strings,1.2017,44100,F3,53,pianissimo,arco-normal,1,0
viola/F3/viola_F3_1_fortissimo_arco-normal.mp3,viola,strings,1.4106,44100,F3,53,fortissimo,arco-normal,1,0
viola/F3/viola_F3_1_pianissimo_arco-normal.mp3,viola,strings,0.9404,44100,F3,53,pianissimo,arco-normal,1,0
viola/F3/viola_F3_1_piano_arco-normal.mp3,viola,strings,2.1942,44100,F3,53,piano,arco-normal,1,0
viola/F4/viola_F4_025_fortissimo_arco-normal.mp3,viola,strings,0.5486,44100,F4,65,fortissimo,arco-normal,1,0
viola/F4/viola_F4_025_mezzo-piano_arco-normal.mp3,viola,strings,0.5486,44100,F4,65,mezzo-piano,arco-normal,1,0
viola/F4/viola_F4_025_pianissimo_arco-normal.mp3,viola,strings,0.5747,44100,F4,65,pianissimo,arco-normal,1,0
viola/F4/viola_F4_025_piano_arco-normal.mp3,viola,strings,0.6269,44100,F4,65,piano,arco-normal,1,0
viola/F4/viola_F4_05_fortissimo_arco-normal.mp3,viola,strings,0.7053,44100,F4,65,fortissimo,arco-normal,1,0
viola/F4/viola_F4_05_pianissimo_arco-normal.mp3,viola,strings,1.0972,44100,F4,65,pianissimo,arco-normal,1,0
viola/F4/viola_F4_05_piano_arco-normal.mp3,viola,strings,0.9927,44100,F4,65,piano,arco-normal,1,0
viola/F4/viola_F4_15_mezzo-piano_arco-normal.mp3,viola,strings,1.3583,44100,F4,65,mezzo-piano,arco-normal,1,0
viola/F4/viola_F4_15_pianissimo_arco-normal.mp3,viola,strings,1.7763,44100,F4,65,pianissimo,arco-normal,1,0
viola/F4/viola_F4_15_piano_arco-normal.mp3,viola,strings,1.6458,44100,F4,65,piano,arco-normal,1,0
viola/F4/viola_F4_1_fortissimo_arco-normal.mp3,viola,strings,1.4367,44100,F4,65,fortissimo,arco-normal,1,0
viola/F4/viola_F4_1_pianissimo_arco-normal.mp3,viola,strings,1.4106,44100,F4,65,pianissimo,arco-normal,1,0
viola/F4/viola_F4_1_piano_arco-normal.mp3,viola,strings,1.0449,44100,F4,65,piano,arco-normal,1,0
viola/F4/viola_F4_phrase_mezzo-piano_arco-normal.mp3,viola,strings,2.2988,44100,F4,65,mezzo-piano,arco-normal,1,1
viola/F5/viola_F5_025_fortissimo_arco-normal.mp3,viola,strings,0.4441,44100,F5,77,fortissimo,arco-normal,1,0
viola/F5/viola_F5_025_mezzo-piano_arco-normal.mp3,viola,strings,0.4963,44100,F5,77,mezzo-piano,arco-normal,1,0
viola/F5/viola_F5_025_pianissimo_arco-normal.mp3,viola,strings,0.5486,44100,F5,77,pianissimo,arco-normal,1,0
viola/F5/viola_F5_05_fortissimo_arco-normal.mp3,viola,strings,0.6531,44100,F5,77,fortissimo,arco-normal,1,0
viola/F5/viola_F5_05_mezzo-piano_arco-normal.mp3,viola,strings,0.7314,44100,F5,77,mezzo-piano,arco-normal,1,0
viola/F5/viola_F5_05_pianissimo_arco-normal.mp3,viola,strings,1.0188,44100,F5,77,pianissimo,arco-normal,1,0
viola/F5/viola_F5_05_piano_arco-normal.mp3,viola,strings,0.4963,44100,F5,77,piano,arco-normal,1,0
viola/F5/viola_F5_15_forte_arco-normal.mp3,viola,strings,1.9592,44100,F5,77,forte,arco-normal,1,0
viola/F5/viola_F5_15_fortissimo_arco-normal.mp3,viola,strings,1.6196,44100,F5,77,fortissimo,arco-normal,1,0
viola/F5/viola_F5_15_pianissimo_arco-normal.mp3,viola,strings,2.142,44100,F5,77,pianissimo,arco-normal,1,0
viola/F5/viola_F5_1_forte_arco-normal.mp3,viola,strings,1.6196,44100,F5,77,forte,arco-normal,1,0
viola/F5/viola_F5_1_fortissimo_arco-normal.mp3,viola,strings,1.1233,44100,F5,77,fortissimo,arco-normal,1,0
viola/F5/viola_F5_1_pianissimo_arco-normal.mp3,viola,strings,1.489,44100,F5,77,pianissimo,arco-normal,1,0
viola/F5/viola_F5_1_piano_arco-normal.mp3,viola,strings,1.5413,44100,F5,77,piano,arco-normal,1,0
viola/F6/viola_F6_025_fortissimo_arco-normal.mp3,viola,strings,0.3396,44100,F6,89,fortissimo,arco-normal,1,0
viola/F6/viola_F6_025_mezzo-piano_arco-normal.mp3,viola,strings,0.4702,44100,F6,89,mezzo-piano,arco-normal,1,0
viola/F6/viola_F6_025_pianissimo_arco-normal.mp3,viola,strings,0.2873,44100,F6,89,pianissimo,arco-normal,1,0
viola/F6/viola_F6_025_piano_arco-normal.mp3,viola,strings,0.7053,44100,F6,89,piano,arco-normal,1,0
viola/F6/viola_F6_05_forte_arco-normal.mp3,viola,strings,0.9665,44100,F6,89,forte,arco-normal,1,0
viola/F6/viola_F6_05_fortissimo_arco-normal.mp3,viola,strings,0.6792,44100,F6,89,fortissimo,arco-normal,1,0
viola/F6/viola_F6_05_mezzo-piano_arco-normal.mp3,viola,strings,0.8359,44100,F6,89,mezzo-piano,arco-normal,1,0
viola/F6/viola_F6_05_pianissimo_arco-normal.mp3,viola,strings,1.4628,44100,F6,89,pianissimo,arco-normal,1,0
viola/F6/viola_F6_05_piano_arco-normal.mp3,viola,strings,1.071,44100,F6,89,piano,arco-normal,1,0
viola/F6/viola_F6_15_fortissimo_arco-normal.mp3,viola,strings,1.5151,44100,F6,89,fortissimo,arco-normal,1,0
viola/F6/viola_F6_1_forte_arco-normal.mp3,viola,strings,1.5673,44100,F6,89,forte,arco-normal,1,0
viola/F6/viola_F6_1_fortissimo_arco-normal.mp3,viola,strings,1.0972,44100,F6,89,fortissimo,arco-normal,1,0
viola/F6/viola_F6_1_pianissimo_arco-normal.mp3,viola,strings,0.8359,44100,F6,89,pianissimo,arco-normal,1,0
viola/F6/viola_F6_1_piano_arco-normal.mp3,viola,strings,1.9069,44100,F6,89,piano,arco-normal,1,0
viola/Fs3/viola_Fs3_025_forte_arco-normal.mp3,viola,strings,0.6531,44100,Fs3,54,forte,arco-normal,1,0
viola/Fs3/viola_Fs3_025_fortissimo_arco-normal.mp3,viola,strings,0.5224,44100,Fs3,54,fortissimo,arco-normal,1,0
viola/Fs3/viola_Fs3_025_piano_arco-normal.mp3,viola,strings,0.9404,44100,Fs3,54,piano,arco-normal,1,0
viola/Fs3/viola_Fs3_05_forte_arco-normal.mp3,viola,strings,0.9404,44100,Fs3,54,forte,arco-normal,1,0
viola/Fs3/viola_Fs3_05_fortissimo_arco-normal.mp3,viola,strings,0.862,44100,Fs3,54,fortissimo,arco-normal,1,0
viola/Fs3/viola_Fs3_05_pianissimo_arco-normal.mp3,viola,strings,0.7314,44100,Fs3,54,pianissimo,arco-normal,1,0
viola/Fs3/viola_Fs3_05_piano_arco-normal.mp3,viola,strings,0.3658,44100,Fs3,54,piano,arco-normal,1,0
viola/Fs3/viola_Fs3_15_fortissimo_arco-normal.mp3,viola,strings,1.5413,44100,Fs3,54,fortissimo,arco-normal,1,0
viola/Fs3/viola_Fs3_1_forte_arco-normal.mp3,viola,strings,1.4628,44100,Fs3,54,forte,arco-normal,1,0
viola/Fs3/viola_Fs3_1_fortissimo_arco-normal.mp3,viola,strings,1.0972,44100,Fs3,54,fortissimo,arco-normal,1,0
viola/Fs3/viola_Fs3_1_mezzo-piano_arco-normal.mp3,viola,strings,1.7502,44100,Fs3,54,mezzo-piano,arco-normal,1,0
viola/Fs3/viola_Fs3_1_pianissimo_arco-normal.mp3,viola,strings,1.4106,44100,Fs3,54,pianissimo,arco-normal,1,0
viola/Fs3/viola_Fs3_1_piano_arco-normal.mp3,viola,strings,2.1942,44100,Fs3,54,piano,arco-normal,1,0
viola/Fs4/viola_Fs4_025_forte_arco-normal.mp3,viola,strings,0.5486,44100,Fs4,66,forte,arco-normal,1,0
viola/Fs4/viola_Fs4_025_fortissimo_arco-normal.mp3,viola,strings,0.4963,44100,Fs4,66,fortissimo,arco-normal,1,0
viola/Fs4/viola_Fs4_025_pianissimo_arco-normal.mp3,viola,strings,0.9143,44100,Fs4,66,pianissimo,arco-normal,1,0
viola/Fs4/viola_Fs4_025_piano_arco-normal.mp3,viola,strings,0.6792,44100,Fs4,66,piano,arco-normal,1,0
viola/Fs4/viola_Fs4_05_forte_arco-normal.mp3,viola,strings,0.6269,44100,Fs4,66,forte,arco-normal,1,0
viola/Fs4/viola_Fs4_05_fortissimo_arco-normal.mp3,viola,strings,0.7053,44100,Fs4,66,fortissimo,arco-normal,1,0
viola/Fs4/viola_Fs4_05_pianissimo_arco-normal.mp3,viola,strings,0.9927,44100,Fs4,66,pianissimo,arco-normal,1,0
viola/Fs4/viola_Fs4_05_piano_arco-normal.mp3,viola,strings,1.4367,44100,Fs4,66,piano,arco-normal,1,0
viola/Fs4/viola_Fs4_15_fortissimo_arco-normal.mp3,viola,strings,1.4628,44100,Fs4,66,fortissimo,arco-normal,1,0
viola/Fs4/viola_Fs4_15_mezzo-piano_arco-normal.mp3,viola,strings,1.9331,44100,Fs4,66,mezzo-piano,arco-normal,1,0
viola/Fs4/viola_Fs4_15_pianissimo_arco-normal.mp3,viola,strings,1.8286,44100,Fs4,66,pianissimo,arco-normal,1,0
viola/Fs4/viola_Fs4_1_fortissimo_arco-normal.mp3,viola,strings,1.3322,44100,Fs4,66,fortissimo,arco-normal,1,0
viola/Fs4/viola_Fs4_1_mezzo-piano_arco-normal.mp3,viola,strings,1.5151,44100,Fs4,66,mezzo-piano,arco-normal,1,0
viola/Fs4/viola_Fs4_1_pianissimo_arco-normal.mp3,viola,strings,1.5673,44100,Fs4,66,pianissimo,arco-normal,1,0
viola/Fs5/viola_Fs5_025_forte_arco-normal.mp3,viola,strings,0.5224,44100,Fs5,78,forte,arco-normal,1,0
viola/Fs5/viola_Fs5_025_fortissimo_arco-normal.mp3,viola,strings,0.4441,44100,Fs5,78,fortissimo,arco-normal,1,0
viola/Fs5/viola_Fs5_025_pianissimo_arco-normal.mp3,viola,strings,0.7053,44100,Fs5,78,pianissimo,arco-normal,1,0
viola/Fs5/viola_Fs5_025_piano_arco-normal.mp3,viola,strings,0.6008,44100,Fs5,78,piano,arco-normal,1,0
viola/Fs5/viola_Fs5_05_forte_arco-normal.mp3,viola,strings,1.0188,44100,Fs5,78,forte,arco-normal,1,0
viola/Fs5/viola_Fs5_05_fortissimo_arco-normal.mp3,viola,strings,0.9665,44100,Fs5,78,fortissimo,arco-normal,1,0
viola/Fs5/viola_Fs5_05_pianissimo_arco-normal.mp3,viola,strings,0.9143,44100,Fs5,78,pianissimo,arco-normal,1,0
viola/Fs5/viola_Fs5_05_piano_arco-normal.mp3,viola,strings,0.9665,44100,Fs5,78,piano,arco-normal,1,0
viola/Fs5/viola_Fs5_15_forte_arco-normal.mp3,viola,strings,1.9331,44100,Fs5,78,forte,arco-normal,1,0
viola/Fs5/viola_Fs5_15_pianissimo_arco-normal.mp3,viola,strings,1.5673,44100,Fs5,78,pianissimo,arco-normal,1,0
viola/Fs5/viola_Fs5_15_piano_arco-normal.mp3,viola,strings,1.6718,44100,Fs5,78,piano,arco-normal,1,0
viola/Fs5/viola_Fs5_1_forte_arco-normal.mp3,viola,strings,1.3061,44100,Fs5,78,forte,arco-normal,1,0
viola/Fs5/viola_Fs5_1_fortissimo_arco-normal.mp3,viola,strings,1.7763,44100,Fs5,78,fortissimo,arco-normal,1,0
viola/Fs5/viola_Fs5_1_pianissimo_arco-normal.mp3,viola,strings,1.5673,44100,Fs5,78,pianissimo,arco-normal,1,0
viola/Fs5/viola_Fs5_1_piano_arco-normal.mp3,viola,strings,1.1233,44100,Fs5,78,piano,arco-normal,1,0
viola/Fs6/viola_Fs6_025_forte_arco-normal.mp3,viola,strings,0.862,44100,Fs6,90,forte,arco-normal,1,0
viola/Fs6/viola_Fs6_025_fortissimo_arco-normal.mp3,viola,strings,0.3918,44100,Fs6,90,fortissimo,arco-normal,1,0
viola/Fs6/viola_Fs6_025_piano_arco-normal.mp3,viola,strings,0.7314,44100,Fs6,90,piano,arco-normal,1,0
viola/Fs6/viola_Fs6_05_forte_arco-normal.mp3,viola,strings,1.5151,44100,Fs6,90,forte,arco-normal,1,0
viola/Fs6/viola_Fs6_05_fortissimo_arco-normal.mp3,viola,strings,0.6792,44100,Fs6,90,fortissimo,arco-normal,1,0
viola/Fs6/viola_Fs6_05_piano_arco-normal.mp3,viola,strings,0.7053,44100,Fs6,90,piano,arco-normal,1,0
viola/Fs6/viola_Fs6_15_fortissimo_arco-normal.mp3,viola,strings,1.5935,44100,Fs6,90,fortissimo,arco-normal,1,0
viola/Fs6/viola_Fs6_15_piano_arco-normal.mp3,viola,strings,1.7502,44100,Fs6,90,piano,arco-normal,1,0
viola/Fs6/viola_Fs6_1_fortissimo_arco-normal.mp3,viola,strings,1.071,44100,Fs6,90,fortissimo,arco-normal,1,0
viola/Fs6/viola_Fs6_1_mezzo-piano_arco-normal.mp3,viola,strings,1.2277,44100,Fs6,90,mezzo-piano,arco-normal,1,0
viola/Fs6/viola_Fs6_1_pianissimo_arco-normal.mp3,viola,strings,1.7241,44100,Fs6,90,pianissimo,arco-normal,1,0
viola/Fs6/viola_Fs6_1_piano_arco-normal.mp3,viola,strings,1.4628,44100,Fs6,90,piano,arco-normal,1,0
viola/G3/viola_G3_025_forte_arco-normal.mp3,viola,strings,0.8359,44100,G3,55,forte,arco-normal,1,0
viola/G3/viola_G3_025_fortissimo_arco-normal.mp3,viola,strings,0.5486,44100,G3,55,fortissimo,arco-normal,1,0
viola/G3/viola_G3_025_mezzo-piano_arco-normal.mp3,viola,strings,0.6269,44100,G3,55,mezzo-piano,arco-normal,1,0
viola/G3/viola_G3_025_pianissimo_arco-normal.mp3,viola,strings,0.6008,44100,G3,55,pianissimo,arco-normal,1,0
viola/G3/viola_G3_025_piano_arco-normal.mp3,viola,strings,0.6792,44100,G3,55,piano,arco-normal,1,0
viola/G3/viola_G3_05_forte_arco-normal.mp3,viola,strings,1.6718,44100,G3,55,forte,arco-normal,1,0
viola/G3/viola_G3_05_fortissimo_arco-normal.mp3,viola,strings,1.1233,44100,G3,55,fortissimo,arco-normal,1,0
viola/G3/viola_G3_05_mezzo-piano_arco-normal.mp3,viola,strings,1.5935,44100,G3,55,mezzo-piano,arco-normal,1,0
viola/G3/viola_G3_05_pianissimo_arco-normal.mp3,viola,strings,0.7576,44100,G3,55,pianissimo,arco-normal,1,0
viola/G3/viola_G3_05_piano_arco-normal.mp3,viola,strings,0.7837,44100,G3,55,piano,arco-normal,1,0
viola/G3/viola_G3_15_pianissimo_arco-normal.mp3,viola,strings,1.6196,44100,G3,55,pianissimo,arco-normal,1,0
viola/G3/viola_G3_15_piano_arco-normal.mp3,viola,strings,1.4628,44100,G3,55,piano,arco-normal,1,0
viola/G3/viola_G3_1_fortissimo_arco-normal.mp3,viola,strings,1.7763,44100,G3,55,fortissimo,arco-normal,1,0
viola/G3/viola_G3_1_pianissimo_arco-normal.mp3,viola,strings,1.2539,44100,G3,55,pianissimo,arco-normal,1,0
viola/G3/viola_G3_1_piano_arco-normal.mp3,viola,strings,1.3061,44100,G3,55,piano,arco-normal,1,0
viola/G4/viola_G4_025_forte_arco-normal.mp3,viola,strings,0.5224,44100,G4,67,forte,arco-normal,1,0
viola/G4/viola_G4_025_fortissimo_arco-normal.mp3,viola,strings,0.4179,44100,G4,67,fortissimo,arco-normal,1,0
viola/G4/viola_G4_025_pianissimo_arco-normal.mp3,viola,strings,0.6269,44100,G4,67,pianissimo,arco-normal,1,0
viola/G4/viola_G4_025_piano_arco-normal.mp3,viola,strings,0.5224,44100,G4,67,piano,arco-normal,1,0
viola/G4/viola_G4_05_forte_arco-normal.mp3,viola,strings,0.9404,44100,G4,67,forte,arco-normal,1,0
viola/G4/viola_G4_05_fortissimo_arco-normal.mp3,viola,strings,0.6269,44100,G4,67,fortissimo,arco-normal,1,0
viola/G4/viola_G4_05_pianissimo_arco-normal.mp3,viola,strings,1.2539,44100,G4,67,pianissimo,arco-normal,1,0
viola/G4/viola_G4_05_piano_arco-normal.mp3,viola,strings,1.0188,44100,G4,67,piano,arco-normal,1,0
viola/G4/viola_G4_15_forte_arco-normal.mp3,viola,strings,1.8547,44100,G4,67,forte,arco-normal,1,0
viola/G4/viola_G4_15_fortissimo_arco-normal.mp3,viola,strings,1.5673,44100,G4,67,fortissimo,arco-normal,1,0
viola/G4/viola_G4_1_forte_arco-normal.mp3,viola,strings,1.2277,44100,G4,67,forte,arco-normal,1,0
viola/G4/viola_G4_1_fortissimo_arco-normal.mp3,viola,strings,1.0972,44100,G4,67,fortissimo,arco-normal,1,0
viola/G4/viola_G4_1_pianissimo_arco-normal.mp3,viola,strings,2.4294,44100,G4,67,pianissimo,arco-normal,1,0
viola/G4/viola_G4_1_piano_arco-normal.mp3,viola,strings,1.4628,44100,G4,67,piano,arco-normal,1,0
viola/G4/viola_G4_very-long_mezzo-forte_arco-normal.mp3,viola,strings,9.0645,44100,G4,67,mezzo-forte,arco-normal,1,0
viola/G5/viola_G5_025_forte_arco-normal.mp3,viola,strings,0.4963,44100,G5,79,forte,arco-normal,1,0
viola/G5/viola_G5_025_fortissimo_arco-normal.mp3,viola,strings,0.4702,44100,G5,79,fortissimo,arco-normal,1,0
viola/G5/viola_G5_025_pianissimo_arco-normal.mp3,viola,strings,0.4441,44100,G5,79,pianissimo,arco-normal,1,0
viola/G5/viola_G5_025_piano_arco-normal.mp3,viola,strings,0.5486,44100,G5,79,piano,arco-normal,1,0
viola/G5/viola_G5_05_forte_arco-normal.mp3,viola,strings,1.3583,44100,G5,79,forte,arco-normal,1,0
viola/G5/viola_G5_05_fortissimo_arco-normal.mp3,viola,strings,0.6531,44100,G5,79,fortissimo,arco-normal,1,0
viola/G5/viola_G5_05_mezzo-piano_arco-normal.mp3,viola,strings,0.7576,44100,G5,79,mezzo-piano,arco-normal,1,0
viola/G5/viola_G5_05_pianissimo_arco-normal.mp3,viola,strings,0.9665,44100,G5,79,pianissimo,arco-normal,1,0
viola/G5/viola_G5_05_piano_arco-normal.mp3,viola,strings,0.7837,44100,G5,79,piano,arco-normal,1,0
viola/G5/viola_G5_15_fortissimo_arco-normal.mp3,viola,strings,1.5151,44100,G5,79,fortissimo,arco-normal,1,0
viola/G5/viola_G5_15_piano_arco-normal.mp3,viola,strings,1.6718,44100,G5,79,piano,arco-normal,1,0
viola/G5/viola_G5_1_forte_arco-normal.mp3,viola,strings,1.8024,44100,G5,79,forte,arco-normal,1,0
viola/G5/viola_G5_1_fortissimo_arco-normal.mp3,viola,strings,1.0188,44100,G5,79,fortissimo,arco-normal,1,0
viola/G5/viola_G5_1_pianissimo_arco-normal.mp3,viola,strings,1.28,44100,G5,79,pianissimo,arco-normal,1,0
viola/G5/viola_G5_1_piano_arco-normal.mp3,viola,strings,1.0449,44100,G5,79,piano,arco-normal,1,0
viola/G6/viola_G6_025_forte_arco-normal.mp3,viola,strings,0.7314,44100,G6,91,forte,arco-normal,1,0
viola/G6/viola_G6_025_fortissimo_arco-normal.mp3,viola,strings,0.3658,44100,G6,91,fortissimo,arco-normal,1,0
viola/G6/viola_G6_025_pianissimo_arco-normal.mp3,viola,strings,0.5224,44100,G6,91,pianissimo,arco-normal,1,0
viola/G6/viola_G6_025_piano_arco-normal.mp3,viola,strings,0.4441,44100,G6,91,piano,arco-normal,1,0
viola/G6/viola_G6_05_forte_arco-normal.mp3,viola,strings,0.7314,44100,G6,91,forte,arco-normal,1,0
viola/G6/viola_G6_05_pianissimo_arco-normal.mp3,viola,strings,0.7837,44100,G6,91,pianissimo,arco-normal,1,0
viola/G6/viola_G6_05_piano_arco-normal.mp3,viola,strings,0.8098,44100,G6,91,piano,arco-normal,1,0
viola/G6/viola_G6_15_fortissimo_arco-normal.mp3,viola,strings,1.5151,44100,G6,91,fortissimo,arco-normal,1,0
viola/G6/viola_G6_15_pianissimo_arco-normal.mp3,viola,strings,1.6458,44100,G6,91,pianissimo,arco-normal,1,0
viola/G6/viola_G6_1_forte_arco-normal.mp3,viola,strings,1.3061,44100,G6,91,forte,arco-normal,1,0
viola/G6/viola_G6_1_fortissimo_arco-normal.mp3,viola,strings,0.9665,44100,G6,91,fortissimo,arco-normal,1,0
viola/G6/viola_G6_1_pianissimo_arco-normal.mp3,viola,strings,0.9665,44100,G6,91,pianissimo,arco-normal,1,0
viola/G6/viola_G6_1_piano_arco-normal.mp3,viola,strings,1.5673,44100,G6,91,piano,arco-normal,1,0
viola/Gs3/viola_Gs3_025_fortissimo_arco-normal.mp3,viola,strings,0.4963,44100,Gs3,56,fortissimo,arco-normal,1,0
viola/Gs3/viola_Gs3_025_mezzo-piano_arco-normal.mp3,viola,strings,0.6531,44100,Gs3,56,mezzo-piano,arco-normal,1,0
viola/Gs3/viola_Gs3_025_pianissimo_arco-normal.mp3,viola,strings,0.4441,44100,Gs3,56,pianissimo,arco-normal,1,0
viola/Gs3/viola_Gs3_025_piano_arco-normal.mp3,viola,strings,0.6008,44100,Gs3,56,piano,arco-normal,1,0
viola/Gs3/viola_Gs3_05_fortissimo_arco-normal.mp3,viola,strings,0.7576,44100,Gs3,56,fortissimo,arco-normal,1,0
viola/Gs3/viola_Gs3_05_mezzo-piano_arco-normal.mp3,viola,strings,0.9927,44100,Gs3,56,mezzo-piano,arco-normal,1,0
viola/Gs3/viola_Gs3_05_pianissimo_arco-normal.mp3,viola,strings,1.6458,44100,Gs3,56,pianissimo,arco-normal,1,0
viola/Gs3/viola_Gs3_05_piano_arco-normal.mp3,viola,strings,1.0449,44100,Gs3,56,piano,arco-normal,1,0
viola/Gs3/viola_Gs3_15_fortissimo_arco-normal.mp3,viola,strings,1.5935,44100,Gs3,56,fortissimo,arco-normal,1,0
viola/Gs3/viola_Gs3_15_pianissimo_arco-normal.mp3,viola,strings,1.1755,44100,Gs3,56,pianissimo,arco-normal,1,0
viola/Gs3/viola_Gs3_15_piano_arco-normal.mp3,viola,strings,1.5673,44100,Gs3,56,piano,arco-normal,1,0
viola/Gs3/viola_Gs3_1_forte_arco-normal.mp3,viola,strings,1.9592,44100,Gs3,56,forte,arco-normal,1,0
viola/Gs3/viola_Gs3_1_fortissimo_arco-normal.mp3,viola,strings,1.0449,44100,Gs3,56,fortissimo,arco-normal,1,0
viola/Gs3/viola_Gs3_1_mezzo-piano_arco-normal.mp3,viola,strings,1.6979,44100,Gs3,56,mezzo-piano,arco-normal,1,0
viola/Gs3/viola_Gs3_1_pianissimo_arco-normal.mp3,viola,strings,0.862,44100,Gs3,56,pianissimo,arco-normal,1,0
viola/Gs3/viola_Gs3_1_piano_arco-normal.mp3,viola,strings,1.6458,44100,Gs3,56,piano,arco-normal,1,0
viola/Gs4/viola_Gs4_025_fortissimo_arco-normal.mp3,viola,strings,0.5486,44100,Gs4,68,fortissimo,arco-normal,1,0
viola/Gs4/viola_Gs4_025_mezzo-piano_arco-normal.mp3,viola,strings,0.5747,44100,Gs4,68,mezzo-piano,arco-normal,1,0
viola/Gs4/viola_Gs4_025_pianissimo_arco-normal.mp3,viola,strings,0.6269,44100,Gs4,68,pianissimo,arco-normal,1,0
viola/Gs4/viola_Gs4_05_fortissimo_arco-normal.mp3,viola,strings,0.6008,44100,Gs4,68,fortissimo,arco-normal,1,0
viola/Gs4/viola_Gs4_05_mezzo-piano_arco-normal.mp3,viola,strings,0.6269,44100,Gs4,68,mezzo-piano,arco-normal,1,0
viola/Gs4/viola_Gs4_05_pianissimo_arco-normal.mp3,viola,strings,0.9927,44100,Gs4,68,pianissimo,arco-normal,1,0
viola/Gs4/viola_Gs4_05_piano_arco-normal.mp3,viola,strings,0.8359,44100,Gs4,68,piano,arco-normal,1,0
viola/Gs4/viola_Gs4_15_fortissimo_arco-normal.mp3,viola,strings,1.5151,44100,Gs4,68,fortissimo,arco-normal,1,0
viola/Gs4/viola_Gs4_15_mezzo-piano_arco-normal.mp3,viola,strings,2.0376,44100,Gs4,68,mezzo-piano,arco-normal,1,0
viola/Gs4/viola_Gs4_15_pianissimo_arco-normal.mp3,viola,strings,1.5413,44100,Gs4,68,pianissimo,arco-normal,1,0
viola/Gs4/viola_Gs4_1_fortissimo_arco-normal.mp3,viola,strings,1.0188,44100,Gs4,68,fortissimo,arco-normal,1,0
viola/Gs4/viola_Gs4_1_mezzo-piano_arco-normal.mp3,viola,strings,1.2277,44100,Gs4,68,mezzo-piano,arco-normal,1,0
viola/Gs4/viola_Gs4_1_pianissimo_arco-normal.mp3,viola,strings,1.2277,44100,Gs4,68,pianissimo,arco-normal,1,0
viola/Gs4/viola_Gs4_1_piano_arco-normal.mp3,viola,strings,1.0449,44100,Gs4,68,piano,arco-normal,1,0
viola/Gs5/viola_Gs5_025_forte_arco-normal.mp3,viola,strings,0.7576,44100,Gs5,80,forte,arco-normal,1,0
viola/Gs5/viola_Gs5_025_fortissimo_arco-normal.mp3,viola,strings,0.3658,44100,Gs5,80,fortissimo,arco-normal,1,0
viola/Gs5/viola_Gs5_025_mezzo-piano_arco-normal.mp3,viola,strings,0.4702,44100,Gs5,80,mezzo-piano,arco-normal,1,0
viola/Gs5/viola_Gs5_025_pianissimo_arco-normal.mp3,viola,strings,0.5486,44100,Gs5,80,pianissimo,arco-normal,1,0
viola/Gs5/viola_Gs5_05_forte_arco-normal.mp3,viola,strings,1.2277,44100,Gs5,80,forte,arco-normal,1,0
viola/Gs5/viola_Gs5_05_fortissimo_arco-normal.mp3,viola,strings,0.7053,44100,Gs5,80,fortissimo,arco-normal,1,0
viola/Gs5/viola_Gs5_05_pianissimo_arco-normal.mp3,viola,strings,0.7053,44100,Gs5,80,pianissimo,arco-normal,1,0
viola/Gs5/viola_Gs5_05_piano_arco-normal.mp3,viola,strings,1.2017,44100,Gs5,80,piano,arco-normal,1,0
viola/Gs5/viola_Gs5_15_fortissimo_arco-normal.mp3,viola,strings,1.5413,44100,Gs5,80,fortissimo,arco-normal,1,0
viola/Gs5/viola_Gs5_15_pianissimo_arco-normal.mp3,viola,strings,1.8024,44100,Gs5,80,pianissimo,arco-normal,1,0
viola/Gs5/viola_Gs5_1_forte_arco-normal.mp3,viola,strings,1.9592,44100,Gs5,80,forte,arco-normal,1,0
viola/Gs5/viola_Gs5_1_fortissimo_arco-normal.mp3,viola,strings,1.0188,44100,Gs5,80,fortissimo,arco-normal,1,0
viola/Gs5/viola_Gs5_1_pianissimo_arco-normal.mp3,viola,strings,1.1755,44100,Gs5,80,pianissimo,arco-normal,1,0
viola/Gs5/viola_Gs5_1_piano_arco-normal.mp3,viola,strings,0.8359,44100,Gs5,80,piano,arco-normal,1,0
viola/Gs6/viola_Gs6_025_forte_arco-normal.mp3,viola,strings,0.9143,44100,Gs6,92,forte,arco-normal,1,0
viola/Gs6/viola_Gs6_025_fortissimo_arco-normal.mp3,viola,strings,0.4441,44100,Gs6,92,fortissimo,arco-normal,1,0
viola/Gs6/viola_Gs6_025_mezzo-piano_arco-normal.mp3,viola,strings,0.6792,44100,Gs6,92,mezzo-piano,arco-normal,1,0
viola/Gs6/viola_Gs6_025_pianissimo_arco-normal.mp3,viola,strings,0.5224,44100,Gs6,92,pianissimo,arco-normal,1,0
viola/Gs6/viola_Gs6_025_piano_arco-normal.mp3,viola,strings,0.4963,44100,Gs6,92,piano,arco-normal,1,0
viola/Gs6/viola_Gs6_05_forte_arco-normal.mp3,viola,strings,1.4628,44100,Gs6,92,forte,arco-normal,1,0
viola/Gs6/viola_Gs6_05_fortissimo_arco-normal.mp3,viola,strings,0.6269,44100,Gs6,92,fortissimo,arco-normal,1,0
viola/Gs6/viola_Gs6_05_pianissimo_arco-normal.mp3,viola,strings,0.6269,44100,Gs6,92,pianissimo,arco-normal,1,0
viola/Gs6/viola_Gs6_05_piano_arco-normal.mp3,viola,strings,0.9665,44100,Gs6,92,piano,arco-normal,1,0
viola/Gs6/viola_Gs6_15_forte_arco-normal.mp3,viola,strings,0.3918,44100,Gs6,92,forte,arco-normal,1,0
viola/Gs6/viola_Gs6_15_fortissimo_arco-normal.mp3,viola,strings,1.5413,44100,Gs6,92,fortissimo,arco-normal,1,0
viola/Gs6/viola_Gs6_1_forte_arco-normal.mp3,viola,strings,0.5486,44100,Gs6,92,forte,arco-normal,1,0
viola/Gs6/viola_Gs6_1_fortissimo_arco-normal.mp3,viola,strings,1.0449,44100,Gs6,92,fortissimo,arco-normal,1,0
viola/Gs6/viola_Gs6_1_pianissimo_arco-normal.mp3,viola,strings,1.9592,44100,Gs6,92,pianissimo,arco-normal,1,0
violin/A3/violin_A3_025_forte_arco-normal.mp3,violin,strings,0.8359,44100,A3,57,forte,arco-normal,1,0
violin/A3/violin_A3_025_fortissimo_arco-normal.mp3,violin,strings,1.2539,44100,A3,57,fortissimo,arco-normal,1,0
violin/A3/violin_A3_025_mezzo-forte_arco-normal.mp3,violin,strings,1.0972,44100,A3,57,mezzo-forte,arco-normal,1,0
violin/A3/violin_A3_025_mezzo-piano_arco-normal.mp3,violin,strings,0.8882,44100,A3,57,mezzo-piano,arco-normal,1,0
violin/A3/violin_A3_025_pianissimo_arco-normal.mp3,violin,strings,1.0972,44100,A3,57,pianissimo,arco-normal,1,0
violin/A3/violin_A3_025_piano_arco-normal.mp3,violin,strings,1.0449,44100,A3,57,piano,arco-normal,1,0
violin/A3/violin_A3_05_forte_arco-normal.mp3,violin,strings,0.862,44100,A3,57,forte,arco-normal,1,0
violin/A3/violin_A3_05_fortissimo_arco-normal.mp3,violin,strings,1.2277,44100,A3,57,fortissimo,arco-normal,1,0
violin/A3/violin_A3_05_pianissimo_arco-normal.mp3,violin,strings,0.9404,44100,A3,57,pianissimo,arco-normal,1,0
violin/A3/violin_A3_05_piano_arco-normal.mp3,violin,strings,1.1233,44100,A3,57,piano,arco-normal,1,0
violin/A3/violin_A3_15_forte_arco-normal.mp3,violin,strings,1.1494,44100,A3,57,forte,arco-normal,1,0
violin/A3/violin_A3_15_fortissimo_arco-normal.mp3,violin,strings,2.2727,44100,A3,57,fortissimo,arco-normal,1,0
violin/A3/violin_A3_1_forte_arco-normal.mp3,violin,strings,1.6196,44100,A3,57,forte,arco-normal,1,0
violin/A3/violin_A3_1_fortissimo_arco-normal.mp3,violin,strings,1.4628,44100,A3,57,fortissimo,arco-normal,1,0
violin/A3/violin_A3_1_pianissimo_arco-normal.mp3,violin,strings,1.0188,44100,A3,57,pianissimo,arco-normal,1,0
violin/A3/violin_A3_1_piano_arco-normal.mp3,violin,strings,0.9927,44100,A3,57,piano,arco-normal,1,0
violin/A4/violin_A4_025_forte_arco-normal.mp3,violin,strings,1.0188,44100,A4,69,forte,arco-normal,1,0
violin/A4/violin_A4_025_fortissimo_arco-normal.mp3,violin,strings,0.9927,44100,A4,69,fortissimo,arco-normal,1,0
violin/A4/violin_A4_025_mezzo-forte_arco-normal.mp3,violin,strings,0.9665,44100,A4,69,mezzo-forte,arco-normal,1,0
violin/A4/violin_A4_025_mezzo-piano_arco-normal.mp3,violin,strings,0.9404,44100,A4,69,mezzo-piano,arco-normal,1,0
violin/A4/violin_A4_025_pianissimo_arco-normal.mp3,violin,strings,1.0188,44100,A4,69,pianissimo,arco-normal,1,0
violin/A4/violin_A4_025_piano_arco-normal.mp3,violin,strings,0.862,44100,A4,69,piano,arco-normal,1,0
violin/A4/violin_A4_05_forte_arco-normal.mp3,violin,strings,1.4106,44100,A4,69,forte,arco-normal,1,0
violin/A4/violin_A4_05_fortissimo_arco-normal.mp3,violin,strings,1.2277,44100,A4,69,fortissimo,arco-normal,1,0
violin/A4/violin_A4_05_mezzo-forte_arco-normal.mp3,violin,strings,1.1755,44100,A4,69,mezzo-forte,arco-normal,1,0
violin/A4/violin_A4_05_mezzo-piano_arco-normal.mp3,violin,strings,0.9927,44100,A4,69,mezzo-piano,arco-normal,1,0
violin/A4/violin_A4_05_pianissimo_arco-normal.mp3,violin,strings,1.2277,44100,A4,69,pianissimo,arco-normal,1,0
violin/A4/violin_A4_05_piano_arco-normal.mp3,violin,strings,0.9665,44100,A4,69,piano,arco-normal,1,0
violin/A4/violin_A4_15_fortissimo_arco-normal.mp3,violin,strings,2.7951,44100,A4,69,fortissimo,arco-normal,1,0
violin/A4/violin_A4_1_fortissimo_arco-normal.mp3,violin,strings,1.9853,44100,A4,69,fortissimo,arco-normal,1,0
violin/A4/violin_A4_1_mezzo-piano_arco-normal.mp3,violin,strings,1.6718,44100,A4,69,mezzo-piano,arco-normal,1,0
violin/A4/violin_A4_very-long_crescendo_arco-normal.mp3,violin,strings,5.9559,44100,A4,69,crescendo,arco-normal,1,0
violin/A4/violin_A4_very-long_decrescendo_arco-normal.mp3,violin,strings,5.3812,44100,A4,69,decrescendo,arco-normal,1,0
violin/A5/violin_A5_025_forte_arco-normal.mp3,violin,strings,1.4628,44100,A5,81,forte,arco-normal,1,0
violin/A5/violin_A5_025_fortissimo_arco-normal.mp3,violin,strings,0.8359,44100,A5,81,fortissimo,arco-normal,1,0
violin/A5/violin_A5_025_mezzo-forte_arco-normal.mp3,violin,strings,0.7837,44100,A5,81,mezzo-forte,arco-normal,1,0
violin/A5/violin_A5_025_mezzo-piano_arco-normal.mp3,violin,strings,0.862,44100,A5,81,mezzo-piano,arco-normal,1,0
violin/A5/violin_A5_025_pianissimo_arco-normal.mp3,violin,strings,0.862,44100,A5,81,pianissimo,arco-normal,1,0
violin/A5/violin_A5_05_forte_arco-normal.mp3,violin,strings,1.0188,44100,A5,81,forte,arco-normal,1,0
violin/A5/violin_A5_05_fortissimo_arco-normal.mp3,violin,strings,0.9665,44100,A5,81,fortissimo,arco-normal,1,0
violin/A5/violin_A5_05_mezzo-forte_arco-normal.mp3,violin,strings,0.9143,44100,A5,81,mezzo-forte,arco-normal,1,0
violin/A5/violin_A5_05_mezzo-piano_arco-normal.mp3,violin,strings,1.3322,44100,A5,81,mezzo-piano,arco-normal,1,0
violin/A5/violin_A5_05_pianissimo_arco-normal.mp3,violin,strings,0.7837,44100,A5,81,pianissimo,arco-normal,1,0
violin/A5/violin_A5_15_forte_arco-normal.mp3,violin,strings,1.7763,44100,A5,81,forte,arco-normal,1,0
violin/A5/violin_A5_15_fortissimo_arco-normal.mp3,violin,strings,2.351,44100,A5,81,fortissimo,arco-normal,1,0
violin/A5/violin_A5_15_pianissimo_arco-normal.mp3,violin,strings,0.7837,44100,A5,81,pianissimo,arco-normal,1,0
violin/A5/violin_A5_1_forte_arco-normal.mp3,violin,strings,1.2539,44100,A5,81,forte,arco-normal,1,0
violin/A5/violin_A5_1_fortissimo_arco-normal.mp3,violin,strings,1.3322,44100,A5,81,fortissimo,arco-normal,1,0
violin/A5/violin_A5_1_mezzo-piano_arco-normal.mp3,violin,strings,1.0449,44100,A5,81,mezzo-piano,arco-normal,1,0
violin/A5/violin_A5_1_pianissimo_arco-normal.mp3,violin,strings,0.9665,44100,A5,81,pianissimo,arco-normal,1,0
violin/A6/violin_A6_025_forte_arco-normal.mp3,violin,strings,0.6269,44100,A6,93,forte,arco-normal,1,0
violin/A6/violin_A6_025_fortissimo_arco-normal.mp3,violin,strings,0.862,44100,A6,93,fortissimo,arco-normal,1,0
violin/A6/violin_A6_025_mezzo-forte_arco-normal.mp3,violin,strings,0.5747,44100,A6,93,mezzo-forte,arco-normal,1,0
violin/A6/violin_A6_025_mezzo-piano_arco-normal.mp3,violin,strings,1.1494,44100,A6,93,mezzo-piano,arco-normal,1,0
violin/A6/violin_A6_025_pianissimo_arco-normal.mp3,violin,strings,0.7053,44100,A6,93,pianissimo,arco-normal,1,0
violin/A6/violin_A6_025_piano_arco-normal.mp3,violin,strings,0.8098,44100,A6,93,piano,arco-normal,1,0
violin/A6/violin_A6_05_forte_arco-normal.mp3,violin,strings,0.7314,44100,A6,93,forte,arco-normal,1,0
violin/A6/violin_A6_05_fortissimo_arco-normal.mp3,violin,strings,1.1494,44100,A6,93,fortissimo,arco-normal,1,0
violin/A6/violin_A6_05_mezzo-forte_arco-normal.mp3,violin,strings,0.7837,44100,A6,93,mezzo-forte,arco-normal,1,0
violin/A6/violin_A6_05_pianissimo_arco-normal.mp3,violin,strings,0.9143,44100,A6,93,pianissimo,arco-normal,1,0
violin/A6/violin_A6_05_piano_arco-normal.mp3,violin,strings,0.9143,44100,A6,93,piano,arco-normal,1,0
violin/A6/violin_A6_15_forte_arco-normal.mp3,violin,strings,1.9592,44100,A6,93,forte,arco-normal,1,0
violin/A6/violin_A6_15_pianissimo_arco-normal.mp3,violin,strings,1.1494,44100,A6,93,pianissimo,arco-normal,1,0
violin/A6/violin_A6_1_forte_arco-normal.mp3,violin,strings,1.2539,44100,A6,93,forte,arco-normal,1,0
violin/A6/violin_A6_1_fortissimo_arco-normal.mp3,violin,strings,2.351,44100,A6,93,fortissimo,arco-normal,1,0
violin/A6/violin_A6_1_mezzo-forte_arco-normal.mp3,violin,strings,1.1233,44100,A6,93,mezzo-forte,arco-normal,1,0
violin/A6/violin_A6_1_pianissimo_arco-normal.mp3,violin,strings,0.9143,44100,A6,93,pianissimo,arco-normal,1,0
violin/A6/violin_A6_1_piano_arco-normal.mp3,violin,strings,0.9143,44100,A6,93,piano,arco-normal,1,0
violin/As3/violin_As3_025_forte_arco-normal.mp3,violin,strings,1.0449,44100,As3,58,forte,arco-normal,1,0
violin/As3/violin_As3_025_fortissimo_arco-normal.mp3,violin,strings,0.8098,44100,As3,58,fortissimo,arco-normal,1,0
violin/As3/violin_As3_025_mezzo-forte_arco-normal.mp3,violin,strings,0.9665,44100,As3,58,mezzo-forte,arco-normal,1,0
violin/As3/violin_As3_025_mezzo-piano_arco-normal.mp3,violin,strings,0.6008,44100,As3,58,mezzo-piano,arco-normal,1,0
violin/As3/violin_As3_025_pianissimo_arco-normal.mp3,violin,strings,0.7576,44100,As3,58,pianissimo,arco-normal,1,0
violin/As3/violin_As3_025_piano_arco-normal.mp3,violin,strings,1.1233,44100,As3,58,piano,arco-normal,1,0
violin/As3/violin_As3_05_forte_arco-normal.mp3,violin,strings,1.1755,44100,As3,58,forte,arco-normal,1,0
violin/As3/violin_As3_05_fortissimo_arco-normal.mp3,violin,strings,0.9927,44100,As3,58,fortissimo,arco-normal,1,0
violin/As3/violin_As3_05_mezzo-forte_arco-normal.mp3,violin,strings,0.9143,44100,As3,58,mezzo-forte,arco-normal,1,0
violin/As3/violin_As3_05_mezzo-piano_arco-normal.mp3,violin,strings,0.9665,44100,As3,58,mezzo-piano,arco-normal,1,0
violin/As3/violin_As3_05_pianissimo_arco-normal.mp3,violin,strings,0.9143,44100,As3,58,pianissimo,arco-normal,1,0
violin/As3/violin_As3_05_piano_arco-normal.mp3,violin,strings,0.9143,44100,As3,58,piano,arco-normal,1,0
violin/As3/violin_As3_15_fortissimo_arco-normal.mp3,violin,strings,2.142,44100,As3,58,fortissimo,arco-normal,1,0
violin/As3/violin_As3_1_fortissimo_arco-normal.mp3,violin,strings,1.3061,44100,As3,58,fortissimo,arco-normal,1,0
violin/As3/violin_As3_1_mezzo-forte_arco-normal.mp3,violin,strings,1.1494,44100,As3,58,mezzo-forte,arco-normal,1,0
violin/As3/violin_As3_1_pianissimo_arco-normal.mp3,violin,strings,0.9665,44100,As3,58,pianissimo,arco-normal,1,0
violin/As3/violin_As3_1_piano_arco-normal.mp3,violin,strings,0.9665,44100,As3,58,piano,arco-normal,1,0
violin/As4/violin_As4_025_forte_arco-normal.mp3,violin,strings,1.1233,44100,As4,70,forte,arco-normal,1,0
violin/As4/violin_As4_025_fortissimo_arco-normal.mp3,violin,strings,0.9143,44100,As4,70,fortissimo,arco-normal,1,0
violin/As4/violin_As4_025_mezzo-forte_arco-normal.mp3,violin,strings,0.7314,44100,As4,70,mezzo-forte,arco-normal,1,0
violin/As4/violin_As4_025_mezzo-piano_arco-normal.mp3,violin,strings,1.1233,44100,As4,70,mezzo-piano,arco-normal,1,0
violin/As4/violin_As4_025_pianissimo_arco-normal.mp3,violin,strings,0.8882,44100,As4,70,pianissimo,arco-normal,1,0
violin/As4/violin_As4_025_piano_arco-normal.mp3,violin,strings,0.7837,44100,As4,70,piano,arco-normal,1,0
violin/As4/violin_As4_05_forte_arco-normal.mp3,violin,strings,0.9143,44100,As4,70,forte,arco-normal,1,0
violin/As4/violin_As4_05_fortissimo_arco-normal.mp3,violin,strings,0.9927,44100,As4,70,fortissimo,arco-normal,1,0
violin/As4/violin_As4_05_mezzo-forte_arco-normal.mp3,violin,strings,0.8098,44100,As4,70,mezzo-forte,arco-normal,1,0
violin/As4/violin_As4_05_mezzo-piano_arco-normal.mp3,violin,strings,1.3583,44100,As4,70,mezzo-piano,arco-normal,1,0
violin/As4/violin_As4_05_pianissimo_arco-normal.mp3,violin,strings,1.0449,44100,As4,70,pianissimo,arco-normal,1,0
violin/As4/violin_As4_05_piano_arco-normal.mp3,violin,strings,0.8882,44100,As4,70,piano,arco-normal,1,0
violin/As4/violin_As4_15_forte_arco-normal.mp3,violin,strings,1.8286,44100,As4,70,forte,arco-normal,1,0
violin/As4/violin_As4_15_fortissimo_arco-normal.mp3,violin,strings,2.3772,44100,As4,70,fortissimo,arco-normal,1,0
violin/As4/violin_As4_1_forte_arco-normal.mp3,violin,strings,1.3061,44100,As4,70,forte,arco-normal,1,0
violin/As4/violin_As4_1_fortissimo_arco-normal.mp3,violin,strings,1.3583,44100,As4,70,fortissimo,arco-normal,1,0
violin/As4/violin_As4_1_mezzo-forte_arco-normal.mp3,violin,strings,1.0188,44100,As4,70,mezzo-forte,arco-normal,1,0
violin/As4/violin_As4_1_pianissimo_arco-normal.mp3,violin,strings,1.4367,44100,As4,70,pianissimo,arco-normal,1,0
violin/As4/violin_As4_long_decrescendo_arco-normal.mp3,violin,strings,4.1535,44100,As4,70,decrescendo,arco-normal,1,0
violin/As5/violin_As5_025_forte_arco-normal.mp3,violin,strings,0.8359,44100,As5,82,forte,arco-normal,1,0
violin/As5/violin_As5_025_fortissimo_arco-normal.mp3,violin,strings,0.7576,44100,As5,82,fortissimo,arco-normal,1,0
violin/As5/violin_As5_025_mezzo-forte_arco-normal.mp3,violin,strings,0.6531,44100,As5,82,mezzo-forte,arco-normal,1,0
violin/As5/violin_As5_025_mezzo-piano_arco-normal.mp3,violin,strings,0.9927,44100,As5,82,mezzo-piano,arco-normal,1,0
violin/As5/violin_As5_025_pianissimo_arco-normal.mp3,violin,strings,0.9143,44100,As5,82,pianissimo,arco-normal,1,0
violin/As5/violin_As5_025_piano_arco-normal.mp3,violin,strings,0.6792,44100,As5,82,piano,arco-normal,1,0
violin/As5/violin_As5_05_forte_arco-normal.mp3,violin,strings,1.0188,44100,As5,82,forte,arco-normal,1,0
violin/As5/violin_As5_05_fortissimo_arco-normal.mp3,violin,strings,0.9143,44100,As5,82,fortissimo,arco-normal,1,0
violin/As5/violin_As5_05_mezzo-forte_arco-normal.mp3,violin,strings,0.7837,44100,As5,82,mezzo-forte,arco-normal,1,0
violin/As5/violin_As5_05_mezzo-piano_arco-normal.mp3,violin,strings,0.9665,44100,As5,82,mezzo-piano,arco-normal,1,0
violin/As5/violin_As5_05_pianissimo_arco-normal.mp3,violin,strings,0.7314,44100,As5,82,pianissimo,arco-normal,1,0
violin/As5/violin_As5_05_piano_arco-normal.mp3,violin,strings,0.9665,44100,As5,82,piano,arco-normal,1,0
violin/As5/violin_As5_15_forte_arco-normal.mp3,violin,strings,1.7502,44100,As5,82,forte,arco-normal,1,0
violin/As5/violin_As5_15_fortissimo_arco-normal.mp3,violin,strings,2.2204,44100,As5,82,fortissimo,arco-normal,1,0
violin/As5/violin_As5_15_mezzo-forte_arco-normal.mp3,violin,strings,1.4106,44100,As5,82,mezzo-forte,arco-normal,1,0
violin/As5/violin_As5_1_forte_arco-normal.mp3,violin,strings,1.2539,44100,As5,82,forte,arco-normal,1,0
violin/As5/violin_As5_1_fortissimo_arco-normal.mp3,violin,strings,1.3322,44100,As5,82,fortissimo,arco-normal,1,0
violin/As5/violin_As5_1_mezzo-forte_arco-normal.mp3,violin,strings,1.1755,44100,As5,82,mezzo-forte,arco-normal,1,0
violin/As5/violin_As5_1_mezzo-piano_arco-normal.mp3,violin,strings,1.3061,44100,As5,82,mezzo-piano,arco-normal,1,0
violin/As6/violin_As6_025_forte_arco-normal.mp3,violin,strings,0.5747,44100,As6,94,forte,arco-normal,1,0
violin/As6/violin_As6_025_fortissimo_arco-normal.mp3,violin,strings,0.6269,44100,As6,94,fortissimo,arco-normal,1,0
violin/As6/violin_As6_025_mezzo-forte_arco-normal.mp3,violin,strings,0.7837,44100,As6,94,mezzo-forte,arco-normal,1,0
violin/As6/violin_As6_025_mezzo-piano_arco-normal.mp3,violin,strings,0.9404,44100,As6,94,mezzo-piano,arco-normal,1,0
violin/As6/violin_As6_025_pianissimo_arco-normal.mp3,violin,strings,1.3061,44100,As6,94,pianissimo,arco-normal,1,0
violin/As6/violin_As6_025_piano_arco-normal.mp3,violin,strings,0.7314,44100,As6,94,piano,arco-normal,1,0
violin/As6/violin_As6_05_forte_arco-normal.mp3,violin,strings,1.0972,44100,As6,94,forte,arco-normal,1,0
violin/As6/violin_As6_05_fortissimo_arco-normal.mp3,violin,strings,0.862,44100,As6,94,fortissimo,arco-normal,1,0
violin/As6/violin_As6_05_mezzo-forte_arco-normal.mp3,violin,strings,1.2017,44100,As6,94,mezzo-forte,arco-normal,1,0
violin/As6/violin_As6_05_pianissimo_arco-normal.mp3,violin,strings,0.6792,44100,As6,94,pianissimo,arco-normal,1,0
violin/As6/violin_As6_05_piano_arco-normal.mp3,violin,strings,0.8359,44100,As6,94,piano,arco-normal,1,0
violin/As6/violin_As6_15_forte_arco-normal.mp3,violin,strings,1.9069,44100,As6,94,forte,arco-normal,1,0
violin/As6/violin_As6_15_fortissimo_arco-normal.mp3,violin,strings,2.1942,44100,As6,94,fortissimo,arco-normal,1,0
violin/As6/violin_As6_1_forte_arco-normal.mp3,violin,strings,1.0188,44100,As6,94,forte,arco-normal,1,0
violin/As6/violin_As6_1_fortissimo_arco-normal.mp3,violin,strings,1.0972,44100,As6,94,fortissimo,arco-normal,1,0
violin/As6/violin_As6_1_pianissimo_arco-normal.mp3,violin,strings,0.6008,44100,As6,94,pianissimo,arco-normal,1,0
violin/As6/violin_As6_1_piano_arco-normal.mp3,violin,strings,1.0188,44100,As6,94,piano,arco-normal,1,0
violin/B3/violin_B3_025_forte_arco-normal.mp3,violin,strings,0.8359,44100,B3,59,forte,arco-normal,1,0
violin/B3/violin_B3_025_fortissimo_arco-normal.mp3,violin,strings,0.862,44100,B3,59,fortissimo,arco-normal,1,0
violin/B3/violin_B3_025_mezzo-forte_arco-normal.mp3,violin,strings,0.9665,44100,B3,59,mezzo-forte,arco-normal,1,0
violin/B3/violin_B3_025_mezzo-piano_arco-normal.mp3,violin,strings,0.5486,44100,B3,59,mezzo-piano,arco-normal,1,0
violin/B3/violin_B3_025_pianissimo_arco-normal.mp3,violin,strings,0.9404,44100,B3,59,pianissimo,arco-normal,1,0
violin/B3/violin_B3_025_piano_arco-normal.mp3,violin,strings,0.7576,44100,B3,59,piano,arco-normal,1,0
violin/B3/violin_B3_05_forte_arco-normal.mp3,violin,strings,1.0188,44100,B3,59,forte,arco-normal,1,0
violin/B3/violin_B3_05_fortissimo_arco-normal.mp3,violin,strings,1.0972,44100,B3,59,fortissimo,arco-normal,1,0
violin/B3/violin_B3_05_mezzo-forte_arco-normal.mp3,violin,strings,1.0188,44100,B3,59,mezzo-forte,arco-normal,1,0
violin/B3/violin_B3_05_mezzo-piano_arco-normal.mp3,violin,strings,0.9404,44100,B3,59,mezzo-piano,arco-normal,1,0
violin/B3/violin_B3_05_piano_arco-normal.mp3,violin,strings,1.1494,44100,B3,59,piano,arco-normal,1,0
violin/B3/violin_B3_15_forte_arco-normal.mp3,violin,strings,1.8286,44100,B3,59,forte,arco-normal,1,0
violin/B3/violin_B3_15_fortissimo_arco-normal.mp3,violin,strings,2.351,44100,B3,59,fortissimo,arco-normal,1,0
violin/B3/violin_B3_1_forte_arco-normal.mp3,violin,strings,1.4106,44100,B3,59,forte,arco-normal,1,0
violin/B3/violin_B3_1_fortissimo_arco-normal.mp3,violin,strings,1.4628,44100,B3,59,fortissimo,arco-normal,1,0
violin/B3/violin_B3_1_mezzo-forte_arco-normal.mp3,violin,strings,0.9927,44100,B3,59,mezzo-forte,arco-normal,1,0
violin/B3/violin_B3_1_mezzo-piano_arco-normal.mp3,violin,strings,1.2539,44100,B3,59,mezzo-piano,arco-normal,1,0
violin/B4/violin_B4_025_forte_arco-normal.mp3,violin,strings,0.6792,44100,B4,71,forte,arco-normal,1,0
violin/B4/violin_B4_025_fortissimo_arco-normal.mp3,violin,strings,0.8359,44100,B4,71,fortissimo,arco-normal,1,0
violin/B4/violin_B4_025_mezzo-forte_arco-normal.mp3,violin,strings,0.7837,44100,B4,71,mezzo-forte,arco-normal,1,0
violin/B4/violin_B4_025_mezzo-piano_arco-normal.mp3,violin,strings,0.9927,44100,B4,71,mezzo-piano,arco-normal,1,0
violin/B4/violin_B4_025_pianissimo_arco-normal.mp3,violin,strings,0.862,44100,B4,71,pianissimo,arco-normal,1,0
violin/B4/violin_B4_025_piano_arco-normal.mp3,violin,strings,0.7837,44100,B4,71,piano,arco-normal,1,0
violin/B4/violin_B4_05_forte_arco-normal.mp3,violin,strings,1.2017,44100,B4,71,forte,arco-normal,1,0
violin/B4/violin_B4_05_fortissimo_arco-normal.mp3,violin,strings,1.0188,44100,B4,71,fortissimo,arco-normal,1,0
violin/B4/violin_B4_05_mezzo-forte_arco-normal.mp3,violin,strings,0.8359,44100,B4,71,mezzo-forte,arco-normal,1,0
violin/B4/violin_B4_05_mezzo-piano_arco-normal.mp3,violin,strings,1.2539,44100,B4,71,mezzo-piano,arco-normal,1,0
violin/B4/violin_B4_05_pianissimo_arco-normal.mp3,violin,strings,0.9143,44100,B4,71,pianissimo,arco-normal,1,0
violin/B4/violin_B4_05_piano_arco-normal.mp3,violin,strings,1.0449,44100,B4,71,piano,arco-normal,1,0
violin/B4/violin_B4_15_forte_arco-normal.mp3,violin,strings,1.8024,44100,B4,71,forte,arco-normal,1,0
violin/B4/violin_B4_15_fortissimo_arco-normal.mp3,violin,strings,2.351,44100,B4,71,fortissimo,arco-normal,1,0
violin/B4/violin_B4_15_pianissimo_arco-normal.mp3,violin,strings,0.8882,44100,B4,71,pianissimo,arco-normal,1,0
violin/B4/violin_B4_1_forte_arco-normal.mp3,violin,strings,1.1755,44100,B4,71,forte,arco-normal,1,0
violin/B4/violin_B4_1_fortissimo_arco-normal.mp3,violin,strings,1.4106,44100,B4,71,fortissimo,arco-normal,1,0
violin/B4/violin_B4_1_pianissimo_arco-normal.mp3,violin,strings,1.2539,44100,B4,71,pianissimo,arco-normal,1,0
violin/B5/violin_B5_025_forte_arco-normal.mp3,violin,strings,0.8359,44100,B5,83,forte,arco-normal,1,0
violin/B5/violin_B5_025_fortissimo_arco-normal.mp3,violin,strings,0.8359,44100,B5,83,fortissimo,arco-normal,1,0
violin/B5/violin_B5_025_mezzo-forte_arco-normal.mp3,violin,strings,0.7314,44100,B5,83,mezzo-forte,arco-normal,1,0
violin/B5/violin_B5_025_mezzo-piano_arco-normal.mp3,violin,strings,0.9665,44100,B5,83,mezzo-piano,arco-normal,1,0
violin/B5/violin_B5_025_pianissimo_arco-normal.mp3,violin,strings,0.8882,44100,B5,83,pianissimo,arco-normal,1,0
violin/B5/violin_B5_025_piano_arco-normal.mp3,violin,strings,0.8359,44100,B5,83,piano,arco-normal,1,0
violin/B5/violin_B5_05_forte_arco-normal.mp3,violin,strings,0.9927,44100,B5,83,forte,arco-normal,1,0
violin/B5/violin_B5_05_fortissimo_arco-normal.mp3,violin,strings,0.862,44100,B5,83,fortissimo,arco-normal,1,0
violin/B5/violin_B5_05_mezzo-forte_arco-normal.mp3,violin,strings,0.9143,44100,B5,83,mezzo-forte,arco-normal,1,0
violin/B5/violin_B5_05_mezzo-piano_arco-normal.mp3,violin,strings,1.2539,44100,B5,83,mezzo-piano,arco-normal,1,0
violin/B5/violin_B5_05_pianissimo_arco-normal.mp3,violin,strings,0.9404,44100,B5,83,pianissimo,arco-normal,1,0
violin/B5/violin_B5_05_piano_arco-normal.mp3,violin,strings,1.071,44100,B5,83,piano,arco-normal,1,0
violin/B5/violin_B5_15_forte_arco-normal.mp3,violin,strings,1.7502,44100,B5,83,forte,arco-normal,1,0
violin/B5/violin_B5_15_fortissimo_arco-normal.mp3,violin,strings,2.0898,44100,B5,83,fortissimo,arco-normal,1,0
violin/B5/violin_B5_15_mezzo-forte_arco-normal.mp3,violin,strings,1.5413,44100,B5,83,mezzo-forte,arco-normal,1,0
violin/B5/violin_B5_1_forte_arco-normal.mp3,violin,strings,1.2277,44100,B5,83,forte,arco-normal,1,0
violin/B5/violin_B5_1_fortissimo_arco-normal.mp3,violin,strings,1.2017,44100,B5,83,fortissimo,arco-normal,1,0
violin/B5/violin_B5_1_mezzo-forte_arco-normal.mp3,violin,strings,1.1494,44100,B5,83,mezzo-forte,arco-normal,1,0
violin/B5/violin_B5_1_pianissimo_arco-normal.mp3,violin,strings,0.8882,44100,B5,83,pianissimo,arco-normal,1,0
violin/B5/violin_B5_very-long_decrescendo_arco-normal.mp3,violin,strings,4.8849,44100,B5,83,decrescendo,arco-normal,1,0
violin/B6/violin_B6_025_forte_arco-normal.mp3,violin,strings,0.6269,44100,B6,95,forte,arco-normal,1,0
violin/B6/violin_B6_025_fortissimo_arco-normal.mp3,violin,strings,0.6269,44100,B6,95,fortissimo,arco-normal,1,0
violin/B6/violin_B6_025_mezzo-forte_arco-normal.mp3,violin,strings,0.8359,44100,B6,95,mezzo-forte,arco-normal,1,0
violin/B6/violin_B6_025_mezzo-piano_arco-normal.mp3,violin,strings,0.4963,44100,B6,95,mezzo-piano,arco-normal,1,0
violin/B6/violin_B6_025_pianissimo_arco-normal.mp3,violin,strings,0.7314,44100,B6,95,pianissimo,arco-normal,1,0
violin/B6/violin_B6_025_piano_arco-normal.mp3,violin,strings,0.8098,44100,B6,95,piano,arco-normal,1,0
violin/B6/violin_B6_05_forte_arco-normal.mp3,violin,strings,0.7576,44100,B6,95,forte,arco-normal,1,0
violin/B6/violin_B6_05_fortissimo_arco-normal.mp3,violin,strings,0.7837,44100,B6,95,fortissimo,arco-normal,1,0
violin/B6/violin_B6_05_mezzo-forte_arco-normal.mp3,violin,strings,1.0972,44100,B6,95,mezzo-forte,arco-normal,1,0
violin/B6/violin_B6_05_pianissimo_arco-normal.mp3,violin,strings,0.9143,44100,B6,95,pianissimo,arco-normal,1,0
violin/B6/violin_B6_05_piano_arco-normal.mp3,violin,strings,1.1494,44100,B6,95,piano,arco-normal,1,0
violin/B6/violin_B6_15_forte_arco-normal.mp3,violin,strings,1.9331,44100,B6,95,forte,arco-normal,1,0
violin/B6/violin_B6_15_fortissimo_arco-normal.mp3,violin,strings,1.9592,44100,B6,95,fortissimo,arco-normal,1,0
violin/B6/violin_B6_15_pianissimo_arco-normal.mp3,violin,strings,1.0449,44100,B6,95,pianissimo,arco-normal,1,0
violin/B6/violin_B6_1_forte_arco-normal.mp3,violin,strings,1.071,44100,B6,95,forte,arco-normal,1,0
violin/B6/violin_B6_1_fortissimo_arco-normal.mp3,violin,strings,1.071,44100,B6,95,fortissimo,arco-normal,1,0
violin/B6/violin_B6_1_pianissimo_arco-normal.mp3,violin,strings,1.4106,44100,B6,95,pianissimo,arco-normal,1,0
violin/B6/violin_B6_1_piano_arco-normal.mp3,violin,strings,1.0188,44100,B6,95,piano,arco-normal,1,0
violin/C4/violin_C4_025_forte_arco-normal.mp3,violin,strings,0.7576,44100,C4,60,forte,arco-normal,1,0
violin/C4/violin_C4_025_fortissimo_arco-normal.mp3,violin,strings,0.7837,44100,C4,60,fortissimo,arco-normal,1,0
violin/C4/violin_C4_025_mezzo-forte_arco-normal.mp3,violin,strings,0.6792,44100,C4,60,mezzo-forte,arco-normal,1,0
violin/C4/violin_C4_025_mezzo-piano_arco-normal.mp3,violin,strings,1.0972,44100,C4,60,mezzo-piano,arco-normal,1,0
violin/C4/violin_C4_025_piano_arco-normal.mp3,violin,strings,1.071,44100,C4,60,piano,arco-normal,1,0
violin/C4/violin_C4_05_forte_arco-normal.mp3,violin,strings,0.9665,44100,C4,60,forte,arco-normal,1,0
violin/C4/violin_C4_05_fortissimo_arco-normal.mp3,violin,strings,0.8882,44100,C4,60,fortissimo,arco-normal,1,0
violin/C4/violin_C4_05_mezzo-forte_arco-normal.mp3,violin,strings,0.9927,44100,C4,60,mezzo-forte,arco-normal,1,0
violin/C4/violin_C4_05_mezzo-piano_arco-normal.mp3,violin,strings,1.2277,44100,C4,60,mezzo-piano,arco-normal,1,0
violin/C4/violin_C4_05_pianissimo_arco-normal.mp3,violin,strings,0.9665,44100,C4,60,pianissimo,arco-normal,1,0
violin/C4/violin_C4_15_forte_arco-normal.mp3,violin,strings,1.6979,44100,C4,60,forte,arco-normal,1,0
violin/C4/violin_C4_15_fortissimo_arco-normal.mp3,violin,strings,2.1682,44100,C4,60,fortissimo,arco-normal,1,0
violin/C4/violin_C4_15_mezzo-forte_arco-normal.mp3,violin,strings,1.071,44100,C4,60,mezzo-forte,arco-normal,1,0
violin/C4/violin_C4_1_forte_arco-normal.mp3,violin,strings,1.28,44100,C4,60,forte,arco-normal,1,0
violin/C4/violin_C4_1_fortissimo_arco-normal.mp3,violin,strings,1.4367,44100,C4,60,fortissimo,arco-normal,1,0
violin/C4/violin_C4_1_mezzo-forte_arco-normal.mp3,violin,strings,1.3845,44100,C4,60,mezzo-forte,arco-normal,1,0
violin/C4/violin_C4_1_mezzo-piano_arco-normal.mp3,violin,strings,1.2277,44100,C4,60,mezzo-piano,arco-normal,1,0
violin/C5/violin_C5_025_forte_arco-normal.mp3,violin,strings,1.1233,44100,C5,72,forte,arco-normal,1,0
violin/C5/violin_C5_025_fortissimo_arco-normal.mp3,violin,strings,0.8359,44100,C5,72,fortissimo,arco-normal,1,0
violin/C5/violin_C5_025_mezzo-forte_arco-normal.mp3,violin,strings,0.7576,44100,C5,72,mezzo-forte,arco-normal,1,0
violin/C5/violin_C5_025_mezzo-piano_arco-normal.mp3,violin,strings,0.6531,44100,C5,72,mezzo-piano,arco-normal,1,0
violin/C5/violin_C5_025_pianissimo_arco-normal.mp3,violin,strings,0.8882,44100,C5,72,pianissimo,arco-normal,1,0
violin/C5/violin_C5_025_piano_arco-normal.mp3,violin,strings,1.0972,44100,C5,72,piano,arco-normal,1,0
violin/C5/violin_C5_05_forte_arco-normal.mp3,violin,strings,0.9143,44100,C5,72,forte,arco-normal,1,0
violin/C5/violin_C5_05_fortissimo_arco-normal.mp3,violin,strings,0.9927,44100,C5,72,fortissimo,arco-normal,1,0
violin/C5/violin_C5_05_mezzo-forte_arco-normal.mp3,violin,strings,0.7837,44100,C5,72,mezzo-forte,arco-normal,1,0
violin/C5/violin_C5_05_mezzo-piano_arco-normal.mp3,violin,strings,1.1755,44100,C5,72,mezzo-piano,arco-normal,1,0
violin/C5/violin_C5_05_pianissimo_arco-normal.mp3,violin,strings,1.3061,44100,C5,72,pianissimo,arco-normal,1,0
violin/C5/violin_C5_05_piano_arco-normal.mp3,violin,strings,0.7837,44100,C5,72,piano,arco-normal,1,0
violin/C5/violin_C5_15_fortissimo_arco-normal.mp3,violin,strings,2.56,44100,C5,72,fortissimo,arco-normal,1,0
violin/C5/violin_C5_1_fortissimo_arco-normal.mp3,violin,strings,1.489,44100,C5,72,fortissimo,arco-normal,1,0
violin/C5/violin_C5_1_mezzo-forte_arco-normal.mp3,violin,strings,1.0972,44100,C5,72,mezzo-forte,arco-normal,1,0
violin/C5/violin_C5_1_pianissimo_arco-normal.mp3,violin,strings,0.9927,44100,C5,72,pianissimo,arco-normal,1,0
violin/C6/violin_C6_025_forte_arco-normal.mp3,violin,strings,0.6269,44100,C6,84,forte,arco-normal,1,0
violin/C6/violin_C6_025_fortissimo_arco-normal.mp3,violin,strings,0.7576,44100,C6,84,fortissimo,arco-normal,1,0
violin/C6/violin_C6_025_mezzo-forte_arco-normal.mp3,violin,strings,0.7314,44100,C6,84,mezzo-forte,arco-normal,1,0
violin/C6/violin_C6_025_mezzo-piano_arco-normal.mp3,violin,strings,0.9143,44100,C6,84,mezzo-piano,arco-normal,1,0
violin/C6/violin_C6_025_pianissimo_arco-normal.mp3,violin,strings,0.9927,44100,C6,84,pianissimo,arco-normal,1,0
violin/C6/violin_C6_025_piano_arco-normal.mp3,violin,strings,0.7576,44100,C6,84,piano,arco-normal,1,0
violin/C6/violin_C6_05_forte_arco-normal.mp3,violin,strings,0.7576,44100,C6,84,forte,arco-normal,1,0
violin/C6/violin_C6_05_fortissimo_arco-normal.mp3,violin,strings,0.8359,44100,C6,84,fortissimo,arco-normal,1,0
violin/C6/violin_C6_05_mezzo-forte_arco-normal.mp3,violin,strings,0.6531,44100,C6,84,mezzo-forte,arco-normal,1,0
violin/C6/violin_C6_05_mezzo-piano_arco-normal.mp3,violin,strings,0.7837,44100,C6,84,mezzo-piano,arco-normal,1,0
violin/C6/violin_C6_05_piano_arco-normal.mp3,violin,strings,0.8098,44100,C6,84,piano,arco-normal,1,0
violin/C6/violin_C6_15_forte_arco-normal.mp3,violin,strings,1.6458,44100,C6,84,forte,arco-normal,1,0
violin/C6/violin_C6_15_fortissimo_arco-normal.mp3,violin,strings,2.2988,44100,C6,84,fortissimo,arco-normal,1,0
violin/C6/violin_C6_1_forte_arco-normal.mp3,violin,strings,0.9665,44100,C6,84,forte,arco-normal,1,0
violin/C6/violin_C6_1_fortissimo_arco-normal.mp3,violin,strings,1.2017,44100,C6,84,fortissimo,arco-normal,1,0
violin/C6/violin_C6_1_mezzo-forte_arco-normal.mp3,violin,strings,1.2277,44100,C6,84,mezzo-forte,arco-normal,1,0
violin/C6/violin_C6_1_piano_arco-normal.mp3,violin,strings,1.1755,44100,C6,84,piano,arco-normal,1,0
violin/C6/violin_C6_very-long_crescendo_arco-normal.mp3,violin,strings,5.1461,44100,C6,84,crescendo,arco-normal,1,0
violin/C7/violin_C7_025_forte_arco-normal.mp3,violin,strings,0.5747,44100,C7,96,forte,arco-normal,1,0
violin/C7/violin_C7_025_fortissimo_arco-normal.mp3,violin,strings,0.8098,44100,C7,96,fortissimo,arco-normal,1,0
violin/C7/violin_C7_025_mezzo-forte_arco-normal.mp3,violin,strings,0.8098,44100,C7,96,mezzo-forte,arco-normal,1,0
violin/C7/violin_C7_025_mezzo-piano_arco-normal.mp3,violin,strings,0.6008,44100,C7,96,mezzo-piano,arco-normal,1,0
violin/C7/violin_C7_025_pianissimo_arco-normal.mp3,violin,strings,1.2017,44100,C7,96,pianissimo,arco-normal,1,0
violin/C7/violin_C7_025_piano_arco-normal.mp3,violin,strings,1.1233,44100,C7,96,piano,arco-normal,1,0
violin/C7/violin_C7_05_forte_arco-normal.mp3,violin,strings,1.1494,44100,C7,96,forte,arco-normal,1,0
violin/C7/violin_C7_05_fortissimo_arco-normal.mp3,violin,strings,1.071,44100,C7,96,fortissimo,arco-normal,1,0
violin/C7/violin_C7_05_mezzo-forte_arco-normal.mp3,violin,strings,0.8882,44100,C7,96,mezzo-forte,arco-normal,1,0
violin/C7/violin_C7_05_pianissimo_arco-normal.mp3,violin,strings,1.1755,44100,C7,96,pianissimo,arco-normal,1,0
violin/C7/violin_C7_05_piano_arco-normal.mp3,violin,strings,1.2277,44100,C7,96,piano,arco-normal,1,0
violin/C7/violin_C7_15_forte_arco-normal.mp3,violin,strings,1.7502,44100,C7,96,forte,arco-normal,1,0
violin/C7/violin_C7_1_forte_arco-normal.mp3,violin,strings,1.0449,44100,C7,96,forte,arco-normal,1,0
violin/C7/violin_C7_1_pianissimo_arco-normal.mp3,violin,strings,1.1494,44100,C7,96,pianissimo,arco-normal,1,0
violin/Cs4/violin_Cs4_025_forte_arco-normal.mp3,violin,strings,0.7837,44100,Cs4,61,forte,arco-normal,1,0
violin/Cs4/violin_Cs4_025_fortissimo_arco-normal.mp3,violin,strings,0.9404,44100,Cs4,61,fortissimo,arco-normal,1,0
violin/Cs4/violin_Cs4_025_mezzo-forte_arco-normal.mp3,violin,strings,0.7576,44100,Cs4,61,mezzo-forte,arco-normal,1,0
violin/Cs4/violin_Cs4_025_mezzo-piano_arco-normal.mp3,violin,strings,0.7314,44100,Cs4,61,mezzo-piano,arco-normal,1,0
violin/Cs4/violin_Cs4_025_pianissimo_arco-normal.mp3,violin,strings,1.0188,44100,Cs4,61,pianissimo,arco-normal,1,0
violin/Cs4/violin_Cs4_025_piano_arco-normal.mp3,violin,strings,0.6008,44100,Cs4,61,piano,arco-normal,1,0
violin/Cs4/violin_Cs4_05_forte_arco-normal.mp3,violin,strings,0.9665,44100,Cs4,61,forte,arco-normal,1,0
violin/Cs4/violin_Cs4_05_fortissimo_arco-normal.mp3,violin,strings,0.9143,44100,Cs4,61,fortissimo,arco-normal,1,0
violin/Cs4/violin_Cs4_05_mezzo-forte_arco-normal.mp3,violin,strings,1.0972,44100,Cs4,61,mezzo-forte,arco-normal,1,0
violin/Cs4/violin_Cs4_05_mezzo-piano_arco-normal.mp3,violin,strings,1.3322,44100,Cs4,61,mezzo-piano,arco-normal,1,0
violin/Cs4/violin_Cs4_05_piano_arco-normal.mp3,violin,strings,1.0449,44100,Cs4,61,piano,arco-normal,1,0
violin/Cs4/violin_Cs4_15_fortissimo_arco-normal.mp3,violin,strings,2.5078,44100,Cs4,61,fortissimo,arco-normal,1,0
violin/Cs4/violin_Cs4_1_fortissimo_arco-normal.mp3,violin,strings,1.6979,44100,Cs4,61,fortissimo,arco-normal,1,0
violin/Cs4/violin_Cs4_1_mezzo-forte_arco-normal.mp3,violin,strings,1.0449,44100,Cs4,61,mezzo-forte,arco-normal,1,0
violin/Cs4/violin_Cs4_1_piano_arco-normal.mp3,violin,strings,1.4367,44100,Cs4,61,piano,arco-normal,1,0
violin/Cs4/violin_Cs4_very-long_piano_arco-normal.mp3,violin,strings,3.9706,44100,Cs4,61,piano,arco-normal,1,0
violin/Cs5/violin_Cs5_025_forte_arco-normal.mp3,violin,strings,0.8359,44100,Cs5,73,forte,arco-normal,1,0
violin/Cs5/violin_Cs5_025_fortissimo_arco-normal.mp3,violin,strings,1.28,44100,Cs5,73,fortissimo,arco-normal,1,0
violin/Cs5/violin_Cs5_025_mezzo-forte_arco-normal.mp3,violin,strings,0.9404,44100,Cs5,73,mezzo-forte,arco-normal,1,0
violin/Cs5/violin_Cs5_025_mezzo-piano_arco-normal.mp3,violin,strings,1.071,44100,Cs5,73,mezzo-piano,arco-normal,1,0
violin/Cs5/violin_Cs5_025_pianissimo_arco-normal.mp3,violin,strings,1.0188,44100,Cs5,73,pianissimo,arco-normal,1,0
violin/Cs5/violin_Cs5_025_piano_arco-normal.mp3,violin,strings,0.7053,44100,Cs5,73,piano,arco-normal,1,0
violin/Cs5/violin_Cs5_05_forte_arco-normal.mp3,violin,strings,0.9404,44100,Cs5,73,forte,arco-normal,1,0
violin/Cs5/violin_Cs5_05_fortissimo_arco-normal.mp3,violin,strings,1.0188,44100,Cs5,73,fortissimo,arco-normal,1,0
violin/Cs5/violin_Cs5_05_mezzo-forte_arco-normal.mp3,violin,strings,1.2539,44100,Cs5,73,mezzo-forte,arco-normal,1,0
violin/Cs5/violin_Cs5_05_mezzo-piano_arco-normal.mp3,violin,strings,0.9927,44100,Cs5,73,mezzo-piano,arco-normal,1,0
violin/Cs5/violin_Cs5_05_pianissimo_arco-normal.mp3,violin,strings,1.0188,44100,Cs5,73,pianissimo,arco-normal,1,0
violin/Cs5/violin_Cs5_05_piano_arco-normal.mp3,violin,strings,0.7314,44100,Cs5,73,piano,arco-normal,1,0
violin/Cs5/violin_Cs5_15_fortissimo_arco-normal.mp3,violin,strings,2.4817,44100,Cs5,73,fortissimo,arco-normal,1,0
violin/Cs5/violin_Cs5_1_forte_arco-normal.mp3,violin,strings,1.6458,44100,Cs5,73,forte,arco-normal,1,0
violin/Cs5/violin_Cs5_1_fortissimo_arco-normal.mp3,violin,strings,1.4367,44100,Cs5,73,fortissimo,arco-normal,1,0
violin/Cs5/violin_Cs5_1_pianissimo_arco-normal.mp3,violin,strings,1.5151,44100,Cs5,73,pianissimo,arco-normal,1,0
violin/Cs6/violin_Cs6_025_forte_arco-normal.mp3,violin,strings,0.8359,44100,Cs6,85,forte,arco-normal,1,0
violin/Cs6/violin_Cs6_025_fortissimo_arco-normal.mp3,violin,strings,0.7053,44100,Cs6,85,fortissimo,arco-normal,1,0
violin/Cs6/violin_Cs6_025_mezzo-forte_arco-normal.mp3,violin,strings,0.9404,44100,Cs6,85,mezzo-forte,arco-normal,1,0
violin/Cs6/violin_Cs6_025_mezzo-piano_arco-normal.mp3,violin,strings,1.3583,44100,Cs6,85,mezzo-piano,arco-normal,1,0
violin/Cs6/violin_Cs6_025_pianissimo_arco-normal.mp3,violin,strings,0.8359,44100,Cs6,85,pianissimo,arco-normal,1,0
violin/Cs6/violin_Cs6_025_piano_arco-normal.mp3,violin,strings,0.6008,44100,Cs6,85,piano,arco-normal,1,0
violin/Cs6/violin_Cs6_05_forte_arco-normal.mp3,violin,strings,0.8882,44100,Cs6,85,forte,arco-normal,1,0
violin/Cs6/violin_Cs6_05_fortissimo_arco-normal.mp3,violin,strings,0.862,44100,Cs6,85,fortissimo,arco-normal,1,0
violin/Cs6/violin_Cs6_05_mezzo-forte_arco-normal.mp3,violin,strings,1.3583,44100,Cs6,85,mezzo-forte,arco-normal,1,0
violin/Cs6/violin_Cs6_05_pianissimo_arco-normal.mp3,violin,strings,0.8098,44100,Cs6,85,pianissimo,arco-normal,1,0
violin/Cs6/violin_Cs6_05_piano_arco-normal.mp3,violin,strings,1.071,44100,Cs6,85,piano,arco-normal,1,0
violin/Cs6/violin_Cs6_15_forte_arco-normal.mp3,violin,strings,1.6458,44100,Cs6,85,forte,arco-normal,1,0
violin/Cs6/violin_Cs6_1_forte_arco-normal.mp3,violin,strings,1.0972,44100,Cs6,85,forte,arco-normal,1,0
violin/Cs6/violin_Cs6_1_fortissimo_arco-normal.mp3,violin,strings,2.0898,44100,Cs6,85,fortissimo,arco-normal,1,0
violin/Cs6/violin_Cs6_1_mezzo-forte_arco-normal.mp3,violin,strings,1.489,44100,Cs6,85,mezzo-forte,arco-normal,1,0
violin/Cs6/violin_Cs6_1_piano_arco-normal.mp3,violin,strings,0.9665,44100,Cs6,85,piano,arco-normal,1,0
violin/Cs7/violin_Cs7_025_forte_arco-normal.mp3,violin,strings,0.6008,44100,Cs7,97,forte,arco-normal,1,0
violin/Cs7/violin_Cs7_025_fortissimo_arco-normal.mp3,violin,strings,0.7576,44100,Cs7,97,fortissimo,arco-normal,1,0
violin/Cs7/violin_Cs7_025_mezzo-forte_arco-normal.mp3,violin,strings,0.6008,44100,Cs7,97,mezzo-forte,arco-normal,1,0
violin/Cs7/violin_Cs7_025_piano_arco-normal.mp3,violin,strings,0.7053,44100,Cs7,97,piano,arco-normal,1,0
violin/Cs7/violin_Cs7_05_forte_arco-normal.mp3,violin,strings,0.8359,44100,Cs7,97,forte,arco-normal,1,0
violin/Cs7/violin_Cs7_05_fortissimo_arco-normal.mp3,violin,strings,1.1494,44100,Cs7,97,fortissimo,arco-normal,1,0
violin/Cs7/violin_Cs7_05_mezzo-forte_arco-normal.mp3,violin,strings,0.7837,44100,Cs7,97,mezzo-forte,arco-normal,1,0
violin/Cs7/violin_Cs7_05_piano_arco-normal.mp3,violin,strings,0.8882,44100,Cs7,97,piano,arco-normal,1,0
violin/Cs7/violin_Cs7_15_forte_arco-normal.mp3,violin,strings,1.8547,44100,Cs7,97,forte,arco-normal,1,0
violin/Cs7/violin_Cs7_15_mezzo-forte_arco-normal.mp3,violin,strings,1.3583,44100,Cs7,97,mezzo-forte,arco-normal,1,0
violin/Cs7/violin_Cs7_15_piano_arco-normal.mp3,violin,strings,1.2017,44100,Cs7,97,piano,arco-normal,1,0
violin/Cs7/violin_Cs7_1_forte_arco-normal.mp3,violin,strings,1.0449,44100,Cs7,97,forte,arco-normal,1,0
violin/Cs7/violin_Cs7_1_fortissimo_arco-normal.mp3,violin,strings,2.0114,44100,Cs7,97,fortissimo,arco-normal,1,0
violin/Cs7/violin_Cs7_1_mezzo-forte_arco-normal.mp3,violin,strings,1.0972,44100,Cs7,97,mezzo-forte,arco-normal,1,0
violin/Cs7/violin_Cs7_1_piano_arco-normal.mp3,violin,strings,0.7837,44100,Cs7,97,piano,arco-normal,1,0
violin/D4/violin_D4_025_forte_arco-normal.mp3,violin,strings,1.3322,44100,D4,62,forte,arco-normal,1,0
violin/D4/violin_D4_025_fortissimo_arco-normal.mp3,violin,strings,1.3061,44100,D4,62,fortissimo,arco-normal,1,0
violin/D4/violin_D4_025_mezzo-forte_arco-normal.mp3,violin,strings,0.8882,44100,D4,62,mezzo-forte,arco-normal,1,0
violin/D4/violin_D4_025_piano_arco-normal.mp3,violin,strings,1.0449,44100,D4,62,piano,arco-normal,1,0
violin/D4/violin_D4_05_forte_arco-normal.mp3,violin,strings,1.5413,44100,D4,62,forte,arco-normal,1,0
violin/D4/violin_D4_05_fortissimo_arco-normal.mp3,violin,strings,0.9927,44100,D4,62,fortissimo,arco-normal,1,0
violin/D4/violin_D4_05_mezzo-forte_arco-normal.mp3,violin,strings,1.071,44100,D4,62,mezzo-forte,arco-normal,1,0
violin/D4/violin_D4_05_piano_arco-normal.mp3,violin,strings,1.1755,44100,D4,62,piano,arco-normal,1,0
violin/D4/violin_D4_15_forte_arco-normal.mp3,violin,strings,2.2204,44100,D4,62,forte,arco-normal,1,0
violin/D4/violin_D4_15_fortissimo_arco-normal.mp3,violin,strings,2.6906,44100,D4,62,fortissimo,arco-normal,1,0
violin/D4/violin_D4_15_piano_arco-normal.mp3,violin,strings,1.5673,44100,D4,62,piano,arco-normal,1,0
violin/D4/violin_D4_1_forte_arco-normal.mp3,violin,strings,1.6718,44100,D4,62,forte,arco-normal,1,0
violin/D4/violin_D4_1_fortissimo_arco-normal.mp3,violin,strings,1.6196,44100,D4,62,fortissimo,arco-normal,1,0
violin/D4/violin_D4_1_mezzo-forte_arco-normal.mp3,violin,strings,1.0449,44100,D4,62,mezzo-forte,arco-normal,1,0
violin/D4/violin_D4_1_piano_arco-normal.mp3,violin,strings,1.2277,44100,D4,62,piano,arco-normal,1,0
violin/D5/violin_D5_025_forte_arco-normal.mp3,violin,strings,0.7576,44100,D5,74,forte,arco-normal,1,0
violin/D5/violin_D5_025_fortissimo_arco-normal.mp3,violin,strings,1.0188,44100,D5,74,fortissimo,arco-normal,1,0
violin/D5/violin_D5_025_mezzo-forte_arco-normal.mp3,violin,strings,1.2539,44100,D5,74,mezzo-forte,arco-normal,1,0
violin/D5/violin_D5_025_mezzo-piano_arco-normal.mp3,violin,strings,0.9665,44100,D5,74,mezzo-piano,arco-normal,1,0
violin/D5/violin_D5_025_pianissimo_arco-normal.mp3,violin,strings,0.9143,44100,D5,74,pianissimo,arco-normal,1,0
violin/D5/violin_D5_025_piano_arco-normal.mp3,violin,strings,1.0449,44100,D5,74,piano,arco-normal,1,0
violin/D5/violin_D5_05_forte_arco-normal.mp3,violin,strings,1.1233,44100,D5,74,forte,arco-normal,1,0
violin/D5/violin_D5_05_fortissimo_arco-normal.mp3,violin,strings,1.3583,44100,D5,74,fortissimo,arco-normal,1,0
violin/D5/violin_D5_05_mezzo-piano_arco-normal.mp3,violin,strings,0.9927,44100,D5,74,mezzo-piano,arco-normal,1,0
violin/D5/violin_D5_05_pianissimo_arco-normal.mp3,violin,strings,1.0449,44100,D5,74,pianissimo,arco-normal,1,0
violin/D5/violin_D5_15_forte_arco-normal.mp3,violin,strings,1.9331,44100,D5,74,forte,arco-normal,1,0
violin/D5/violin_D5_15_fortissimo_arco-normal.mp3,violin,strings,2.8473,44100,D5,74,fortissimo,arco-normal,1,0
violin/D5/violin_D5_15_pianissimo_arco-normal.mp3,violin,strings,1.0188,44100,D5,74,pianissimo,arco-normal,1,0
violin/D5/violin_D5_1_forte_arco-normal.mp3,violin,strings,1.489,44100,D5,74,forte,arco-normal,1,0
violin/D5/violin_D5_1_fortissimo_arco-normal.mp3,violin,strings,1.6196,44100,D5,74,fortissimo,arco-normal,1,0
violin/D5/violin_D5_1_mezzo-piano_arco-normal.mp3,violin,strings,1.6718,44100,D5,74,mezzo-piano,arco-normal,1,0
violin/D5/violin_D5_1_pianissimo_arco-normal.mp3,violin,strings,1.5413,44100,D5,74,pianissimo,arco-normal,1,0
violin/D6/violin_D6_025_forte_arco-normal.mp3,violin,strings,0.7576,44100,D6,86,forte,arco-normal,1,0
violin/D6/violin_D6_025_fortissimo_arco-normal.mp3,violin,strings,0.8098,44100,D6,86,fortissimo,arco-normal,1,0
violin/D6/violin_D6_025_mezzo-forte_arco-normal.mp3,violin,strings,0.5747,44100,D6,86,mezzo-forte,arco-normal,1,0
violin/D6/violin_D6_025_pianissimo_arco-normal.mp3,violin,strings,0.7314,44100,D6,86,pianissimo,arco-normal,1,0
violin/D6/violin_D6_025_piano_arco-normal.mp3,violin,strings,0.9404,44100,D6,86,piano,arco-normal,1,0
violin/D6/violin_D6_05_forte_arco-normal.mp3,violin,strings,0.862,44100,D6,86,forte,arco-normal,1,0
violin/D6/violin_D6_05_fortissimo_arco-normal.mp3,violin,strings,0.9665,44100,D6,86,fortissimo,arco-normal,1,0
violin/D6/violin_D6_05_mezzo-forte_arco-normal.mp3,violin,strings,0.7837,44100,D6,86,mezzo-forte,arco-normal,1,0
violin/D6/violin_D6_05_pianissimo_arco-normal.mp3,violin,strings,0.7053,44100,D6,86,pianissimo,arco-normal,1,0
violin/D6/violin_D6_05_piano_arco-normal.mp3,violin,strings,0.862,44100,D6,86,piano,arco-normal,1,0
violin/D6/violin_D6_15_forte_arco-normal.mp3,violin,strings,1.6196,44100,D6,86,forte,arco-normal,1,0
violin/D6/violin_D6_15_fortissimo_arco-normal.mp3,violin,strings,2.3249,44100,D6,86,fortissimo,arco-normal,1,0
violin/D6/violin_D6_15_mezzo-forte_arco-normal.mp3,violin,strings,1.28,44100,D6,86,mezzo-forte,arco-normal,1,0
violin/D6/violin_D6_15_piano_arco-normal.mp3,violin,strings,0.9143,44100,D6,86,piano,arco-normal,1,0
violin/D6/violin_D6_1_forte_arco-normal.mp3,violin,strings,0.9927,44100,D6,86,forte,arco-normal,1,0
violin/D6/violin_D6_1_fortissimo_arco-normal.mp3,violin,strings,1.489,44100,D6,86,fortissimo,arco-normal,1,0
violin/D6/violin_D6_1_mezzo-forte_arco-normal.mp3,violin,strings,1.071,44100,D6,86,mezzo-forte,arco-normal,1,0
violin/D6/violin_D6_1_pianissimo_arco-normal.mp3,violin,strings,0.7576,44100,D6,86,pianissimo,arco-normal,1,0
violin/D6/violin_D6_1_piano_arco-normal.mp3,violin,strings,1.3845,44100,D6,86,piano,arco-normal,1,0
violin/D7/violin_D7_025_forte_arco-normal.mp3,violin,strings,0.6008,44100,D7,98,forte,arco-normal,1,0
violin/D7/violin_D7_025_fortissimo_arco-normal.mp3,violin,strings,0.862,44100,D7,98,fortissimo,arco-normal,1,0
violin/D7/violin_D7_025_mezzo-forte_arco-normal.mp3,violin,strings,0.6531,44100,D7,98,mezzo-forte,arco-normal,1,0
violin/D7/violin_D7_025_mezzo-piano_arco-normal.mp3,violin,strings,0.5486,44100,D7,98,mezzo-piano,arco-normal,1,0
violin/D7/violin_D7_025_pianissimo_arco-normal.mp3,violin,strings,0.6792,44100,D7,98,pianissimo,arco-normal,1,0
violin/D7/violin_D7_025_piano_arco-normal.mp3,violin,strings,0.8359,44100,D7,98,piano,arco-normal,1,0
violin/D7/violin_D7_05_forte_arco-normal.mp3,violin,strings,0.8098,44100,D7,98,forte,arco-normal,1,0
violin/D7/violin_D7_05_fortissimo_arco-normal.mp3,violin,strings,1.0449,44100,D7,98,fortissimo,arco-normal,1,0
violin/D7/violin_D7_05_mezzo-forte_arco-normal.mp3,violin,strings,0.6531,44100,D7,98,mezzo-forte,arco-normal,1,0
violin/D7/violin_D7_05_mezzo-piano_arco-normal.mp3,violin,strings,0.9404,44100,D7,98,mezzo-piano,arco-normal,1,0
violin/D7/violin_D7_05_pianissimo_arco-normal.mp3,violin,strings,0.9927,44100,D7,98,pianissimo,arco-normal,1,0
violin/D7/violin_D7_05_piano_arco-normal.mp3,violin,strings,1.2017,44100,D7,98,piano,arco-normal,1,0
violin/D7/violin_D7_15_forte_arco-normal.mp3,violin,strings,1.7763,44100,D7,98,forte,arco-normal,1,0
violin/D7/violin_D7_1_forte_arco-normal.mp3,violin,strings,1.0449,44100,D7,98,forte,arco-normal,1,0
violin/D7/violin_D7_1_fortissimo_arco-normal.mp3,violin,strings,2.1682,44100,D7,98,fortissimo,arco-normal,1,0
violin/D7/violin_D7_1_mezzo-forte_arco-normal.mp3,violin,strings,0.9665,44100,D7,98,mezzo-forte,arco-normal,1,0
violin/D7/violin_D7_1_pianissimo_arco-normal.mp3,violin,strings,0.9927,44100,D7,98,pianissimo,arco-normal,1,0
violin/Ds4/violin_Ds4_025_forte_arco-normal.mp3,violin,strings,1.0188,44100,Ds4,63,forte,arco-normal,1,0
violin/Ds4/violin_Ds4_025_fortissimo_arco-normal.mp3,violin,strings,1.0188,44100,Ds4,63,fortissimo,arco-normal,1,0
violin/Ds4/violin_Ds4_025_mezzo-forte_arco-normal.mp3,violin,strings,0.9927,44100,Ds4,63,mezzo-forte,arco-normal,1,0
violin/Ds4/violin_Ds4_025_mezzo-piano_arco-normal.mp3,violin,strings,0.6792,44100,Ds4,63,mezzo-piano,arco-normal,1,0
violin/Ds4/violin_Ds4_025_pianissimo_arco-normal.mp3,violin,strings,0.7576,44100,Ds4,63,pianissimo,arco-normal,1,0
violin/Ds4/violin_Ds4_025_piano_arco-normal.mp3,violin,strings,1.0188,44100,Ds4,63,piano,arco-normal,1,0
violin/Ds4/violin_Ds4_05_forte_arco-normal.mp3,violin,strings,1.071,44100,Ds4,63,forte,arco-normal,1,0
violin/Ds4/violin_Ds4_05_fortissimo_arco-normal.mp3,violin,strings,1.1755,44100,Ds4,63,fortissimo,arco-normal,1,0
violin/Ds4/violin_Ds4_05_mezzo-forte_arco-normal.mp3,violin,strings,1.0972,44100,Ds4,63,mezzo-forte,arco-normal,1,0
violin/Ds4/violin_Ds4_05_mezzo-piano_arco-normal.mp3,violin,strings,1.1233,44100,Ds4,63,mezzo-piano,arco-normal,1,0
violin/Ds4/violin_Ds4_05_piano_arco-normal.mp3,violin,strings,1.3845,44100,Ds4,63,piano,arco-normal,1,0
violin/Ds4/violin_Ds4_15_forte_arco-normal.mp3,violin,strings,1.7502,44100,Ds4,63,forte,arco-normal,1,0
violin/Ds4/violin_Ds4_15_fortissimo_arco-normal.mp3,violin,strings,2.3772,44100,Ds4,63,fortissimo,arco-normal,1,0
violin/Ds4/violin_Ds4_1_forte_arco-normal.mp3,violin,strings,1.3845,44100,Ds4,63,forte,arco-normal,1,0
violin/Ds4/violin_Ds4_1_fortissimo_arco-normal.mp3,violin,strings,1.3845,44100,Ds4,63,fortissimo,arco-normal,1,0
violin/Ds4/violin_Ds4_1_mezzo-forte_arco-normal.mp3,violin,strings,1.0449,44100,Ds4,63,mezzo-forte,arco-normal,1,0
violin/Ds4/violin_Ds4_long_mezzo-forte_arco-normal.mp3,violin,strings,3.5004,44100,Ds4,63,mezzo-forte,arco-normal,1,0
violin/Ds5/violin_Ds5_025_forte_arco-normal.mp3,violin,strings,0.7576,44100,Ds5,75,forte,arco-normal,1,0
violin/Ds5/violin_Ds5_025_fortissimo_arco-normal.mp3,violin,strings,0.7837,44100,Ds5,75,fortissimo,arco-normal,1,0
violin/Ds5/violin_Ds5_025_mezzo-forte_arco-normal.mp3,violin,strings,0.6531,44100,Ds5,75,mezzo-forte,arco-normal,1,0
violin/Ds5/violin_Ds5_025_mezzo-piano_arco-normal.mp3,violin,strings,0.862,44100,Ds5,75,mezzo-piano,arco-normal,1,0
violin/Ds5/violin_Ds5_025_pianissimo_arco-normal.mp3,violin,strings,0.8882,44100,Ds5,75,pianissimo,arco-normal,1,0
violin/Ds5/violin_Ds5_025_piano_arco-normal.mp3,violin,strings,0.6269,44100,Ds5,75,piano,arco-normal,1,0
violin/Ds5/violin_Ds5_05_forte_arco-normal.mp3,violin,strings,0.9665,44100,Ds5,75,forte,arco-normal,1,0
violin/Ds5/violin_Ds5_05_fortissimo_arco-normal.mp3,violin,strings,0.9927,44100,Ds5,75,fortissimo,arco-normal,1,0
violin/Ds5/violin_Ds5_05_mezzo-forte_arco-normal.mp3,violin,strings,0.8359,44100,Ds5,75,mezzo-forte,arco-normal,1,0
violin/Ds5/violin_Ds5_05_pianissimo_arco-normal.mp3,violin,strings,0.8359,44100,Ds5,75,pianissimo,arco-normal,1,0
violin/Ds5/violin_Ds5_05_piano_arco-normal.mp3,violin,strings,1.2539,44100,Ds5,75,piano,arco-normal,1,0
violin/Ds5/violin_Ds5_15_forte_arco-normal.mp3,violin,strings,1.8808,44100,Ds5,75,forte,arco-normal,1,0
violin/Ds5/violin_Ds5_15_fortissimo_arco-normal.mp3,violin,strings,2.4817,44100,Ds5,75,fortissimo,arco-normal,1,0
violin/Ds5/violin_Ds5_15_mezzo-forte_arco-normal.mp3,violin,strings,1.5935,44100,Ds5,75,mezzo-forte,arco-normal,1,0
violin/Ds5/violin_Ds5_1_forte_arco-normal.mp3,violin,strings,1.1755,44100,Ds5,75,forte,arco-normal,1,0
violin/Ds5/violin_Ds5_1_fortissimo_arco-normal.mp3,violin,strings,1.28,44100,Ds5,75,fortissimo,arco-normal,1,0
violin/Ds5/violin_Ds5_1_mezzo-forte_arco-normal.mp3,violin,strings,1.1233,44100,Ds5,75,mezzo-forte,arco-normal,1,0
violin/Ds6/violin_Ds6_025_forte_arco-normal.mp3,violin,strings,0.6531,44100,Ds6,87,forte,arco-normal,1,0
violin/Ds6/violin_Ds6_025_fortissimo_arco-normal.mp3,violin,strings,0.7053,44100,Ds6,87,fortissimo,arco-normal,1,0
violin/Ds6/violin_Ds6_025_mezzo-forte_arco-normal.mp3,violin,strings,0.6008,44100,Ds6,87,mezzo-forte,arco-normal,1,0
violin/Ds6/violin_Ds6_025_mezzo-piano_arco-normal.mp3,violin,strings,0.7576,44100,Ds6,87,mezzo-piano,arco-normal,1,0
violin/Ds6/violin_Ds6_025_pianissimo_arco-normal.mp3,violin,strings,0.8098,44100,Ds6,87,pianissimo,arco-normal,1,0
violin/Ds6/violin_Ds6_025_piano_arco-normal.mp3,violin,strings,0.8098,44100,Ds6,87,piano,arco-normal,1,0
violin/Ds6/violin_Ds6_05_forte_arco-normal.mp3,violin,strings,0.8098,44100,Ds6,87,forte,arco-normal,1,0
violin/Ds6/violin_Ds6_05_fortissimo_arco-normal.mp3,violin,strings,0.9927,44100,Ds6,87,fortissimo,arco-normal,1,0
violin/Ds6/violin_Ds6_05_mezzo-forte_arco-normal.mp3,violin,strings,0.7837,44100,Ds6,87,mezzo-forte,arco-normal,1,0
violin/Ds6/violin_Ds6_05_mezzo-piano_arco-normal.mp3,violin,strings,0.9665,44100,Ds6,87,mezzo-piano,arco-normal,1,0
violin/Ds6/violin_Ds6_05_pianissimo_arco-normal.mp3,violin,strings,0.9143,44100,Ds6,87,pianissimo,arco-normal,1,0
violin/Ds6/violin_Ds6_05_piano_arco-normal.mp3,violin,strings,1.1233,44100,Ds6,87,piano,arco-normal,1,0
violin/Ds6/violin_Ds6_15_mezzo-forte_arco-normal.mp3,violin,strings,1.4106,44100,Ds6,87,mezzo-forte,arco-normal,1,0
violin/Ds6/violin_Ds6_15_pianissimo_arco-normal.mp3,violin,strings,0.8882,44100,Ds6,87,pianissimo,arco-normal,1,0
violin/Ds6/violin_Ds6_1_forte_arco-normal.mp3,violin,strings,0.9404,44100,Ds6,87,forte,arco-normal,1,0
violin/Ds6/violin_Ds6_1_fortissimo_arco-normal.mp3,violin,strings,1.2277,44100,Ds6,87,fortissimo,arco-normal,1,0
violin/Ds6/violin_Ds6_1_mezzo-forte_arco-normal.mp3,violin,strings,1.1494,44100,Ds6,87,mezzo-forte,arco-normal,1,0
violin/Ds6/violin_Ds6_1_pianissimo_arco-normal.mp3,violin,strings,1.1233,44100,Ds6,87,pianissimo,arco-normal,1,0
violin/Ds7/violin_Ds7_025_forte_arco-normal.mp3,violin,strings,0.6269,44100,Ds7,99,forte,arco-normal,1,0
violin/Ds7/violin_Ds7_025_fortissimo_arco-normal.mp3,violin,strings,0.6008,44100,Ds7,99,fortissimo,arco-normal,1,0
violin/Ds7/violin_Ds7_025_mezzo-forte_arco-normal.mp3,violin,strings,0.7576,44100,Ds7,99,mezzo-forte,arco-normal,1,0
violin/Ds7/violin_Ds7_025_mezzo-piano_arco-normal.mp3,violin,strings,0.9404,44100,Ds7,99,mezzo-piano,arco-normal,1,0
violin/Ds7/violin_Ds7_025_pianissimo_arco-normal.mp3,violin,strings,0.9665,44100,Ds7,99,pianissimo,arco-normal,1,0
violin/Ds7/violin_Ds7_025_piano_arco-normal.mp3,violin,strings,0.8359,44100,Ds7,99,piano,arco-normal,1,0
violin/Ds7/violin_Ds7_05_forte_arco-normal.mp3,violin,strings,1.1233,44100,Ds7,99,forte,arco-normal,1,0
violin/Ds7/violin_Ds7_05_fortissimo_arco-normal.mp3,violin,strings,0.7053,44100,Ds7,99,fortissimo,arco-normal,1,0
violin/Ds7/violin_Ds7_05_mezzo-forte_arco-normal.mp3,violin,strings,1.1233,44100,Ds7,99,mezzo-forte,arco-normal,1,0
violin/Ds7/violin_Ds7_05_mezzo-piano_arco-normal.mp3,violin,strings,1.2017,44100,Ds7,99,mezzo-piano,arco-normal,1,0
violin/Ds7/violin_Ds7_05_piano_arco-normal.mp3,violin,strings,1.0449,44100,Ds7,99,piano,arco-normal,1,0
violin/Ds7/violin_Ds7_15_forte_arco-normal.mp3,violin,strings,1.9069,44100,Ds7,99,forte,arco-normal,1,0
violin/Ds7/violin_Ds7_15_fortissimo_arco-normal.mp3,violin,strings,2.1682,44100,Ds7,99,fortissimo,arco-normal,1,0
violin/Ds7/violin_Ds7_1_forte_arco-normal.mp3,violin,strings,1.0449,44100,Ds7,99,forte,arco-normal,1,0
violin/Ds7/violin_Ds7_1_fortissimo_arco-normal.mp3,violin,strings,1.071,44100,Ds7,99,fortissimo,arco-normal,1,0
violin/Ds7/violin_Ds7_1_piano_arco-normal.mp3,violin,strings,1.2017,44100,Ds7,99,piano,arco-normal,1,0
violin/E4/violin_E4_025_forte_arco-normal.mp3,violin,strings,0.7837,44100,E4,64,forte,arco-normal,1,0
violin/E4/violin_E4_025_fortissimo_arco-normal.mp3,violin,strings,1.1494,44100,E4,64,fortissimo,arco-normal,1,0
violin/E4/violin_E4_025_mezzo-forte_arco-normal.mp3,violin,strings,0.862,44100,E4,64,mezzo-forte,arco-normal,1,0
violin/E4/violin_E4_025_pianissimo_arco-normal.mp3,violin,strings,0.9143,44100,E4,64,pianissimo,arco-normal,1,0
violin/E4/violin_E4_025_piano_arco-normal.mp3,violin,strings,1.071,44100,E4,64,piano,arco-normal,1,0
violin/E4/violin_E4_05_forte_arco-normal.mp3,violin,strings,1.0449,44100,E4,64,forte,arco-normal,1,0
violin/E4/violin_E4_05_fortissimo_arco-normal.mp3,violin,strings,1.1233,44100,E4,64,fortissimo,arco-normal,1,0
violin/E4/violin_E4_05_mezzo-forte_arco-normal.mp3,violin,strings,1.1494,44100,E4,64,mezzo-forte,arco-normal,1,0
violin/E4/violin_E4_05_piano_arco-normal.mp3,violin,strings,1.28,44100,E4,64,piano,arco-normal,1,0
violin/E4/violin_E4_15_fortissimo_arco-normal.mp3,violin,strings,2.5861,44100,E4,64,fortissimo,arco-normal,1,0
violin/E4/violin_E4_15_piano_arco-normal.mp3,violin,strings,1.0449,44100,E4,64,piano,arco-normal,1,0
violin/E4/violin_E4_1_fortissimo_arco-normal.mp3,violin,strings,1.8024,44100,E4,64,fortissimo,arco-normal,1,0
violin/E4/violin_E4_1_mezzo-forte_arco-normal.mp3,violin,strings,1.3322,44100,E4,64,mezzo-forte,arco-normal,1,0
violin/E4/violin_E4_1_piano_arco-normal.mp3,violin,strings,1.3845,44100,E4,64,piano,arco-normal,1,0
violin/E5/violin_E5_025_forte_arco-normal.mp3,violin,strings,0.9665,44100,E5,76,forte,arco-normal,1,0
violin/E5/violin_E5_025_fortissimo_arco-normal.mp3,violin,strings,0.6792,44100,E5,76,fortissimo,arco-normal,1,0
violin/E5/violin_E5_025_mezzo-forte_arco-normal.mp3,violin,strings,0.7314,44100,E5,76,mezzo-forte,arco-normal,1,0
violin/E5/violin_E5_025_mezzo-piano_arco-normal.mp3,violin,strings,0.8098,44100,E5,76,mezzo-piano,arco-normal,1,0
violin/E5/violin_E5_025_pianissimo_arco-normal.mp3,violin,strings,0.7314,44100,E5,76,pianissimo,arco-normal,1,0
violin/E5/violin_E5_025_piano_arco-normal.mp3,violin,strings,0.9143,44100,E5,76,piano,arco-normal,1,0
violin/E5/violin_E5_05_forte_arco-normal.mp3,violin,strings,1.0188,44100,E5,76,forte,arco-normal,1,0
violin/E5/violin_E5_05_fortissimo_arco-normal.mp3,violin,strings,0.9143,44100,E5,76,fortissimo,arco-normal,1,0
violin/E5/violin_E5_05_mezzo-forte_arco-normal.mp3,violin,strings,0.9665,44100,E5,76,mezzo-forte,arco-normal,1,0
violin/E5/violin_E5_05_mezzo-piano_arco-normal.mp3,violin,strings,1.0449,44100,E5,76,mezzo-piano,arco-normal,1,0
violin/E5/violin_E5_05_pianissimo_arco-normal.mp3,violin,strings,1.1233,44100,E5,76,pianissimo,arco-normal,1,0
violin/E5/violin_E5_15_forte_arco-normal.mp3,violin,strings,1.7763,44100,E5,76,forte,arco-normal,1,0
violin/E5/violin_E5_15_mezzo-forte_arco-normal.mp3,violin,strings,1.6196,44100,E5,76,mezzo-forte,arco-normal,1,0
violin/E5/violin_E5_15_mezzo-piano_arco-normal.mp3,violin,strings,0.9665,44100,E5,76,mezzo-piano,arco-normal,1,0
violin/E5/violin_E5_15_pianissimo_arco-normal.mp3,violin,strings,1.0972,44100,E5,76,pianissimo,arco-normal,1,0
violin/E5/violin_E5_1_forte_arco-normal.mp3,violin,strings,1.3322,44100,E5,76,forte,arco-normal,1,0
violin/E5/violin_E5_1_fortissimo_arco-normal.mp3,violin,strings,2.6645,44100,E5,76,fortissimo,arco-normal,1,0
violin/E5/violin_E5_1_mezzo-forte_arco-normal.mp3,violin,strings,1.2539,44100,E5,76,mezzo-forte,arco-normal,1,0
violin/E5/violin_E5_1_mezzo-piano_arco-normal.mp3,violin,strings,1.6196,44100,E5,76,mezzo-piano,arco-normal,1,0
violin/E5/violin_E5_1_pianissimo_arco-normal.mp3,violin,strings,1.071,44100,E5,76,pianissimo,arco-normal,1,0
violin/E5/violin_E5_very-long_crescendo_arco-normal.mp3,violin,strings,4.702,44100,E5,76,crescendo,arco-normal,1,0
violin/E6/violin_E6_025_forte_arco-normal.mp3,violin,strings,1.1233,44100,E6,88,forte,arco-normal,1,0
violin/E6/violin_E6_025_fortissimo_arco-normal.mp3,violin,strings,0.862,44100,E6,88,fortissimo,arco-normal,1,0
violin/E6/violin_E6_025_mezzo-forte_arco-normal.mp3,violin,strings,0.5486,44100,E6,88,mezzo-forte,arco-normal,1,0
violin/E6/violin_E6_025_mezzo-piano_arco-normal.mp3,violin,strings,0.5747,44100,E6,88,mezzo-piano,arco-normal,1,0
violin/E6/violin_E6_025_pianissimo_arco-normal.mp3,violin,strings,0.8882,44100,E6,88,pianissimo,arco-normal,1,0
violin/E6/violin_E6_025_piano_arco-normal.mp3,violin,strings,1.1233,44100,E6,88,piano,arco-normal,1,0
violin/E6/violin_E6_05_forte_arco-normal.mp3,violin,strings,0.8882,44100,E6,88,forte,arco-normal,1,0
violin/E6/violin_E6_05_fortissimo_arco-normal.mp3,violin,strings,0.7576,44100,E6,88,fortissimo,arco-normal,1,0
violin/E6/violin_E6_05_mezzo-forte_arco-normal.mp3,violin,strings,0.8882,44100,E6,88,mezzo-forte,arco-normal,1,0
violin/E6/violin_E6_05_pianissimo_arco-normal.mp3,violin,strings,1.0188,44100,E6,88,pianissimo,arco-normal,1,0
violin/E6/violin_E6_05_piano_arco-normal.mp3,violin,strings,1.2017,44100,E6,88,piano,arco-normal,1,0
violin/E6/violin_E6_15_forte_arco-normal.mp3,violin,strings,1.9069,44100,E6,88,forte,arco-normal,1,0
violin/E6/violin_E6_1_forte_arco-normal.mp3,violin,strings,1.1755,44100,E6,88,forte,arco-normal,1,0
violin/E6/violin_E6_1_fortissimo_arco-normal.mp3,violin,strings,2.0898,44100,E6,88,fortissimo,arco-normal,1,0
violin/E6/violin_E6_1_mezzo-forte_arco-normal.mp3,violin,strings,1.1233,44100,E6,88,mezzo-forte,arco-normal,1,0
violin/E6/violin_E6_1_pianissimo_arco-normal.mp3,violin,strings,0.8359,44100,E6,88,pianissimo,arco-normal,1,0
violin/E6/violin_E6_1_piano_arco-normal.mp3,violin,strings,1.3845,44100,E6,88,piano,arco-normal,1,0
violin/E7/violin_E7_025_forte_arco-normal.mp3,violin,strings,0.5486,44100,E7,100,forte,arco-normal,1,0
violin/E7/violin_E7_025_fortissimo_arco-normal.mp3,violin,strings,0.7576,44100,E7,100,fortissimo,arco-normal,1,0
violin/E7/violin_E7_025_mezzo-forte_arco-normal.mp3,violin,strings,0.6792,44100,E7,100,mezzo-forte,arco-normal,1,0
violin/E7/violin_E7_025_pianissimo_arco-normal.mp3,violin,strings,0.7837,44100,E7,100,pianissimo,arco-normal,1,0
violin/E7/violin_E7_025_piano_arco-normal.mp3,violin,strings,0.7837,44100,E7,100,piano,arco-normal,1,0
violin/E7/violin_E7_05_forte_arco-normal.mp3,violin,strings,1.0972,44100,E7,100,forte,arco-normal,1,0
violin/E7/violin_E7_05_fortissimo_arco-normal.mp3,violin,strings,0.9665,44100,E7,100,fortissimo,arco-normal,1,0
violin/E7/violin_E7_05_mezzo-forte_arco-normal.mp3,violin,strings,0.862,44100,E7,100,mezzo-forte,arco-normal,1,0
violin/E7/violin_E7_05_pianissimo_arco-normal.mp3,violin,strings,0.7053,44100,E7,100,pianissimo,arco-normal,1,0
violin/E7/violin_E7_05_piano_arco-normal.mp3,violin,strings,0.8098,44100,E7,100,piano,arco-normal,1,0
violin/E7/violin_E7_15_forte_arco-normal.mp3,violin,strings,1.8547,44100,E7,100,forte,arco-normal,1,0
violin/E7/violin_E7_15_fortissimo_arco-normal.mp3,violin,strings,2.1159,44100,E7,100,fortissimo,arco-normal,1,0
violin/E7/violin_E7_15_pianissimo_arco-normal.mp3,violin,strings,1.1233,44100,E7,100,pianissimo,arco-normal,1,0
violin/E7/violin_E7_15_piano_arco-normal.mp3,violin,strings,1.3061,44100,E7,100,piano,arco-normal,1,0
violin/E7/violin_E7_1_forte_arco-normal.mp3,violin,strings,1.0188,44100,E7,100,forte,arco-normal,1,0
violin/E7/violin_E7_1_fortissimo_arco-normal.mp3,violin,strings,1.0449,44100,E7,100,fortissimo,arco-normal,1,0
violin/E7/violin_E7_1_pianissimo_arco-normal.mp3,violin,strings,1.4106,44100,E7,100,pianissimo,arco-normal,1,0
violin/E7/violin_E7_1_piano_arco-normal.mp3,violin,strings,0.9927,44100,E7,100,piano,arco-normal,1,0
violin/F4/violin_F4_025_forte_arco-normal.mp3,violin,strings,0.8098,44100,F4,65,forte,arco-normal,1,0
violin/F4/violin_F4_025_fortissimo_arco-normal.mp3,violin,strings,1.3583,44100,F4,65,fortissimo,arco-normal,1,0
violin/F4/violin_F4_025_mezzo-forte_arco-normal.mp3,violin,strings,0.862,44100,F4,65,mezzo-forte,arco-normal,1,0
violin/F4/violin_F4_025_mezzo-piano_arco-normal.mp3,violin,strings,0.6792,44100,F4,65,mezzo-piano,arco-normal,1,0
violin/F4/violin_F4_025_pianissimo_arco-normal.mp3,violin,strings,0.8359,44100,F4,65,pianissimo,arco-normal,1,0
violin/F4/violin_F4_025_piano_arco-normal.mp3,violin,strings,1.1494,44100,F4,65,piano,arco-normal,1,0
violin/F4/violin_F4_05_forte_arco-normal.mp3,violin,strings,1.0188,44100,F4,65,forte,arco-normal,1,0
violin/F4/violin_F4_05_fortissimo_arco-normal.mp3,violin,strings,1.2277,44100,F4,65,fortissimo,arco-normal,1,0
violin/F4/violin_F4_05_mezzo-forte_arco-normal.mp3,violin,strings,1.6458,44100,F4,65,mezzo-forte,arco-normal,1,0
violin/F4/violin_F4_05_mezzo-piano_arco-normal.mp3,violin,strings,0.8882,44100,F4,65,mezzo-piano,arco-normal,1,0
violin/F4/violin_F4_05_pianissimo_arco-normal.mp3,violin,strings,0.8882,44100,F4,65,pianissimo,arco-normal,1,0
violin/F4/violin_F4_05_piano_arco-normal.mp3,violin,strings,1.3061,44100,F4,65,piano,arco-normal,1,0
violin/F4/violin_F4_15_fortissimo_arco-normal.mp3,violin,strings,2.2465,44100,F4,65,fortissimo,arco-normal,1,0
violin/F4/violin_F4_1_forte_arco-normal.mp3,violin,strings,1.6718,44100,F4,65,forte,arco-normal,1,0
violin/F4/violin_F4_1_fortissimo_arco-normal.mp3,violin,strings,1.5673,44100,F4,65,fortissimo,arco-normal,1,0
violin/F4/violin_F4_1_mezzo-forte_arco-normal.mp3,violin,strings,1.5935,44100,F4,65,mezzo-forte,arco-normal,1,0
violin/F4/violin_F4_1_pianissimo_arco-normal.mp3,violin,strings,1.0449,44100,F4,65,pianissimo,arco-normal,1,0
violin/F5/violin_F5_025_forte_arco-normal.mp3,violin,strings,1.0972,44100,F5,77,forte,arco-normal,1,0
violin/F5/violin_F5_025_fortissimo_arco-normal.mp3,violin,strings,1.6196,44100,F5,77,fortissimo,arco-normal,1,0
violin/F5/violin_F5_025_mezzo-forte_arco-normal.mp3,violin,strings,0.6269,44100,F5,77,mezzo-forte,arco-normal,1,0
violin/F5/violin_F5_025_pianissimo_arco-normal.mp3,violin,strings,0.9927,44100,F5,77,pianissimo,arco-normal,1,0
violin/F5/violin_F5_025_piano_arco-normal.mp3,violin,strings,0.8882,44100,F5,77,piano,arco-normal,1,0
violin/F5/violin_F5_05_forte_arco-normal.mp3,violin,strings,0.9927,44100,F5,77,forte,arco-normal,1,0
violin/F5/violin_F5_05_fortissimo_arco-normal.mp3,violin,strings,0.9927,44100,F5,77,fortissimo,arco-normal,1,0
violin/F5/violin_F5_05_mezzo-forte_arco-normal.mp3,violin,strings,0.9665,44100,F5,77,mezzo-forte,arco-normal,1,0
violin/F5/violin_F5_05_pianissimo_arco-normal.mp3,violin,strings,0.8098,44100,F5,77,pianissimo,arco-normal,1,0
violin/F5/violin_F5_05_piano_arco-normal.mp3,violin,strings,0.9927,44100,F5,77,piano,arco-normal,1,0
violin/F5/violin_F5_15_fortissimo_arco-normal.mp3,violin,strings,2.5861,44100,F5,77,fortissimo,arco-normal,1,0
violin/F5/violin_F5_15_pianissimo_arco-normal.mp3,violin,strings,0.9143,44100,F5,77,pianissimo,arco-normal,1,0
violin/F5/violin_F5_15_piano_arco-normal.mp3,violin,strings,1.4628,44100,F5,77,piano,arco-normal,1,0
violin/F5/violin_F5_1_forte_arco-normal.mp3,violin,strings,0.9404,44100,F5,77,forte,arco-normal,1,0
violin/F5/violin_F5_1_fortissimo_arco-normal.mp3,violin,strings,1.5413,44100,F5,77,fortissimo,arco-normal,1,0
violin/F5/violin_F5_1_mezzo-forte_arco-normal.mp3,violin,strings,1.071,44100,F5,77,mezzo-forte,arco-normal,1,0
violin/F5/violin_F5_1_pianissimo_arco-normal.mp3,violin,strings,1.2017,44100,F5,77,pianissimo,arco-normal,1,0
violin/F5/violin_F5_1_piano_arco-normal.mp3,violin,strings,1.2277,44100,F5,77,piano,arco-normal,1,0
violin/F5/violin_F5_very-long_decrescendo_arco-normal.mp3,violin,strings,5.3551,44100,F5,77,decrescendo,arco-normal,1,0
violin/F6/violin_F6_025_forte_arco-normal.mp3,violin,strings,0.6531,44100,F6,89,forte,arco-normal,1,0
violin/F6/violin_F6_025_fortissimo_arco-normal.mp3,violin,strings,0.8882,44100,F6,89,fortissimo,arco-normal,1,0
violin/F6/violin_F6_025_mezzo-forte_arco-normal.mp3,violin,strings,0.8359,44100,F6,89,mezzo-forte,arco-normal,1,0
violin/F6/violin_F6_025_mezzo-piano_arco-normal.mp3,violin,strings,0.7576,44100,F6,89,mezzo-piano,arco-normal,1,0
violin/F6/violin_F6_025_pianissimo_arco-normal.mp3,violin,strings,0.7053,44100,F6,89,pianissimo,arco-normal,1,0
violin/F6/violin_F6_025_piano_arco-normal.mp3,violin,strings,0.4179,44100,F6,89,piano,arco-normal,1,0
violin/F6/violin_F6_05_forte_arco-normal.mp3,violin,strings,0.862,44100,F6,89,forte,arco-normal,1,0
violin/F6/violin_F6_05_fortissimo_arco-normal.mp3,violin,strings,0.7576,44100,F6,89,fortissimo,arco-normal,1,0
violin/F6/violin_F6_05_mezzo-forte_arco-normal.mp3,violin,strings,0.8882,44100,F6,89,mezzo-forte,arco-normal,1,0
violin/F6/violin_F6_05_mezzo-piano_arco-normal.mp3,violin,strings,1.2539,44100,F6,89,mezzo-piano,arco-normal,1,0
violin/F6/violin_F6_05_pianissimo_arco-normal.mp3,violin,strings,1.0188,44100,F6,89,pianissimo,arco-normal,1,0
violin/F6/violin_F6_15_forte_arco-normal.mp3,violin,strings,1.7763,44100,F6,89,forte,arco-normal,1,0
violin/F6/violin_F6_1_forte_arco-normal.mp3,violin,strings,1.0972,44100,F6,89,forte,arco-normal,1,0
violin/F6/violin_F6_1_fortissimo_arco-normal.mp3,violin,strings,2.0114,44100,F6,89,fortissimo,arco-normal,1,0
violin/F6/violin_F6_1_pianissimo_arco-normal.mp3,violin,strings,1.071,44100,F6,89,pianissimo,arco-normal,1,0
violin/F7/violin_F7_025_forte_arco-normal.mp3,violin,strings,0.6792,44100,F7,101,forte,arco-normal,1,0
violin/F7/violin_F7_025_fortissimo_arco-normal.mp3,violin,strings,0.6008,44100,F7,101,fortissimo,arco-normal,1,0
violin/F7/violin_F7_025_mezzo-forte_arco-normal.mp3,violin,strings,0.5747,44100,F7,101,mezzo-forte,arco-normal,1,0
violin/F7/violin_F7_025_mezzo-piano_arco-normal.mp3,violin,strings,1.0449,44100,F7,101,mezzo-piano,arco-normal,1,0
violin/F7/violin_F7_025_pianissimo_arco-normal.mp3,violin,strings,0.7576,44100,F7,101,pianissimo,arco-normal,1,0
violin/F7/violin_F7_025_piano_arco-normal.mp3,violin,strings,0.6269,44100,F7,101,piano,arco-normal,1,0
violin/F7/violin_F7_05_forte_arco-normal.mp3,violin,strings,0.9143,44100,F7,101,forte,arco-normal,1,0
violin/F7/violin_F7_05_fortissimo_arco-normal.mp3,violin,strings,0.862,44100,F7,101,fortissimo,arco-normal,1,0
violin/F7/violin_F7_05_mezzo-forte_arco-normal.mp3,violin,strings,0.7576,44100,F7,101,mezzo-forte,arco-normal,1,0
violin/F7/violin_F7_05_pianissimo_arco-normal.mp3,violin,strings,0.862,44100,F7,101,pianissimo,arco-normal,1,0
violin/F7/violin_F7_05_piano_arco-normal.mp3,violin,strings,0.8098,44100,F7,101,piano,arco-normal,1,0
violin/F7/violin_F7_15_fortissimo_arco-normal.mp3,violin,strings,2.0637,44100,F7,101,fortissimo,arco-normal,1,0
violin/F7/violin_F7_15_pianissimo_arco-normal.mp3,violin,strings,1.0188,44100,F7,101,pianissimo,arco-normal,1,0
violin/F7/violin_F7_1_forte_arco-normal.mp3,violin,strings,0.9404,44100,F7,101,forte,arco-normal,1,0
violin/F7/violin_F7_1_fortissimo_arco-normal.mp3,violin,strings,0.9665,44100,F7,101,fortissimo,arco-normal,1,0
violin/F7/violin_F7_1_mezzo-forte_arco-normal.mp3,violin,strings,0.9404,44100,F7,101,mezzo-forte,arco-normal,1,0
violin/F7/violin_F7_1_pianissimo_arco-normal.mp3,violin,strings,0.6531,44100,F7,101,pianissimo,arco-normal,1,0
violin/F7/violin_F7_1_piano_arco-normal.mp3,violin,strings,0.8882,44100,F7,101,piano,arco-normal,1,0
violin/Fs4/violin_Fs4_025_forte_arco-normal.mp3,violin,strings,1.28,44100,Fs4,66,forte,arco-normal,1,0
violin/Fs4/violin_Fs4_025_fortissimo_arco-normal.mp3,violin,strings,0.9665,44100,Fs4,66,fortissimo,arco-normal,1,0
violin/Fs4/violin_Fs4_025_mezzo-forte_arco-normal.mp3,violin,strings,1.0188,44100,Fs4,66,mezzo-forte,arco-normal,1,0
violin/Fs4/violin_Fs4_025_mezzo-piano_arco-normal.mp3,violin,strings,0.8098,44100,Fs4,66,mezzo-piano,arco-normal,1,0
violin/Fs4/violin_Fs4_025_pianissimo_arco-normal.mp3,violin,strings,0.8359,44100,Fs4,66,pianissimo,arco-normal,1,0
violin/Fs4/violin_Fs4_025_piano_arco-normal.mp3,violin,strings,0.7576,44100,Fs4,66,piano,arco-normal,1,0
violin/Fs4/violin_Fs4_05_forte_arco-normal.mp3,violin,strings,1.1233,44100,Fs4,66,forte,arco-normal,1,0
violin/Fs4/violin_Fs4_05_fortissimo_arco-normal.mp3,violin,strings,1.28,44100,Fs4,66,fortissimo,arco-normal,1,0
violin/Fs4/violin_Fs4_05_mezzo-forte_arco-normal.mp3,violin,strings,1.1494,44100,Fs4,66,mezzo-forte,arco-normal,1,0
violin/Fs4/violin_Fs4_05_mezzo-piano_arco-normal.mp3,violin,strings,1.0188,44100,Fs4,66,mezzo-piano,arco-normal,1,0
violin/Fs4/violin_Fs4_05_pianissimo_arco-normal.mp3,violin,strings,0.8882,44100,Fs4,66,pianissimo,arco-normal,1,0
violin/Fs4/violin_Fs4_15_forte_arco-normal.mp3,violin,strings,1.8024,44100,Fs4,66,forte,arco-normal,1,0
violin/Fs4/violin_Fs4_15_fortissimo_arco-normal.mp3,violin,strings,2.4294,44100,Fs4,66,fortissimo,arco-normal,1,0
violin/Fs4/violin_Fs4_1_forte_arco-normal.mp3,violin,strings,1.4367,44100,Fs4,66,forte,arco-normal,1,0
violin/Fs4/violin_Fs4_1_fortissimo_arco-normal.mp3,violin,strings,1.4628,44100,Fs4,66,fortissimo,arco-normal,1,0
violin/Fs4/violin_Fs4_1_mezzo-forte_arco-normal.mp3,violin,strings,0.9404,44100,Fs4,66,mezzo-forte,arco-normal,1,0
violin/Fs4/violin_Fs4_1_mezzo-piano_arco-normal.mp3,violin,strings,1.28,44100,Fs4,66,mezzo-piano,arco-normal,1,0
violin/Fs4/violin_Fs4_1_pianissimo_arco-normal.mp3,violin,strings,0.9143,44100,Fs4,66,pianissimo,arco-normal,1,0
violin/Fs5/violin_Fs5_025_forte_arco-normal.mp3,violin,strings,0.862,44100,Fs5,78,forte,arco-normal,1,0
violin/Fs5/violin_Fs5_025_fortissimo_arco-normal.mp3,violin,strings,0.862,44100,Fs5,78,fortissimo,arco-normal,1,0
violin/Fs5/violin_Fs5_025_mezzo-forte_arco-normal.mp3,violin,strings,0.8359,44100,Fs5,78,mezzo-forte,arco-normal,1,0
violin/Fs5/violin_Fs5_025_mezzo-piano_arco-normal.mp3,violin,strings,1.071,44100,Fs5,78,mezzo-piano,arco-normal,1,0
violin/Fs5/violin_Fs5_025_pianissimo_arco-normal.mp3,violin,strings,1.0188,44100,Fs5,78,pianissimo,arco-normal,1,0
violin/Fs5/violin_Fs5_025_piano_arco-normal.mp3,violin,strings,1.0449,44100,Fs5,78,piano,arco-normal,1,0
violin/Fs5/violin_Fs5_05_forte_arco-normal.mp3,violin,strings,0.862,44100,Fs5,78,forte,arco-normal,1,0
violin/Fs5/violin_Fs5_05_fortissimo_arco-normal.mp3,violin,strings,1.0188,44100,Fs5,78,fortissimo,arco-normal,1,0
violin/Fs5/violin_Fs5_05_mezzo-forte_arco-normal.mp3,violin,strings,1.1233,44100,Fs5,78,mezzo-forte,arco-normal,1,0
violin/Fs5/violin_Fs5_05_mezzo-piano_arco-normal.mp3,violin,strings,0.8098,44100,Fs5,78,mezzo-piano,arco-normal,1,0
violin/Fs5/violin_Fs5_05_pianissimo_arco-normal.mp3,violin,strings,0.9927,44100,Fs5,78,pianissimo,arco-normal,1,0
violin/Fs5/violin_Fs5_05_piano_arco-normal.mp3,violin,strings,1.0972,44100,Fs5,78,piano,arco-normal,1,0
violin/Fs5/violin_Fs5_15_forte_arco-normal.mp3,violin,strings,1.9069,44100,Fs5,78,forte,arco-normal,1,0
violin/Fs5/violin_Fs5_15_fortissimo_arco-normal.mp3,violin,strings,2.5861,44100,Fs5,78,fortissimo,arco-normal,1,0
violin/Fs5/violin_Fs5_1_forte_arco-normal.mp3,violin,strings,1.0188,44100,Fs5,78,forte,arco-normal,1,0
violin/Fs5/violin_Fs5_1_fortissimo_arco-normal.mp3,violin,strings,1.4367,44100,Fs5,78,fortissimo,arco-normal,1,0
violin/Fs6/violin_Fs6_025_forte_arco-normal.mp3,violin,strings,0.7314,44100,Fs6,90,forte,arco-normal,1,0
violin/Fs6/violin_Fs6_025_fortissimo_arco-normal.mp3,violin,strings,0.6792,44100,Fs6,90,fortissimo,arco-normal,1,0
violin/Fs6/violin_Fs6_025_mezzo-forte_arco-normal.mp3,violin,strings,0.5747,44100,Fs6,90,mezzo-forte,arco-normal,1,0
violin/Fs6/violin_Fs6_025_mezzo-piano_arco-normal.mp3,violin,strings,0.9143,44100,Fs6,90,mezzo-piano,arco-normal,1,0
violin/Fs6/violin_Fs6_025_pianissimo_arco-normal.mp3,violin,strings,0.7053,44100,Fs6,90,pianissimo,arco-normal,1,0
violin/Fs6/violin_Fs6_025_piano_arco-normal.mp3,violin,strings,0.7837,44100,Fs6,90,piano,arco-normal,1,0
violin/Fs6/violin_Fs6_05_forte_arco-normal.mp3,violin,strings,0.7837,44100,Fs6,90,forte,arco-normal,1,0
violin/Fs6/violin_Fs6_05_fortissimo_arco-normal.mp3,violin,strings,0.9404,44100,Fs6,90,fortissimo,arco-normal,1,0
violin/Fs6/violin_Fs6_05_mezzo-forte_arco-normal.mp3,violin,strings,0.8359,44100,Fs6,90,mezzo-forte,arco-normal,1,0
violin/Fs6/violin_Fs6_05_mezzo-piano_arco-normal.mp3,violin,strings,1.2539,44100,Fs6,90,mezzo-piano,arco-normal,1,0
violin/Fs6/violin_Fs6_05_pianissimo_arco-normal.mp3,violin,strings,0.6792,44100,Fs6,90,pianissimo,arco-normal,1,0
violin/Fs6/violin_Fs6_05_piano_arco-normal.mp3,violin,strings,1.071,44100,Fs6,90,piano,arco-normal,1,0
violin/Fs6/violin_Fs6_15_mezzo-forte_arco-normal.mp3,violin,strings,1.489,44100,Fs6,90,mezzo-forte,arco-normal,1,0
violin/Fs6/violin_Fs6_1_forte_arco-normal.mp3,violin,strings,1.0188,44100,Fs6,90,forte,arco-normal,1,0
violin/Fs6/violin_Fs6_1_fortissimo_arco-normal.mp3,violin,strings,1.9331,44100,Fs6,90,fortissimo,arco-normal,1,0
violin/Fs6/violin_Fs6_1_mezzo-forte_arco-normal.mp3,violin,strings,0.9927,44100,Fs6,90,mezzo-forte,arco-normal,1,0
violin/Fs6/violin_Fs6_1_pianissimo_arco-normal.mp3,violin,strings,1.1494,44100,Fs6,90,pianissimo,arco-normal,1,0
violin/Fs7/violin_Fs7_025_forte_arco-normal.mp3,violin,strings,0.7576,44100,Fs7,102,forte,arco-normal,1,0
violin/Fs7/violin_Fs7_025_fortissimo_arco-normal.mp3,violin,strings,0.6269,44100,Fs7,102,fortissimo,arco-normal,1,0
violin/Fs7/violin_Fs7_025_mezzo-forte_arco-normal.mp3,violin,strings,0.5747,44100,Fs7,102,mezzo-forte,arco-normal,1,0
violin/Fs7/violin_Fs7_025_pianissimo_arco-normal.mp3,violin,strings,0.7837,44100,Fs7,102,pianissimo,arco-normal,1,0
violin/Fs7/violin_Fs7_025_piano_arco-normal.mp3,violin,strings,0.5747,44100,Fs7,102,piano,arco-normal,1,0
violin/Fs7/violin_Fs7_05_forte_arco-normal.mp3,violin,strings,0.862,44100,Fs7,102,forte,arco-normal,1,0
violin/Fs7/violin_Fs7_05_fortissimo_arco-normal.mp3,violin,strings,0.7837,44100,Fs7,102,fortissimo,arco-normal,1,0
violin/Fs7/violin_Fs7_05_mezzo-forte_arco-normal.mp3,violin,strings,0.7053,44100,Fs7,102,mezzo-forte,arco-normal,1,0
violin/Fs7/violin_Fs7_05_pianissimo_arco-normal.mp3,violin,strings,1.1755,44100,Fs7,102,pianissimo,arco-normal,1,0
violin/Fs7/violin_Fs7_05_piano_arco-normal.mp3,violin,strings,0.7837,44100,Fs7,102,piano,arco-normal,1,0
violin/Fs7/violin_Fs7_15_forte_arco-normal.mp3,violin,strings,1.7502,44100,Fs7,102,forte,arco-normal,1,0
violin/Fs7/violin_Fs7_15_fortissimo_arco-normal.mp3,violin,strings,2.0114,44100,Fs7,102,fortissimo,arco-normal,1,0
violin/Fs7/violin_Fs7_15_pianissimo_arco-normal.mp3,violin,strings,1.1755,44100,Fs7,102,pianissimo,arco-normal,1,0
violin/Fs7/violin_Fs7_15_piano_arco-normal.mp3,violin,strings,0.8359,44100,Fs7,102,piano,arco-normal,1,0
violin/Fs7/violin_Fs7_1_forte_arco-normal.mp3,violin,strings,1.0188,44100,Fs7,102,forte,arco-normal,1,0
violin/Fs7/violin_Fs7_1_fortissimo_arco-normal.mp3,violin,strings,1.0449,44100,Fs7,102,fortissimo,arco-normal,1,0
violin/Fs7/violin_Fs7_1_mezzo-forte_arco-normal.mp3,violin,strings,1.071,44100,Fs7,102,mezzo-forte,arco-normal,1,0
violin/Fs7/violin_Fs7_1_pianissimo_arco-normal.mp3,violin,strings,1.2277,44100,Fs7,102,pianissimo,arco-normal,1,0
violin/Fs7/violin_Fs7_1_piano_arco-normal.mp3,violin,strings,1.1494,44100,Fs7,102,piano,arco-normal,1,0
violin/G3/violin_G3_025_forte_arco-normal.mp3,violin,strings,1.1233,44100,G3,55,forte,arco-normal,1,0
violin/G3/violin_G3_025_fortissimo_arco-normal.mp3,violin,strings,1.4106,44100,G3,55,fortissimo,arco-normal,1,0
violin/G3/violin_G3_025_mezzo-forte_arco-normal.mp3,violin,strings,1.1233,44100,G3,55,mezzo-forte,arco-normal,1,0
violin/G3/violin_G3_025_mezzo-piano_arco-normal.mp3,violin,strings,0.9665,44100,G3,55,mezzo-piano,arco-normal,1,0
violin/G3/violin_G3_025_pianissimo_arco-normal.mp3,violin,strings,0.7314,44100,G3,55,pianissimo,arco-normal,1,0
violin/G3/violin_G3_025_piano_arco-normal.mp3,violin,strings,0.8098,44100,G3,55,piano,arco-normal,1,0
violin/G3/violin_G3_05_forte_arco-normal.mp3,violin,strings,1.1755,44100,G3,55,forte,arco-normal,1,0
violin/G3/violin_G3_05_fortissimo_arco-normal.mp3,violin,strings,1.3061,44100,G3,55,fortissimo,arco-normal,1,0
violin/G3/violin_G3_05_mezzo-forte_arco-normal.mp3,violin,strings,0.7576,44100,G3,55,mezzo-forte,arco-normal,1,0
violin/G3/violin_G3_05_mezzo-piano_arco-normal.mp3,violin,strings,1.3583,44100,G3,55,mezzo-piano,arco-normal,1,0
violin/G3/violin_G3_05_pianissimo_arco-normal.mp3,violin,strings,0.9143,44100,G3,55,pianissimo,arco-normal,1,0
violin/G3/violin_G3_05_piano_arco-normal.mp3,violin,strings,0.9927,44100,G3,55,piano,arco-normal,1,0
violin/G3/violin_G3_15_forte_arco-normal.mp3,violin,strings,1.9853,44100,G3,55,forte,arco-normal,1,0
violin/G3/violin_G3_15_fortissimo_arco-normal.mp3,violin,strings,2.1942,44100,G3,55,fortissimo,arco-normal,1,0
violin/G3/violin_G3_1_forte_arco-normal.mp3,violin,strings,1.5413,44100,G3,55,forte,arco-normal,1,0
violin/G3/violin_G3_1_fortissimo_arco-normal.mp3,violin,strings,1.5935,44100,G3,55,fortissimo,arco-normal,1,0
violin/G3/violin_G3_1_mezzo-forte_arco-normal.mp3,violin,strings,1.0449,44100,G3,55,mezzo-forte,arco-normal,1,0
violin/G3/violin_G3_1_pianissimo_arco-normal.mp3,violin,strings,1.0188,44100,G3,55,pianissimo,arco-normal,1,0
violin/G3/violin_G3_1_piano_arco-normal.mp3,violin,strings,1.2017,44100,G3,55,piano,arco-normal,1,0
violin/G4/violin_G4_025_forte_arco-normal.mp3,violin,strings,0.862,44100,G4,67,forte,arco-normal,1,0
violin/G4/violin_G4_025_fortissimo_arco-normal.mp3,violin,strings,1.3061,44100,G4,67,fortissimo,arco-normal,1,0
violin/G4/violin_G4_025_mezzo-forte_arco-normal.mp3,violin,strings,0.8098,44100,G4,67,mezzo-forte,arco-normal,1,0
violin/G4/violin_G4_025_mezzo-piano_arco-normal.mp3,violin,strings,1.1494,44100,G4,67,mezzo-piano,arco-normal,1,0
violin/G4/violin_G4_025_pianissimo_arco-normal.mp3,violin,strings,0.9143,44100,G4,67,pianissimo,arco-normal,1,0
violin/G4/violin_G4_025_piano_arco-normal.mp3,violin,strings,0.862,44100,G4,67,piano,arco-normal,1,0
violin/G4/violin_G4_05_forte_arco-normal.mp3,violin,strings,1.0449,44100,G4,67,forte,arco-normal,1,0
violin/G4/violin_G4_05_fortissimo_arco-normal.mp3,violin,strings,0.9665,44100,G4,67,fortissimo,arco-normal,1,0
violin/G4/violin_G4_05_mezzo-forte_arco-normal.mp3,violin,strings,1.0449,44100,G4,67,mezzo-forte,arco-normal,1,0
violin/G4/violin_G4_05_pianissimo_arco-normal.mp3,violin,strings,0.862,44100,G4,67,pianissimo,arco-normal,1,0
violin/G4/violin_G4_05_piano_arco-normal.mp3,violin,strings,0.8359,44100,G4,67,piano,arco-normal,1,0
violin/G4/violin_G4_15_fortissimo_arco-normal.mp3,violin,strings,2.2988,44100,G4,67,fortissimo,arco-normal,1,0
violin/G4/violin_G4_15_mezzo-forte_arco-normal.mp3,violin,strings,1.5151,44100,G4,67,mezzo-forte,arco-normal,1,0
violin/G4/violin_G4_1_forte_arco-normal.mp3,violin,strings,1.7502,44100,G4,67,forte,arco-normal,1,0
violin/G4/violin_G4_1_fortissimo_arco-normal.mp3,violin,strings,1.3583,44100,G4,67,fortissimo,arco-normal,1,0
violin/G4/violin_G4_1_mezzo-forte_arco-normal.mp3,violin,strings,1.4106,44100,G4,67,mezzo-forte,arco-normal,1,0
violin/G4/violin_G4_1_pianissimo_arco-normal.mp3,violin,strings,0.8882,44100,G4,67,pianissimo,arco-normal,1,0
violin/G5/violin_G5_025_forte_arco-normal.mp3,violin,strings,0.7314,44100,G5,79,forte,arco-normal,1,0
violin/G5/violin_G5_025_fortissimo_arco-normal.mp3,violin,strings,0.9143,44100,G5,79,fortissimo,arco-normal,1,0
violin/G5/violin_G5_025_mezzo-forte_arco-normal.mp3,violin,strings,0.9143,44100,G5,79,mezzo-forte,arco-normal,1,0
violin/G5/violin_G5_025_mezzo-piano_arco-normal.mp3,violin,strings,0.862,44100,G5,79,mezzo-piano,arco-normal,1,0
violin/G5/violin_G5_025_pianissimo_arco-normal.mp3,violin,strings,0.862,44100,G5,79,pianissimo,arco-normal,1,0
violin/G5/violin_G5_025_piano_arco-normal.mp3,violin,strings,1.0972,44100,G5,79,piano,arco-normal,1,0
violin/G5/violin_G5_05_forte_arco-normal.mp3,violin,strings,1.0972,44100,G5,79,forte,arco-normal,1,0
violin/G5/violin_G5_05_fortissimo_arco-normal.mp3,violin,strings,1.0972,44100,G5,79,fortissimo,arco-normal,1,0
violin/G5/violin_G5_05_mezzo-piano_arco-normal.mp3,violin,strings,1.2539,44100,G5,79,mezzo-piano,arco-normal,1,0
violin/G5/violin_G5_05_pianissimo_arco-normal.mp3,violin,strings,0.9143,44100,G5,79,pianissimo,arco-normal,1,0
violin/G5/violin_G5_15_forte_arco-normal.mp3,violin,strings,1.8286,44100,G5,79,forte,arco-normal,1,0
violin/G5/violin_G5_15_fortissimo_arco-normal.mp3,violin,strings,2.5078,44100,G5,79,fortissimo,arco-normal,1,0
violin/G5/violin_G5_15_pianissimo_arco-normal.mp3,violin,strings,1.0188,44100,G5,79,pianissimo,arco-normal,1,0
violin/G5/violin_G5_1_forte_arco-normal.mp3,violin,strings,1.28,44100,G5,79,forte,arco-normal,1,0
violin/G5/violin_G5_1_fortissimo_arco-normal.mp3,violin,strings,1.5673,44100,G5,79,fortissimo,arco-normal,1,0
violin/G5/violin_G5_1_mezzo-piano_arco-normal.mp3,violin,strings,1.071,44100,G5,79,mezzo-piano,arco-normal,1,0
violin/G5/violin_G5_1_pianissimo_arco-normal.mp3,violin,strings,1.1233,44100,G5,79,pianissimo,arco-normal,1,0
violin/G6/violin_G6_025_forte_arco-normal.mp3,violin,strings,0.6269,44100,G6,91,forte,arco-normal,1,0
violin/G6/violin_G6_025_fortissimo_arco-normal.mp3,violin,strings,0.8098,44100,G6,91,fortissimo,arco-normal,1,0
violin/G6/violin_G6_025_mezzo-forte_arco-normal.mp3,violin,strings,0.5486,44100,G6,91,mezzo-forte,arco-normal,1,0
violin/G6/violin_G6_025_mezzo-piano_arco-normal.mp3,violin,strings,0.9404,44100,G6,91,mezzo-piano,arco-normal,1,0
violin/G6/violin_G6_025_pianissimo_arco-normal.mp3,violin,strings,0.862,44100,G6,91,pianissimo,arco-normal,1,0
violin/G6/violin_G6_025_piano_arco-normal.mp3,violin,strings,0.6269,44100,G6,91,piano,arco-normal,1,0
violin/G6/violin_G6_05_forte_arco-normal.mp3,violin,strings,0.862,44100,G6,91,forte,arco-normal,1,0
violin/G6/violin_G6_05_fortissimo_arco-normal.mp3,violin,strings,1.1233,44100,G6,91,fortissimo,arco-normal,1,0
violin/G6/violin_G6_05_mezzo-forte_arco-normal.mp3,violin,strings,0.7314,44100,G6,91,mezzo-forte,arco-normal,1,0
violin/G6/violin_G6_05_mezzo-piano_arco-normal.mp3,violin,strings,1.6196,44100,G6,91,mezzo-piano,arco-normal,1,0
violin/G6/violin_G6_05_pianissimo_arco-normal.mp3,violin,strings,0.7314,44100,G6,91,pianissimo,arco-normal,1,0
violin/G6/violin_G6_05_piano_arco-normal.mp3,violin,strings,1.0972,44100,G6,91,piano,arco-normal,1,0
violin/G6/violin_G6_15_forte_arco-normal.mp3,violin,strings,1.9592,44100,G6,91,forte,arco-normal,1,0
violin/G6/violin_G6_15_mezzo-forte_arco-normal.mp3,violin,strings,1.4628,44100,G6,91,mezzo-forte,arco-normal,1,0
violin/G6/violin_G6_15_pianissimo_arco-normal.mp3,violin,strings,1.0972,44100,G6,91,pianissimo,arco-normal,1,0
violin/G6/violin_G6_1_forte_arco-normal.mp3,violin,strings,1.2277,44100,G6,91,forte,arco-normal,1,0
violin/G6/violin_G6_1_fortissimo_arco-normal.mp3,violin,strings,2.0114,44100,G6,91,fortissimo,arco-normal,1,0
violin/G6/violin_G6_1_mezzo-forte_arco-normal.mp3,violin,strings,0.9665,44100,G6,91,mezzo-forte,arco-normal,1,0
violin/G6/violin_G6_1_pianissimo_arco-normal.mp3,violin,strings,0.9665,44100,G6,91,pianissimo,arco-normal,1,0
violin/G6/violin_G6_phrase_pianissimo_arco-normal.mp3,violin,strings,14.7331,44100,G6,91,pianissimo,arco-normal,1,1
violin/G7/violin_G7_025_forte_arco-normal.mp3,violin,strings,0.6531,44100,G7,103,forte,arco-normal,1,0
violin/G7/violin_G7_025_fortissimo_arco-normal.mp3,violin,strings,0.6269,44100,G7,103,fortissimo,arco-normal,1,0
violin/G7/violin_G7_025_mezzo-forte_arco-normal.mp3,violin,strings,0.7053,44100,G7,103,mezzo-forte,arco-normal,1,0
violin/G7/violin_G7_025_mezzo-piano_arco-normal.mp3,violin,strings,0.4702,44100,G7,103,mezzo-piano,arco-normal,1,0
violin/G7/violin_G7_025_pianissimo_arco-normal.mp3,violin,strings,0.7314,44100,G7,103,pianissimo,arco-normal,1,0
violin/G7/violin_G7_025_piano_arco-normal.mp3,violin,strings,0.8359,44100,G7,103,piano,arco-normal,1,0
violin/G7/violin_G7_05_forte_arco-normal.mp3,violin,strings,0.9927,44100,G7,103,forte,arco-normal,1,0
violin/G7/violin_G7_05_fortissimo_arco-normal.mp3,violin,strings,0.7837,44100,G7,103,fortissimo,arco-normal,1,0
violin/G7/violin_G7_05_mezzo-forte_arco-normal.mp3,violin,strings,1.0972,44100,G7,103,mezzo-forte,arco-normal,1,0
violin/G7/violin_G7_05_mezzo-piano_arco-normal.mp3,violin,strings,0.8882,44100,G7,103,mezzo-piano,arco-normal,1,0
violin/G7/violin_G7_05_pianissimo_arco-normal.mp3,violin,strings,0.8359,44100,G7,103,pianissimo,arco-normal,1,0
violin/G7/violin_G7_05_piano_arco-normal.mp3,violin,strings,0.9143,44100,G7,103,piano,arco-normal,1,0
violin/G7/violin_G7_15_forte_arco-normal.mp3,violin,strings,1.6458,44100,G7,103,forte,arco-normal,1,0
violin/G7/violin_G7_15_fortissimo_arco-normal.mp3,violin,strings,2.1159,44100,G7,103,fortissimo,arco-normal,1,0
violin/G7/violin_G7_15_pianissimo_arco-normal.mp3,violin,strings,0.8882,44100,G7,103,pianissimo,arco-normal,1,0
violin/G7/violin_G7_1_forte_arco-normal.mp3,violin,strings,1.0188,44100,G7,103,forte,arco-normal,1,0
violin/G7/violin_G7_1_fortissimo_arco-normal.mp3,violin,strings,1.071,44100,G7,103,fortissimo,arco-normal,1,0
violin/G7/violin_G7_1_mezzo-forte_arco-normal.mp3,violin,strings,1.4106,44100,G7,103,mezzo-forte,arco-normal,1,0
violin/G7/violin_G7_1_pianissimo_arco-normal.mp3,violin,strings,1.071,44100,G7,103,pianissimo,arco-normal,1,0
violin/Gs3/violin_Gs3_025_forte_arco-normal.mp3,violin,strings,0.9927,44100,Gs3,56,forte,arco-normal,1,0
violin/Gs3/violin_Gs3_025_fortissimo_arco-normal.mp3,violin,strings,1.0449,44100,Gs3,56,fortissimo,arco-normal,1,0
violin/Gs3/violin_Gs3_025_mezzo-forte_arco-normal.mp3,violin,strings,1.071,44100,Gs3,56,mezzo-forte,arco-normal,1,0
violin/Gs3/violin_Gs3_025_mezzo-piano_arco-normal.mp3,violin,strings,0.862,44100,Gs3,56,mezzo-piano,arco-normal,1,0
violin/Gs3/violin_Gs3_025_pianissimo_arco-normal.mp3,violin,strings,0.9665,44100,Gs3,56,pianissimo,arco-normal,1,0
violin/Gs3/violin_Gs3_025_piano_arco-normal.mp3,violin,strings,1.0449,44100,Gs3,56,piano,arco-normal,1,0
violin/Gs3/violin_Gs3_05_forte_arco-normal.mp3,violin,strings,1.0449,44100,Gs3,56,forte,arco-normal,1,0
violin/Gs3/violin_Gs3_05_fortissimo_arco-normal.mp3,violin,strings,1.0449,44100,Gs3,56,fortissimo,arco-normal,1,0
violin/Gs3/violin_Gs3_05_mezzo-forte_arco-normal.mp3,violin,strings,1.0449,44100,Gs3,56,mezzo-forte,arco-normal,1,0
violin/Gs3/violin_Gs3_05_mezzo-piano_arco-normal.mp3,violin,strings,1.3061,44100,Gs3,56,mezzo-piano,arco-normal,1,0
violin/Gs3/violin_Gs3_05_pianissimo_arco-normal.mp3,violin,strings,1.0188,44100,Gs3,56,pianissimo,arco-normal,1,0
violin/Gs3/violin_Gs3_05_piano_arco-normal.mp3,violin,strings,0.8098,44100,Gs3,56,piano,arco-normal,1,0
violin/Gs3/violin_Gs3_15_forte_arco-normal.mp3,violin,strings,1.9069,44100,Gs3,56,forte,arco-normal,1,0
violin/Gs3/violin_Gs3_15_fortissimo_arco-normal.mp3,violin,strings,2.1942,44100,Gs3,56,fortissimo,arco-normal,1,0
violin/Gs3/violin_Gs3_15_mezzo-forte_arco-normal.mp3,violin,strings,1.0449,44100,Gs3,56,mezzo-forte,arco-normal,1,0
violin/Gs3/violin_Gs3_1_forte_arco-normal.mp3,violin,strings,1.5413,44100,Gs3,56,forte,arco-normal,1,0
violin/Gs3/violin_Gs3_1_fortissimo_arco-normal.mp3,violin,strings,1.28,44100,Gs3,56,fortissimo,arco-normal,1,0
violin/Gs3/violin_Gs3_1_mezzo-forte_arco-normal.mp3,violin,strings,1.6196,44100,Gs3,56,mezzo-forte,arco-normal,1,0
violin/Gs3/violin_Gs3_1_pianissimo_arco-normal.mp3,violin,strings,1.0188,44100,Gs3,56,pianissimo,arco-normal,1,0
violin/Gs3/violin_Gs3_1_piano_arco-normal.mp3,violin,strings,1.2277,44100,Gs3,56,piano,arco-normal,1,0
violin/Gs4/violin_Gs4_025_forte_arco-normal.mp3,violin,strings,0.9665,44100,Gs4,68,forte,arco-normal,1,0
violin/Gs4/violin_Gs4_025_fortissimo_arco-normal.mp3,violin,strings,1.3845,44100,Gs4,68,fortissimo,arco-normal,1,0
violin/Gs4/violin_Gs4_025_mezzo-forte_arco-normal.mp3,violin,strings,0.862,44100,Gs4,68,mezzo-forte,arco-normal,1,0
violin/Gs4/violin_Gs4_025_mezzo-piano_arco-normal.mp3,violin,strings,0.8882,44100,Gs4,68,mezzo-piano,arco-normal,1,0
violin/Gs4/violin_Gs4_025_pianissimo_arco-normal.mp3,violin,strings,0.9665,44100,Gs4,68,pianissimo,arco-normal,1,0
violin/Gs4/violin_Gs4_025_piano_arco-normal.mp3,violin,strings,1.0188,44100,Gs4,68,piano,arco-normal,1,0
violin/Gs4/violin_Gs4_05_forte_arco-normal.mp3,violin,strings,1.2017,44100,Gs4,68,forte,arco-normal,1,0
violin/Gs4/violin_Gs4_05_fortissimo_arco-normal.mp3,violin,strings,1.4628,44100,Gs4,68,fortissimo,arco-normal,1,0
violin/Gs4/violin_Gs4_05_mezzo-forte_arco-normal.mp3,violin,strings,0.7053,44100,Gs4,68,mezzo-forte,arco-normal,1,0
violin/Gs4/violin_Gs4_05_mezzo-piano_arco-normal.mp3,violin,strings,1.2539,44100,Gs4,68,mezzo-piano,arco-normal,1,0
violin/Gs4/violin_Gs4_05_pianissimo_arco-normal.mp3,violin,strings,0.8882,44100,Gs4,68,pianissimo,arco-normal,1,0
violin/Gs4/violin_Gs4_05_piano_arco-normal.mp3,violin,strings,0.9665,44100,Gs4,68,piano,arco-normal,1,0
violin/Gs4/violin_Gs4_15_forte_arco-normal.mp3,violin,strings,1.7241,44100,Gs4,68,forte,arco-normal,1,0
violin/Gs4/violin_Gs4_15_mezzo-forte_arco-normal.mp3,violin,strings,1.5151,44100,Gs4,68,mezzo-forte,arco-normal,1,0
violin/Gs4/violin_Gs4_15_pianissimo_arco-normal.mp3,violin,strings,1.0972,44100,Gs4,68,pianissimo,arco-normal,1,0
violin/Gs4/violin_Gs4_1_forte_arco-normal.mp3,violin,strings,1.4106,44100,Gs4,68,forte,arco-normal,1,0
violin/Gs4/violin_Gs4_1_fortissimo_arco-normal.mp3,violin,strings,2.8473,44100,Gs4,68,fortissimo,arco-normal,1,0
violin/Gs4/violin_Gs4_1_mezzo-forte_arco-normal.mp3,violin,strings,1.1755,44100,Gs4,68,mezzo-forte,arco-normal,1,0
violin/Gs4/violin_Gs4_1_pianissimo_arco-normal.mp3,violin,strings,1.1755,44100,Gs4,68,pianissimo,arco-normal,1,0
violin/Gs5/violin_Gs5_025_forte_arco-normal.mp3,violin,strings,0.9143,44100,Gs5,80,forte,arco-normal,1,0
violin/Gs5/violin_Gs5_025_fortissimo_arco-normal.mp3,violin,strings,0.6792,44100,Gs5,80,fortissimo,arco-normal,1,0
violin/Gs5/violin_Gs5_025_mezzo-forte_arco-normal.mp3,violin,strings,0.7576,44100,Gs5,80,mezzo-forte,arco-normal,1,0
violin/Gs5/violin_Gs5_025_mezzo-piano_arco-normal.mp3,violin,strings,0.9404,44100,Gs5,80,mezzo-piano,arco-normal,1,0
violin/Gs5/violin_Gs5_025_pianissimo_arco-normal.mp3,violin,strings,0.862,44100,Gs5,80,pianissimo,arco-normal,1,0
violin/Gs5/violin_Gs5_025_piano_arco-normal.mp3,violin,strings,1.0188,44100,Gs5,80,piano,arco-normal,1,0
violin/Gs5/violin_Gs5_05_forte_arco-normal.mp3,violin,strings,0.8882,44100,Gs5,80,forte,arco-normal,1,0
violin/Gs5/violin_Gs5_05_fortissimo_arco-normal.mp3,violin,strings,0.9665,44100,Gs5,80,fortissimo,arco-normal,1,0
violin/Gs5/violin_Gs5_05_mezzo-forte_arco-normal.mp3,violin,strings,0.7576,44100,Gs5,80,mezzo-forte,arco-normal,1,0
violin/Gs5/violin_Gs5_05_pianissimo_arco-normal.mp3,violin,strings,0.9143,44100,Gs5,80,pianissimo,arco-normal,1,0
violin/Gs5/violin_Gs5_05_piano_arco-normal.mp3,violin,strings,0.9143,44100,Gs5,80,piano,arco-normal,1,0
violin/Gs5/violin_Gs5_15_forte_arco-normal.mp3,violin,strings,1.8024,44100,Gs5,80,forte,arco-normal,1,0
violin/Gs5/violin_Gs5_15_fortissimo_arco-normal.mp3,violin,strings,2.4817,44100,Gs5,80,fortissimo,arco-normal,1,0
violin/Gs5/violin_Gs5_1_forte_arco-normal.mp3,violin,strings,1.0188,44100,Gs5,80,forte,arco-normal,1,0
violin/Gs5/violin_Gs5_1_fortissimo_arco-normal.mp3,violin,strings,1.4367,44100,Gs5,80,fortissimo,arco-normal,1,0
violin/Gs5/violin_Gs5_1_mezzo-forte_arco-normal.mp3,violin,strings,0.9665,44100,Gs5,80,mezzo-forte,arco-normal,1,0
violin/Gs5/violin_Gs5_1_piano_arco-normal.mp3,violin,strings,1.2539,44100,Gs5,80,piano,arco-normal,1,0
violin/Gs6/violin_Gs6_025_forte_arco-normal.mp3,violin,strings,0.5747,44100,Gs6,92,forte,arco-normal,1,0
violin/Gs6/violin_Gs6_025_fortissimo_arco-normal.mp3,violin,strings,0.8359,44100,Gs6,92,fortissimo,arco-normal,1,0
violin/Gs6/violin_Gs6_025_mezzo-forte_arco-normal.mp3,violin,strings,0.6792,44100,Gs6,92,mezzo-forte,arco-normal,1,0
violin/Gs6/violin_Gs6_025_mezzo-piano_arco-normal.mp3,violin,strings,1.0449,44100,Gs6,92,mezzo-piano,arco-normal,1,0
violin/Gs6/violin_Gs6_025_pianissimo_arco-normal.mp3,violin,strings,0.7576,44100,Gs6,92,pianissimo,arco-normal,1,0
violin/Gs6/violin_Gs6_025_piano_arco-normal.mp3,violin,strings,0.6269,44100,Gs6,92,piano,arco-normal,1,0
violin/Gs6/violin_Gs6_05_forte_arco-normal.mp3,violin,strings,0.7837,44100,Gs6,92,forte,arco-normal,1,0
violin/Gs6/violin_Gs6_05_fortissimo_arco-normal.mp3,violin,strings,1.1233,44100,Gs6,92,fortissimo,arco-normal,1,0
violin/Gs6/violin_Gs6_05_mezzo-forte_arco-normal.mp3,violin,strings,0.7053,44100,Gs6,92,mezzo-forte,arco-normal,1,0
violin/Gs6/violin_Gs6_05_mezzo-piano_arco-normal.mp3,violin,strings,1.071,44100,Gs6,92,mezzo-piano,arco-normal,1,0
violin/Gs6/violin_Gs6_05_pianissimo_arco-normal.mp3,violin,strings,0.7053,44100,Gs6,92,pianissimo,arco-normal,1,0
violin/Gs6/violin_Gs6_05_piano_arco-normal.mp3,violin,strings,0.8098,44100,Gs6,92,piano,arco-normal,1,0
violin/Gs6/violin_Gs6_15_forte_arco-normal.mp3,violin,strings,1.7763,44100,Gs6,92,forte,arco-normal,1,0
violin/Gs6/violin_Gs6_15_mezzo-forte_arco-normal.mp3,violin,strings,1.5673,44100,Gs6,92,mezzo-forte,arco-normal,1,0
violin/Gs6/violin_Gs6_1_forte_arco-normal.mp3,violin,strings,0.9665,44100,Gs6,92,forte,arco-normal,1,0
violin/Gs6/violin_Gs6_1_fortissimo_arco-normal.mp3,violin,strings,2.0114,44100,Gs6,92,fortissimo,arco-normal,1,0
violin/Gs6/violin_Gs6_1_mezzo-forte_arco-normal.mp3,violin,strings,1.1494,44100,Gs6,92,mezzo-forte,arco-normal,1,0
violin/Gs6/violin_Gs6_phrase_pianissimo_arco-normal.mp3,violin,strings,2.351,44100,Gs6,92,pianissimo,arco-normal,1,1
