{
  "computed_on": "train ONLY",
  "n_train_windows": 6713,
  "svm_dim": 88,
  "svm_feature_names": [
    "mfcc0_mean",
    "mfcc1_mean",
    "mfcc2_mean",
    "mfcc3_mean",
    "mfcc4_mean",
    "mfcc5_mean",
    "mfcc6_mean",
    "mfcc7_mean",
    "mfcc8_mean",
    "mfcc9_mean",
    "mfcc10_mean",
    "mfcc11_mean",
    "mfcc12_mean",
    "mfcc13_mean",
    "mfcc14_mean",
    "mfcc15_mean",
    "mfcc16_mean",
    "mfcc17_mean",
    "mfcc18_mean",
    "mfcc19_mean",
    "mfcc0_std",
    "mfcc1_std",
    "mfcc2_std",
    "mfcc3_std",
    "mfcc4_std",
    "mfcc5_std",
    "mfcc6_std",
    "mfcc7_std",
    "mfcc8_std",
    "mfcc9_std",
    "mfcc10_std",
    "mfcc11_std",
    "mfcc12_std",
    "mfcc13_std",
    "mfcc14_std",
    "mfcc15_std",
    "mfcc16_std",
    "mfcc17_std",
    "mfcc18_std",
    "mfcc19_std",
    "chroma0_mean",
    "chroma1_mean",
    "chroma2_mean",
    "chroma3_mean",
    "chroma4_mean",
    "chroma5_mean",
    "chroma6_mean",
    "chroma7_mean",
    "chroma8_mean",
    "chroma9_mean",
    "chroma10_mean",
    "chroma11_mean",
    "chroma0_std",
    "chroma1_std",
    "chroma2_std",
    "chroma3_std",
    "chroma4_std",
    "chroma5_std",
    "chroma6_std",
    "chroma7_std",
    "chroma8_std",
    "chroma9_std",
    "chroma10_std",
    "chroma11_std",
    "centroid_mean",
    "centroid_std",
    "bandwidth_mean",
    "bandwidth_std",
    "rolloff_mean",
    "rolloff_std",
    "contrast0_mean",
    "contrast1_mean",
    "contrast2_mean",
    "contrast3_mean",
    "contrast4_mean",
    "contrast5_mean",
    "contrast6_mean",
    "contrast0_std",
    "contrast1_std",
    "contrast2_std",
    "contrast3_std",
    "contrast4_std",
    "contrast5_std",
    "contrast6_std",
    "zcr_mean",
    "zcr_std",
    "rms_mean",
    "rms_std"
  ],
  "svm_mean": [
    -456.8155212402344,
    47.485633850097656,
    -5.6073899269104,
    5.881674766540527,
    1.0218889713287354,
    1.3650480508804321,
    -1.070639967918396,
    0.0028099999763071537,
    -1.4370110034942627,
    -0.47012999653816223,
    -0.5108209848403931,
    1.1659079790115356,
    0.9265300035476685,
    1.3765710592269897,
    1.3705990314483643,
    2.935455083847046,
    2.1125059127807617,
    2.691638946533203,
    1.1690549850463867,
    1.6459909677505493,
    107.13057708740234,
    41.966793060302734,
    21.890907287597656,
    11.173100471496582,
    8.908712387084961,
    6.955420017242432,
    6.6585588455200195,
    6.220104217529297,
    6.5159502029418945,
    6.405935764312744,
    7.16563606262207,
    6.466437816619873,
    6.698480129241943,
    6.753456115722656,
    6.658237934112549,
    6.542794227600098,
    5.918953895568848,
    6.300401210784912,
    6.929891109466553,
    7.437366962432861,
    0.11640600115060806,
    0.11188799887895584,
    0.11713899672031403,
    0.11138100177049637,
    0.1162400022149086,
    0.11488699913024902,
    0.11476200073957443,
    0.11467599868774414,
    0.10932999849319458,
    0.1124809980392456,
    0.11221099644899368,
    0.11349199712276459,
    0.18078599870204926,
    0.17647400498390198,
    0.18019899725914001,
    0.17894800007343292,
    0.17901700735092163,
    0.18118999898433685,
    0.17334599792957306,
    0.17391100525856018,
    0.1688780039548874,
    0.17359299957752228,
    0.17573699355125427,
    0.17544500529766083,
    609.77001953125,
    569.5543823242188,
    672.0867919921875,
    621.9780883789062,
    1030.845947265625,
    1062.7939453125,
    22.917638778686523,
    21.460390090942383,
    24.23215675354004,
    24.456174850463867,
    24.170188903808594,
    22.85169219970703,
    22.51835060119629,
    4.239126205444336,
    5.377910137176514,
    5.166547775268555,
    4.56657600402832,
    4.268492221832275,
    3.9071381092071533,
    3.8758699893951416,
    0.0315449982881546,
    0.03255999833345413,
    0.05562099814414978,
    0.07207900285720825
  ],
  "svm_std": [
    71.47564697265625,
    47.673179626464844,
    25.84964942932129,
    11.017546653747559,
    9.63292407989502,
    7.449143886566162,
    6.7674479484558105,
    6.508203029632568,
    7.029171943664551,
    7.547544002532959,
    8.73822021484375,
    7.2137980461120605,
    7.794273853302002,
    7.8999152183532715,
    7.586437225341797,
    7.396637916564941,
    7.127776145935059,
    7.796669960021973,
    8.481954574584961,
    9.135957717895508,
    47.52661895751953,
    22.63370704650879,
    11.152556419372559,
    5.360116004943848,
    4.008254051208496,
    3.504102945327759,
    3.1985180377960205,
    3.4778261184692383,
    3.5231759548187256,
    3.767371892929077,
    4.131868839263916,
    4.401830196380615,
    4.785399913787842,
    4.7751078605651855,
    4.685326099395752,
    4.707345962524414,
    4.456535816192627,
    5.066259860992432,
    5.210371971130371,
    5.783285140991211,
    0.15136699378490448,
    0.1398250013589859,
    0.154789999127388,
    0.13816800713539124,
    0.1592469960451126,
    0.14505499601364136,
    0.15674500167369843,
    0.15320299565792084,
    0.1424809992313385,
    0.1482270061969757,
    0.1446010023355484,
    0.1448580026626587,
    0.1177389994263649,
    0.11256399750709534,
    0.118477001786232,
    0.1141820028424263,
    0.11708500236272812,
    0.11718399822711945,
    0.11236099898815155,
    0.11661399900913239,
    0.11062200367450714,
    0.1123339980840683,
    0.11510100215673447,
    0.11354099959135056,
    514.6759643554688,
    360.63922119140625,
    478.60284423828125,
    266.1367492675781,
    911.1400756835938,
    638.295654296875,
    3.947092056274414,
    4.9254961013793945,
    5.107742786407471,
    5.143558025360107,
    5.140138149261475,
    5.313586235046387,
    4.901378154754639,
    1.3037309646606445,
    1.943518042564392,
    1.7539000511169434,
    1.6881970167160034,
    1.6448349952697754,
    1.5499329566955566,
    1.5745899677276611,
    0.03166300058364868,
    0.026395000517368317,
    0.023000000044703484,
    0.02174299955368042
  ],
  "logmel_standardization": "per-bin (per mel band)",
  "logmel_n_mels": 128,
  "logmel_n_frames": 130,