{
  "classes": [
    "bassoon",
    "cello",
    "clarinet",
    "double-bass",
    "flute",
    "french-horn",
    "oboe",
    "trombone",
    "trumpet",
    "tuba",
    "viola",
    "violin"
  ],
  "polyphony": [
    1,
    2,
    3
  ],
  "mix_counts": {
    "train": 3600,
    "val": 800,
    "test": 800
  },
  "random_map": 0.16843752562999725,
  "seeds": [
    42
  ],
  "results": [
    {
      "seed": 42,
      "mAP": 0.6900921901469461,
      "micro_AP": 0.6752150223043498,
      "macro_f1@0.5": 0.5761105700714364,
      "micro_f1@0.5": 0.5849056603773585,
      "exact_match": 0.275,
      "per_class_ap": {
        "bassoon": 0.6441930708913993,
        "cello": 0.6375046608211489,
        "clarinet": 0.607652080556196,
        "double-bass": 0.7903331498932301,
        "flute": 0.8385473296014636,
        "french-horn": 0.4039863108395244,
        "oboe": 0.6674205174430596,
        "trombone": 0.6694949693184042,
        "trumpet": 0.7106013999792379,
        "tuba": 0.72162371457486,
        "viola": 0.7750047130882153,
        "violin": 0.8147443647566146
      },
      "by_polyphony": {
        "1": {
          "n": 264,
          "mAP": 0.8665321890136074
        },
        "2": {
          "n": 255,
          "mAP": 0.6800624617378096
        },
        "3": {
          "n": 281,
          "mAP": 0.6406764390030962
        }
      }
    }
  ]
}