{
  "device": "cpu",
  "n_seeds": 3,
  "mean_epoch_s": {
    "mean": 25.883976713039218,
    "std": 7.243239271573462,
    "min": 19.086526844117436,
    "max": 33.502953015000095,
    "n": 3
  },
  "total_s_per_seed": {
    "mean": 997.1860148333338,
    "std": 345.6187213835637,
    "min": 648.9419126999928,
    "max": 1340.1181206000037,
    "n": 3
  },
  "wall_clock_all_seeds_s": 2991.5580445000014,
  "n_train": 6133,
  "n_classes": 12
}